TimeQuest Timing Analyzer report for rossler
Wed May 27 11:40:40 2026
Quartus II 64-Bit Version 13.0.1 Build 232 06/12/2013 Service Pack 1 SJ Web Edition


---------------------
; Table of Contents ;
---------------------
  1. Legal Notice
  2. TimeQuest Timing Analyzer Summary
  3. Parallel Compilation
  4. Clocks
  5. Slow 1200mV 85C Model Fmax Summary
  6. Timing Closure Recommendations
  7. Slow 1200mV 85C Model Setup Summary
  8. Slow 1200mV 85C Model Hold Summary
  9. Slow 1200mV 85C Model Recovery Summary
 10. Slow 1200mV 85C Model Removal Summary
 11. Slow 1200mV 85C Model Minimum Pulse Width Summary
 12. Slow 1200mV 85C Model Setup: 'clk'
 13. Slow 1200mV 85C Model Hold: 'clk'
 14. Slow 1200mV 85C Model Recovery: 'clk'
 15. Slow 1200mV 85C Model Removal: 'clk'
 16. Slow 1200mV 85C Model Minimum Pulse Width: 'clk'
 17. Setup Times
 18. Hold Times
 19. Clock to Output Times
 20. Minimum Clock to Output Times
 21. Slow 1200mV 85C Model Metastability Report
 22. Slow 1200mV 0C Model Fmax Summary
 23. Slow 1200mV 0C Model Setup Summary
 24. Slow 1200mV 0C Model Hold Summary
 25. Slow 1200mV 0C Model Recovery Summary
 26. Slow 1200mV 0C Model Removal Summary
 27. Slow 1200mV 0C Model Minimum Pulse Width Summary
 28. Slow 1200mV 0C Model Setup: 'clk'
 29. Slow 1200mV 0C Model Hold: 'clk'
 30. Slow 1200mV 0C Model Recovery: 'clk'
 31. Slow 1200mV 0C Model Removal: 'clk'
 32. Slow 1200mV 0C Model Minimum Pulse Width: 'clk'
 33. Setup Times
 34. Hold Times
 35. Clock to Output Times
 36. Minimum Clock to Output Times
 37. Slow 1200mV 0C Model Metastability Report
 38. Fast 1200mV 0C Model Setup Summary
 39. Fast 1200mV 0C Model Hold Summary
 40. Fast 1200mV 0C Model Recovery Summary
 41. Fast 1200mV 0C Model Removal Summary
 42. Fast 1200mV 0C Model Minimum Pulse Width Summary
 43. Fast 1200mV 0C Model Setup: 'clk'
 44. Fast 1200mV 0C Model Hold: 'clk'
 45. Fast 1200mV 0C Model Recovery: 'clk'
 46. Fast 1200mV 0C Model Removal: 'clk'
 47. Fast 1200mV 0C Model Minimum Pulse Width: 'clk'
 48. Setup Times
 49. Hold Times
 50. Clock to Output Times
 51. Minimum Clock to Output Times
 52. Fast 1200mV 0C Model Metastability Report
 53. Multicorner Timing Analysis Summary
 54. Setup Times
 55. Hold Times
 56. Clock to Output Times
 57. Minimum Clock to Output Times
 58. Board Trace Model Assignments
 59. Input Transition Times
 60. Signal Integrity Metrics (Slow 1200mv 0c Model)
 61. Signal Integrity Metrics (Slow 1200mv 85c Model)
 62. Signal Integrity Metrics (Fast 1200mv 0c Model)
 63. Setup Transfers
 64. Hold Transfers
 65. Recovery Transfers
 66. Removal Transfers
 67. Report TCCS
 68. Report RSKM
 69. Unconstrained Paths
 70. TimeQuest Timing Analyzer Messages



----------------
; Legal Notice ;
----------------
Copyright (C) 1991-2013 Altera Corporation
Your use of Altera Corporation's design tools, logic functions 
and other software and tools, and its AMPP partner logic 
functions, and any output files from any of the foregoing 
(including device programming or simulation files), and any 
associated documentation or information are expressly subject 
to the terms and conditions of the Altera Program License 
Subscription Agreement, Altera MegaCore Function License 
Agreement, or other applicable license agreement, including, 
without limitation, that your use is for the sole purpose of 
programming logic devices manufactured by Altera and sold by 
Altera or its authorized distributors.  Please refer to the 
applicable agreement for further details.



+----------------------------------------------------------------------------------------+
; TimeQuest Timing Analyzer Summary                                                      ;
+--------------------+-------------------------------------------------------------------+
; Quartus II Version ; Version 13.0.1 Build 232 06/12/2013 Service Pack 1 SJ Web Edition ;
; Revision Name      ; rossler                                                           ;
; Device Family      ; Cyclone IV E                                                      ;
; Device Name        ; EP4CE115F29C7                                                     ;
; Timing Models      ; Final                                                             ;
; Delay Model        ; Combined                                                          ;
; Rise/Fall Delays   ; Enabled                                                           ;
+--------------------+-------------------------------------------------------------------+


+------------------------------------------+
; Parallel Compilation                     ;
+----------------------------+-------------+
; Processors                 ; Number      ;
+----------------------------+-------------+
; Number detected on machine ; 8           ;
; Maximum allowed            ; 4           ;
;                            ;             ;
; Average used               ; 1.00        ;
; Maximum used               ; 4           ;
;                            ;             ;
; Usage by Processor         ; % Time Used ;
;     Processor 1            ; 100.0%      ;
;     Processors 2-4         ; < 0.1%      ;
;     Processors 5-8         ;   0.0%      ;
+----------------------------+-------------+


+---------------------------------------------------------------------------------------------------------------------------------------------------------------------------------+
; Clocks                                                                                                                                                                          ;
+------------+------+--------+------------+-------+-------+------------+-----------+-------------+-------+--------+-----------+------------+----------+--------+--------+---------+
; Clock Name ; Type ; Period ; Frequency  ; Rise  ; Fall  ; Duty Cycle ; Divide by ; Multiply by ; Phase ; Offset ; Edge List ; Edge Shift ; Inverted ; Master ; Source ; Targets ;
+------------+------+--------+------------+-------+-------+------------+-----------+-------------+-------+--------+-----------+------------+----------+--------+--------+---------+
; clk        ; Base ; 1.000  ; 1000.0 MHz ; 0.000 ; 0.500 ;            ;           ;             ;       ;        ;           ;            ;          ;        ;        ; { clk } ;
+------------+------+--------+------------+-------+-------+------------+-----------+-------------+-------+--------+-----------+------------+----------+--------+--------+---------+


+-------------------------------------------------+
; Slow 1200mV 85C Model Fmax Summary              ;
+-----------+-----------------+------------+------+
; Fmax      ; Restricted Fmax ; Clock Name ; Note ;
+-----------+-----------------+------------+------+
; 62.95 MHz ; 62.95 MHz       ; clk        ;      ;
+-----------+-----------------+------------+------+
This panel reports FMAX for every clock in the design, regardless of the user-specified clock periods.  FMAX is only computed for paths where the source and destination registers or ports are driven by the same clock.  Paths of different clocks, including generated clocks, are ignored.  For paths between a clock and its inversion, FMAX is computed as if the rising and falling edges are scaled along with FMAX, such that the duty cycle (in terms of a percentage) is maintained. Altera recommends that you always use clock constraints and other slack reports for sign-off analysis.


----------------------------------
; Timing Closure Recommendations ;
----------------------------------
HTML report is unavailable in plain text report export.


+-------------------------------------+
; Slow 1200mV 85C Model Setup Summary ;
+-------+---------+-------------------+
; Clock ; Slack   ; End Point TNS     ;
+-------+---------+-------------------+
; clk   ; -14.886 ; -702.019          ;
+-------+---------+-------------------+


+------------------------------------+
; Slow 1200mV 85C Model Hold Summary ;
+-------+-------+--------------------+
; Clock ; Slack ; End Point TNS      ;
+-------+-------+--------------------+
; clk   ; 0.386 ; 0.000              ;
+-------+-------+--------------------+


+----------------------------------------+
; Slow 1200mV 85C Model Recovery Summary ;
+-------+--------+-----------------------+
; Clock ; Slack  ; End Point TNS         ;
+-------+--------+-----------------------+
; clk   ; -0.523 ; -2.092                ;
+-------+--------+-----------------------+


+---------------------------------------+
; Slow 1200mV 85C Model Removal Summary ;
+-------+-------+-----------------------+
; Clock ; Slack ; End Point TNS         ;
+-------+-------+-----------------------+
; clk   ; 1.025 ; 0.000                 ;
+-------+-------+-----------------------+


+---------------------------------------------------+
; Slow 1200mV 85C Model Minimum Pulse Width Summary ;
+-------+--------+----------------------------------+
; Clock ; Slack  ; End Point TNS                    ;
+-------+--------+----------------------------------+
; clk   ; -3.000 ; -144.350                         ;
+-------+--------+----------------------------------+


+-------------------------------------------------------------------------------------------------------+
; Slow 1200mV 85C Model Setup: 'clk'                                                                    ;
+---------+-----------+-----------+--------------+-------------+--------------+------------+------------+
; Slack   ; From Node ; To Node   ; Launch Clock ; Latch Clock ; Relationship ; Clock Skew ; Data Delay ;
+---------+-----------+-----------+--------------+-------------+--------------+------------+------------+
; -14.886 ; z_reg[23] ; z_reg[22] ; clk          ; clk         ; 1.000        ; -0.081     ; 15.803     ;
; -14.868 ; z_reg[22] ; z_reg[22] ; clk          ; clk         ; 1.000        ; -0.081     ; 15.785     ;
; -14.760 ; z_reg[18] ; z_reg[22] ; clk          ; clk         ; 1.000        ; -0.523     ; 15.235     ;
; -14.714 ; z_reg[21] ; z_reg[22] ; clk          ; clk         ; 1.000        ; -0.523     ; 15.189     ;
; -14.689 ; z_reg[20] ; z_reg[22] ; clk          ; clk         ; 1.000        ; -0.523     ; 15.164     ;
; -14.686 ; z_reg[23] ; z_reg[23] ; clk          ; clk         ; 1.000        ; -0.080     ; 15.604     ;
; -14.668 ; z_reg[14] ; z_reg[22] ; clk          ; clk         ; 1.000        ; -0.082     ; 15.584     ;
; -14.668 ; z_reg[22] ; z_reg[23] ; clk          ; clk         ; 1.000        ; -0.080     ; 15.586     ;
; -14.656 ; z_reg[12] ; z_reg[22] ; clk          ; clk         ; 1.000        ; -0.081     ; 15.573     ;
; -14.651 ; z_reg[19] ; z_reg[22] ; clk          ; clk         ; 1.000        ; -0.489     ; 15.160     ;
; -14.636 ; z_reg[13] ; z_reg[22] ; clk          ; clk         ; 1.000        ; -0.081     ; 15.553     ;
; -14.624 ; z_reg[17] ; z_reg[22] ; clk          ; clk         ; 1.000        ; -0.081     ; 15.541     ;
; -14.614 ; z_reg[23] ; z_reg[21] ; clk          ; clk         ; 1.000        ; 0.343      ; 15.955     ;
; -14.608 ; z_reg[23] ; z_reg[17] ; clk          ; clk         ; 1.000        ; -0.081     ; 15.525     ;
; -14.596 ; z_reg[22] ; z_reg[21] ; clk          ; clk         ; 1.000        ; 0.343      ; 15.937     ;
; -14.590 ; z_reg[22] ; z_reg[17] ; clk          ; clk         ; 1.000        ; -0.081     ; 15.507     ;
; -14.560 ; z_reg[18] ; z_reg[23] ; clk          ; clk         ; 1.000        ; -0.522     ; 15.036     ;
; -14.514 ; z_reg[21] ; z_reg[23] ; clk          ; clk         ; 1.000        ; -0.522     ; 14.990     ;
; -14.496 ; x_reg[14] ; z_reg[22] ; clk          ; clk         ; 1.000        ; -0.087     ; 15.407     ;
; -14.492 ; z_reg[23] ; z_reg[16] ; clk          ; clk         ; 1.000        ; -0.081     ; 15.409     ;
; -14.489 ; z_reg[20] ; z_reg[23] ; clk          ; clk         ; 1.000        ; -0.522     ; 14.965     ;
; -14.488 ; z_reg[18] ; z_reg[21] ; clk          ; clk         ; 1.000        ; -0.099     ; 15.387     ;
; -14.484 ; z_reg[15] ; z_reg[22] ; clk          ; clk         ; 1.000        ; -0.081     ; 15.401     ;
; -14.482 ; z_reg[18] ; z_reg[17] ; clk          ; clk         ; 1.000        ; -0.523     ; 14.957     ;
; -14.478 ; x_reg[5]  ; z_reg[22] ; clk          ; clk         ; 1.000        ; -0.087     ; 15.389     ;
; -14.476 ; x_reg[8]  ; z_reg[22] ; clk          ; clk         ; 1.000        ; -0.087     ; 15.387     ;
; -14.474 ; z_reg[22] ; z_reg[16] ; clk          ; clk         ; 1.000        ; -0.081     ; 15.391     ;
; -14.451 ; x_reg[4]  ; z_reg[22] ; clk          ; clk         ; 1.000        ; -0.087     ; 15.362     ;
; -14.451 ; z_reg[19] ; z_reg[23] ; clk          ; clk         ; 1.000        ; -0.488     ; 14.961     ;
; -14.442 ; z_reg[21] ; z_reg[21] ; clk          ; clk         ; 1.000        ; -0.099     ; 15.341     ;
; -14.436 ; z_reg[21] ; z_reg[17] ; clk          ; clk         ; 1.000        ; -0.523     ; 14.911     ;
; -14.419 ; x_reg[16] ; z_reg[22] ; clk          ; clk         ; 1.000        ; -0.087     ; 15.330     ;
; -14.417 ; z_reg[20] ; z_reg[21] ; clk          ; clk         ; 1.000        ; -0.099     ; 15.316     ;
; -14.411 ; z_reg[20] ; z_reg[17] ; clk          ; clk         ; 1.000        ; -0.523     ; 14.886     ;
; -14.396 ; z_reg[23] ; z_reg[19] ; clk          ; clk         ; 1.000        ; 0.311      ; 15.705     ;
; -14.383 ; z_reg[14] ; z_reg[23] ; clk          ; clk         ; 1.000        ; -0.081     ; 15.300     ;
; -14.379 ; z_reg[19] ; z_reg[21] ; clk          ; clk         ; 1.000        ; -0.065     ; 15.312     ;
; -14.378 ; z_reg[22] ; z_reg[19] ; clk          ; clk         ; 1.000        ; 0.311      ; 15.687     ;
; -14.377 ; x_reg[13] ; z_reg[22] ; clk          ; clk         ; 1.000        ; -0.087     ; 15.288     ;
; -14.373 ; z_reg[19] ; z_reg[17] ; clk          ; clk         ; 1.000        ; -0.489     ; 14.882     ;
; -14.371 ; z_reg[12] ; z_reg[23] ; clk          ; clk         ; 1.000        ; -0.080     ; 15.289     ;
; -14.366 ; z_reg[1]  ; z_reg[22] ; clk          ; clk         ; 1.000        ; -0.085     ; 15.279     ;
; -14.366 ; z_reg[11] ; z_reg[22] ; clk          ; clk         ; 1.000        ; -0.091     ; 15.273     ;
; -14.366 ; z_reg[18] ; z_reg[16] ; clk          ; clk         ; 1.000        ; -0.523     ; 14.841     ;
; -14.364 ; x_reg[20] ; z_reg[22] ; clk          ; clk         ; 1.000        ; -0.098     ; 15.264     ;
; -14.356 ; z_reg[3]  ; z_reg[22] ; clk          ; clk         ; 1.000        ; -0.091     ; 15.263     ;
; -14.351 ; z_reg[13] ; z_reg[23] ; clk          ; clk         ; 1.000        ; -0.080     ; 15.269     ;
; -14.339 ; z_reg[17] ; z_reg[23] ; clk          ; clk         ; 1.000        ; -0.080     ; 15.257     ;
; -14.328 ; z_reg[23] ; z_reg[20] ; clk          ; clk         ; 1.000        ; 0.343      ; 15.669     ;
; -14.328 ; x_reg[11] ; z_reg[22] ; clk          ; clk         ; 1.000        ; -0.087     ; 15.239     ;
; -14.324 ; z_reg[16] ; z_reg[22] ; clk          ; clk         ; 1.000        ; -0.081     ; 15.241     ;
; -14.320 ; z_reg[21] ; z_reg[16] ; clk          ; clk         ; 1.000        ; -0.523     ; 14.795     ;
; -14.311 ; z_reg[14] ; z_reg[21] ; clk          ; clk         ; 1.000        ; 0.342      ; 15.651     ;
; -14.310 ; z_reg[22] ; z_reg[20] ; clk          ; clk         ; 1.000        ; 0.343      ; 15.651     ;
; -14.305 ; z_reg[14] ; z_reg[17] ; clk          ; clk         ; 1.000        ; -0.082     ; 15.221     ;
; -14.299 ; z_reg[12] ; z_reg[21] ; clk          ; clk         ; 1.000        ; 0.343      ; 15.640     ;
; -14.296 ; x_reg[14] ; z_reg[23] ; clk          ; clk         ; 1.000        ; -0.086     ; 15.208     ;
; -14.295 ; z_reg[20] ; z_reg[16] ; clk          ; clk         ; 1.000        ; -0.523     ; 14.770     ;
; -14.293 ; z_reg[12] ; z_reg[17] ; clk          ; clk         ; 1.000        ; -0.081     ; 15.210     ;
; -14.279 ; z_reg[13] ; z_reg[21] ; clk          ; clk         ; 1.000        ; 0.343      ; 15.620     ;
; -14.278 ; x_reg[5]  ; z_reg[23] ; clk          ; clk         ; 1.000        ; -0.086     ; 15.190     ;
; -14.276 ; x_reg[8]  ; z_reg[23] ; clk          ; clk         ; 1.000        ; -0.086     ; 15.188     ;
; -14.273 ; z_reg[13] ; z_reg[17] ; clk          ; clk         ; 1.000        ; -0.081     ; 15.190     ;
; -14.270 ; z_reg[18] ; z_reg[19] ; clk          ; clk         ; 1.000        ; -0.131     ; 15.137     ;
; -14.267 ; z_reg[17] ; z_reg[21] ; clk          ; clk         ; 1.000        ; 0.343      ; 15.608     ;
; -14.261 ; z_reg[17] ; z_reg[17] ; clk          ; clk         ; 1.000        ; -0.081     ; 15.178     ;
; -14.257 ; z_reg[19] ; z_reg[16] ; clk          ; clk         ; 1.000        ; -0.489     ; 14.766     ;
; -14.251 ; x_reg[4]  ; z_reg[23] ; clk          ; clk         ; 1.000        ; -0.086     ; 15.163     ;
; -14.224 ; x_reg[14] ; z_reg[21] ; clk          ; clk         ; 1.000        ; 0.337      ; 15.559     ;
; -14.224 ; z_reg[21] ; z_reg[19] ; clk          ; clk         ; 1.000        ; -0.131     ; 15.091     ;
; -14.219 ; x_reg[16] ; z_reg[23] ; clk          ; clk         ; 1.000        ; -0.086     ; 15.131     ;
; -14.218 ; x_reg[14] ; z_reg[17] ; clk          ; clk         ; 1.000        ; -0.087     ; 15.129     ;
; -14.213 ; z_reg[23] ; z_reg[18] ; clk          ; clk         ; 1.000        ; 0.343      ; 15.554     ;
; -14.206 ; x_reg[5]  ; z_reg[21] ; clk          ; clk         ; 1.000        ; 0.337      ; 15.541     ;
; -14.204 ; x_reg[8]  ; z_reg[21] ; clk          ; clk         ; 1.000        ; 0.337      ; 15.539     ;
; -14.202 ; z_reg[18] ; z_reg[20] ; clk          ; clk         ; 1.000        ; -0.099     ; 15.101     ;
; -14.200 ; x_reg[5]  ; z_reg[17] ; clk          ; clk         ; 1.000        ; -0.087     ; 15.111     ;
; -14.199 ; z_reg[20] ; z_reg[19] ; clk          ; clk         ; 1.000        ; -0.131     ; 15.066     ;
; -14.199 ; z_reg[15] ; z_reg[23] ; clk          ; clk         ; 1.000        ; -0.080     ; 15.117     ;
; -14.198 ; x_reg[8]  ; z_reg[17] ; clk          ; clk         ; 1.000        ; -0.087     ; 15.109     ;
; -14.195 ; z_reg[22] ; z_reg[18] ; clk          ; clk         ; 1.000        ; 0.343      ; 15.536     ;
; -14.189 ; z_reg[14] ; z_reg[16] ; clk          ; clk         ; 1.000        ; -0.082     ; 15.105     ;
; -14.179 ; x_reg[4]  ; z_reg[21] ; clk          ; clk         ; 1.000        ; 0.337      ; 15.514     ;
; -14.177 ; x_reg[13] ; z_reg[23] ; clk          ; clk         ; 1.000        ; -0.086     ; 15.089     ;
; -14.177 ; z_reg[12] ; z_reg[16] ; clk          ; clk         ; 1.000        ; -0.081     ; 15.094     ;
; -14.173 ; x_reg[4]  ; z_reg[17] ; clk          ; clk         ; 1.000        ; -0.087     ; 15.084     ;
; -14.172 ; z_reg[4]  ; z_reg[22] ; clk          ; clk         ; 1.000        ; -0.093     ; 15.077     ;
; -14.170 ; x_reg[0]  ; z_reg[22] ; clk          ; clk         ; 1.000        ; -0.087     ; 15.081     ;
; -14.166 ; x_reg[15] ; z_reg[22] ; clk          ; clk         ; 1.000        ; -0.087     ; 15.077     ;
; -14.161 ; z_reg[19] ; z_reg[19] ; clk          ; clk         ; 1.000        ; -0.097     ; 15.062     ;
; -14.159 ; x_reg[10] ; z_reg[22] ; clk          ; clk         ; 1.000        ; -0.085     ; 15.072     ;
; -14.157 ; z_reg[7]  ; z_reg[22] ; clk          ; clk         ; 1.000        ; -0.092     ; 15.063     ;
; -14.157 ; z_reg[13] ; z_reg[16] ; clk          ; clk         ; 1.000        ; -0.081     ; 15.074     ;
; -14.156 ; z_reg[21] ; z_reg[20] ; clk          ; clk         ; 1.000        ; -0.099     ; 15.055     ;
; -14.147 ; x_reg[16] ; z_reg[21] ; clk          ; clk         ; 1.000        ; 0.337      ; 15.482     ;
; -14.146 ; x_reg[3]  ; z_reg[22] ; clk          ; clk         ; 1.000        ; -0.087     ; 15.057     ;
; -14.145 ; z_reg[17] ; z_reg[16] ; clk          ; clk         ; 1.000        ; -0.081     ; 15.062     ;
; -14.144 ; z_reg[23] ; z_reg[14] ; clk          ; clk         ; 1.000        ; -0.079     ; 15.063     ;
; -14.144 ; x_reg[7]  ; z_reg[22] ; clk          ; clk         ; 1.000        ; -0.087     ; 15.055     ;
; -14.144 ; x_reg[12] ; z_reg[22] ; clk          ; clk         ; 1.000        ; -0.087     ; 15.055     ;
+---------+-----------+-----------+--------------+-------------+--------------+------------+------------+


+-----------------------------------------------------------------------------------------------------------------------------+
; Slow 1200mV 85C Model Hold: 'clk'                                                                                           ;
+-------+-----------------------+-----------------------+--------------+-------------+--------------+------------+------------+
; Slack ; From Node             ; To Node               ; Launch Clock ; Latch Clock ; Relationship ; Clock Skew ; Data Delay ;
+-------+-----------------------+-----------------------+--------------+-------------+--------------+------------+------------+
; 0.386 ; z_reg[19]             ; z_reg[19]             ; clk          ; clk         ; 0.000        ; 0.097      ; 0.669      ;
; 0.401 ; x_reg[20]             ; x_reg[20]             ; clk          ; clk         ; 0.000        ; 0.082      ; 0.669      ;
; 0.401 ; x_reg[19]             ; x_reg[19]             ; clk          ; clk         ; 0.000        ; 0.082      ; 0.669      ;
; 0.402 ; round[0]              ; round[0]              ; clk          ; clk         ; 0.000        ; 0.081      ; 0.669      ;
; 0.402 ; round[1]              ; round[1]              ; clk          ; clk         ; 0.000        ; 0.081      ; 0.669      ;
; 0.402 ; z_reg[22]             ; z_reg[22]             ; clk          ; clk         ; 0.000        ; 0.081      ; 0.669      ;
; 0.402 ; z_reg[16]             ; z_reg[16]             ; clk          ; clk         ; 0.000        ; 0.081      ; 0.669      ;
; 0.402 ; y_reg[20]             ; y_reg[20]             ; clk          ; clk         ; 0.000        ; 0.081      ; 0.669      ;
; 0.402 ; y_reg[18]             ; y_reg[18]             ; clk          ; clk         ; 0.000        ; 0.081      ; 0.669      ;
; 0.402 ; y_reg[19]             ; y_reg[19]             ; clk          ; clk         ; 0.000        ; 0.081      ; 0.669      ;
; 0.402 ; y_reg[14]             ; y_reg[14]             ; clk          ; clk         ; 0.000        ; 0.081      ; 0.669      ;
; 0.402 ; x_reg[16]             ; x_reg[16]             ; clk          ; clk         ; 0.000        ; 0.081      ; 0.669      ;
; 0.402 ; y_reg[17]             ; y_reg[17]             ; clk          ; clk         ; 0.000        ; 0.081      ; 0.669      ;
; 0.402 ; x_reg[14]             ; x_reg[14]             ; clk          ; clk         ; 0.000        ; 0.081      ; 0.669      ;
; 0.402 ; y_reg[10]             ; y_reg[10]             ; clk          ; clk         ; 0.000        ; 0.081      ; 0.669      ;
; 0.402 ; z_reg[10]             ; z_reg[10]             ; clk          ; clk         ; 0.000        ; 0.081      ; 0.669      ;
; 0.402 ; y_reg[11]             ; y_reg[11]             ; clk          ; clk         ; 0.000        ; 0.081      ; 0.669      ;
; 0.402 ; x_reg[11]             ; x_reg[11]             ; clk          ; clk         ; 0.000        ; 0.081      ; 0.669      ;
; 0.402 ; y_reg[9]              ; y_reg[9]              ; clk          ; clk         ; 0.000        ; 0.081      ; 0.669      ;
; 0.402 ; y_reg[5]              ; y_reg[5]              ; clk          ; clk         ; 0.000        ; 0.081      ; 0.669      ;
; 0.402 ; z_reg[7]              ; z_reg[7]              ; clk          ; clk         ; 0.000        ; 0.081      ; 0.669      ;
; 0.402 ; z_reg[8]              ; z_reg[8]              ; clk          ; clk         ; 0.000        ; 0.081      ; 0.669      ;
; 0.402 ; z_reg[9]              ; z_reg[9]              ; clk          ; clk         ; 0.000        ; 0.081      ; 0.669      ;
; 0.402 ; x_reg[8]              ; x_reg[8]              ; clk          ; clk         ; 0.000        ; 0.081      ; 0.669      ;
; 0.402 ; y_reg[4]              ; y_reg[4]              ; clk          ; clk         ; 0.000        ; 0.081      ; 0.669      ;
; 0.402 ; x_reg[7]              ; x_reg[7]              ; clk          ; clk         ; 0.000        ; 0.081      ; 0.669      ;
; 0.402 ; x_reg[5]              ; x_reg[5]              ; clk          ; clk         ; 0.000        ; 0.081      ; 0.669      ;
; 0.402 ; y_reg[2]              ; y_reg[2]              ; clk          ; clk         ; 0.000        ; 0.081      ; 0.669      ;
; 0.402 ; y_reg[3]              ; y_reg[3]              ; clk          ; clk         ; 0.000        ; 0.081      ; 0.669      ;
; 0.402 ; x_reg[4]              ; x_reg[4]              ; clk          ; clk         ; 0.000        ; 0.081      ; 0.669      ;
; 0.402 ; y_reg[1]              ; y_reg[1]              ; clk          ; clk         ; 0.000        ; 0.081      ; 0.669      ;
; 0.402 ; x_reg[3]              ; x_reg[3]              ; clk          ; clk         ; 0.000        ; 0.081      ; 0.669      ;
; 0.402 ; z_reg[17]             ; z_reg[17]             ; clk          ; clk         ; 0.000        ; 0.081      ; 0.669      ;
; 0.402 ; z_reg[1]              ; z_reg[1]              ; clk          ; clk         ; 0.000        ; 0.081      ; 0.669      ;
; 0.402 ; x_reg[0]              ; x_reg[0]              ; clk          ; clk         ; 0.000        ; 0.081      ; 0.669      ;
; 0.403 ; state.IDLE            ; state.IDLE            ; clk          ; clk         ; 0.000        ; 0.080      ; 0.669      ;
; 0.403 ; state.DONE            ; state.DONE            ; clk          ; clk         ; 0.000        ; 0.080      ; 0.669      ;
; 0.403 ; z_reg[15]             ; z_reg[15]             ; clk          ; clk         ; 0.000        ; 0.080      ; 0.669      ;
; 0.403 ; z_reg[23]             ; z_reg[23]             ; clk          ; clk         ; 0.000        ; 0.080      ; 0.669      ;
; 0.403 ; s_counter_out[1]      ; s_counter_out[1]      ; clk          ; clk         ; 0.000        ; 0.080      ; 0.669      ;
; 0.403 ; s_ram_addr[0]         ; s_ram_addr[0]         ; clk          ; clk         ; 0.000        ; 0.080      ; 0.669      ;
; 0.403 ; s_ram_addr[1]         ; s_ram_addr[1]         ; clk          ; clk         ; 0.000        ; 0.080      ; 0.669      ;
; 0.403 ; s_ram_addr[2]         ; s_ram_addr[2]         ; clk          ; clk         ; 0.000        ; 0.080      ; 0.669      ;
; 0.403 ; s_ram_addr[3]         ; s_ram_addr[3]         ; clk          ; clk         ; 0.000        ; 0.080      ; 0.669      ;
; 0.408 ; s_counter_out[0]      ; s_counter_out[0]      ; clk          ; clk         ; 0.000        ; 0.080      ; 0.674      ;
; 0.428 ; counter_2[8]          ; counter_2[8]          ; clk          ; clk         ; 0.000        ; 0.079      ; 0.693      ;
; 0.459 ; s_counter_out[1]      ; s_ram_addr[1]         ; clk          ; clk         ; 0.000        ; 0.080      ; 0.725      ;
; 0.632 ; round[0]              ; z_reg[21]             ; clk          ; clk         ; 0.000        ; 0.519      ; 1.337      ;
; 0.639 ; state.IDLE            ; s_counter_out[1]      ; clk          ; clk         ; 0.000        ; 0.078      ; 0.903      ;
; 0.639 ; state.IDLE            ; s_counter_out[0]      ; clk          ; clk         ; 0.000        ; 0.078      ; 0.903      ;
; 0.643 ; counter[6]            ; counter[6]            ; clk          ; clk         ; 0.000        ; 0.080      ; 0.909      ;
; 0.643 ; counter[7]            ; counter[7]            ; clk          ; clk         ; 0.000        ; 0.080      ; 0.909      ;
; 0.643 ; counter_2[7]          ; counter_2[7]          ; clk          ; clk         ; 0.000        ; 0.079      ; 0.908      ;
; 0.644 ; counter[4]            ; counter[4]            ; clk          ; clk         ; 0.000        ; 0.080      ; 0.910      ;
; 0.644 ; counter[5]            ; counter[5]            ; clk          ; clk         ; 0.000        ; 0.080      ; 0.910      ;
; 0.644 ; counter[8]            ; counter[8]            ; clk          ; clk         ; 0.000        ; 0.080      ; 0.910      ;
; 0.644 ; counter_2[1]          ; counter_2[1]          ; clk          ; clk         ; 0.000        ; 0.079      ; 0.909      ;
; 0.645 ; counter[1]            ; counter[1]            ; clk          ; clk         ; 0.000        ; 0.080      ; 0.911      ;
; 0.645 ; counter[3]            ; counter[3]            ; clk          ; clk         ; 0.000        ; 0.080      ; 0.911      ;
; 0.646 ; counter_2[3]          ; counter_2[3]          ; clk          ; clk         ; 0.000        ; 0.079      ; 0.911      ;
; 0.646 ; counter_2[5]          ; counter_2[5]          ; clk          ; clk         ; 0.000        ; 0.079      ; 0.911      ;
; 0.648 ; counter[2]            ; counter[2]            ; clk          ; clk         ; 0.000        ; 0.080      ; 0.914      ;
; 0.649 ; counter_2[4]          ; counter_2[4]          ; clk          ; clk         ; 0.000        ; 0.079      ; 0.914      ;
; 0.649 ; counter_2[6]          ; counter_2[6]          ; clk          ; clk         ; 0.000        ; 0.079      ; 0.914      ;
; 0.659 ; s_ram_addr[2]         ; s_ram_addr[3]         ; clk          ; clk         ; 0.000        ; 0.080      ; 0.925      ;
; 0.660 ; counter_2[2]          ; counter_2[2]          ; clk          ; clk         ; 0.000        ; 0.079      ; 0.925      ;
; 0.664 ; round[1]              ; x_reg[2]              ; clk          ; clk         ; 0.000        ; 0.081      ; 0.931      ;
; 0.666 ; round[1]              ; x_reg[10]             ; clk          ; clk         ; 0.000        ; 0.081      ; 0.933      ;
; 0.669 ; s_ram_addr[0]         ; s_ram_addr[1]         ; clk          ; clk         ; 0.000        ; 0.080      ; 0.935      ;
; 0.671 ; counter[0]            ; counter[0]            ; clk          ; clk         ; 0.000        ; 0.080      ; 0.937      ;
; 0.680 ; s_counter_out[0]      ; s_counter_out[1]      ; clk          ; clk         ; 0.000        ; 0.080      ; 0.946      ;
; 0.680 ; s_counter_out[1]      ; s_ram_addr[0]         ; clk          ; clk         ; 0.000        ; 0.080      ; 0.946      ;
; 0.684 ; s_counter_out[0]      ; s_ram_addr[1]         ; clk          ; clk         ; 0.000        ; 0.080      ; 0.950      ;
; 0.686 ; counter_2[0]          ; counter_2[0]          ; clk          ; clk         ; 0.000        ; 0.079      ; 0.951      ;
; 0.686 ; s_counter_out[0]      ; s_ram_addr[0]         ; clk          ; clk         ; 0.000        ; 0.080      ; 0.952      ;
; 0.742 ; state.INIT            ; done_out~reg0         ; clk          ; clk         ; 0.000        ; 0.080      ; 1.008      ;
; 0.753 ; state.IDLE            ; done_out~reg0         ; clk          ; clk         ; 0.000        ; 0.080      ; 1.019      ;
; 0.754 ; state.INIT            ; state.GENERATE_VALUES ; clk          ; clk         ; 0.000        ; 0.080      ; 1.020      ;
; 0.814 ; s_counter_out[1]      ; s_ram_addr[2]         ; clk          ; clk         ; 0.000        ; 0.080      ; 1.080      ;
; 0.814 ; s_counter_out[1]      ; s_ram_addr[3]         ; clk          ; clk         ; 0.000        ; 0.080      ; 1.080      ;
; 0.848 ; round[0]              ; x_reg[17]             ; clk          ; clk         ; 0.000        ; 0.081      ; 1.115      ;
; 0.852 ; round[0]              ; x_reg[9]              ; clk          ; clk         ; 0.000        ; 0.081      ; 1.119      ;
; 0.852 ; round[0]              ; x_reg[1]              ; clk          ; clk         ; 0.000        ; 0.081      ; 1.119      ;
; 0.893 ; state.GENERATE_VALUES ; done_out~reg0         ; clk          ; clk         ; 0.000        ; 0.080      ; 1.159      ;
; 0.897 ; state.IDLE            ; state.INIT            ; clk          ; clk         ; 0.000        ; 0.080      ; 1.163      ;
; 0.899 ; state.GENERATE_VALUES ; state.DONE            ; clk          ; clk         ; 0.000        ; 0.080      ; 1.165      ;
; 0.939 ; state.DONE            ; z_reg[22]             ; clk          ; clk         ; 0.000        ; 0.096      ; 1.221      ;
; 0.939 ; state.DONE            ; z_reg[16]             ; clk          ; clk         ; 0.000        ; 0.096      ; 1.221      ;
; 0.939 ; state.DONE            ; z_reg[17]             ; clk          ; clk         ; 0.000        ; 0.096      ; 1.221      ;
; 0.960 ; counter[7]            ; counter[8]            ; clk          ; clk         ; 0.000        ; 0.080      ; 1.226      ;
; 0.961 ; counter_2[7]          ; counter_2[8]          ; clk          ; clk         ; 0.000        ; 0.079      ; 1.226      ;
; 0.961 ; counter[5]            ; counter[6]            ; clk          ; clk         ; 0.000        ; 0.080      ; 1.227      ;
; 0.962 ; counter[3]            ; counter[4]            ; clk          ; clk         ; 0.000        ; 0.080      ; 1.228      ;
; 0.962 ; counter[1]            ; counter[2]            ; clk          ; clk         ; 0.000        ; 0.080      ; 1.228      ;
; 0.962 ; counter_2[1]          ; counter_2[2]          ; clk          ; clk         ; 0.000        ; 0.079      ; 1.227      ;
; 0.963 ; counter_2[3]          ; counter_2[4]          ; clk          ; clk         ; 0.000        ; 0.079      ; 1.228      ;
; 0.963 ; counter_2[5]          ; counter_2[6]          ; clk          ; clk         ; 0.000        ; 0.079      ; 1.228      ;
; 0.970 ; counter[6]            ; counter[7]            ; clk          ; clk         ; 0.000        ; 0.080      ; 1.236      ;
; 0.971 ; counter[4]            ; counter[5]            ; clk          ; clk         ; 0.000        ; 0.080      ; 1.237      ;
; 0.975 ; counter[0]            ; counter[1]            ; clk          ; clk         ; 0.000        ; 0.080      ; 1.241      ;
+-------+-----------------------+-----------------------+--------------+-------------+--------------+------------+------------+


+-------------------------------------------------------------------------------------------------------------+
; Slow 1200mV 85C Model Recovery: 'clk'                                                                       ;
+--------+--------------+---------------+--------------+-------------+--------------+------------+------------+
; Slack  ; From Node    ; To Node       ; Launch Clock ; Latch Clock ; Relationship ; Clock Skew ; Data Delay ;
+--------+--------------+---------------+--------------+-------------+--------------+------------+------------+
; -0.523 ; s_data_valid ; s_ram_addr[0] ; clk          ; clk         ; 1.000        ; -0.080     ; 1.441      ;
; -0.523 ; s_data_valid ; s_ram_addr[1] ; clk          ; clk         ; 1.000        ; -0.080     ; 1.441      ;
; -0.523 ; s_data_valid ; s_ram_addr[2] ; clk          ; clk         ; 1.000        ; -0.080     ; 1.441      ;
; -0.523 ; s_data_valid ; s_ram_addr[3] ; clk          ; clk         ; 1.000        ; -0.080     ; 1.441      ;
+--------+--------------+---------------+--------------+-------------+--------------+------------+------------+


+------------------------------------------------------------------------------------------------------------+
; Slow 1200mV 85C Model Removal: 'clk'                                                                       ;
+-------+--------------+---------------+--------------+-------------+--------------+------------+------------+
; Slack ; From Node    ; To Node       ; Launch Clock ; Latch Clock ; Relationship ; Clock Skew ; Data Delay ;
+-------+--------------+---------------+--------------+-------------+--------------+------------+------------+
; 1.025 ; s_data_valid ; s_ram_addr[0] ; clk          ; clk         ; 0.000        ; 0.080      ; 1.291      ;
; 1.025 ; s_data_valid ; s_ram_addr[1] ; clk          ; clk         ; 0.000        ; 0.080      ; 1.291      ;
; 1.025 ; s_data_valid ; s_ram_addr[2] ; clk          ; clk         ; 0.000        ; 0.080      ; 1.291      ;
; 1.025 ; s_data_valid ; s_ram_addr[3] ; clk          ; clk         ; 0.000        ; 0.080      ; 1.291      ;
+-------+--------------+---------------+--------------+-------------+--------------+------------+------------+


+--------------------------------------------------------------------------------------------------+
; Slow 1200mV 85C Model Minimum Pulse Width: 'clk'                                                 ;
+--------+--------------+----------------+------------+-------+------------+-----------------------+
; Slack  ; Actual Width ; Required Width ; Type       ; Clock ; Clock Edge ; Target                ;
+--------+--------------+----------------+------------+-------+------------+-----------------------+
; -3.000 ; 1.000        ; 4.000          ; Port Rate  ; clk   ; Rise       ; clk                   ;
; -1.285 ; 1.000        ; 2.285          ; Min Period ; clk   ; Rise       ; counter[0]            ;
; -1.285 ; 1.000        ; 2.285          ; Min Period ; clk   ; Rise       ; counter[1]            ;
; -1.285 ; 1.000        ; 2.285          ; Min Period ; clk   ; Rise       ; counter[2]            ;
; -1.285 ; 1.000        ; 2.285          ; Min Period ; clk   ; Rise       ; counter[3]            ;
; -1.285 ; 1.000        ; 2.285          ; Min Period ; clk   ; Rise       ; counter[4]            ;
; -1.285 ; 1.000        ; 2.285          ; Min Period ; clk   ; Rise       ; counter[5]            ;
; -1.285 ; 1.000        ; 2.285          ; Min Period ; clk   ; Rise       ; counter[6]            ;
; -1.285 ; 1.000        ; 2.285          ; Min Period ; clk   ; Rise       ; counter[7]            ;
; -1.285 ; 1.000        ; 2.285          ; Min Period ; clk   ; Rise       ; counter[8]            ;
; -1.285 ; 1.000        ; 2.285          ; Min Period ; clk   ; Rise       ; counter_2[0]          ;
; -1.285 ; 1.000        ; 2.285          ; Min Period ; clk   ; Rise       ; counter_2[1]          ;
; -1.285 ; 1.000        ; 2.285          ; Min Period ; clk   ; Rise       ; counter_2[2]          ;
; -1.285 ; 1.000        ; 2.285          ; Min Period ; clk   ; Rise       ; counter_2[3]          ;
; -1.285 ; 1.000        ; 2.285          ; Min Period ; clk   ; Rise       ; counter_2[4]          ;
; -1.285 ; 1.000        ; 2.285          ; Min Period ; clk   ; Rise       ; counter_2[5]          ;
; -1.285 ; 1.000        ; 2.285          ; Min Period ; clk   ; Rise       ; counter_2[6]          ;
; -1.285 ; 1.000        ; 2.285          ; Min Period ; clk   ; Rise       ; counter_2[7]          ;
; -1.285 ; 1.000        ; 2.285          ; Min Period ; clk   ; Rise       ; counter_2[8]          ;
; -1.285 ; 1.000        ; 2.285          ; Min Period ; clk   ; Rise       ; data_valid~reg0       ;
; -1.285 ; 1.000        ; 2.285          ; Min Period ; clk   ; Rise       ; done_out~reg0         ;
; -1.285 ; 1.000        ; 2.285          ; Min Period ; clk   ; Rise       ; round[0]              ;
; -1.285 ; 1.000        ; 2.285          ; Min Period ; clk   ; Rise       ; round[1]              ;
; -1.285 ; 1.000        ; 2.285          ; Min Period ; clk   ; Rise       ; s_counter_out[0]      ;
; -1.285 ; 1.000        ; 2.285          ; Min Period ; clk   ; Rise       ; s_counter_out[1]      ;
; -1.285 ; 1.000        ; 2.285          ; Min Period ; clk   ; Rise       ; s_data_valid          ;
; -1.285 ; 1.000        ; 2.285          ; Min Period ; clk   ; Rise       ; s_ram_addr[0]         ;
; -1.285 ; 1.000        ; 2.285          ; Min Period ; clk   ; Rise       ; s_ram_addr[1]         ;
; -1.285 ; 1.000        ; 2.285          ; Min Period ; clk   ; Rise       ; s_ram_addr[2]         ;
; -1.285 ; 1.000        ; 2.285          ; Min Period ; clk   ; Rise       ; s_ram_addr[3]         ;
; -1.285 ; 1.000        ; 2.285          ; Min Period ; clk   ; Rise       ; state.DONE            ;
; -1.285 ; 1.000        ; 2.285          ; Min Period ; clk   ; Rise       ; state.GENERATE_VALUES ;
; -1.285 ; 1.000        ; 2.285          ; Min Period ; clk   ; Rise       ; state.IDLE            ;
; -1.285 ; 1.000        ; 2.285          ; Min Period ; clk   ; Rise       ; state.INIT            ;
; -1.285 ; 1.000        ; 2.285          ; Min Period ; clk   ; Rise       ; total_key_words[3]    ;
; -1.285 ; 1.000        ; 2.285          ; Min Period ; clk   ; Rise       ; total_key_words[4]    ;
; -1.285 ; 1.000        ; 2.285          ; Min Period ; clk   ; Rise       ; total_key_words[5]    ;
; -1.285 ; 1.000        ; 2.285          ; Min Period ; clk   ; Rise       ; words_x_round[0]      ;
; -1.285 ; 1.000        ; 2.285          ; Min Period ; clk   ; Rise       ; words_x_round[4]      ;
; -1.285 ; 1.000        ; 2.285          ; Min Period ; clk   ; Rise       ; x_reg[0]              ;
; -1.285 ; 1.000        ; 2.285          ; Min Period ; clk   ; Rise       ; x_reg[10]             ;
; -1.285 ; 1.000        ; 2.285          ; Min Period ; clk   ; Rise       ; x_reg[11]             ;
; -1.285 ; 1.000        ; 2.285          ; Min Period ; clk   ; Rise       ; x_reg[12]             ;
; -1.285 ; 1.000        ; 2.285          ; Min Period ; clk   ; Rise       ; x_reg[13]             ;
; -1.285 ; 1.000        ; 2.285          ; Min Period ; clk   ; Rise       ; x_reg[14]             ;
; -1.285 ; 1.000        ; 2.285          ; Min Period ; clk   ; Rise       ; x_reg[15]             ;
; -1.285 ; 1.000        ; 2.285          ; Min Period ; clk   ; Rise       ; x_reg[16]             ;
; -1.285 ; 1.000        ; 2.285          ; Min Period ; clk   ; Rise       ; x_reg[17]             ;
; -1.285 ; 1.000        ; 2.285          ; Min Period ; clk   ; Rise       ; x_reg[18]             ;
; -1.285 ; 1.000        ; 2.285          ; Min Period ; clk   ; Rise       ; x_reg[19]             ;
; -1.285 ; 1.000        ; 2.285          ; Min Period ; clk   ; Rise       ; x_reg[1]              ;
; -1.285 ; 1.000        ; 2.285          ; Min Period ; clk   ; Rise       ; x_reg[20]             ;
; -1.285 ; 1.000        ; 2.285          ; Min Period ; clk   ; Rise       ; x_reg[21]             ;
; -1.285 ; 1.000        ; 2.285          ; Min Period ; clk   ; Rise       ; x_reg[22]             ;
; -1.285 ; 1.000        ; 2.285          ; Min Period ; clk   ; Rise       ; x_reg[23]             ;
; -1.285 ; 1.000        ; 2.285          ; Min Period ; clk   ; Rise       ; x_reg[2]              ;
; -1.285 ; 1.000        ; 2.285          ; Min Period ; clk   ; Rise       ; x_reg[3]              ;
; -1.285 ; 1.000        ; 2.285          ; Min Period ; clk   ; Rise       ; x_reg[4]              ;
; -1.285 ; 1.000        ; 2.285          ; Min Period ; clk   ; Rise       ; x_reg[5]              ;
; -1.285 ; 1.000        ; 2.285          ; Min Period ; clk   ; Rise       ; x_reg[6]              ;
; -1.285 ; 1.000        ; 2.285          ; Min Period ; clk   ; Rise       ; x_reg[7]              ;
; -1.285 ; 1.000        ; 2.285          ; Min Period ; clk   ; Rise       ; x_reg[8]              ;
; -1.285 ; 1.000        ; 2.285          ; Min Period ; clk   ; Rise       ; x_reg[9]              ;
; -1.285 ; 1.000        ; 2.285          ; Min Period ; clk   ; Rise       ; y_reg[0]              ;
; -1.285 ; 1.000        ; 2.285          ; Min Period ; clk   ; Rise       ; y_reg[10]             ;
; -1.285 ; 1.000        ; 2.285          ; Min Period ; clk   ; Rise       ; y_reg[11]             ;
; -1.285 ; 1.000        ; 2.285          ; Min Period ; clk   ; Rise       ; y_reg[12]             ;
; -1.285 ; 1.000        ; 2.285          ; Min Period ; clk   ; Rise       ; y_reg[13]             ;
; -1.285 ; 1.000        ; 2.285          ; Min Period ; clk   ; Rise       ; y_reg[14]             ;
; -1.285 ; 1.000        ; 2.285          ; Min Period ; clk   ; Rise       ; y_reg[15]             ;
; -1.285 ; 1.000        ; 2.285          ; Min Period ; clk   ; Rise       ; y_reg[16]             ;
; -1.285 ; 1.000        ; 2.285          ; Min Period ; clk   ; Rise       ; y_reg[17]             ;
; -1.285 ; 1.000        ; 2.285          ; Min Period ; clk   ; Rise       ; y_reg[18]             ;
; -1.285 ; 1.000        ; 2.285          ; Min Period ; clk   ; Rise       ; y_reg[19]             ;
; -1.285 ; 1.000        ; 2.285          ; Min Period ; clk   ; Rise       ; y_reg[1]              ;
; -1.285 ; 1.000        ; 2.285          ; Min Period ; clk   ; Rise       ; y_reg[20]             ;
; -1.285 ; 1.000        ; 2.285          ; Min Period ; clk   ; Rise       ; y_reg[21]             ;
; -1.285 ; 1.000        ; 2.285          ; Min Period ; clk   ; Rise       ; y_reg[22]             ;
; -1.285 ; 1.000        ; 2.285          ; Min Period ; clk   ; Rise       ; y_reg[23]             ;
; -1.285 ; 1.000        ; 2.285          ; Min Period ; clk   ; Rise       ; y_reg[2]              ;
; -1.285 ; 1.000        ; 2.285          ; Min Period ; clk   ; Rise       ; y_reg[3]              ;
; -1.285 ; 1.000        ; 2.285          ; Min Period ; clk   ; Rise       ; y_reg[4]              ;
; -1.285 ; 1.000        ; 2.285          ; Min Period ; clk   ; Rise       ; y_reg[5]              ;
; -1.285 ; 1.000        ; 2.285          ; Min Period ; clk   ; Rise       ; y_reg[6]              ;
; -1.285 ; 1.000        ; 2.285          ; Min Period ; clk   ; Rise       ; y_reg[7]              ;
; -1.285 ; 1.000        ; 2.285          ; Min Period ; clk   ; Rise       ; y_reg[8]              ;
; -1.285 ; 1.000        ; 2.285          ; Min Period ; clk   ; Rise       ; y_reg[9]              ;
; -1.285 ; 1.000        ; 2.285          ; Min Period ; clk   ; Rise       ; z_reg[0]              ;
; -1.285 ; 1.000        ; 2.285          ; Min Period ; clk   ; Rise       ; z_reg[10]             ;
; -1.285 ; 1.000        ; 2.285          ; Min Period ; clk   ; Rise       ; z_reg[11]             ;
; -1.285 ; 1.000        ; 2.285          ; Min Period ; clk   ; Rise       ; z_reg[12]             ;
; -1.285 ; 1.000        ; 2.285          ; Min Period ; clk   ; Rise       ; z_reg[13]             ;
; -1.285 ; 1.000        ; 2.285          ; Min Period ; clk   ; Rise       ; z_reg[14]             ;
; -1.285 ; 1.000        ; 2.285          ; Min Period ; clk   ; Rise       ; z_reg[15]             ;
; -1.285 ; 1.000        ; 2.285          ; Min Period ; clk   ; Rise       ; z_reg[16]             ;
; -1.285 ; 1.000        ; 2.285          ; Min Period ; clk   ; Rise       ; z_reg[17]             ;
; -1.285 ; 1.000        ; 2.285          ; Min Period ; clk   ; Rise       ; z_reg[18]             ;
; -1.285 ; 1.000        ; 2.285          ; Min Period ; clk   ; Rise       ; z_reg[19]             ;
; -1.285 ; 1.000        ; 2.285          ; Min Period ; clk   ; Rise       ; z_reg[1]              ;
; -1.285 ; 1.000        ; 2.285          ; Min Period ; clk   ; Rise       ; z_reg[20]             ;
+--------+--------------+----------------+------------+-------+------------+-----------------------+


+-----------------------------------------------------------------------------+
; Setup Times                                                                 ;
+-----------------+------------+-------+-------+------------+-----------------+
; Data Port       ; Clock Port ; Rise  ; Fall  ; Clock Edge ; Clock Reference ;
+-----------------+------------+-------+-------+------------+-----------------+
; AES_version[*]  ; clk        ; 1.859 ; 2.239 ; Rise       ; clk             ;
;  AES_version[0] ; clk        ; 1.701 ; 2.078 ; Rise       ; clk             ;
;  AES_version[1] ; clk        ; 1.859 ; 2.239 ; Rise       ; clk             ;
; reset           ; clk        ; 1.388 ; 1.406 ; Rise       ; clk             ;
; start           ; clk        ; 3.478 ; 3.831 ; Rise       ; clk             ;
+-----------------+------------+-------+-------+------------+-----------------+


+-------------------------------------------------------------------------------+
; Hold Times                                                                    ;
+-----------------+------------+--------+--------+------------+-----------------+
; Data Port       ; Clock Port ; Rise   ; Fall   ; Clock Edge ; Clock Reference ;
+-----------------+------------+--------+--------+------------+-----------------+
; AES_version[*]  ; clk        ; -1.232 ; -1.590 ; Rise       ; clk             ;
;  AES_version[0] ; clk        ; -1.232 ; -1.590 ; Rise       ; clk             ;
;  AES_version[1] ; clk        ; -1.357 ; -1.713 ; Rise       ; clk             ;
; reset           ; clk        ; 0.298  ; 0.240  ; Rise       ; clk             ;
; start           ; clk        ; -1.390 ; -1.788 ; Rise       ; clk             ;
+-----------------+------------+--------+--------+------------+-----------------+


+-------------------------------------------------------------------------------+
; Clock to Output Times                                                         ;
+-----------------+------------+--------+--------+------------+-----------------+
; Data Port       ; Clock Port ; Rise   ; Fall   ; Clock Edge ; Clock Reference ;
+-----------------+------------+--------+--------+------------+-----------------+
; counter_out[*]  ; clk        ; 8.770  ; 8.707  ; Rise       ; clk             ;
;  counter_out[0] ; clk        ; 8.770  ; 8.707  ; Rise       ; clk             ;
;  counter_out[1] ; clk        ; 7.936  ; 7.959  ; Rise       ; clk             ;
; data_out[*]     ; clk        ; 13.409 ; 13.424 ; Rise       ; clk             ;
;  data_out[0]    ; clk        ; 9.416  ; 9.426  ; Rise       ; clk             ;
;  data_out[1]    ; clk        ; 11.081 ; 10.951 ; Rise       ; clk             ;
;  data_out[2]    ; clk        ; 11.572 ; 11.435 ; Rise       ; clk             ;
;  data_out[3]    ; clk        ; 10.969 ; 10.790 ; Rise       ; clk             ;
;  data_out[4]    ; clk        ; 10.396 ; 10.347 ; Rise       ; clk             ;
;  data_out[5]    ; clk        ; 10.661 ; 10.581 ; Rise       ; clk             ;
;  data_out[6]    ; clk        ; 9.762  ; 9.720  ; Rise       ; clk             ;
;  data_out[7]    ; clk        ; 10.934 ; 10.826 ; Rise       ; clk             ;
;  data_out[8]    ; clk        ; 11.177 ; 11.269 ; Rise       ; clk             ;
;  data_out[9]    ; clk        ; 11.846 ; 11.730 ; Rise       ; clk             ;
;  data_out[10]   ; clk        ; 9.921  ; 9.925  ; Rise       ; clk             ;
;  data_out[11]   ; clk        ; 10.780 ; 10.917 ; Rise       ; clk             ;
;  data_out[12]   ; clk        ; 11.175 ; 11.059 ; Rise       ; clk             ;
;  data_out[13]   ; clk        ; 10.201 ; 10.171 ; Rise       ; clk             ;
;  data_out[14]   ; clk        ; 11.148 ; 11.193 ; Rise       ; clk             ;
;  data_out[15]   ; clk        ; 10.909 ; 11.051 ; Rise       ; clk             ;
;  data_out[16]   ; clk        ; 11.119 ; 11.081 ; Rise       ; clk             ;
;  data_out[17]   ; clk        ; 9.481  ; 9.475  ; Rise       ; clk             ;
;  data_out[18]   ; clk        ; 11.970 ; 12.030 ; Rise       ; clk             ;
;  data_out[19]   ; clk        ; 11.079 ; 10.945 ; Rise       ; clk             ;
;  data_out[20]   ; clk        ; 11.231 ; 11.100 ; Rise       ; clk             ;
;  data_out[21]   ; clk        ; 9.854  ; 9.875  ; Rise       ; clk             ;
;  data_out[22]   ; clk        ; 13.409 ; 13.424 ; Rise       ; clk             ;
;  data_out[23]   ; clk        ; 12.233 ; 12.110 ; Rise       ; clk             ;
; data_valid      ; clk        ; 7.906  ; 7.926  ; Rise       ; clk             ;
; done_out        ; clk        ; 9.155  ; 9.096  ; Rise       ; clk             ;
; ram_addr[*]     ; clk        ; 8.738  ; 8.676  ; Rise       ; clk             ;
;  ram_addr[0]    ; clk        ; 8.522  ; 8.467  ; Rise       ; clk             ;
;  ram_addr[1]    ; clk        ; 8.738  ; 8.676  ; Rise       ; clk             ;
;  ram_addr[2]    ; clk        ; 7.999  ; 7.983  ; Rise       ; clk             ;
;  ram_addr[3]    ; clk        ; 7.662  ; 7.710  ; Rise       ; clk             ;
+-----------------+------------+--------+--------+------------+-----------------+


+-------------------------------------------------------------------------------+
; Minimum Clock to Output Times                                                 ;
+-----------------+------------+--------+--------+------------+-----------------+
; Data Port       ; Clock Port ; Rise   ; Fall   ; Clock Edge ; Clock Reference ;
+-----------------+------------+--------+--------+------------+-----------------+
; counter_out[*]  ; clk        ; 7.666  ; 7.686  ; Rise       ; clk             ;
;  counter_out[0] ; clk        ; 8.464  ; 8.403  ; Rise       ; clk             ;
;  counter_out[1] ; clk        ; 7.666  ; 7.686  ; Rise       ; clk             ;
; data_out[*]     ; clk        ; 7.774  ; 7.755  ; Rise       ; clk             ;
;  data_out[0]    ; clk        ; 7.774  ; 7.755  ; Rise       ; clk             ;
;  data_out[1]    ; clk        ; 9.774  ; 9.623  ; Rise       ; clk             ;
;  data_out[2]    ; clk        ; 10.403 ; 10.296 ; Rise       ; clk             ;
;  data_out[3]    ; clk        ; 10.013 ; 9.874  ; Rise       ; clk             ;
;  data_out[4]    ; clk        ; 8.711  ; 8.635  ; Rise       ; clk             ;
;  data_out[5]    ; clk        ; 9.357  ; 9.280  ; Rise       ; clk             ;
;  data_out[6]    ; clk        ; 8.271  ; 8.264  ; Rise       ; clk             ;
;  data_out[7]    ; clk        ; 9.853  ; 9.757  ; Rise       ; clk             ;
;  data_out[8]    ; clk        ; 9.210  ; 9.286  ; Rise       ; clk             ;
;  data_out[9]    ; clk        ; 9.876  ; 9.735  ; Rise       ; clk             ;
;  data_out[10]   ; clk        ; 8.369  ; 8.396  ; Rise       ; clk             ;
;  data_out[11]   ; clk        ; 9.624  ; 9.723  ; Rise       ; clk             ;
;  data_out[12]   ; clk        ; 10.046 ; 9.909  ; Rise       ; clk             ;
;  data_out[13]   ; clk        ; 8.783  ; 8.722  ; Rise       ; clk             ;
;  data_out[14]   ; clk        ; 9.336  ; 9.377  ; Rise       ; clk             ;
;  data_out[15]   ; clk        ; 9.647  ; 9.753  ; Rise       ; clk             ;
;  data_out[16]   ; clk        ; 9.325  ; 9.277  ; Rise       ; clk             ;
;  data_out[17]   ; clk        ; 8.320  ; 8.285  ; Rise       ; clk             ;
;  data_out[18]   ; clk        ; 10.125 ; 10.159 ; Rise       ; clk             ;
;  data_out[19]   ; clk        ; 9.774  ; 9.674  ; Rise       ; clk             ;
;  data_out[20]   ; clk        ; 9.636  ; 9.505  ; Rise       ; clk             ;
;  data_out[21]   ; clk        ; 8.224  ; 8.229  ; Rise       ; clk             ;
;  data_out[22]   ; clk        ; 11.617 ; 11.602 ; Rise       ; clk             ;
;  data_out[23]   ; clk        ; 10.748 ; 10.597 ; Rise       ; clk             ;
; data_valid      ; clk        ; 7.637  ; 7.654  ; Rise       ; clk             ;
; done_out        ; clk        ; 8.836  ; 8.778  ; Rise       ; clk             ;
; ram_addr[*]     ; clk        ; 7.403  ; 7.447  ; Rise       ; clk             ;
;  ram_addr[0]    ; clk        ; 8.226  ; 8.173  ; Rise       ; clk             ;
;  ram_addr[1]    ; clk        ; 8.435  ; 8.374  ; Rise       ; clk             ;
;  ram_addr[2]    ; clk        ; 7.723  ; 7.707  ; Rise       ; clk             ;
;  ram_addr[3]    ; clk        ; 7.403  ; 7.447  ; Rise       ; clk             ;
+-----------------+------------+--------+--------+------------+-----------------+


----------------------------------------------
; Slow 1200mV 85C Model Metastability Report ;
----------------------------------------------
No synchronizer chains to report.


+-------------------------------------------------+
; Slow 1200mV 0C Model Fmax Summary               ;
+-----------+-----------------+------------+------+
; Fmax      ; Restricted Fmax ; Clock Name ; Note ;
+-----------+-----------------+------------+------+
; 69.74 MHz ; 69.74 MHz       ; clk        ;      ;
+-----------+-----------------+------------+------+
This panel reports FMAX for every clock in the design, regardless of the user-specified clock periods.  FMAX is only computed for paths where the source and destination registers or ports are driven by the same clock.  Paths of different clocks, including generated clocks, are ignored.  For paths between a clock and its inversion, FMAX is computed as if the rising and falling edges are scaled along with FMAX, such that the duty cycle (in terms of a percentage) is maintained. Altera recommends that you always use clock constraints and other slack reports for sign-off analysis.


+------------------------------------+
; Slow 1200mV 0C Model Setup Summary ;
+-------+---------+------------------+
; Clock ; Slack   ; End Point TNS    ;
+-------+---------+------------------+
; clk   ; -13.339 ; -627.330         ;
+-------+---------+------------------+


+-----------------------------------+
; Slow 1200mV 0C Model Hold Summary ;
+-------+-------+-------------------+
; Clock ; Slack ; End Point TNS     ;
+-------+-------+-------------------+
; clk   ; 0.339 ; 0.000             ;
+-------+-------+-------------------+


+---------------------------------------+
; Slow 1200mV 0C Model Recovery Summary ;
+-------+--------+----------------------+
; Clock ; Slack  ; End Point TNS        ;
+-------+--------+----------------------+
; clk   ; -0.367 ; -1.468               ;
+-------+--------+----------------------+


+--------------------------------------+
; Slow 1200mV 0C Model Removal Summary ;
+-------+-------+----------------------+
; Clock ; Slack ; End Point TNS        ;
+-------+-------+----------------------+
; clk   ; 0.935 ; 0.000                ;
+-------+-------+----------------------+


+--------------------------------------------------+
; Slow 1200mV 0C Model Minimum Pulse Width Summary ;
+-------+--------+---------------------------------+
; Clock ; Slack  ; End Point TNS                   ;
+-------+--------+---------------------------------+
; clk   ; -3.000 ; -144.350                        ;
+-------+--------+---------------------------------+


+-------------------------------------------------------------------------------------------------------+
; Slow 1200mV 0C Model Setup: 'clk'                                                                     ;
+---------+-----------+-----------+--------------+-------------+--------------+------------+------------+
; Slack   ; From Node ; To Node   ; Launch Clock ; Latch Clock ; Relationship ; Clock Skew ; Data Delay ;
+---------+-----------+-----------+--------------+-------------+--------------+------------+------------+
; -13.339 ; z_reg[23] ; z_reg[22] ; clk          ; clk         ; 1.000        ; -0.074     ; 14.264     ;
; -13.317 ; z_reg[22] ; z_reg[22] ; clk          ; clk         ; 1.000        ; -0.072     ; 14.244     ;
; -13.192 ; z_reg[18] ; z_reg[22] ; clk          ; clk         ; 1.000        ; -0.481     ; 13.710     ;
; -13.158 ; z_reg[21] ; z_reg[22] ; clk          ; clk         ; 1.000        ; -0.481     ; 13.676     ;
; -13.154 ; z_reg[23] ; z_reg[23] ; clk          ; clk         ; 1.000        ; -0.073     ; 14.080     ;
; -13.142 ; z_reg[20] ; z_reg[22] ; clk          ; clk         ; 1.000        ; -0.481     ; 13.660     ;
; -13.132 ; z_reg[22] ; z_reg[23] ; clk          ; clk         ; 1.000        ; -0.071     ; 14.060     ;
; -13.129 ; z_reg[14] ; z_reg[22] ; clk          ; clk         ; 1.000        ; -0.075     ; 14.053     ;
; -13.118 ; z_reg[12] ; z_reg[22] ; clk          ; clk         ; 1.000        ; -0.074     ; 14.043     ;
; -13.108 ; z_reg[19] ; z_reg[22] ; clk          ; clk         ; 1.000        ; -0.447     ; 13.660     ;
; -13.096 ; z_reg[13] ; z_reg[22] ; clk          ; clk         ; 1.000        ; -0.074     ; 14.021     ;
; -13.094 ; z_reg[23] ; z_reg[21] ; clk          ; clk         ; 1.000        ; 0.319      ; 14.412     ;
; -13.086 ; z_reg[17] ; z_reg[22] ; clk          ; clk         ; 1.000        ; -0.072     ; 14.013     ;
; -13.072 ; z_reg[22] ; z_reg[21] ; clk          ; clk         ; 1.000        ; 0.321      ; 14.392     ;
; -13.064 ; z_reg[23] ; z_reg[17] ; clk          ; clk         ; 1.000        ; -0.074     ; 13.989     ;
; -13.042 ; z_reg[22] ; z_reg[17] ; clk          ; clk         ; 1.000        ; -0.072     ; 13.969     ;
; -13.007 ; z_reg[18] ; z_reg[23] ; clk          ; clk         ; 1.000        ; -0.480     ; 13.526     ;
; -12.973 ; z_reg[21] ; z_reg[23] ; clk          ; clk         ; 1.000        ; -0.480     ; 13.492     ;
; -12.957 ; z_reg[20] ; z_reg[23] ; clk          ; clk         ; 1.000        ; -0.480     ; 13.476     ;
; -12.947 ; z_reg[23] ; z_reg[16] ; clk          ; clk         ; 1.000        ; -0.074     ; 13.872     ;
; -12.947 ; z_reg[18] ; z_reg[21] ; clk          ; clk         ; 1.000        ; -0.088     ; 13.858     ;
; -12.945 ; x_reg[14] ; z_reg[22] ; clk          ; clk         ; 1.000        ; -0.079     ; 13.865     ;
; -12.930 ; z_reg[15] ; z_reg[22] ; clk          ; clk         ; 1.000        ; -0.074     ; 13.855     ;
; -12.929 ; x_reg[8]  ; z_reg[22] ; clk          ; clk         ; 1.000        ; -0.079     ; 13.849     ;
; -12.928 ; x_reg[5]  ; z_reg[22] ; clk          ; clk         ; 1.000        ; -0.079     ; 13.848     ;
; -12.925 ; z_reg[22] ; z_reg[16] ; clk          ; clk         ; 1.000        ; -0.072     ; 13.852     ;
; -12.923 ; z_reg[19] ; z_reg[23] ; clk          ; clk         ; 1.000        ; -0.446     ; 13.476     ;
; -12.917 ; z_reg[18] ; z_reg[17] ; clk          ; clk         ; 1.000        ; -0.481     ; 13.435     ;
; -12.913 ; z_reg[21] ; z_reg[21] ; clk          ; clk         ; 1.000        ; -0.088     ; 13.824     ;
; -12.907 ; x_reg[4]  ; z_reg[22] ; clk          ; clk         ; 1.000        ; -0.079     ; 13.827     ;
; -12.899 ; z_reg[23] ; z_reg[19] ; clk          ; clk         ; 1.000        ; 0.286      ; 14.184     ;
; -12.897 ; z_reg[20] ; z_reg[21] ; clk          ; clk         ; 1.000        ; -0.088     ; 13.808     ;
; -12.883 ; z_reg[21] ; z_reg[17] ; clk          ; clk         ; 1.000        ; -0.481     ; 13.401     ;
; -12.878 ; z_reg[23] ; z_reg[20] ; clk          ; clk         ; 1.000        ; 0.319      ; 14.196     ;
; -12.877 ; z_reg[22] ; z_reg[19] ; clk          ; clk         ; 1.000        ; 0.288      ; 14.164     ;
; -12.876 ; x_reg[16] ; z_reg[22] ; clk          ; clk         ; 1.000        ; -0.079     ; 13.796     ;
; -12.875 ; z_reg[14] ; z_reg[23] ; clk          ; clk         ; 1.000        ; -0.074     ; 13.800     ;
; -12.867 ; z_reg[20] ; z_reg[17] ; clk          ; clk         ; 1.000        ; -0.481     ; 13.385     ;
; -12.864 ; z_reg[12] ; z_reg[23] ; clk          ; clk         ; 1.000        ; -0.073     ; 13.790     ;
; -12.863 ; z_reg[19] ; z_reg[21] ; clk          ; clk         ; 1.000        ; -0.054     ; 13.808     ;
; -12.856 ; z_reg[22] ; z_reg[20] ; clk          ; clk         ; 1.000        ; 0.321      ; 14.176     ;
; -12.855 ; z_reg[11] ; z_reg[22] ; clk          ; clk         ; 1.000        ; -0.084     ; 13.770     ;
; -12.848 ; x_reg[20] ; z_reg[22] ; clk          ; clk         ; 1.000        ; -0.091     ; 13.756     ;
; -12.842 ; x_reg[13] ; z_reg[22] ; clk          ; clk         ; 1.000        ; -0.081     ; 13.760     ;
; -12.842 ; z_reg[13] ; z_reg[23] ; clk          ; clk         ; 1.000        ; -0.073     ; 13.768     ;
; -12.840 ; z_reg[3]  ; z_reg[22] ; clk          ; clk         ; 1.000        ; -0.084     ; 13.755     ;
; -12.833 ; z_reg[1]  ; z_reg[22] ; clk          ; clk         ; 1.000        ; -0.077     ; 13.755     ;
; -12.833 ; z_reg[19] ; z_reg[17] ; clk          ; clk         ; 1.000        ; -0.447     ; 13.385     ;
; -12.832 ; z_reg[17] ; z_reg[23] ; clk          ; clk         ; 1.000        ; -0.071     ; 13.760     ;
; -12.815 ; z_reg[14] ; z_reg[21] ; clk          ; clk         ; 1.000        ; 0.318      ; 14.132     ;
; -12.813 ; x_reg[11] ; z_reg[22] ; clk          ; clk         ; 1.000        ; -0.081     ; 13.731     ;
; -12.807 ; z_reg[16] ; z_reg[22] ; clk          ; clk         ; 1.000        ; -0.072     ; 13.734     ;
; -12.804 ; z_reg[12] ; z_reg[21] ; clk          ; clk         ; 1.000        ; 0.319      ; 14.122     ;
; -12.800 ; z_reg[18] ; z_reg[16] ; clk          ; clk         ; 1.000        ; -0.481     ; 13.318     ;
; -12.785 ; z_reg[14] ; z_reg[17] ; clk          ; clk         ; 1.000        ; -0.075     ; 13.709     ;
; -12.782 ; z_reg[13] ; z_reg[21] ; clk          ; clk         ; 1.000        ; 0.319      ; 14.100     ;
; -12.777 ; z_reg[23] ; z_reg[18] ; clk          ; clk         ; 1.000        ; 0.319      ; 14.095     ;
; -12.774 ; z_reg[12] ; z_reg[17] ; clk          ; clk         ; 1.000        ; -0.074     ; 13.699     ;
; -12.772 ; z_reg[17] ; z_reg[21] ; clk          ; clk         ; 1.000        ; 0.321      ; 14.092     ;
; -12.766 ; z_reg[21] ; z_reg[16] ; clk          ; clk         ; 1.000        ; -0.481     ; 13.284     ;
; -12.760 ; x_reg[14] ; z_reg[23] ; clk          ; clk         ; 1.000        ; -0.078     ; 13.681     ;
; -12.755 ; z_reg[22] ; z_reg[18] ; clk          ; clk         ; 1.000        ; 0.321      ; 14.075     ;
; -12.752 ; z_reg[18] ; z_reg[19] ; clk          ; clk         ; 1.000        ; -0.121     ; 13.630     ;
; -12.752 ; z_reg[13] ; z_reg[17] ; clk          ; clk         ; 1.000        ; -0.074     ; 13.677     ;
; -12.750 ; z_reg[20] ; z_reg[16] ; clk          ; clk         ; 1.000        ; -0.481     ; 13.268     ;
; -12.744 ; x_reg[8]  ; z_reg[23] ; clk          ; clk         ; 1.000        ; -0.078     ; 13.665     ;
; -12.743 ; x_reg[5]  ; z_reg[23] ; clk          ; clk         ; 1.000        ; -0.078     ; 13.664     ;
; -12.742 ; z_reg[17] ; z_reg[17] ; clk          ; clk         ; 1.000        ; -0.072     ; 13.669     ;
; -12.731 ; z_reg[18] ; z_reg[20] ; clk          ; clk         ; 1.000        ; -0.088     ; 13.642     ;
; -12.722 ; x_reg[4]  ; z_reg[23] ; clk          ; clk         ; 1.000        ; -0.078     ; 13.643     ;
; -12.718 ; z_reg[21] ; z_reg[19] ; clk          ; clk         ; 1.000        ; -0.121     ; 13.596     ;
; -12.716 ; z_reg[19] ; z_reg[16] ; clk          ; clk         ; 1.000        ; -0.447     ; 13.268     ;
; -12.702 ; z_reg[20] ; z_reg[19] ; clk          ; clk         ; 1.000        ; -0.121     ; 13.580     ;
; -12.700 ; x_reg[14] ; z_reg[21] ; clk          ; clk         ; 1.000        ; 0.314      ; 14.013     ;
; -12.697 ; z_reg[21] ; z_reg[20] ; clk          ; clk         ; 1.000        ; -0.088     ; 13.608     ;
; -12.691 ; x_reg[16] ; z_reg[23] ; clk          ; clk         ; 1.000        ; -0.078     ; 13.612     ;
; -12.684 ; x_reg[8]  ; z_reg[21] ; clk          ; clk         ; 1.000        ; 0.314      ; 13.997     ;
; -12.683 ; x_reg[5]  ; z_reg[21] ; clk          ; clk         ; 1.000        ; 0.314      ; 13.996     ;
; -12.681 ; z_reg[20] ; z_reg[20] ; clk          ; clk         ; 1.000        ; -0.088     ; 13.592     ;
; -12.679 ; z_reg[14] ; z_reg[16] ; clk          ; clk         ; 1.000        ; -0.075     ; 13.603     ;
; -12.676 ; z_reg[15] ; z_reg[23] ; clk          ; clk         ; 1.000        ; -0.073     ; 13.602     ;
; -12.670 ; x_reg[14] ; z_reg[17] ; clk          ; clk         ; 1.000        ; -0.079     ; 13.590     ;
; -12.668 ; z_reg[19] ; z_reg[19] ; clk          ; clk         ; 1.000        ; -0.087     ; 13.580     ;
; -12.668 ; z_reg[14] ; z_reg[20] ; clk          ; clk         ; 1.000        ; 0.318      ; 13.985     ;
; -12.668 ; z_reg[12] ; z_reg[16] ; clk          ; clk         ; 1.000        ; -0.074     ; 13.593     ;
; -12.662 ; x_reg[4]  ; z_reg[21] ; clk          ; clk         ; 1.000        ; 0.314      ; 13.975     ;
; -12.657 ; x_reg[13] ; z_reg[23] ; clk          ; clk         ; 1.000        ; -0.080     ; 13.576     ;
; -12.657 ; z_reg[12] ; z_reg[20] ; clk          ; clk         ; 1.000        ; 0.319      ; 13.975     ;
; -12.656 ; z_reg[4]  ; z_reg[22] ; clk          ; clk         ; 1.000        ; -0.087     ; 13.568     ;
; -12.654 ; x_reg[8]  ; z_reg[17] ; clk          ; clk         ; 1.000        ; -0.079     ; 13.574     ;
; -12.653 ; x_reg[5]  ; z_reg[17] ; clk          ; clk         ; 1.000        ; -0.079     ; 13.573     ;
; -12.652 ; x_reg[0]  ; z_reg[22] ; clk          ; clk         ; 1.000        ; -0.081     ; 13.570     ;
; -12.649 ; x_reg[15] ; z_reg[22] ; clk          ; clk         ; 1.000        ; -0.081     ; 13.567     ;
; -12.647 ; z_reg[19] ; z_reg[20] ; clk          ; clk         ; 1.000        ; -0.054     ; 13.592     ;
; -12.646 ; x_reg[10] ; z_reg[22] ; clk          ; clk         ; 1.000        ; -0.079     ; 13.566     ;
; -12.646 ; z_reg[13] ; z_reg[16] ; clk          ; clk         ; 1.000        ; -0.074     ; 13.571     ;
; -12.643 ; z_reg[23] ; z_reg[14] ; clk          ; clk         ; 1.000        ; -0.071     ; 13.571     ;
; -12.636 ; z_reg[17] ; z_reg[16] ; clk          ; clk         ; 1.000        ; -0.072     ; 13.563     ;
; -12.635 ; z_reg[7]  ; z_reg[22] ; clk          ; clk         ; 1.000        ; -0.086     ; 13.548     ;
; -12.635 ; z_reg[13] ; z_reg[20] ; clk          ; clk         ; 1.000        ; 0.319      ; 13.953     ;
+---------+-----------+-----------+--------------+-------------+--------------+------------+------------+


+-----------------------------------------------------------------------------------------------------------------------------+
; Slow 1200mV 0C Model Hold: 'clk'                                                                                            ;
+-------+-----------------------+-----------------------+--------------+-------------+--------------+------------+------------+
; Slack ; From Node             ; To Node               ; Launch Clock ; Latch Clock ; Relationship ; Clock Skew ; Data Delay ;
+-------+-----------------------+-----------------------+--------------+-------------+--------------+------------+------------+
; 0.339 ; z_reg[19]             ; z_reg[19]             ; clk          ; clk         ; 0.000        ; 0.087      ; 0.597      ;
; 0.353 ; z_reg[15]             ; z_reg[15]             ; clk          ; clk         ; 0.000        ; 0.073      ; 0.597      ;
; 0.353 ; y_reg[20]             ; y_reg[20]             ; clk          ; clk         ; 0.000        ; 0.073      ; 0.597      ;
; 0.353 ; y_reg[14]             ; y_reg[14]             ; clk          ; clk         ; 0.000        ; 0.073      ; 0.597      ;
; 0.353 ; y_reg[17]             ; y_reg[17]             ; clk          ; clk         ; 0.000        ; 0.073      ; 0.597      ;
; 0.353 ; y_reg[10]             ; y_reg[10]             ; clk          ; clk         ; 0.000        ; 0.073      ; 0.597      ;
; 0.353 ; z_reg[10]             ; z_reg[10]             ; clk          ; clk         ; 0.000        ; 0.073      ; 0.597      ;
; 0.353 ; y_reg[11]             ; y_reg[11]             ; clk          ; clk         ; 0.000        ; 0.073      ; 0.597      ;
; 0.353 ; y_reg[9]              ; y_reg[9]              ; clk          ; clk         ; 0.000        ; 0.073      ; 0.597      ;
; 0.353 ; y_reg[5]              ; y_reg[5]              ; clk          ; clk         ; 0.000        ; 0.073      ; 0.597      ;
; 0.353 ; z_reg[7]              ; z_reg[7]              ; clk          ; clk         ; 0.000        ; 0.073      ; 0.597      ;
; 0.353 ; z_reg[8]              ; z_reg[8]              ; clk          ; clk         ; 0.000        ; 0.073      ; 0.597      ;
; 0.353 ; z_reg[9]              ; z_reg[9]              ; clk          ; clk         ; 0.000        ; 0.073      ; 0.597      ;
; 0.353 ; y_reg[4]              ; y_reg[4]              ; clk          ; clk         ; 0.000        ; 0.073      ; 0.597      ;
; 0.353 ; y_reg[2]              ; y_reg[2]              ; clk          ; clk         ; 0.000        ; 0.073      ; 0.597      ;
; 0.353 ; y_reg[3]              ; y_reg[3]              ; clk          ; clk         ; 0.000        ; 0.073      ; 0.597      ;
; 0.353 ; y_reg[1]              ; y_reg[1]              ; clk          ; clk         ; 0.000        ; 0.073      ; 0.597      ;
; 0.353 ; z_reg[23]             ; z_reg[23]             ; clk          ; clk         ; 0.000        ; 0.073      ; 0.597      ;
; 0.354 ; state.IDLE            ; state.IDLE            ; clk          ; clk         ; 0.000        ; 0.072      ; 0.597      ;
; 0.354 ; state.DONE            ; state.DONE            ; clk          ; clk         ; 0.000        ; 0.072      ; 0.597      ;
; 0.354 ; round[0]              ; round[0]              ; clk          ; clk         ; 0.000        ; 0.072      ; 0.597      ;
; 0.354 ; round[1]              ; round[1]              ; clk          ; clk         ; 0.000        ; 0.072      ; 0.597      ;
; 0.354 ; z_reg[22]             ; z_reg[22]             ; clk          ; clk         ; 0.000        ; 0.072      ; 0.597      ;
; 0.354 ; z_reg[16]             ; z_reg[16]             ; clk          ; clk         ; 0.000        ; 0.072      ; 0.597      ;
; 0.354 ; x_reg[20]             ; x_reg[20]             ; clk          ; clk         ; 0.000        ; 0.072      ; 0.597      ;
; 0.354 ; y_reg[18]             ; y_reg[18]             ; clk          ; clk         ; 0.000        ; 0.072      ; 0.597      ;
; 0.354 ; y_reg[19]             ; y_reg[19]             ; clk          ; clk         ; 0.000        ; 0.072      ; 0.597      ;
; 0.354 ; x_reg[19]             ; x_reg[19]             ; clk          ; clk         ; 0.000        ; 0.072      ; 0.597      ;
; 0.354 ; x_reg[16]             ; x_reg[16]             ; clk          ; clk         ; 0.000        ; 0.072      ; 0.597      ;
; 0.354 ; x_reg[14]             ; x_reg[14]             ; clk          ; clk         ; 0.000        ; 0.072      ; 0.597      ;
; 0.354 ; x_reg[11]             ; x_reg[11]             ; clk          ; clk         ; 0.000        ; 0.072      ; 0.597      ;
; 0.354 ; x_reg[8]              ; x_reg[8]              ; clk          ; clk         ; 0.000        ; 0.072      ; 0.597      ;
; 0.354 ; x_reg[7]              ; x_reg[7]              ; clk          ; clk         ; 0.000        ; 0.072      ; 0.597      ;
; 0.354 ; x_reg[5]              ; x_reg[5]              ; clk          ; clk         ; 0.000        ; 0.072      ; 0.597      ;
; 0.354 ; x_reg[4]              ; x_reg[4]              ; clk          ; clk         ; 0.000        ; 0.072      ; 0.597      ;
; 0.354 ; x_reg[3]              ; x_reg[3]              ; clk          ; clk         ; 0.000        ; 0.072      ; 0.597      ;
; 0.354 ; z_reg[17]             ; z_reg[17]             ; clk          ; clk         ; 0.000        ; 0.072      ; 0.597      ;
; 0.354 ; z_reg[1]              ; z_reg[1]              ; clk          ; clk         ; 0.000        ; 0.072      ; 0.597      ;
; 0.354 ; x_reg[0]              ; x_reg[0]              ; clk          ; clk         ; 0.000        ; 0.072      ; 0.597      ;
; 0.354 ; s_counter_out[1]      ; s_counter_out[1]      ; clk          ; clk         ; 0.000        ; 0.072      ; 0.597      ;
; 0.354 ; s_ram_addr[0]         ; s_ram_addr[0]         ; clk          ; clk         ; 0.000        ; 0.072      ; 0.597      ;
; 0.354 ; s_ram_addr[1]         ; s_ram_addr[1]         ; clk          ; clk         ; 0.000        ; 0.072      ; 0.597      ;
; 0.354 ; s_ram_addr[2]         ; s_ram_addr[2]         ; clk          ; clk         ; 0.000        ; 0.072      ; 0.597      ;
; 0.354 ; s_ram_addr[3]         ; s_ram_addr[3]         ; clk          ; clk         ; 0.000        ; 0.072      ; 0.597      ;
; 0.365 ; s_counter_out[0]      ; s_counter_out[0]      ; clk          ; clk         ; 0.000        ; 0.072      ; 0.608      ;
; 0.386 ; counter_2[8]          ; counter_2[8]          ; clk          ; clk         ; 0.000        ; 0.071      ; 0.628      ;
; 0.415 ; s_counter_out[1]      ; s_ram_addr[1]         ; clk          ; clk         ; 0.000        ; 0.072      ; 0.658      ;
; 0.566 ; round[0]              ; z_reg[21]             ; clk          ; clk         ; 0.000        ; 0.474      ; 1.211      ;
; 0.587 ; counter[6]            ; counter[6]            ; clk          ; clk         ; 0.000        ; 0.071      ; 0.829      ;
; 0.587 ; counter_2[7]          ; counter_2[7]          ; clk          ; clk         ; 0.000        ; 0.071      ; 0.829      ;
; 0.588 ; counter[4]            ; counter[4]            ; clk          ; clk         ; 0.000        ; 0.071      ; 0.830      ;
; 0.589 ; counter[7]            ; counter[7]            ; clk          ; clk         ; 0.000        ; 0.071      ; 0.831      ;
; 0.589 ; counter[8]            ; counter[8]            ; clk          ; clk         ; 0.000        ; 0.071      ; 0.831      ;
; 0.589 ; counter_2[1]          ; counter_2[1]          ; clk          ; clk         ; 0.000        ; 0.071      ; 0.831      ;
; 0.590 ; counter[5]            ; counter[5]            ; clk          ; clk         ; 0.000        ; 0.071      ; 0.832      ;
; 0.591 ; counter[1]            ; counter[1]            ; clk          ; clk         ; 0.000        ; 0.071      ; 0.833      ;
; 0.591 ; counter[3]            ; counter[3]            ; clk          ; clk         ; 0.000        ; 0.071      ; 0.833      ;
; 0.591 ; counter_2[3]          ; counter_2[3]          ; clk          ; clk         ; 0.000        ; 0.071      ; 0.833      ;
; 0.591 ; counter_2[5]          ; counter_2[5]          ; clk          ; clk         ; 0.000        ; 0.071      ; 0.833      ;
; 0.592 ; state.IDLE            ; s_counter_out[1]      ; clk          ; clk         ; 0.000        ; 0.070      ; 0.833      ;
; 0.592 ; state.IDLE            ; s_counter_out[0]      ; clk          ; clk         ; 0.000        ; 0.070      ; 0.833      ;
; 0.593 ; counter[2]            ; counter[2]            ; clk          ; clk         ; 0.000        ; 0.071      ; 0.835      ;
; 0.593 ; counter_2[4]          ; counter_2[4]          ; clk          ; clk         ; 0.000        ; 0.071      ; 0.835      ;
; 0.593 ; counter_2[6]          ; counter_2[6]          ; clk          ; clk         ; 0.000        ; 0.071      ; 0.835      ;
; 0.602 ; counter_2[2]          ; counter_2[2]          ; clk          ; clk         ; 0.000        ; 0.071      ; 0.844      ;
; 0.602 ; s_ram_addr[2]         ; s_ram_addr[3]         ; clk          ; clk         ; 0.000        ; 0.072      ; 0.845      ;
; 0.608 ; round[1]              ; x_reg[2]              ; clk          ; clk         ; 0.000        ; 0.072      ; 0.851      ;
; 0.610 ; round[1]              ; x_reg[10]             ; clk          ; clk         ; 0.000        ; 0.072      ; 0.853      ;
; 0.611 ; s_ram_addr[0]         ; s_ram_addr[1]         ; clk          ; clk         ; 0.000        ; 0.072      ; 0.854      ;
; 0.614 ; counter[0]            ; counter[0]            ; clk          ; clk         ; 0.000        ; 0.071      ; 0.856      ;
; 0.622 ; s_counter_out[0]      ; s_counter_out[1]      ; clk          ; clk         ; 0.000        ; 0.072      ; 0.865      ;
; 0.622 ; s_counter_out[1]      ; s_ram_addr[0]         ; clk          ; clk         ; 0.000        ; 0.072      ; 0.865      ;
; 0.626 ; s_counter_out[0]      ; s_ram_addr[1]         ; clk          ; clk         ; 0.000        ; 0.072      ; 0.869      ;
; 0.627 ; counter_2[0]          ; counter_2[0]          ; clk          ; clk         ; 0.000        ; 0.071      ; 0.869      ;
; 0.629 ; s_counter_out[0]      ; s_ram_addr[0]         ; clk          ; clk         ; 0.000        ; 0.072      ; 0.872      ;
; 0.685 ; state.INIT            ; done_out~reg0         ; clk          ; clk         ; 0.000        ; 0.072      ; 0.928      ;
; 0.689 ; state.IDLE            ; done_out~reg0         ; clk          ; clk         ; 0.000        ; 0.072      ; 0.932      ;
; 0.702 ; state.INIT            ; state.GENERATE_VALUES ; clk          ; clk         ; 0.000        ; 0.072      ; 0.945      ;
; 0.744 ; s_counter_out[1]      ; s_ram_addr[2]         ; clk          ; clk         ; 0.000        ; 0.072      ; 0.987      ;
; 0.744 ; s_counter_out[1]      ; s_ram_addr[3]         ; clk          ; clk         ; 0.000        ; 0.072      ; 0.987      ;
; 0.788 ; round[0]              ; x_reg[17]             ; clk          ; clk         ; 0.000        ; 0.072      ; 1.031      ;
; 0.792 ; round[0]              ; x_reg[9]              ; clk          ; clk         ; 0.000        ; 0.072      ; 1.035      ;
; 0.792 ; round[0]              ; x_reg[1]              ; clk          ; clk         ; 0.000        ; 0.072      ; 1.035      ;
; 0.815 ; state.GENERATE_VALUES ; state.DONE            ; clk          ; clk         ; 0.000        ; 0.072      ; 1.058      ;
; 0.824 ; state.GENERATE_VALUES ; done_out~reg0         ; clk          ; clk         ; 0.000        ; 0.072      ; 1.067      ;
; 0.832 ; state.IDLE            ; state.INIT            ; clk          ; clk         ; 0.000        ; 0.072      ; 1.075      ;
; 0.854 ; state.DONE            ; z_reg[22]             ; clk          ; clk         ; 0.000        ; 0.088      ; 1.113      ;
; 0.854 ; state.DONE            ; z_reg[16]             ; clk          ; clk         ; 0.000        ; 0.088      ; 1.113      ;
; 0.854 ; state.DONE            ; z_reg[17]             ; clk          ; clk         ; 0.000        ; 0.088      ; 1.113      ;
; 0.873 ; counter_2[7]          ; counter_2[8]          ; clk          ; clk         ; 0.000        ; 0.071      ; 1.115      ;
; 0.875 ; counter_2[1]          ; counter_2[2]          ; clk          ; clk         ; 0.000        ; 0.071      ; 1.117      ;
; 0.875 ; counter[6]            ; counter[7]            ; clk          ; clk         ; 0.000        ; 0.071      ; 1.117      ;
; 0.876 ; counter[7]            ; counter[8]            ; clk          ; clk         ; 0.000        ; 0.071      ; 1.118      ;
; 0.876 ; counter[4]            ; counter[5]            ; clk          ; clk         ; 0.000        ; 0.071      ; 1.118      ;
; 0.877 ; counter[5]            ; counter[6]            ; clk          ; clk         ; 0.000        ; 0.071      ; 1.119      ;
; 0.878 ; counter[3]            ; counter[4]            ; clk          ; clk         ; 0.000        ; 0.071      ; 1.120      ;
; 0.878 ; counter[1]            ; counter[2]            ; clk          ; clk         ; 0.000        ; 0.071      ; 1.120      ;
; 0.878 ; counter_2[3]          ; counter_2[4]          ; clk          ; clk         ; 0.000        ; 0.071      ; 1.120      ;
; 0.878 ; counter_2[5]          ; counter_2[6]          ; clk          ; clk         ; 0.000        ; 0.071      ; 1.120      ;
; 0.881 ; counter_2[6]          ; counter_2[7]          ; clk          ; clk         ; 0.000        ; 0.071      ; 1.123      ;
+-------+-----------------------+-----------------------+--------------+-------------+--------------+------------+------------+


+-------------------------------------------------------------------------------------------------------------+
; Slow 1200mV 0C Model Recovery: 'clk'                                                                        ;
+--------+--------------+---------------+--------------+-------------+--------------+------------+------------+
; Slack  ; From Node    ; To Node       ; Launch Clock ; Latch Clock ; Relationship ; Clock Skew ; Data Delay ;
+--------+--------------+---------------+--------------+-------------+--------------+------------+------------+
; -0.367 ; s_data_valid ; s_ram_addr[0] ; clk          ; clk         ; 1.000        ; -0.072     ; 1.294      ;
; -0.367 ; s_data_valid ; s_ram_addr[1] ; clk          ; clk         ; 1.000        ; -0.072     ; 1.294      ;
; -0.367 ; s_data_valid ; s_ram_addr[2] ; clk          ; clk         ; 1.000        ; -0.072     ; 1.294      ;
; -0.367 ; s_data_valid ; s_ram_addr[3] ; clk          ; clk         ; 1.000        ; -0.072     ; 1.294      ;
+--------+--------------+---------------+--------------+-------------+--------------+------------+------------+


+------------------------------------------------------------------------------------------------------------+
; Slow 1200mV 0C Model Removal: 'clk'                                                                        ;
+-------+--------------+---------------+--------------+-------------+--------------+------------+------------+
; Slack ; From Node    ; To Node       ; Launch Clock ; Latch Clock ; Relationship ; Clock Skew ; Data Delay ;
+-------+--------------+---------------+--------------+-------------+--------------+------------+------------+
; 0.935 ; s_data_valid ; s_ram_addr[0] ; clk          ; clk         ; 0.000        ; 0.072      ; 1.178      ;
; 0.935 ; s_data_valid ; s_ram_addr[1] ; clk          ; clk         ; 0.000        ; 0.072      ; 1.178      ;
; 0.935 ; s_data_valid ; s_ram_addr[2] ; clk          ; clk         ; 0.000        ; 0.072      ; 1.178      ;
; 0.935 ; s_data_valid ; s_ram_addr[3] ; clk          ; clk         ; 0.000        ; 0.072      ; 1.178      ;
+-------+--------------+---------------+--------------+-------------+--------------+------------+------------+


+--------------------------------------------------------------------------------------------------+
; Slow 1200mV 0C Model Minimum Pulse Width: 'clk'                                                  ;
+--------+--------------+----------------+------------+-------+------------+-----------------------+
; Slack  ; Actual Width ; Required Width ; Type       ; Clock ; Clock Edge ; Target                ;
+--------+--------------+----------------+------------+-------+------------+-----------------------+
; -3.000 ; 1.000        ; 4.000          ; Port Rate  ; clk   ; Rise       ; clk                   ;
; -1.285 ; 1.000        ; 2.285          ; Min Period ; clk   ; Rise       ; counter[0]            ;
; -1.285 ; 1.000        ; 2.285          ; Min Period ; clk   ; Rise       ; counter[1]            ;
; -1.285 ; 1.000        ; 2.285          ; Min Period ; clk   ; Rise       ; counter[2]            ;
; -1.285 ; 1.000        ; 2.285          ; Min Period ; clk   ; Rise       ; counter[3]            ;
; -1.285 ; 1.000        ; 2.285          ; Min Period ; clk   ; Rise       ; counter[4]            ;
; -1.285 ; 1.000        ; 2.285          ; Min Period ; clk   ; Rise       ; counter[5]            ;
; -1.285 ; 1.000        ; 2.285          ; Min Period ; clk   ; Rise       ; counter[6]            ;
; -1.285 ; 1.000        ; 2.285          ; Min Period ; clk   ; Rise       ; counter[7]            ;
; -1.285 ; 1.000        ; 2.285          ; Min Period ; clk   ; Rise       ; counter[8]            ;
; -1.285 ; 1.000        ; 2.285          ; Min Period ; clk   ; Rise       ; counter_2[0]          ;
; -1.285 ; 1.000        ; 2.285          ; Min Period ; clk   ; Rise       ; counter_2[1]          ;
; -1.285 ; 1.000        ; 2.285          ; Min Period ; clk   ; Rise       ; counter_2[2]          ;
; -1.285 ; 1.000        ; 2.285          ; Min Period ; clk   ; Rise       ; counter_2[3]          ;
; -1.285 ; 1.000        ; 2.285          ; Min Period ; clk   ; Rise       ; counter_2[4]          ;
; -1.285 ; 1.000        ; 2.285          ; Min Period ; clk   ; Rise       ; counter_2[5]          ;
; -1.285 ; 1.000        ; 2.285          ; Min Period ; clk   ; Rise       ; counter_2[6]          ;
; -1.285 ; 1.000        ; 2.285          ; Min Period ; clk   ; Rise       ; counter_2[7]          ;
; -1.285 ; 1.000        ; 2.285          ; Min Period ; clk   ; Rise       ; counter_2[8]          ;
; -1.285 ; 1.000        ; 2.285          ; Min Period ; clk   ; Rise       ; data_valid~reg0       ;
; -1.285 ; 1.000        ; 2.285          ; Min Period ; clk   ; Rise       ; done_out~reg0         ;
; -1.285 ; 1.000        ; 2.285          ; Min Period ; clk   ; Rise       ; round[0]              ;
; -1.285 ; 1.000        ; 2.285          ; Min Period ; clk   ; Rise       ; round[1]              ;
; -1.285 ; 1.000        ; 2.285          ; Min Period ; clk   ; Rise       ; s_counter_out[0]      ;
; -1.285 ; 1.000        ; 2.285          ; Min Period ; clk   ; Rise       ; s_counter_out[1]      ;
; -1.285 ; 1.000        ; 2.285          ; Min Period ; clk   ; Rise       ; s_data_valid          ;
; -1.285 ; 1.000        ; 2.285          ; Min Period ; clk   ; Rise       ; s_ram_addr[0]         ;
; -1.285 ; 1.000        ; 2.285          ; Min Period ; clk   ; Rise       ; s_ram_addr[1]         ;
; -1.285 ; 1.000        ; 2.285          ; Min Period ; clk   ; Rise       ; s_ram_addr[2]         ;
; -1.285 ; 1.000        ; 2.285          ; Min Period ; clk   ; Rise       ; s_ram_addr[3]         ;
; -1.285 ; 1.000        ; 2.285          ; Min Period ; clk   ; Rise       ; state.DONE            ;
; -1.285 ; 1.000        ; 2.285          ; Min Period ; clk   ; Rise       ; state.GENERATE_VALUES ;
; -1.285 ; 1.000        ; 2.285          ; Min Period ; clk   ; Rise       ; state.IDLE            ;
; -1.285 ; 1.000        ; 2.285          ; Min Period ; clk   ; Rise       ; state.INIT            ;
; -1.285 ; 1.000        ; 2.285          ; Min Period ; clk   ; Rise       ; total_key_words[3]    ;
; -1.285 ; 1.000        ; 2.285          ; Min Period ; clk   ; Rise       ; total_key_words[4]    ;
; -1.285 ; 1.000        ; 2.285          ; Min Period ; clk   ; Rise       ; total_key_words[5]    ;
; -1.285 ; 1.000        ; 2.285          ; Min Period ; clk   ; Rise       ; words_x_round[0]      ;
; -1.285 ; 1.000        ; 2.285          ; Min Period ; clk   ; Rise       ; words_x_round[4]      ;
; -1.285 ; 1.000        ; 2.285          ; Min Period ; clk   ; Rise       ; x_reg[0]              ;
; -1.285 ; 1.000        ; 2.285          ; Min Period ; clk   ; Rise       ; x_reg[10]             ;
; -1.285 ; 1.000        ; 2.285          ; Min Period ; clk   ; Rise       ; x_reg[11]             ;
; -1.285 ; 1.000        ; 2.285          ; Min Period ; clk   ; Rise       ; x_reg[12]             ;
; -1.285 ; 1.000        ; 2.285          ; Min Period ; clk   ; Rise       ; x_reg[13]             ;
; -1.285 ; 1.000        ; 2.285          ; Min Period ; clk   ; Rise       ; x_reg[14]             ;
; -1.285 ; 1.000        ; 2.285          ; Min Period ; clk   ; Rise       ; x_reg[15]             ;
; -1.285 ; 1.000        ; 2.285          ; Min Period ; clk   ; Rise       ; x_reg[16]             ;
; -1.285 ; 1.000        ; 2.285          ; Min Period ; clk   ; Rise       ; x_reg[17]             ;
; -1.285 ; 1.000        ; 2.285          ; Min Period ; clk   ; Rise       ; x_reg[18]             ;
; -1.285 ; 1.000        ; 2.285          ; Min Period ; clk   ; Rise       ; x_reg[19]             ;
; -1.285 ; 1.000        ; 2.285          ; Min Period ; clk   ; Rise       ; x_reg[1]              ;
; -1.285 ; 1.000        ; 2.285          ; Min Period ; clk   ; Rise       ; x_reg[20]             ;
; -1.285 ; 1.000        ; 2.285          ; Min Period ; clk   ; Rise       ; x_reg[21]             ;
; -1.285 ; 1.000        ; 2.285          ; Min Period ; clk   ; Rise       ; x_reg[22]             ;
; -1.285 ; 1.000        ; 2.285          ; Min Period ; clk   ; Rise       ; x_reg[23]             ;
; -1.285 ; 1.000        ; 2.285          ; Min Period ; clk   ; Rise       ; x_reg[2]              ;
; -1.285 ; 1.000        ; 2.285          ; Min Period ; clk   ; Rise       ; x_reg[3]              ;
; -1.285 ; 1.000        ; 2.285          ; Min Period ; clk   ; Rise       ; x_reg[4]              ;
; -1.285 ; 1.000        ; 2.285          ; Min Period ; clk   ; Rise       ; x_reg[5]              ;
; -1.285 ; 1.000        ; 2.285          ; Min Period ; clk   ; Rise       ; x_reg[6]              ;
; -1.285 ; 1.000        ; 2.285          ; Min Period ; clk   ; Rise       ; x_reg[7]              ;
; -1.285 ; 1.000        ; 2.285          ; Min Period ; clk   ; Rise       ; x_reg[8]              ;
; -1.285 ; 1.000        ; 2.285          ; Min Period ; clk   ; Rise       ; x_reg[9]              ;
; -1.285 ; 1.000        ; 2.285          ; Min Period ; clk   ; Rise       ; y_reg[0]              ;
; -1.285 ; 1.000        ; 2.285          ; Min Period ; clk   ; Rise       ; y_reg[10]             ;
; -1.285 ; 1.000        ; 2.285          ; Min Period ; clk   ; Rise       ; y_reg[11]             ;
; -1.285 ; 1.000        ; 2.285          ; Min Period ; clk   ; Rise       ; y_reg[12]             ;
; -1.285 ; 1.000        ; 2.285          ; Min Period ; clk   ; Rise       ; y_reg[13]             ;
; -1.285 ; 1.000        ; 2.285          ; Min Period ; clk   ; Rise       ; y_reg[14]             ;
; -1.285 ; 1.000        ; 2.285          ; Min Period ; clk   ; Rise       ; y_reg[15]             ;
; -1.285 ; 1.000        ; 2.285          ; Min Period ; clk   ; Rise       ; y_reg[16]             ;
; -1.285 ; 1.000        ; 2.285          ; Min Period ; clk   ; Rise       ; y_reg[17]             ;
; -1.285 ; 1.000        ; 2.285          ; Min Period ; clk   ; Rise       ; y_reg[18]             ;
; -1.285 ; 1.000        ; 2.285          ; Min Period ; clk   ; Rise       ; y_reg[19]             ;
; -1.285 ; 1.000        ; 2.285          ; Min Period ; clk   ; Rise       ; y_reg[1]              ;
; -1.285 ; 1.000        ; 2.285          ; Min Period ; clk   ; Rise       ; y_reg[20]             ;
; -1.285 ; 1.000        ; 2.285          ; Min Period ; clk   ; Rise       ; y_reg[21]             ;
; -1.285 ; 1.000        ; 2.285          ; Min Period ; clk   ; Rise       ; y_reg[22]             ;
; -1.285 ; 1.000        ; 2.285          ; Min Period ; clk   ; Rise       ; y_reg[23]             ;
; -1.285 ; 1.000        ; 2.285          ; Min Period ; clk   ; Rise       ; y_reg[2]              ;
; -1.285 ; 1.000        ; 2.285          ; Min Period ; clk   ; Rise       ; y_reg[3]              ;
; -1.285 ; 1.000        ; 2.285          ; Min Period ; clk   ; Rise       ; y_reg[4]              ;
; -1.285 ; 1.000        ; 2.285          ; Min Period ; clk   ; Rise       ; y_reg[5]              ;
; -1.285 ; 1.000        ; 2.285          ; Min Period ; clk   ; Rise       ; y_reg[6]              ;
; -1.285 ; 1.000        ; 2.285          ; Min Period ; clk   ; Rise       ; y_reg[7]              ;
; -1.285 ; 1.000        ; 2.285          ; Min Period ; clk   ; Rise       ; y_reg[8]              ;
; -1.285 ; 1.000        ; 2.285          ; Min Period ; clk   ; Rise       ; y_reg[9]              ;
; -1.285 ; 1.000        ; 2.285          ; Min Period ; clk   ; Rise       ; z_reg[0]              ;
; -1.285 ; 1.000        ; 2.285          ; Min Period ; clk   ; Rise       ; z_reg[10]             ;
; -1.285 ; 1.000        ; 2.285          ; Min Period ; clk   ; Rise       ; z_reg[11]             ;
; -1.285 ; 1.000        ; 2.285          ; Min Period ; clk   ; Rise       ; z_reg[12]             ;
; -1.285 ; 1.000        ; 2.285          ; Min Period ; clk   ; Rise       ; z_reg[13]             ;
; -1.285 ; 1.000        ; 2.285          ; Min Period ; clk   ; Rise       ; z_reg[14]             ;
; -1.285 ; 1.000        ; 2.285          ; Min Period ; clk   ; Rise       ; z_reg[15]             ;
; -1.285 ; 1.000        ; 2.285          ; Min Period ; clk   ; Rise       ; z_reg[16]             ;
; -1.285 ; 1.000        ; 2.285          ; Min Period ; clk   ; Rise       ; z_reg[17]             ;
; -1.285 ; 1.000        ; 2.285          ; Min Period ; clk   ; Rise       ; z_reg[18]             ;
; -1.285 ; 1.000        ; 2.285          ; Min Period ; clk   ; Rise       ; z_reg[19]             ;
; -1.285 ; 1.000        ; 2.285          ; Min Period ; clk   ; Rise       ; z_reg[1]              ;
; -1.285 ; 1.000        ; 2.285          ; Min Period ; clk   ; Rise       ; z_reg[20]             ;
+--------+--------------+----------------+------------+-------+------------+-----------------------+


+-----------------------------------------------------------------------------+
; Setup Times                                                                 ;
+-----------------+------------+-------+-------+------------+-----------------+
; Data Port       ; Clock Port ; Rise  ; Fall  ; Clock Edge ; Clock Reference ;
+-----------------+------------+-------+-------+------------+-----------------+
; AES_version[*]  ; clk        ; 1.627 ; 1.881 ; Rise       ; clk             ;
;  AES_version[0] ; clk        ; 1.492 ; 1.735 ; Rise       ; clk             ;
;  AES_version[1] ; clk        ; 1.627 ; 1.881 ; Rise       ; clk             ;
; reset           ; clk        ; 1.336 ; 1.347 ; Rise       ; clk             ;
; start           ; clk        ; 3.156 ; 3.321 ; Rise       ; clk             ;
+-----------------+------------+-------+-------+------------+-----------------+


+-------------------------------------------------------------------------------+
; Hold Times                                                                    ;
+-----------------+------------+--------+--------+------------+-----------------+
; Data Port       ; Clock Port ; Rise   ; Fall   ; Clock Edge ; Clock Reference ;
+-----------------+------------+--------+--------+------------+-----------------+
; AES_version[*]  ; clk        ; -1.065 ; -1.295 ; Rise       ; clk             ;
;  AES_version[0] ; clk        ; -1.065 ; -1.295 ; Rise       ; clk             ;
;  AES_version[1] ; clk        ; -1.176 ; -1.412 ; Rise       ; clk             ;
; reset           ; clk        ; 0.234  ; 0.129  ; Rise       ; clk             ;
; start           ; clk        ; -1.216 ; -1.476 ; Rise       ; clk             ;
+-----------------+------------+--------+--------+------------+-----------------+


+-------------------------------------------------------------------------------+
; Clock to Output Times                                                         ;
+-----------------+------------+--------+--------+------------+-----------------+
; Data Port       ; Clock Port ; Rise   ; Fall   ; Clock Edge ; Clock Reference ;
+-----------------+------------+--------+--------+------------+-----------------+
; counter_out[*]  ; clk        ; 8.018  ; 7.795  ; Rise       ; clk             ;
;  counter_out[0] ; clk        ; 8.018  ; 7.795  ; Rise       ; clk             ;
;  counter_out[1] ; clk        ; 7.185  ; 7.149  ; Rise       ; clk             ;
; data_out[*]     ; clk        ; 12.210 ; 12.088 ; Rise       ; clk             ;
;  data_out[0]    ; clk        ; 8.562  ; 8.532  ; Rise       ; clk             ;
;  data_out[1]    ; clk        ; 10.209 ; 9.880  ; Rise       ; clk             ;
;  data_out[2]    ; clk        ; 10.577 ; 10.345 ; Rise       ; clk             ;
;  data_out[3]    ; clk        ; 10.114 ; 9.721  ; Rise       ; clk             ;
;  data_out[4]    ; clk        ; 9.531  ; 9.337  ; Rise       ; clk             ;
;  data_out[5]    ; clk        ; 9.740  ; 9.551  ; Rise       ; clk             ;
;  data_out[6]    ; clk        ; 8.882  ; 8.789  ; Rise       ; clk             ;
;  data_out[7]    ; clk        ; 9.983  ; 9.762  ; Rise       ; clk             ;
;  data_out[8]    ; clk        ; 10.223 ; 10.196 ; Rise       ; clk             ;
;  data_out[9]    ; clk        ; 10.772 ; 10.572 ; Rise       ; clk             ;
;  data_out[10]   ; clk        ; 9.035  ; 8.969  ; Rise       ; clk             ;
;  data_out[11]   ; clk        ; 9.760  ; 9.792  ; Rise       ; clk             ;
;  data_out[12]   ; clk        ; 10.226 ; 10.002 ; Rise       ; clk             ;
;  data_out[13]   ; clk        ; 9.300  ; 9.205  ; Rise       ; clk             ;
;  data_out[14]   ; clk        ; 10.183 ; 10.106 ; Rise       ; clk             ;
;  data_out[15]   ; clk        ; 9.946  ; 9.961  ; Rise       ; clk             ;
;  data_out[16]   ; clk        ; 10.208 ; 10.025 ; Rise       ; clk             ;
;  data_out[17]   ; clk        ; 8.617  ; 8.540  ; Rise       ; clk             ;
;  data_out[18]   ; clk        ; 10.858 ; 10.807 ; Rise       ; clk             ;
;  data_out[19]   ; clk        ; 10.186 ; 9.871  ; Rise       ; clk             ;
;  data_out[20]   ; clk        ; 10.211 ; 10.038 ; Rise       ; clk             ;
;  data_out[21]   ; clk        ; 8.965  ; 8.920  ; Rise       ; clk             ;
;  data_out[22]   ; clk        ; 12.210 ; 12.088 ; Rise       ; clk             ;
;  data_out[23]   ; clk        ; 11.208 ; 10.980 ; Rise       ; clk             ;
; data_valid      ; clk        ; 7.152  ; 7.117  ; Rise       ; clk             ;
; done_out        ; clk        ; 8.321  ; 8.190  ; Rise       ; clk             ;
; ram_addr[*]     ; clk        ; 7.997  ; 7.777  ; Rise       ; clk             ;
;  ram_addr[0]    ; clk        ; 7.783  ; 7.590  ; Rise       ; clk             ;
;  ram_addr[1]    ; clk        ; 7.997  ; 7.777  ; Rise       ; clk             ;
;  ram_addr[2]    ; clk        ; 7.285  ; 7.155  ; Rise       ; clk             ;
;  ram_addr[3]    ; clk        ; 6.923  ; 6.924  ; Rise       ; clk             ;
+-----------------+------------+--------+--------+------------+-----------------+


+-------------------------------------------------------------------------------+
; Minimum Clock to Output Times                                                 ;
+-----------------+------------+--------+--------+------------+-----------------+
; Data Port       ; Clock Port ; Rise   ; Fall   ; Clock Edge ; Clock Reference ;
+-----------------+------------+--------+--------+------------+-----------------+
; counter_out[*]  ; clk        ; 6.923  ; 6.888  ; Rise       ; clk             ;
;  counter_out[0] ; clk        ; 7.725  ; 7.509  ; Rise       ; clk             ;
;  counter_out[1] ; clk        ; 6.923  ; 6.888  ; Rise       ; clk             ;
; data_out[*]     ; clk        ; 7.017  ; 6.959  ; Rise       ; clk             ;
;  data_out[0]    ; clk        ; 7.017  ; 6.959  ; Rise       ; clk             ;
;  data_out[1]    ; clk        ; 8.962  ; 8.612  ; Rise       ; clk             ;
;  data_out[2]    ; clk        ; 9.476  ; 9.281  ; Rise       ; clk             ;
;  data_out[3]    ; clk        ; 9.204  ; 8.842  ; Rise       ; clk             ;
;  data_out[4]    ; clk        ; 7.948  ; 7.734  ; Rise       ; clk             ;
;  data_out[5]    ; clk        ; 8.495  ; 8.350  ; Rise       ; clk             ;
;  data_out[6]    ; clk        ; 7.474  ; 7.421  ; Rise       ; clk             ;
;  data_out[7]    ; clk        ; 8.966  ; 8.765  ; Rise       ; clk             ;
;  data_out[8]    ; clk        ; 8.360  ; 8.332  ; Rise       ; clk             ;
;  data_out[9]    ; clk        ; 8.998  ; 8.773  ; Rise       ; clk             ;
;  data_out[10]   ; clk        ; 7.568  ; 7.541  ; Rise       ; clk             ;
;  data_out[11]   ; clk        ; 8.674  ; 8.687  ; Rise       ; clk             ;
;  data_out[12]   ; clk        ; 9.117  ; 8.896  ; Rise       ; clk             ;
;  data_out[13]   ; clk        ; 7.982  ; 7.858  ; Rise       ; clk             ;
;  data_out[14]   ; clk        ; 8.487  ; 8.413  ; Rise       ; clk             ;
;  data_out[15]   ; clk        ; 8.772  ; 8.758  ; Rise       ; clk             ;
;  data_out[16]   ; clk        ; 8.528  ; 8.350  ; Rise       ; clk             ;
;  data_out[17]   ; clk        ; 7.531  ; 7.453  ; Rise       ; clk             ;
;  data_out[18]   ; clk        ; 9.140  ; 9.066  ; Rise       ; clk             ;
;  data_out[19]   ; clk        ; 8.965  ; 8.697  ; Rise       ; clk             ;
;  data_out[20]   ; clk        ; 8.737  ; 8.567  ; Rise       ; clk             ;
;  data_out[21]   ; clk        ; 7.475  ; 7.398  ; Rise       ; clk             ;
;  data_out[22]   ; clk        ; 10.525 ; 10.371 ; Rise       ; clk             ;
;  data_out[23]   ; clk        ; 9.784  ; 9.527  ; Rise       ; clk             ;
; data_valid      ; clk        ; 6.892  ; 6.856  ; Rise       ; clk             ;
; done_out        ; clk        ; 8.014  ; 7.887  ; Rise       ; clk             ;
; ram_addr[*]     ; clk        ; 6.672  ; 6.672  ; Rise       ; clk             ;
;  ram_addr[0]    ; clk        ; 7.500  ; 7.313  ; Rise       ; clk             ;
;  ram_addr[1]    ; clk        ; 7.706  ; 7.493  ; Rise       ; clk             ;
;  ram_addr[2]    ; clk        ; 7.020  ; 6.894  ; Rise       ; clk             ;
;  ram_addr[3]    ; clk        ; 6.672  ; 6.672  ; Rise       ; clk             ;
+-----------------+------------+--------+--------+------------+-----------------+


---------------------------------------------
; Slow 1200mV 0C Model Metastability Report ;
---------------------------------------------
No synchronizer chains to report.


+------------------------------------+
; Fast 1200mV 0C Model Setup Summary ;
+-------+--------+-------------------+
; Clock ; Slack  ; End Point TNS     ;
+-------+--------+-------------------+
; clk   ; -6.818 ; -292.079          ;
+-------+--------+-------------------+


+-----------------------------------+
; Fast 1200mV 0C Model Hold Summary ;
+-------+-------+-------------------+
; Clock ; Slack ; End Point TNS     ;
+-------+-------+-------------------+
; clk   ; 0.174 ; 0.000             ;
+-------+-------+-------------------+


+---------------------------------------+
; Fast 1200mV 0C Model Recovery Summary ;
+-------+-------+-----------------------+
; Clock ; Slack ; End Point TNS         ;
+-------+-------+-----------------------+
; clk   ; 0.233 ; 0.000                 ;
+-------+-------+-----------------------+


+--------------------------------------+
; Fast 1200mV 0C Model Removal Summary ;
+-------+-------+----------------------+
; Clock ; Slack ; End Point TNS        ;
+-------+-------+----------------------+
; clk   ; 0.486 ; 0.000                ;
+-------+-------+----------------------+


+--------------------------------------------------+
; Fast 1200mV 0C Model Minimum Pulse Width Summary ;
+-------+--------+---------------------------------+
; Clock ; Slack  ; End Point TNS                   ;
+-------+--------+---------------------------------+
; clk   ; -3.000 ; -119.833                        ;
+-------+--------+---------------------------------+


+------------------------------------------------------------------------------------------------------+
; Fast 1200mV 0C Model Setup: 'clk'                                                                    ;
+--------+-----------+-----------+--------------+-------------+--------------+------------+------------+
; Slack  ; From Node ; To Node   ; Launch Clock ; Latch Clock ; Relationship ; Clock Skew ; Data Delay ;
+--------+-----------+-----------+--------------+-------------+--------------+------------+------------+
; -6.818 ; z_reg[23] ; z_reg[22] ; clk          ; clk         ; 1.000        ; -0.043     ; 7.762      ;
; -6.788 ; z_reg[22] ; z_reg[22] ; clk          ; clk         ; 1.000        ; -0.042     ; 7.733      ;
; -6.707 ; z_reg[18] ; z_reg[22] ; clk          ; clk         ; 1.000        ; -0.254     ; 7.440      ;
; -6.695 ; z_reg[14] ; z_reg[22] ; clk          ; clk         ; 1.000        ; -0.044     ; 7.638      ;
; -6.685 ; z_reg[12] ; z_reg[22] ; clk          ; clk         ; 1.000        ; -0.043     ; 7.629      ;
; -6.684 ; z_reg[21] ; z_reg[22] ; clk          ; clk         ; 1.000        ; -0.254     ; 7.417      ;
; -6.684 ; z_reg[13] ; z_reg[22] ; clk          ; clk         ; 1.000        ; -0.043     ; 7.628      ;
; -6.674 ; z_reg[17] ; z_reg[22] ; clk          ; clk         ; 1.000        ; -0.042     ; 7.619      ;
; -6.673 ; z_reg[20] ; z_reg[22] ; clk          ; clk         ; 1.000        ; -0.254     ; 7.406      ;
; -6.656 ; z_reg[19] ; z_reg[22] ; clk          ; clk         ; 1.000        ; -0.239     ; 7.404      ;
; -6.652 ; z_reg[23] ; z_reg[21] ; clk          ; clk         ; 1.000        ; 0.161      ; 7.800      ;
; -6.651 ; z_reg[23] ; z_reg[23] ; clk          ; clk         ; 1.000        ; -0.042     ; 7.596      ;
; -6.622 ; z_reg[22] ; z_reg[21] ; clk          ; clk         ; 1.000        ; 0.162      ; 7.771      ;
; -6.621 ; z_reg[22] ; z_reg[23] ; clk          ; clk         ; 1.000        ; -0.041     ; 7.567      ;
; -6.620 ; x_reg[14] ; z_reg[22] ; clk          ; clk         ; 1.000        ; -0.051     ; 7.556      ;
; -6.616 ; z_reg[23] ; z_reg[17] ; clk          ; clk         ; 1.000        ; -0.043     ; 7.560      ;
; -6.613 ; x_reg[5]  ; z_reg[22] ; clk          ; clk         ; 1.000        ; -0.051     ; 7.549      ;
; -6.610 ; x_reg[8]  ; z_reg[22] ; clk          ; clk         ; 1.000        ; -0.051     ; 7.546      ;
; -6.606 ; z_reg[15] ; z_reg[22] ; clk          ; clk         ; 1.000        ; -0.043     ; 7.550      ;
; -6.605 ; z_reg[23] ; z_reg[16] ; clk          ; clk         ; 1.000        ; -0.043     ; 7.549      ;
; -6.596 ; x_reg[4]  ; z_reg[22] ; clk          ; clk         ; 1.000        ; -0.051     ; 7.532      ;
; -6.586 ; z_reg[22] ; z_reg[17] ; clk          ; clk         ; 1.000        ; -0.042     ; 7.531      ;
; -6.579 ; x_reg[16] ; z_reg[22] ; clk          ; clk         ; 1.000        ; -0.051     ; 7.515      ;
; -6.575 ; z_reg[22] ; z_reg[16] ; clk          ; clk         ; 1.000        ; -0.042     ; 7.520      ;
; -6.556 ; z_reg[23] ; z_reg[20] ; clk          ; clk         ; 1.000        ; 0.161      ; 7.704      ;
; -6.549 ; x_reg[13] ; z_reg[22] ; clk          ; clk         ; 1.000        ; -0.053     ; 7.483      ;
; -6.545 ; z_reg[1]  ; z_reg[22] ; clk          ; clk         ; 1.000        ; -0.048     ; 7.484      ;
; -6.541 ; z_reg[18] ; z_reg[21] ; clk          ; clk         ; 1.000        ; -0.050     ; 7.478      ;
; -6.540 ; z_reg[18] ; z_reg[23] ; clk          ; clk         ; 1.000        ; -0.253     ; 7.274      ;
; -6.534 ; z_reg[23] ; z_reg[19] ; clk          ; clk         ; 1.000        ; 0.147      ; 7.668      ;
; -6.530 ; z_reg[14] ; z_reg[21] ; clk          ; clk         ; 1.000        ; 0.160      ; 7.677      ;
; -6.528 ; z_reg[14] ; z_reg[23] ; clk          ; clk         ; 1.000        ; -0.043     ; 7.472      ;
; -6.526 ; z_reg[22] ; z_reg[20] ; clk          ; clk         ; 1.000        ; 0.162      ; 7.675      ;
; -6.525 ; x_reg[20] ; z_reg[22] ; clk          ; clk         ; 1.000        ; -0.058     ; 7.454      ;
; -6.524 ; z_reg[11] ; z_reg[22] ; clk          ; clk         ; 1.000        ; -0.048     ; 7.463      ;
; -6.522 ; z_reg[3]  ; z_reg[22] ; clk          ; clk         ; 1.000        ; -0.048     ; 7.461      ;
; -6.521 ; x_reg[11] ; z_reg[22] ; clk          ; clk         ; 1.000        ; -0.053     ; 7.455      ;
; -6.520 ; z_reg[12] ; z_reg[21] ; clk          ; clk         ; 1.000        ; 0.161      ; 7.668      ;
; -6.519 ; z_reg[13] ; z_reg[21] ; clk          ; clk         ; 1.000        ; 0.161      ; 7.667      ;
; -6.518 ; z_reg[21] ; z_reg[21] ; clk          ; clk         ; 1.000        ; -0.050     ; 7.455      ;
; -6.518 ; z_reg[12] ; z_reg[23] ; clk          ; clk         ; 1.000        ; -0.042     ; 7.463      ;
; -6.517 ; z_reg[21] ; z_reg[23] ; clk          ; clk         ; 1.000        ; -0.253     ; 7.251      ;
; -6.517 ; z_reg[13] ; z_reg[23] ; clk          ; clk         ; 1.000        ; -0.042     ; 7.462      ;
; -6.509 ; z_reg[17] ; z_reg[21] ; clk          ; clk         ; 1.000        ; 0.162      ; 7.658      ;
; -6.507 ; z_reg[20] ; z_reg[21] ; clk          ; clk         ; 1.000        ; -0.050     ; 7.444      ;
; -6.507 ; z_reg[17] ; z_reg[23] ; clk          ; clk         ; 1.000        ; -0.041     ; 7.453      ;
; -6.506 ; z_reg[20] ; z_reg[23] ; clk          ; clk         ; 1.000        ; -0.253     ; 7.240      ;
; -6.505 ; z_reg[18] ; z_reg[17] ; clk          ; clk         ; 1.000        ; -0.254     ; 7.238      ;
; -6.504 ; z_reg[22] ; z_reg[19] ; clk          ; clk         ; 1.000        ; 0.148      ; 7.639      ;
; -6.500 ; z_reg[16] ; z_reg[22] ; clk          ; clk         ; 1.000        ; -0.042     ; 7.445      ;
; -6.496 ; z_reg[14] ; z_reg[17] ; clk          ; clk         ; 1.000        ; -0.044     ; 7.439      ;
; -6.494 ; z_reg[23] ; z_reg[18] ; clk          ; clk         ; 1.000        ; 0.161      ; 7.642      ;
; -6.494 ; z_reg[18] ; z_reg[16] ; clk          ; clk         ; 1.000        ; -0.254     ; 7.227      ;
; -6.490 ; z_reg[19] ; z_reg[21] ; clk          ; clk         ; 1.000        ; -0.035     ; 7.442      ;
; -6.489 ; z_reg[19] ; z_reg[23] ; clk          ; clk         ; 1.000        ; -0.238     ; 7.238      ;
; -6.486 ; z_reg[12] ; z_reg[17] ; clk          ; clk         ; 1.000        ; -0.043     ; 7.430      ;
; -6.485 ; z_reg[14] ; z_reg[16] ; clk          ; clk         ; 1.000        ; -0.044     ; 7.428      ;
; -6.485 ; z_reg[13] ; z_reg[17] ; clk          ; clk         ; 1.000        ; -0.043     ; 7.429      ;
; -6.482 ; z_reg[21] ; z_reg[17] ; clk          ; clk         ; 1.000        ; -0.254     ; 7.215      ;
; -6.475 ; z_reg[17] ; z_reg[17] ; clk          ; clk         ; 1.000        ; -0.042     ; 7.420      ;
; -6.475 ; z_reg[12] ; z_reg[16] ; clk          ; clk         ; 1.000        ; -0.043     ; 7.419      ;
; -6.474 ; z_reg[13] ; z_reg[16] ; clk          ; clk         ; 1.000        ; -0.043     ; 7.418      ;
; -6.471 ; z_reg[20] ; z_reg[17] ; clk          ; clk         ; 1.000        ; -0.254     ; 7.204      ;
; -6.471 ; z_reg[21] ; z_reg[16] ; clk          ; clk         ; 1.000        ; -0.254     ; 7.204      ;
; -6.464 ; z_reg[22] ; z_reg[18] ; clk          ; clk         ; 1.000        ; 0.162      ; 7.613      ;
; -6.464 ; z_reg[17] ; z_reg[16] ; clk          ; clk         ; 1.000        ; -0.042     ; 7.409      ;
; -6.460 ; z_reg[20] ; z_reg[16] ; clk          ; clk         ; 1.000        ; -0.254     ; 7.193      ;
; -6.454 ; x_reg[14] ; z_reg[21] ; clk          ; clk         ; 1.000        ; 0.153      ; 7.594      ;
; -6.454 ; z_reg[19] ; z_reg[17] ; clk          ; clk         ; 1.000        ; -0.239     ; 7.202      ;
; -6.453 ; x_reg[14] ; z_reg[23] ; clk          ; clk         ; 1.000        ; -0.050     ; 7.390      ;
; -6.447 ; x_reg[5]  ; z_reg[21] ; clk          ; clk         ; 1.000        ; 0.153      ; 7.587      ;
; -6.446 ; x_reg[5]  ; z_reg[23] ; clk          ; clk         ; 1.000        ; -0.050     ; 7.383      ;
; -6.445 ; z_reg[18] ; z_reg[20] ; clk          ; clk         ; 1.000        ; -0.050     ; 7.382      ;
; -6.444 ; x_reg[8]  ; z_reg[21] ; clk          ; clk         ; 1.000        ; 0.153      ; 7.584      ;
; -6.443 ; x_reg[8]  ; z_reg[23] ; clk          ; clk         ; 1.000        ; -0.050     ; 7.380      ;
; -6.443 ; z_reg[19] ; z_reg[16] ; clk          ; clk         ; 1.000        ; -0.239     ; 7.191      ;
; -6.441 ; z_reg[15] ; z_reg[21] ; clk          ; clk         ; 1.000        ; 0.161      ; 7.589      ;
; -6.439 ; z_reg[15] ; z_reg[23] ; clk          ; clk         ; 1.000        ; -0.042     ; 7.384      ;
; -6.435 ; x_reg[0]  ; z_reg[22] ; clk          ; clk         ; 1.000        ; -0.053     ; 7.369      ;
; -6.433 ; x_reg[15] ; z_reg[22] ; clk          ; clk         ; 1.000        ; -0.053     ; 7.367      ;
; -6.433 ; z_reg[14] ; z_reg[20] ; clk          ; clk         ; 1.000        ; 0.160      ; 7.580      ;
; -6.430 ; z_reg[4]  ; z_reg[22] ; clk          ; clk         ; 1.000        ; -0.051     ; 7.366      ;
; -6.430 ; x_reg[4]  ; z_reg[21] ; clk          ; clk         ; 1.000        ; 0.153      ; 7.570      ;
; -6.429 ; x_reg[4]  ; z_reg[23] ; clk          ; clk         ; 1.000        ; -0.050     ; 7.366      ;
; -6.428 ; x_reg[10] ; z_reg[22] ; clk          ; clk         ; 1.000        ; -0.050     ; 7.365      ;
; -6.425 ; z_reg[23] ; z_reg[14] ; clk          ; clk         ; 1.000        ; -0.040     ; 7.372      ;
; -6.423 ; x_reg[3]  ; z_reg[22] ; clk          ; clk         ; 1.000        ; -0.053     ; 7.357      ;
; -6.423 ; z_reg[18] ; z_reg[19] ; clk          ; clk         ; 1.000        ; -0.064     ; 7.346      ;
; -6.423 ; z_reg[12] ; z_reg[20] ; clk          ; clk         ; 1.000        ; 0.161      ; 7.571      ;
; -6.422 ; x_reg[12] ; z_reg[22] ; clk          ; clk         ; 1.000        ; -0.053     ; 7.356      ;
; -6.422 ; z_reg[21] ; z_reg[20] ; clk          ; clk         ; 1.000        ; -0.050     ; 7.359      ;
; -6.422 ; z_reg[13] ; z_reg[20] ; clk          ; clk         ; 1.000        ; 0.161      ; 7.570      ;
; -6.421 ; x_reg[7]  ; z_reg[22] ; clk          ; clk         ; 1.000        ; -0.053     ; 7.355      ;
; -6.420 ; z_reg[7]  ; z_reg[22] ; clk          ; clk         ; 1.000        ; -0.050     ; 7.357      ;
; -6.418 ; x_reg[6]  ; z_reg[22] ; clk          ; clk         ; 1.000        ; -0.050     ; 7.355      ;
; -6.418 ; x_reg[14] ; z_reg[17] ; clk          ; clk         ; 1.000        ; -0.051     ; 7.354      ;
; -6.416 ; x_reg[17] ; z_reg[22] ; clk          ; clk         ; 1.000        ; -0.050     ; 7.353      ;
; -6.413 ; x_reg[16] ; z_reg[21] ; clk          ; clk         ; 1.000        ; 0.153      ; 7.553      ;
; -6.413 ; z_reg[14] ; z_reg[19] ; clk          ; clk         ; 1.000        ; 0.146      ; 7.546      ;
; -6.412 ; x_reg[16] ; z_reg[23] ; clk          ; clk         ; 1.000        ; -0.050     ; 7.349      ;
+--------+-----------+-----------+--------------+-------------+--------------+------------+------------+


+-----------------------------------------------------------------------------------------------------------------------------+
; Fast 1200mV 0C Model Hold: 'clk'                                                                                            ;
+-------+-----------------------+-----------------------+--------------+-------------+--------------+------------+------------+
; Slack ; From Node             ; To Node               ; Launch Clock ; Latch Clock ; Relationship ; Clock Skew ; Data Delay ;
+-------+-----------------------+-----------------------+--------------+-------------+--------------+------------+------------+
; 0.174 ; z_reg[19]             ; z_reg[19]             ; clk          ; clk         ; 0.000        ; 0.049      ; 0.307      ;
; 0.181 ; round[0]              ; round[0]              ; clk          ; clk         ; 0.000        ; 0.042      ; 0.307      ;
; 0.181 ; round[1]              ; round[1]              ; clk          ; clk         ; 0.000        ; 0.042      ; 0.307      ;
; 0.181 ; z_reg[15]             ; z_reg[15]             ; clk          ; clk         ; 0.000        ; 0.042      ; 0.307      ;
; 0.181 ; z_reg[22]             ; z_reg[22]             ; clk          ; clk         ; 0.000        ; 0.042      ; 0.307      ;
; 0.181 ; z_reg[16]             ; z_reg[16]             ; clk          ; clk         ; 0.000        ; 0.042      ; 0.307      ;
; 0.181 ; x_reg[20]             ; x_reg[20]             ; clk          ; clk         ; 0.000        ; 0.042      ; 0.307      ;
; 0.181 ; y_reg[18]             ; y_reg[18]             ; clk          ; clk         ; 0.000        ; 0.042      ; 0.307      ;
; 0.181 ; y_reg[19]             ; y_reg[19]             ; clk          ; clk         ; 0.000        ; 0.042      ; 0.307      ;
; 0.181 ; x_reg[19]             ; x_reg[19]             ; clk          ; clk         ; 0.000        ; 0.042      ; 0.307      ;
; 0.181 ; x_reg[16]             ; x_reg[16]             ; clk          ; clk         ; 0.000        ; 0.042      ; 0.307      ;
; 0.181 ; x_reg[14]             ; x_reg[14]             ; clk          ; clk         ; 0.000        ; 0.042      ; 0.307      ;
; 0.181 ; y_reg[10]             ; y_reg[10]             ; clk          ; clk         ; 0.000        ; 0.042      ; 0.307      ;
; 0.181 ; z_reg[10]             ; z_reg[10]             ; clk          ; clk         ; 0.000        ; 0.042      ; 0.307      ;
; 0.181 ; x_reg[11]             ; x_reg[11]             ; clk          ; clk         ; 0.000        ; 0.042      ; 0.307      ;
; 0.181 ; y_reg[9]              ; y_reg[9]              ; clk          ; clk         ; 0.000        ; 0.042      ; 0.307      ;
; 0.181 ; y_reg[5]              ; y_reg[5]              ; clk          ; clk         ; 0.000        ; 0.042      ; 0.307      ;
; 0.181 ; z_reg[7]              ; z_reg[7]              ; clk          ; clk         ; 0.000        ; 0.042      ; 0.307      ;
; 0.181 ; z_reg[8]              ; z_reg[8]              ; clk          ; clk         ; 0.000        ; 0.042      ; 0.307      ;
; 0.181 ; z_reg[9]              ; z_reg[9]              ; clk          ; clk         ; 0.000        ; 0.042      ; 0.307      ;
; 0.181 ; x_reg[8]              ; x_reg[8]              ; clk          ; clk         ; 0.000        ; 0.042      ; 0.307      ;
; 0.181 ; y_reg[4]              ; y_reg[4]              ; clk          ; clk         ; 0.000        ; 0.042      ; 0.307      ;
; 0.181 ; x_reg[7]              ; x_reg[7]              ; clk          ; clk         ; 0.000        ; 0.042      ; 0.307      ;
; 0.181 ; x_reg[5]              ; x_reg[5]              ; clk          ; clk         ; 0.000        ; 0.042      ; 0.307      ;
; 0.181 ; x_reg[4]              ; x_reg[4]              ; clk          ; clk         ; 0.000        ; 0.042      ; 0.307      ;
; 0.181 ; x_reg[3]              ; x_reg[3]              ; clk          ; clk         ; 0.000        ; 0.042      ; 0.307      ;
; 0.181 ; z_reg[23]             ; z_reg[23]             ; clk          ; clk         ; 0.000        ; 0.042      ; 0.307      ;
; 0.181 ; z_reg[17]             ; z_reg[17]             ; clk          ; clk         ; 0.000        ; 0.042      ; 0.307      ;
; 0.181 ; z_reg[1]              ; z_reg[1]              ; clk          ; clk         ; 0.000        ; 0.042      ; 0.307      ;
; 0.181 ; x_reg[0]              ; x_reg[0]              ; clk          ; clk         ; 0.000        ; 0.042      ; 0.307      ;
; 0.182 ; state.IDLE            ; state.IDLE            ; clk          ; clk         ; 0.000        ; 0.041      ; 0.307      ;
; 0.182 ; state.DONE            ; state.DONE            ; clk          ; clk         ; 0.000        ; 0.041      ; 0.307      ;
; 0.182 ; y_reg[20]             ; y_reg[20]             ; clk          ; clk         ; 0.000        ; 0.041      ; 0.307      ;
; 0.182 ; y_reg[14]             ; y_reg[14]             ; clk          ; clk         ; 0.000        ; 0.041      ; 0.307      ;
; 0.182 ; y_reg[17]             ; y_reg[17]             ; clk          ; clk         ; 0.000        ; 0.041      ; 0.307      ;
; 0.182 ; y_reg[11]             ; y_reg[11]             ; clk          ; clk         ; 0.000        ; 0.041      ; 0.307      ;
; 0.182 ; y_reg[2]              ; y_reg[2]              ; clk          ; clk         ; 0.000        ; 0.041      ; 0.307      ;
; 0.182 ; y_reg[3]              ; y_reg[3]              ; clk          ; clk         ; 0.000        ; 0.041      ; 0.307      ;
; 0.182 ; y_reg[1]              ; y_reg[1]              ; clk          ; clk         ; 0.000        ; 0.041      ; 0.307      ;
; 0.182 ; s_counter_out[1]      ; s_counter_out[1]      ; clk          ; clk         ; 0.000        ; 0.041      ; 0.307      ;
; 0.182 ; s_ram_addr[0]         ; s_ram_addr[0]         ; clk          ; clk         ; 0.000        ; 0.041      ; 0.307      ;
; 0.182 ; s_ram_addr[1]         ; s_ram_addr[1]         ; clk          ; clk         ; 0.000        ; 0.041      ; 0.307      ;
; 0.182 ; s_ram_addr[2]         ; s_ram_addr[2]         ; clk          ; clk         ; 0.000        ; 0.041      ; 0.307      ;
; 0.182 ; s_ram_addr[3]         ; s_ram_addr[3]         ; clk          ; clk         ; 0.000        ; 0.041      ; 0.307      ;
; 0.189 ; s_counter_out[0]      ; s_counter_out[0]      ; clk          ; clk         ; 0.000        ; 0.041      ; 0.314      ;
; 0.192 ; counter_2[8]          ; counter_2[8]          ; clk          ; clk         ; 0.000        ; 0.041      ; 0.317      ;
; 0.210 ; s_counter_out[1]      ; s_ram_addr[1]         ; clk          ; clk         ; 0.000        ; 0.041      ; 0.335      ;
; 0.277 ; round[0]              ; z_reg[21]             ; clk          ; clk         ; 0.000        ; 0.246      ; 0.607      ;
; 0.292 ; state.IDLE            ; s_counter_out[1]      ; clk          ; clk         ; 0.000        ; 0.039      ; 0.415      ;
; 0.292 ; state.IDLE            ; s_counter_out[0]      ; clk          ; clk         ; 0.000        ; 0.039      ; 0.415      ;
; 0.293 ; counter_2[7]          ; counter_2[7]          ; clk          ; clk         ; 0.000        ; 0.041      ; 0.418      ;
; 0.294 ; counter[6]            ; counter[6]            ; clk          ; clk         ; 0.000        ; 0.040      ; 0.418      ;
; 0.294 ; counter[7]            ; counter[7]            ; clk          ; clk         ; 0.000        ; 0.040      ; 0.418      ;
; 0.294 ; counter[8]            ; counter[8]            ; clk          ; clk         ; 0.000        ; 0.040      ; 0.418      ;
; 0.294 ; counter_2[1]          ; counter_2[1]          ; clk          ; clk         ; 0.000        ; 0.041      ; 0.419      ;
; 0.294 ; counter_2[3]          ; counter_2[3]          ; clk          ; clk         ; 0.000        ; 0.041      ; 0.419      ;
; 0.294 ; counter_2[5]          ; counter_2[5]          ; clk          ; clk         ; 0.000        ; 0.041      ; 0.419      ;
; 0.295 ; counter[1]            ; counter[1]            ; clk          ; clk         ; 0.000        ; 0.040      ; 0.419      ;
; 0.295 ; counter[3]            ; counter[3]            ; clk          ; clk         ; 0.000        ; 0.040      ; 0.419      ;
; 0.295 ; counter[5]            ; counter[5]            ; clk          ; clk         ; 0.000        ; 0.040      ; 0.419      ;
; 0.295 ; counter_2[4]          ; counter_2[4]          ; clk          ; clk         ; 0.000        ; 0.041      ; 0.420      ;
; 0.296 ; counter[4]            ; counter[4]            ; clk          ; clk         ; 0.000        ; 0.040      ; 0.420      ;
; 0.296 ; counter[2]            ; counter[2]            ; clk          ; clk         ; 0.000        ; 0.040      ; 0.420      ;
; 0.296 ; counter_2[6]          ; counter_2[6]          ; clk          ; clk         ; 0.000        ; 0.041      ; 0.421      ;
; 0.301 ; counter_2[2]          ; counter_2[2]          ; clk          ; clk         ; 0.000        ; 0.041      ; 0.426      ;
; 0.301 ; s_ram_addr[2]         ; s_ram_addr[3]         ; clk          ; clk         ; 0.000        ; 0.041      ; 0.426      ;
; 0.303 ; round[1]              ; x_reg[2]              ; clk          ; clk         ; 0.000        ; 0.042      ; 0.429      ;
; 0.305 ; round[1]              ; x_reg[10]             ; clk          ; clk         ; 0.000        ; 0.042      ; 0.431      ;
; 0.307 ; counter[0]            ; counter[0]            ; clk          ; clk         ; 0.000        ; 0.040      ; 0.431      ;
; 0.307 ; s_ram_addr[0]         ; s_ram_addr[1]         ; clk          ; clk         ; 0.000        ; 0.041      ; 0.432      ;
; 0.313 ; counter_2[0]          ; counter_2[0]          ; clk          ; clk         ; 0.000        ; 0.041      ; 0.438      ;
; 0.313 ; s_counter_out[0]      ; s_counter_out[1]      ; clk          ; clk         ; 0.000        ; 0.041      ; 0.438      ;
; 0.314 ; s_counter_out[1]      ; s_ram_addr[0]         ; clk          ; clk         ; 0.000        ; 0.041      ; 0.439      ;
; 0.318 ; s_counter_out[0]      ; s_ram_addr[1]         ; clk          ; clk         ; 0.000        ; 0.041      ; 0.443      ;
; 0.320 ; s_counter_out[0]      ; s_ram_addr[0]         ; clk          ; clk         ; 0.000        ; 0.041      ; 0.445      ;
; 0.333 ; state.INIT            ; done_out~reg0         ; clk          ; clk         ; 0.000        ; 0.041      ; 0.458      ;
; 0.336 ; state.INIT            ; state.GENERATE_VALUES ; clk          ; clk         ; 0.000        ; 0.041      ; 0.461      ;
; 0.349 ; state.IDLE            ; done_out~reg0         ; clk          ; clk         ; 0.000        ; 0.041      ; 0.474      ;
; 0.368 ; s_counter_out[1]      ; s_ram_addr[2]         ; clk          ; clk         ; 0.000        ; 0.041      ; 0.493      ;
; 0.368 ; s_counter_out[1]      ; s_ram_addr[3]         ; clk          ; clk         ; 0.000        ; 0.041      ; 0.493      ;
; 0.382 ; round[0]              ; x_reg[17]             ; clk          ; clk         ; 0.000        ; 0.042      ; 0.508      ;
; 0.386 ; round[0]              ; x_reg[9]              ; clk          ; clk         ; 0.000        ; 0.042      ; 0.512      ;
; 0.386 ; round[0]              ; x_reg[1]              ; clk          ; clk         ; 0.000        ; 0.042      ; 0.512      ;
; 0.394 ; state.GENERATE_VALUES ; state.DONE            ; clk          ; clk         ; 0.000        ; 0.041      ; 0.519      ;
; 0.400 ; state.IDLE            ; state.INIT            ; clk          ; clk         ; 0.000        ; 0.041      ; 0.525      ;
; 0.401 ; state.GENERATE_VALUES ; done_out~reg0         ; clk          ; clk         ; 0.000        ; 0.041      ; 0.526      ;
; 0.427 ; state.DONE            ; z_reg[22]             ; clk          ; clk         ; 0.000        ; 0.057      ; 0.568      ;
; 0.427 ; state.DONE            ; z_reg[16]             ; clk          ; clk         ; 0.000        ; 0.057      ; 0.568      ;
; 0.427 ; state.DONE            ; z_reg[17]             ; clk          ; clk         ; 0.000        ; 0.057      ; 0.568      ;
; 0.436 ; state.INIT            ; s_data_valid          ; clk          ; clk         ; 0.000        ; 0.039      ; 0.559      ;
; 0.440 ; state.INIT            ; data_valid~reg0       ; clk          ; clk         ; 0.000        ; 0.039      ; 0.563      ;
; 0.442 ; counter_2[7]          ; counter_2[8]          ; clk          ; clk         ; 0.000        ; 0.041      ; 0.567      ;
; 0.443 ; counter[7]            ; counter[8]            ; clk          ; clk         ; 0.000        ; 0.040      ; 0.567      ;
; 0.443 ; counter_2[3]          ; counter_2[4]          ; clk          ; clk         ; 0.000        ; 0.041      ; 0.568      ;
; 0.443 ; counter_2[5]          ; counter_2[6]          ; clk          ; clk         ; 0.000        ; 0.041      ; 0.568      ;
; 0.443 ; counter_2[1]          ; counter_2[2]          ; clk          ; clk         ; 0.000        ; 0.041      ; 0.568      ;
; 0.444 ; counter[5]            ; counter[6]            ; clk          ; clk         ; 0.000        ; 0.040      ; 0.568      ;
; 0.444 ; counter[3]            ; counter[4]            ; clk          ; clk         ; 0.000        ; 0.040      ; 0.568      ;
; 0.444 ; counter[1]            ; counter[2]            ; clk          ; clk         ; 0.000        ; 0.040      ; 0.568      ;
; 0.451 ; y_reg[22]             ; y_reg[22]             ; clk          ; clk         ; 0.000        ; 0.042      ; 0.577      ;
+-------+-----------------------+-----------------------+--------------+-------------+--------------+------------+------------+


+------------------------------------------------------------------------------------------------------------+
; Fast 1200mV 0C Model Recovery: 'clk'                                                                       ;
+-------+--------------+---------------+--------------+-------------+--------------+------------+------------+
; Slack ; From Node    ; To Node       ; Launch Clock ; Latch Clock ; Relationship ; Clock Skew ; Data Delay ;
+-------+--------------+---------------+--------------+-------------+--------------+------------+------------+
; 0.233 ; s_data_valid ; s_ram_addr[0] ; clk          ; clk         ; 1.000        ; -0.041     ; 0.713      ;
; 0.233 ; s_data_valid ; s_ram_addr[1] ; clk          ; clk         ; 1.000        ; -0.041     ; 0.713      ;
; 0.233 ; s_data_valid ; s_ram_addr[2] ; clk          ; clk         ; 1.000        ; -0.041     ; 0.713      ;
; 0.233 ; s_data_valid ; s_ram_addr[3] ; clk          ; clk         ; 1.000        ; -0.041     ; 0.713      ;
+-------+--------------+---------------+--------------+-------------+--------------+------------+------------+


+------------------------------------------------------------------------------------------------------------+
; Fast 1200mV 0C Model Removal: 'clk'                                                                        ;
+-------+--------------+---------------+--------------+-------------+--------------+------------+------------+
; Slack ; From Node    ; To Node       ; Launch Clock ; Latch Clock ; Relationship ; Clock Skew ; Data Delay ;
+-------+--------------+---------------+--------------+-------------+--------------+------------+------------+
; 0.486 ; s_data_valid ; s_ram_addr[0] ; clk          ; clk         ; 0.000        ; 0.041      ; 0.611      ;
; 0.486 ; s_data_valid ; s_ram_addr[1] ; clk          ; clk         ; 0.000        ; 0.041      ; 0.611      ;
; 0.486 ; s_data_valid ; s_ram_addr[2] ; clk          ; clk         ; 0.000        ; 0.041      ; 0.611      ;
; 0.486 ; s_data_valid ; s_ram_addr[3] ; clk          ; clk         ; 0.000        ; 0.041      ; 0.611      ;
+-------+--------------+---------------+--------------+-------------+--------------+------------+------------+


+--------------------------------------------------------------------------------------------------+
; Fast 1200mV 0C Model Minimum Pulse Width: 'clk'                                                  ;
+--------+--------------+----------------+------------+-------+------------+-----------------------+
; Slack  ; Actual Width ; Required Width ; Type       ; Clock ; Clock Edge ; Target                ;
+--------+--------------+----------------+------------+-------+------------+-----------------------+
; -3.000 ; 1.000        ; 4.000          ; Port Rate  ; clk   ; Rise       ; clk                   ;
; -1.000 ; 1.000        ; 2.000          ; Min Period ; clk   ; Rise       ; counter[0]            ;
; -1.000 ; 1.000        ; 2.000          ; Min Period ; clk   ; Rise       ; counter[1]            ;
; -1.000 ; 1.000        ; 2.000          ; Min Period ; clk   ; Rise       ; counter[2]            ;
; -1.000 ; 1.000        ; 2.000          ; Min Period ; clk   ; Rise       ; counter[3]            ;
; -1.000 ; 1.000        ; 2.000          ; Min Period ; clk   ; Rise       ; counter[4]            ;
; -1.000 ; 1.000        ; 2.000          ; Min Period ; clk   ; Rise       ; counter[5]            ;
; -1.000 ; 1.000        ; 2.000          ; Min Period ; clk   ; Rise       ; counter[6]            ;
; -1.000 ; 1.000        ; 2.000          ; Min Period ; clk   ; Rise       ; counter[7]            ;
; -1.000 ; 1.000        ; 2.000          ; Min Period ; clk   ; Rise       ; counter[8]            ;
; -1.000 ; 1.000        ; 2.000          ; Min Period ; clk   ; Rise       ; counter_2[0]          ;
; -1.000 ; 1.000        ; 2.000          ; Min Period ; clk   ; Rise       ; counter_2[1]          ;
; -1.000 ; 1.000        ; 2.000          ; Min Period ; clk   ; Rise       ; counter_2[2]          ;
; -1.000 ; 1.000        ; 2.000          ; Min Period ; clk   ; Rise       ; counter_2[3]          ;
; -1.000 ; 1.000        ; 2.000          ; Min Period ; clk   ; Rise       ; counter_2[4]          ;
; -1.000 ; 1.000        ; 2.000          ; Min Period ; clk   ; Rise       ; counter_2[5]          ;
; -1.000 ; 1.000        ; 2.000          ; Min Period ; clk   ; Rise       ; counter_2[6]          ;
; -1.000 ; 1.000        ; 2.000          ; Min Period ; clk   ; Rise       ; counter_2[7]          ;
; -1.000 ; 1.000        ; 2.000          ; Min Period ; clk   ; Rise       ; counter_2[8]          ;
; -1.000 ; 1.000        ; 2.000          ; Min Period ; clk   ; Rise       ; data_valid~reg0       ;
; -1.000 ; 1.000        ; 2.000          ; Min Period ; clk   ; Rise       ; done_out~reg0         ;
; -1.000 ; 1.000        ; 2.000          ; Min Period ; clk   ; Rise       ; round[0]              ;
; -1.000 ; 1.000        ; 2.000          ; Min Period ; clk   ; Rise       ; round[1]              ;
; -1.000 ; 1.000        ; 2.000          ; Min Period ; clk   ; Rise       ; s_counter_out[0]      ;
; -1.000 ; 1.000        ; 2.000          ; Min Period ; clk   ; Rise       ; s_counter_out[1]      ;
; -1.000 ; 1.000        ; 2.000          ; Min Period ; clk   ; Rise       ; s_data_valid          ;
; -1.000 ; 1.000        ; 2.000          ; Min Period ; clk   ; Rise       ; s_ram_addr[0]         ;
; -1.000 ; 1.000        ; 2.000          ; Min Period ; clk   ; Rise       ; s_ram_addr[1]         ;
; -1.000 ; 1.000        ; 2.000          ; Min Period ; clk   ; Rise       ; s_ram_addr[2]         ;
; -1.000 ; 1.000        ; 2.000          ; Min Period ; clk   ; Rise       ; s_ram_addr[3]         ;
; -1.000 ; 1.000        ; 2.000          ; Min Period ; clk   ; Rise       ; state.DONE            ;
; -1.000 ; 1.000        ; 2.000          ; Min Period ; clk   ; Rise       ; state.GENERATE_VALUES ;
; -1.000 ; 1.000        ; 2.000          ; Min Period ; clk   ; Rise       ; state.IDLE            ;
; -1.000 ; 1.000        ; 2.000          ; Min Period ; clk   ; Rise       ; state.INIT            ;
; -1.000 ; 1.000        ; 2.000          ; Min Period ; clk   ; Rise       ; total_key_words[3]    ;
; -1.000 ; 1.000        ; 2.000          ; Min Period ; clk   ; Rise       ; total_key_words[4]    ;
; -1.000 ; 1.000        ; 2.000          ; Min Period ; clk   ; Rise       ; total_key_words[5]    ;
; -1.000 ; 1.000        ; 2.000          ; Min Period ; clk   ; Rise       ; words_x_round[0]      ;
; -1.000 ; 1.000        ; 2.000          ; Min Period ; clk   ; Rise       ; words_x_round[4]      ;
; -1.000 ; 1.000        ; 2.000          ; Min Period ; clk   ; Rise       ; x_reg[0]              ;
; -1.000 ; 1.000        ; 2.000          ; Min Period ; clk   ; Rise       ; x_reg[10]             ;
; -1.000 ; 1.000        ; 2.000          ; Min Period ; clk   ; Rise       ; x_reg[11]             ;
; -1.000 ; 1.000        ; 2.000          ; Min Period ; clk   ; Rise       ; x_reg[12]             ;
; -1.000 ; 1.000        ; 2.000          ; Min Period ; clk   ; Rise       ; x_reg[13]             ;
; -1.000 ; 1.000        ; 2.000          ; Min Period ; clk   ; Rise       ; x_reg[14]             ;
; -1.000 ; 1.000        ; 2.000          ; Min Period ; clk   ; Rise       ; x_reg[15]             ;
; -1.000 ; 1.000        ; 2.000          ; Min Period ; clk   ; Rise       ; x_reg[16]             ;
; -1.000 ; 1.000        ; 2.000          ; Min Period ; clk   ; Rise       ; x_reg[17]             ;
; -1.000 ; 1.000        ; 2.000          ; Min Period ; clk   ; Rise       ; x_reg[18]             ;
; -1.000 ; 1.000        ; 2.000          ; Min Period ; clk   ; Rise       ; x_reg[19]             ;
; -1.000 ; 1.000        ; 2.000          ; Min Period ; clk   ; Rise       ; x_reg[1]              ;
; -1.000 ; 1.000        ; 2.000          ; Min Period ; clk   ; Rise       ; x_reg[20]             ;
; -1.000 ; 1.000        ; 2.000          ; Min Period ; clk   ; Rise       ; x_reg[21]             ;
; -1.000 ; 1.000        ; 2.000          ; Min Period ; clk   ; Rise       ; x_reg[22]             ;
; -1.000 ; 1.000        ; 2.000          ; Min Period ; clk   ; Rise       ; x_reg[23]             ;
; -1.000 ; 1.000        ; 2.000          ; Min Period ; clk   ; Rise       ; x_reg[2]              ;
; -1.000 ; 1.000        ; 2.000          ; Min Period ; clk   ; Rise       ; x_reg[3]              ;
; -1.000 ; 1.000        ; 2.000          ; Min Period ; clk   ; Rise       ; x_reg[4]              ;
; -1.000 ; 1.000        ; 2.000          ; Min Period ; clk   ; Rise       ; x_reg[5]              ;
; -1.000 ; 1.000        ; 2.000          ; Min Period ; clk   ; Rise       ; x_reg[6]              ;
; -1.000 ; 1.000        ; 2.000          ; Min Period ; clk   ; Rise       ; x_reg[7]              ;
; -1.000 ; 1.000        ; 2.000          ; Min Period ; clk   ; Rise       ; x_reg[8]              ;
; -1.000 ; 1.000        ; 2.000          ; Min Period ; clk   ; Rise       ; x_reg[9]              ;
; -1.000 ; 1.000        ; 2.000          ; Min Period ; clk   ; Rise       ; y_reg[0]              ;
; -1.000 ; 1.000        ; 2.000          ; Min Period ; clk   ; Rise       ; y_reg[10]             ;
; -1.000 ; 1.000        ; 2.000          ; Min Period ; clk   ; Rise       ; y_reg[11]             ;
; -1.000 ; 1.000        ; 2.000          ; Min Period ; clk   ; Rise       ; y_reg[12]             ;
; -1.000 ; 1.000        ; 2.000          ; Min Period ; clk   ; Rise       ; y_reg[13]             ;
; -1.000 ; 1.000        ; 2.000          ; Min Period ; clk   ; Rise       ; y_reg[14]             ;
; -1.000 ; 1.000        ; 2.000          ; Min Period ; clk   ; Rise       ; y_reg[15]             ;
; -1.000 ; 1.000        ; 2.000          ; Min Period ; clk   ; Rise       ; y_reg[16]             ;
; -1.000 ; 1.000        ; 2.000          ; Min Period ; clk   ; Rise       ; y_reg[17]             ;
; -1.000 ; 1.000        ; 2.000          ; Min Period ; clk   ; Rise       ; y_reg[18]             ;
; -1.000 ; 1.000        ; 2.000          ; Min Period ; clk   ; Rise       ; y_reg[19]             ;
; -1.000 ; 1.000        ; 2.000          ; Min Period ; clk   ; Rise       ; y_reg[1]              ;
; -1.000 ; 1.000        ; 2.000          ; Min Period ; clk   ; Rise       ; y_reg[20]             ;
; -1.000 ; 1.000        ; 2.000          ; Min Period ; clk   ; Rise       ; y_reg[21]             ;
; -1.000 ; 1.000        ; 2.000          ; Min Period ; clk   ; Rise       ; y_reg[22]             ;
; -1.000 ; 1.000        ; 2.000          ; Min Period ; clk   ; Rise       ; y_reg[23]             ;
; -1.000 ; 1.000        ; 2.000          ; Min Period ; clk   ; Rise       ; y_reg[2]              ;
; -1.000 ; 1.000        ; 2.000          ; Min Period ; clk   ; Rise       ; y_reg[3]              ;
; -1.000 ; 1.000        ; 2.000          ; Min Period ; clk   ; Rise       ; y_reg[4]              ;
; -1.000 ; 1.000        ; 2.000          ; Min Period ; clk   ; Rise       ; y_reg[5]              ;
; -1.000 ; 1.000        ; 2.000          ; Min Period ; clk   ; Rise       ; y_reg[6]              ;
; -1.000 ; 1.000        ; 2.000          ; Min Period ; clk   ; Rise       ; y_reg[7]              ;
; -1.000 ; 1.000        ; 2.000          ; Min Period ; clk   ; Rise       ; y_reg[8]              ;
; -1.000 ; 1.000        ; 2.000          ; Min Period ; clk   ; Rise       ; y_reg[9]              ;
; -1.000 ; 1.000        ; 2.000          ; Min Period ; clk   ; Rise       ; z_reg[0]              ;
; -1.000 ; 1.000        ; 2.000          ; Min Period ; clk   ; Rise       ; z_reg[10]             ;
; -1.000 ; 1.000        ; 2.000          ; Min Period ; clk   ; Rise       ; z_reg[11]             ;
; -1.000 ; 1.000        ; 2.000          ; Min Period ; clk   ; Rise       ; z_reg[12]             ;
; -1.000 ; 1.000        ; 2.000          ; Min Period ; clk   ; Rise       ; z_reg[13]             ;
; -1.000 ; 1.000        ; 2.000          ; Min Period ; clk   ; Rise       ; z_reg[14]             ;
; -1.000 ; 1.000        ; 2.000          ; Min Period ; clk   ; Rise       ; z_reg[15]             ;
; -1.000 ; 1.000        ; 2.000          ; Min Period ; clk   ; Rise       ; z_reg[16]             ;
; -1.000 ; 1.000        ; 2.000          ; Min Period ; clk   ; Rise       ; z_reg[17]             ;
; -1.000 ; 1.000        ; 2.000          ; Min Period ; clk   ; Rise       ; z_reg[18]             ;
; -1.000 ; 1.000        ; 2.000          ; Min Period ; clk   ; Rise       ; z_reg[19]             ;
; -1.000 ; 1.000        ; 2.000          ; Min Period ; clk   ; Rise       ; z_reg[1]              ;
; -1.000 ; 1.000        ; 2.000          ; Min Period ; clk   ; Rise       ; z_reg[20]             ;
+--------+--------------+----------------+------------+-------+------------+-----------------------+


+-----------------------------------------------------------------------------+
; Setup Times                                                                 ;
+-----------------+------------+-------+-------+------------+-----------------+
; Data Port       ; Clock Port ; Rise  ; Fall  ; Clock Edge ; Clock Reference ;
+-----------------+------------+-------+-------+------------+-----------------+
; AES_version[*]  ; clk        ; 0.858 ; 1.492 ; Rise       ; clk             ;
;  AES_version[0] ; clk        ; 0.805 ; 1.430 ; Rise       ; clk             ;
;  AES_version[1] ; clk        ; 0.858 ; 1.492 ; Rise       ; clk             ;
; reset           ; clk        ; 0.613 ; 0.944 ; Rise       ; clk             ;
; start           ; clk        ; 1.630 ; 2.327 ; Rise       ; clk             ;
+-----------------+------------+-------+-------+------------+-----------------+


+-------------------------------------------------------------------------------+
; Hold Times                                                                    ;
+-----------------+------------+--------+--------+------------+-----------------+
; Data Port       ; Clock Port ; Rise   ; Fall   ; Clock Edge ; Clock Reference ;
+-----------------+------------+--------+--------+------------+-----------------+
; AES_version[*]  ; clk        ; -0.565 ; -1.184 ; Rise       ; clk             ;
;  AES_version[0] ; clk        ; -0.565 ; -1.184 ; Rise       ; clk             ;
;  AES_version[1] ; clk        ; -0.614 ; -1.224 ; Rise       ; clk             ;
; reset           ; clk        ; 0.180  ; -0.096 ; Rise       ; clk             ;
; start           ; clk        ; -0.646 ; -1.282 ; Rise       ; clk             ;
+-----------------+------------+--------+--------+------------+-----------------+


+-----------------------------------------------------------------------------+
; Clock to Output Times                                                       ;
+-----------------+------------+-------+-------+------------+-----------------+
; Data Port       ; Clock Port ; Rise  ; Fall  ; Clock Edge ; Clock Reference ;
+-----------------+------------+-------+-------+------------+-----------------+
; counter_out[*]  ; clk        ; 4.552 ; 4.736 ; Rise       ; clk             ;
;  counter_out[0] ; clk        ; 4.552 ; 4.736 ; Rise       ; clk             ;
;  counter_out[1] ; clk        ; 4.200 ; 4.344 ; Rise       ; clk             ;
; data_out[*]     ; clk        ; 7.263 ; 7.535 ; Rise       ; clk             ;
;  data_out[0]    ; clk        ; 4.995 ; 5.106 ; Rise       ; clk             ;
;  data_out[1]    ; clk        ; 5.783 ; 5.954 ; Rise       ; clk             ;
;  data_out[2]    ; clk        ; 6.046 ; 6.267 ; Rise       ; clk             ;
;  data_out[3]    ; clk        ; 5.677 ; 5.856 ; Rise       ; clk             ;
;  data_out[4]    ; clk        ; 5.416 ; 5.584 ; Rise       ; clk             ;
;  data_out[5]    ; clk        ; 5.605 ; 5.797 ; Rise       ; clk             ;
;  data_out[6]    ; clk        ; 5.188 ; 5.301 ; Rise       ; clk             ;
;  data_out[7]    ; clk        ; 5.732 ; 5.933 ; Rise       ; clk             ;
;  data_out[8]    ; clk        ; 5.912 ; 6.101 ; Rise       ; clk             ;
;  data_out[9]    ; clk        ; 6.251 ; 6.429 ; Rise       ; clk             ;
;  data_out[10]   ; clk        ; 5.254 ; 5.399 ; Rise       ; clk             ;
;  data_out[11]   ; clk        ; 5.902 ; 6.049 ; Rise       ; clk             ;
;  data_out[12]   ; clk        ; 5.876 ; 6.071 ; Rise       ; clk             ;
;  data_out[13]   ; clk        ; 5.402 ; 5.528 ; Rise       ; clk             ;
;  data_out[14]   ; clk        ; 5.845 ; 6.098 ; Rise       ; clk             ;
;  data_out[15]   ; clk        ; 5.738 ; 6.006 ; Rise       ; clk             ;
;  data_out[16]   ; clk        ; 5.843 ; 5.996 ; Rise       ; clk             ;
;  data_out[17]   ; clk        ; 5.015 ; 5.125 ; Rise       ; clk             ;
;  data_out[18]   ; clk        ; 6.486 ; 6.665 ; Rise       ; clk             ;
;  data_out[19]   ; clk        ; 5.771 ; 5.939 ; Rise       ; clk             ;
;  data_out[20]   ; clk        ; 5.878 ; 6.016 ; Rise       ; clk             ;
;  data_out[21]   ; clk        ; 5.191 ; 5.305 ; Rise       ; clk             ;
;  data_out[22]   ; clk        ; 7.263 ; 7.535 ; Rise       ; clk             ;
;  data_out[23]   ; clk        ; 6.439 ; 6.658 ; Rise       ; clk             ;
; data_valid      ; clk        ; 4.186 ; 4.321 ; Rise       ; clk             ;
; done_out        ; clk        ; 4.813 ; 5.005 ; Rise       ; clk             ;
; ram_addr[*]     ; clk        ; 4.562 ; 4.748 ; Rise       ; clk             ;
;  ram_addr[0]    ; clk        ; 4.452 ; 4.621 ; Rise       ; clk             ;
;  ram_addr[1]    ; clk        ; 4.562 ; 4.748 ; Rise       ; clk             ;
;  ram_addr[2]    ; clk        ; 4.189 ; 4.335 ; Rise       ; clk             ;
;  ram_addr[3]    ; clk        ; 4.073 ; 4.205 ; Rise       ; clk             ;
+-----------------+------------+-------+-------+------------+-----------------+


+-----------------------------------------------------------------------------+
; Minimum Clock to Output Times                                               ;
+-----------------+------------+-------+-------+------------+-----------------+
; Data Port       ; Clock Port ; Rise  ; Fall  ; Clock Edge ; Clock Reference ;
+-----------------+------------+-------+-------+------------+-----------------+
; counter_out[*]  ; clk        ; 4.060 ; 4.198 ; Rise       ; clk             ;
;  counter_out[0] ; clk        ; 4.401 ; 4.579 ; Rise       ; clk             ;
;  counter_out[1] ; clk        ; 4.060 ; 4.198 ; Rise       ; clk             ;
; data_out[*]     ; clk        ; 4.112 ; 4.218 ; Rise       ; clk             ;
;  data_out[0]    ; clk        ; 4.112 ; 4.218 ; Rise       ; clk             ;
;  data_out[1]    ; clk        ; 5.023 ; 5.188 ; Rise       ; clk             ;
;  data_out[2]    ; clk        ; 5.396 ; 5.600 ; Rise       ; clk             ;
;  data_out[3]    ; clk        ; 5.128 ; 5.316 ; Rise       ; clk             ;
;  data_out[4]    ; clk        ; 4.539 ; 4.696 ; Rise       ; clk             ;
;  data_out[5]    ; clk        ; 4.883 ; 5.061 ; Rise       ; clk             ;
;  data_out[6]    ; clk        ; 4.352 ; 4.475 ; Rise       ; clk             ;
;  data_out[7]    ; clk        ; 5.118 ; 5.304 ; Rise       ; clk             ;
;  data_out[8]    ; clk        ; 4.825 ; 5.036 ; Rise       ; clk             ;
;  data_out[9]    ; clk        ; 5.137 ; 5.307 ; Rise       ; clk             ;
;  data_out[10]   ; clk        ; 4.418 ; 4.551 ; Rise       ; clk             ;
;  data_out[11]   ; clk        ; 5.251 ; 5.407 ; Rise       ; clk             ;
;  data_out[12]   ; clk        ; 5.203 ; 5.377 ; Rise       ; clk             ;
;  data_out[13]   ; clk        ; 4.605 ; 4.729 ; Rise       ; clk             ;
;  data_out[14]   ; clk        ; 4.899 ; 5.128 ; Rise       ; clk             ;
;  data_out[15]   ; clk        ; 5.043 ; 5.301 ; Rise       ; clk             ;
;  data_out[16]   ; clk        ; 4.839 ; 5.018 ; Rise       ; clk             ;
;  data_out[17]   ; clk        ; 4.336 ; 4.437 ; Rise       ; clk             ;
;  data_out[18]   ; clk        ; 5.475 ; 5.645 ; Rise       ; clk             ;
;  data_out[19]   ; clk        ; 5.039 ; 5.214 ; Rise       ; clk             ;
;  data_out[20]   ; clk        ; 4.984 ; 5.135 ; Rise       ; clk             ;
;  data_out[21]   ; clk        ; 4.313 ; 4.442 ; Rise       ; clk             ;
;  data_out[22]   ; clk        ; 6.253 ; 6.520 ; Rise       ; clk             ;
;  data_out[23]   ; clk        ; 5.562 ; 5.775 ; Rise       ; clk             ;
; data_valid      ; clk        ; 4.046 ; 4.176 ; Rise       ; clk             ;
; done_out        ; clk        ; 4.648 ; 4.833 ; Rise       ; clk             ;
; ram_addr[*]     ; clk        ; 3.938 ; 4.064 ; Rise       ; clk             ;
;  ram_addr[0]    ; clk        ; 4.305 ; 4.468 ; Rise       ; clk             ;
;  ram_addr[1]    ; clk        ; 4.411 ; 4.591 ; Rise       ; clk             ;
;  ram_addr[2]    ; clk        ; 4.051 ; 4.192 ; Rise       ; clk             ;
;  ram_addr[3]    ; clk        ; 3.938 ; 4.064 ; Rise       ; clk             ;
+-----------------+------------+-------+-------+------------+-----------------+


---------------------------------------------
; Fast 1200mV 0C Model Metastability Report ;
---------------------------------------------
No synchronizer chains to report.


+--------------------------------------------------------------------------------+
; Multicorner Timing Analysis Summary                                            ;
+------------------+----------+-------+----------+---------+---------------------+
; Clock            ; Setup    ; Hold  ; Recovery ; Removal ; Minimum Pulse Width ;
+------------------+----------+-------+----------+---------+---------------------+
; Worst-case Slack ; -14.886  ; 0.174 ; -0.523   ; 0.486   ; -3.000              ;
;  clk             ; -14.886  ; 0.174 ; -0.523   ; 0.486   ; -3.000              ;
; Design-wide TNS  ; -702.019 ; 0.0   ; -2.092   ; 0.0     ; -144.35             ;
;  clk             ; -702.019 ; 0.000 ; -2.092   ; 0.000   ; -144.350            ;
+------------------+----------+-------+----------+---------+---------------------+


+-----------------------------------------------------------------------------+
; Setup Times                                                                 ;
+-----------------+------------+-------+-------+------------+-----------------+
; Data Port       ; Clock Port ; Rise  ; Fall  ; Clock Edge ; Clock Reference ;
+-----------------+------------+-------+-------+------------+-----------------+
; AES_version[*]  ; clk        ; 1.859 ; 2.239 ; Rise       ; clk             ;
;  AES_version[0] ; clk        ; 1.701 ; 2.078 ; Rise       ; clk             ;
;  AES_version[1] ; clk        ; 1.859 ; 2.239 ; Rise       ; clk             ;
; reset           ; clk        ; 1.388 ; 1.406 ; Rise       ; clk             ;
; start           ; clk        ; 3.478 ; 3.831 ; Rise       ; clk             ;
+-----------------+------------+-------+-------+------------+-----------------+


+-------------------------------------------------------------------------------+
; Hold Times                                                                    ;
+-----------------+------------+--------+--------+------------+-----------------+
; Data Port       ; Clock Port ; Rise   ; Fall   ; Clock Edge ; Clock Reference ;
+-----------------+------------+--------+--------+------------+-----------------+
; AES_version[*]  ; clk        ; -0.565 ; -1.184 ; Rise       ; clk             ;
;  AES_version[0] ; clk        ; -0.565 ; -1.184 ; Rise       ; clk             ;
;  AES_version[1] ; clk        ; -0.614 ; -1.224 ; Rise       ; clk             ;
; reset           ; clk        ; 0.298  ; 0.240  ; Rise       ; clk             ;
; start           ; clk        ; -0.646 ; -1.282 ; Rise       ; clk             ;
+-----------------+------------+--------+--------+------------+-----------------+


+-------------------------------------------------------------------------------+
; Clock to Output Times                                                         ;
+-----------------+------------+--------+--------+------------+-----------------+
; Data Port       ; Clock Port ; Rise   ; Fall   ; Clock Edge ; Clock Reference ;
+-----------------+------------+--------+--------+------------+-----------------+
; counter_out[*]  ; clk        ; 8.770  ; 8.707  ; Rise       ; clk             ;
;  counter_out[0] ; clk        ; 8.770  ; 8.707  ; Rise       ; clk             ;
;  counter_out[1] ; clk        ; 7.936  ; 7.959  ; Rise       ; clk             ;
; data_out[*]     ; clk        ; 13.409 ; 13.424 ; Rise       ; clk             ;
;  data_out[0]    ; clk        ; 9.416  ; 9.426  ; Rise       ; clk             ;
;  data_out[1]    ; clk        ; 11.081 ; 10.951 ; Rise       ; clk             ;
;  data_out[2]    ; clk        ; 11.572 ; 11.435 ; Rise       ; clk             ;
;  data_out[3]    ; clk        ; 10.969 ; 10.790 ; Rise       ; clk             ;
;  data_out[4]    ; clk        ; 10.396 ; 10.347 ; Rise       ; clk             ;
;  data_out[5]    ; clk        ; 10.661 ; 10.581 ; Rise       ; clk             ;
;  data_out[6]    ; clk        ; 9.762  ; 9.720  ; Rise       ; clk             ;
;  data_out[7]    ; clk        ; 10.934 ; 10.826 ; Rise       ; clk             ;
;  data_out[8]    ; clk        ; 11.177 ; 11.269 ; Rise       ; clk             ;
;  data_out[9]    ; clk        ; 11.846 ; 11.730 ; Rise       ; clk             ;
;  data_out[10]   ; clk        ; 9.921  ; 9.925  ; Rise       ; clk             ;
;  data_out[11]   ; clk        ; 10.780 ; 10.917 ; Rise       ; clk             ;
;  data_out[12]   ; clk        ; 11.175 ; 11.059 ; Rise       ; clk             ;
;  data_out[13]   ; clk        ; 10.201 ; 10.171 ; Rise       ; clk             ;
;  data_out[14]   ; clk        ; 11.148 ; 11.193 ; Rise       ; clk             ;
;  data_out[15]   ; clk        ; 10.909 ; 11.051 ; Rise       ; clk             ;
;  data_out[16]   ; clk        ; 11.119 ; 11.081 ; Rise       ; clk             ;
;  data_out[17]   ; clk        ; 9.481  ; 9.475  ; Rise       ; clk             ;
;  data_out[18]   ; clk        ; 11.970 ; 12.030 ; Rise       ; clk             ;
;  data_out[19]   ; clk        ; 11.079 ; 10.945 ; Rise       ; clk             ;
;  data_out[20]   ; clk        ; 11.231 ; 11.100 ; Rise       ; clk             ;
;  data_out[21]   ; clk        ; 9.854  ; 9.875  ; Rise       ; clk             ;
;  data_out[22]   ; clk        ; 13.409 ; 13.424 ; Rise       ; clk             ;
;  data_out[23]   ; clk        ; 12.233 ; 12.110 ; Rise       ; clk             ;
; data_valid      ; clk        ; 7.906  ; 7.926  ; Rise       ; clk             ;
; done_out        ; clk        ; 9.155  ; 9.096  ; Rise       ; clk             ;
; ram_addr[*]     ; clk        ; 8.738  ; 8.676  ; Rise       ; clk             ;
;  ram_addr[0]    ; clk        ; 8.522  ; 8.467  ; Rise       ; clk             ;
;  ram_addr[1]    ; clk        ; 8.738  ; 8.676  ; Rise       ; clk             ;
;  ram_addr[2]    ; clk        ; 7.999  ; 7.983  ; Rise       ; clk             ;
;  ram_addr[3]    ; clk        ; 7.662  ; 7.710  ; Rise       ; clk             ;
+-----------------+------------+--------+--------+------------+-----------------+


+-----------------------------------------------------------------------------+
; Minimum Clock to Output Times                                               ;
+-----------------+------------+-------+-------+------------+-----------------+
; Data Port       ; Clock Port ; Rise  ; Fall  ; Clock Edge ; Clock Reference ;
+-----------------+------------+-------+-------+------------+-----------------+
; counter_out[*]  ; clk        ; 4.060 ; 4.198 ; Rise       ; clk             ;
;  counter_out[0] ; clk        ; 4.401 ; 4.579 ; Rise       ; clk             ;
;  counter_out[1] ; clk        ; 4.060 ; 4.198 ; Rise       ; clk             ;
; data_out[*]     ; clk        ; 4.112 ; 4.218 ; Rise       ; clk             ;
;  data_out[0]    ; clk        ; 4.112 ; 4.218 ; Rise       ; clk             ;
;  data_out[1]    ; clk        ; 5.023 ; 5.188 ; Rise       ; clk             ;
;  data_out[2]    ; clk        ; 5.396 ; 5.600 ; Rise       ; clk             ;
;  data_out[3]    ; clk        ; 5.128 ; 5.316 ; Rise       ; clk             ;
;  data_out[4]    ; clk        ; 4.539 ; 4.696 ; Rise       ; clk             ;
;  data_out[5]    ; clk        ; 4.883 ; 5.061 ; Rise       ; clk             ;
;  data_out[6]    ; clk        ; 4.352 ; 4.475 ; Rise       ; clk             ;
;  data_out[7]    ; clk        ; 5.118 ; 5.304 ; Rise       ; clk             ;
;  data_out[8]    ; clk        ; 4.825 ; 5.036 ; Rise       ; clk             ;
;  data_out[9]    ; clk        ; 5.137 ; 5.307 ; Rise       ; clk             ;
;  data_out[10]   ; clk        ; 4.418 ; 4.551 ; Rise       ; clk             ;
;  data_out[11]   ; clk        ; 5.251 ; 5.407 ; Rise       ; clk             ;
;  data_out[12]   ; clk        ; 5.203 ; 5.377 ; Rise       ; clk             ;
;  data_out[13]   ; clk        ; 4.605 ; 4.729 ; Rise       ; clk             ;
;  data_out[14]   ; clk        ; 4.899 ; 5.128 ; Rise       ; clk             ;
;  data_out[15]   ; clk        ; 5.043 ; 5.301 ; Rise       ; clk             ;
;  data_out[16]   ; clk        ; 4.839 ; 5.018 ; Rise       ; clk             ;
;  data_out[17]   ; clk        ; 4.336 ; 4.437 ; Rise       ; clk             ;
;  data_out[18]   ; clk        ; 5.475 ; 5.645 ; Rise       ; clk             ;
;  data_out[19]   ; clk        ; 5.039 ; 5.214 ; Rise       ; clk             ;
;  data_out[20]   ; clk        ; 4.984 ; 5.135 ; Rise       ; clk             ;
;  data_out[21]   ; clk        ; 4.313 ; 4.442 ; Rise       ; clk             ;
;  data_out[22]   ; clk        ; 6.253 ; 6.520 ; Rise       ; clk             ;
;  data_out[23]   ; clk        ; 5.562 ; 5.775 ; Rise       ; clk             ;
; data_valid      ; clk        ; 4.046 ; 4.176 ; Rise       ; clk             ;
; done_out        ; clk        ; 4.648 ; 4.833 ; Rise       ; clk             ;
; ram_addr[*]     ; clk        ; 3.938 ; 4.064 ; Rise       ; clk             ;
;  ram_addr[0]    ; clk        ; 4.305 ; 4.468 ; Rise       ; clk             ;
;  ram_addr[1]    ; clk        ; 4.411 ; 4.591 ; Rise       ; clk             ;
;  ram_addr[2]    ; clk        ; 4.051 ; 4.192 ; Rise       ; clk             ;
;  ram_addr[3]    ; clk        ; 3.938 ; 4.064 ; Rise       ; clk             ;
+-----------------+------------+-------+-------+------------+-----------------+


+-------------------------------------------------------------------------------------------------------------------------------------------------------------------------------------------------------------------------------------------------------------------------------------------------------------------------------------------------------------------------------------------------------------------+
; Board Trace Model Assignments                                                                                                                                                                                                                                                                                                                                                                                     ;
+----------------+--------------+-------------------+-------------------------+-------------------------+---------------+---------------------+----------------+------------------+--------+------------------+------------------------+------------------------+--------------+---------------+-----------------+-------+---------------------+--------------------+---------------+-----------------+-------------+
; Pin            ; I/O Standard ; Near Tline Length ; Near Tline L per Length ; Near Tline C per Length ; Near Series R ; Near Differential R ; Near Pull-up R ; Near Pull-down R ; Near C ; Far Tline Length ; Far Tline L per Length ; Far Tline C per Length ; Far Series R ; Far Pull-up R ; Far Pull-down R ; Far C ; Termination Voltage ; Far Differential R ; EBD File Name ; EBD Signal Name ; EBD Far-end ;
+----------------+--------------+-------------------+-------------------------+-------------------------+---------------+---------------------+----------------+------------------+--------+------------------+------------------------+------------------------+--------------+---------------+-----------------+-------+---------------------+--------------------+---------------+-----------------+-------------+
; done_out       ; 2.5 V        ; 0 in              ; 0 H/in                  ; 0 F/in                  ; short         ; -                   ; open           ; open             ; open   ; 0 in             ; 0 H/in                 ; 0 F/in                 ; short        ; open          ; open            ; open  ; 0 V                 ; -                  ; n/a           ; n/a             ; n/a         ;
; data_out[0]    ; 2.5 V        ; 0 in              ; 0 H/in                  ; 0 F/in                  ; short         ; -                   ; open           ; open             ; open   ; 0 in             ; 0 H/in                 ; 0 F/in                 ; short        ; open          ; open            ; open  ; 0 V                 ; -                  ; n/a           ; n/a             ; n/a         ;
; data_out[1]    ; 2.5 V        ; 0 in              ; 0 H/in                  ; 0 F/in                  ; short         ; -                   ; open           ; open             ; open   ; 0 in             ; 0 H/in                 ; 0 F/in                 ; short        ; open          ; open            ; open  ; 0 V                 ; -                  ; n/a           ; n/a             ; n/a         ;
; data_out[2]    ; 2.5 V        ; 0 in              ; 0 H/in                  ; 0 F/in                  ; short         ; -                   ; open           ; open             ; open   ; 0 in             ; 0 H/in                 ; 0 F/in                 ; short        ; open          ; open            ; open  ; 0 V                 ; -                  ; n/a           ; n/a             ; n/a         ;
; data_out[3]    ; 2.5 V        ; 0 in              ; 0 H/in                  ; 0 F/in                  ; short         ; -                   ; open           ; open             ; open   ; 0 in             ; 0 H/in                 ; 0 F/in                 ; short        ; open          ; open            ; open  ; 0 V                 ; -                  ; n/a           ; n/a             ; n/a         ;
; data_out[4]    ; 2.5 V        ; 0 in              ; 0 H/in                  ; 0 F/in                  ; short         ; -                   ; open           ; open             ; open   ; 0 in             ; 0 H/in                 ; 0 F/in                 ; short        ; open          ; open            ; open  ; 0 V                 ; -                  ; n/a           ; n/a             ; n/a         ;
; data_out[5]    ; 2.5 V        ; 0 in              ; 0 H/in                  ; 0 F/in                  ; short         ; -                   ; open           ; open             ; open   ; 0 in             ; 0 H/in                 ; 0 F/in                 ; short        ; open          ; open            ; open  ; 0 V                 ; -                  ; n/a           ; n/a             ; n/a         ;
; data_out[6]    ; 2.5 V        ; 0 in              ; 0 H/in                  ; 0 F/in                  ; short         ; -                   ; open           ; open             ; open   ; 0 in             ; 0 H/in                 ; 0 F/in                 ; short        ; open          ; open            ; open  ; 0 V                 ; -                  ; n/a           ; n/a             ; n/a         ;
; data_out[7]    ; 2.5 V        ; 0 in              ; 0 H/in                  ; 0 F/in                  ; short         ; -                   ; open           ; open             ; open   ; 0 in             ; 0 H/in                 ; 0 F/in                 ; short        ; open          ; open            ; open  ; 0 V                 ; -                  ; n/a           ; n/a             ; n/a         ;
; data_out[8]    ; 2.5 V        ; 0 in              ; 0 H/in                  ; 0 F/in                  ; short         ; -                   ; open           ; open             ; open   ; 0 in             ; 0 H/in                 ; 0 F/in                 ; short        ; open          ; open            ; open  ; 0 V                 ; -                  ; n/a           ; n/a             ; n/a         ;
; data_out[9]    ; 2.5 V        ; 0 in              ; 0 H/in                  ; 0 F/in                  ; short         ; -                   ; open           ; open             ; open   ; 0 in             ; 0 H/in                 ; 0 F/in                 ; short        ; open          ; open            ; open  ; 0 V                 ; -                  ; n/a           ; n/a             ; n/a         ;
; data_out[10]   ; 2.5 V        ; 0 in              ; 0 H/in                  ; 0 F/in                  ; short         ; -                   ; open           ; open             ; open   ; 0 in             ; 0 H/in                 ; 0 F/in                 ; short        ; open          ; open            ; open  ; 0 V                 ; -                  ; n/a           ; n/a             ; n/a         ;
; data_out[11]   ; 2.5 V        ; 0 in              ; 0 H/in                  ; 0 F/in                  ; short         ; -                   ; open           ; open             ; open   ; 0 in             ; 0 H/in                 ; 0 F/in                 ; short        ; open          ; open            ; open  ; 0 V                 ; -                  ; n/a           ; n/a             ; n/a         ;
; data_out[12]   ; 2.5 V        ; 0 in              ; 0 H/in                  ; 0 F/in                  ; short         ; -                   ; open           ; open             ; open   ; 0 in             ; 0 H/in                 ; 0 F/in                 ; short        ; open          ; open            ; open  ; 0 V                 ; -                  ; n/a           ; n/a             ; n/a         ;
; data_out[13]   ; 2.5 V        ; 0 in              ; 0 H/in                  ; 0 F/in                  ; short         ; -                   ; open           ; open             ; open   ; 0 in             ; 0 H/in                 ; 0 F/in                 ; short        ; open          ; open            ; open  ; 0 V                 ; -                  ; n/a           ; n/a             ; n/a         ;
; data_out[14]   ; 2.5 V        ; 0 in              ; 0 H/in                  ; 0 F/in                  ; short         ; -                   ; open           ; open             ; open   ; 0 in             ; 0 H/in                 ; 0 F/in                 ; short        ; open          ; open            ; open  ; 0 V                 ; -                  ; n/a           ; n/a             ; n/a         ;
; data_out[15]   ; 2.5 V        ; 0 in              ; 0 H/in                  ; 0 F/in                  ; short         ; -                   ; open           ; open             ; open   ; 0 in             ; 0 H/in                 ; 0 F/in                 ; short        ; open          ; open            ; open  ; 0 V                 ; -                  ; n/a           ; n/a             ; n/a         ;
; data_out[16]   ; 2.5 V        ; 0 in              ; 0 H/in                  ; 0 F/in                  ; short         ; -                   ; open           ; open             ; open   ; 0 in             ; 0 H/in                 ; 0 F/in                 ; short        ; open          ; open            ; open  ; 0 V                 ; -                  ; n/a           ; n/a             ; n/a         ;
; data_out[17]   ; 2.5 V        ; 0 in              ; 0 H/in                  ; 0 F/in                  ; short         ; -                   ; open           ; open             ; open   ; 0 in             ; 0 H/in                 ; 0 F/in                 ; short        ; open          ; open            ; open  ; 0 V                 ; -                  ; n/a           ; n/a             ; n/a         ;
; data_out[18]   ; 2.5 V        ; 0 in              ; 0 H/in                  ; 0 F/in                  ; short         ; -                   ; open           ; open             ; open   ; 0 in             ; 0 H/in                 ; 0 F/in                 ; short        ; open          ; open            ; open  ; 0 V                 ; -                  ; n/a           ; n/a             ; n/a         ;
; data_out[19]   ; 2.5 V        ; 0 in              ; 0 H/in                  ; 0 F/in                  ; short         ; -                   ; open           ; open             ; open   ; 0 in             ; 0 H/in                 ; 0 F/in                 ; short        ; open          ; open            ; open  ; 0 V                 ; -                  ; n/a           ; n/a             ; n/a         ;
; data_out[20]   ; 2.5 V        ; 0 in              ; 0 H/in                  ; 0 F/in                  ; short         ; -                   ; open           ; open             ; open   ; 0 in             ; 0 H/in                 ; 0 F/in                 ; short        ; open          ; open            ; open  ; 0 V                 ; -                  ; n/a           ; n/a             ; n/a         ;
; data_out[21]   ; 2.5 V        ; 0 in              ; 0 H/in                  ; 0 F/in                  ; short         ; -                   ; open           ; open             ; open   ; 0 in             ; 0 H/in                 ; 0 F/in                 ; short        ; open          ; open            ; open  ; 0 V                 ; -                  ; n/a           ; n/a             ; n/a         ;
; data_out[22]   ; 2.5 V        ; 0 in              ; 0 H/in                  ; 0 F/in                  ; short         ; -                   ; open           ; open             ; open   ; 0 in             ; 0 H/in                 ; 0 F/in                 ; short        ; open          ; open            ; open  ; 0 V                 ; -                  ; n/a           ; n/a             ; n/a         ;
; data_out[23]   ; 2.5 V        ; 0 in              ; 0 H/in                  ; 0 F/in                  ; short         ; -                   ; open           ; open             ; open   ; 0 in             ; 0 H/in                 ; 0 F/in                 ; short        ; open          ; open            ; open  ; 0 V                 ; -                  ; n/a           ; n/a             ; n/a         ;
; data_valid     ; 2.5 V        ; 0 in              ; 0 H/in                  ; 0 F/in                  ; short         ; -                   ; open           ; open             ; open   ; 0 in             ; 0 H/in                 ; 0 F/in                 ; short        ; open          ; open            ; open  ; 0 V                 ; -                  ; n/a           ; n/a             ; n/a         ;
; counter_out[0] ; 2.5 V        ; 0 in              ; 0 H/in                  ; 0 F/in                  ; short         ; -                   ; open           ; open             ; open   ; 0 in             ; 0 H/in                 ; 0 F/in                 ; short        ; open          ; open            ; open  ; 0 V                 ; -                  ; n/a           ; n/a             ; n/a         ;
; counter_out[1] ; 2.5 V        ; 0 in              ; 0 H/in                  ; 0 F/in                  ; short         ; -                   ; open           ; open             ; open   ; 0 in             ; 0 H/in                 ; 0 F/in                 ; short        ; open          ; open            ; open  ; 0 V                 ; -                  ; n/a           ; n/a             ; n/a         ;
; ram_addr[0]    ; 2.5 V        ; 0 in              ; 0 H/in                  ; 0 F/in                  ; short         ; -                   ; open           ; open             ; open   ; 0 in             ; 0 H/in                 ; 0 F/in                 ; short        ; open          ; open            ; open  ; 0 V                 ; -                  ; n/a           ; n/a             ; n/a         ;
; ram_addr[1]    ; 2.5 V        ; 0 in              ; 0 H/in                  ; 0 F/in                  ; short         ; -                   ; open           ; open             ; open   ; 0 in             ; 0 H/in                 ; 0 F/in                 ; short        ; open          ; open            ; open  ; 0 V                 ; -                  ; n/a           ; n/a             ; n/a         ;
; ram_addr[2]    ; 2.5 V        ; 0 in              ; 0 H/in                  ; 0 F/in                  ; short         ; -                   ; open           ; open             ; open   ; 0 in             ; 0 H/in                 ; 0 F/in                 ; short        ; open          ; open            ; open  ; 0 V                 ; -                  ; n/a           ; n/a             ; n/a         ;
; ram_addr[3]    ; 2.5 V        ; 0 in              ; 0 H/in                  ; 0 F/in                  ; short         ; -                   ; open           ; open             ; open   ; 0 in             ; 0 H/in                 ; 0 F/in                 ; short        ; open          ; open            ; open  ; 0 V                 ; -                  ; n/a           ; n/a             ; n/a         ;
; ~ALTERA_DCLK~  ; 2.5 V        ; 0 in              ; 0 H/in                  ; 0 F/in                  ; short         ; -                   ; open           ; open             ; open   ; 0 in             ; 0 H/in                 ; 0 F/in                 ; short        ; open          ; open            ; open  ; 0 V                 ; -                  ; n/a           ; n/a             ; n/a         ;
; ~ALTERA_nCEO~  ; 2.5 V        ; 0 in              ; 0 H/in                  ; 0 F/in                  ; short         ; -                   ; open           ; open             ; open   ; 0 in             ; 0 H/in                 ; 0 F/in                 ; short        ; open          ; open            ; open  ; 0 V                 ; -                  ; n/a           ; n/a             ; n/a         ;
+----------------+--------------+-------------------+-------------------------+-------------------------+---------------+---------------------+----------------+------------------+--------+------------------+------------------------+------------------------+--------------+---------------+-----------------+-------+---------------------+--------------------+---------------+-----------------+-------------+


+----------------------------------------------------------------------------+
; Input Transition Times                                                     ;
+-------------------------+--------------+-----------------+-----------------+
; Pin                     ; I/O Standard ; 10-90 Rise Time ; 90-10 Fall Time ;
+-------------------------+--------------+-----------------+-----------------+
; start                   ; 2.5 V        ; 2000 ps         ; 2000 ps         ;
; clk                     ; 2.5 V        ; 2000 ps         ; 2000 ps         ;
; reset                   ; 2.5 V        ; 2000 ps         ; 2000 ps         ;
; AES_version[1]          ; 2.5 V        ; 2000 ps         ; 2000 ps         ;
; AES_version[0]          ; 2.5 V        ; 2000 ps         ; 2000 ps         ;
; ~ALTERA_ASDO_DATA1~     ; 2.5 V        ; 2000 ps         ; 2000 ps         ;
; ~ALTERA_FLASH_nCE_nCSO~ ; 2.5 V        ; 2000 ps         ; 2000 ps         ;
; ~ALTERA_DATA0~          ; 2.5 V        ; 2000 ps         ; 2000 ps         ;
+-------------------------+--------------+-----------------+-----------------+


+---------------------------------------------------------------------------------------------------------------------------------------------------------------------------------------------------------------------------------------------------------------------------------------------------------------------------------------------------------------------------------------------------------------------------------------------------------------------------------------------------------------------------------------------------------------------------------------------------------------------------------------------------------------------------------------------+
; Signal Integrity Metrics (Slow 1200mv 0c Model)                                                                                                                                                                                                                                                                                                                                                                                                                                                                                                                                                                                                                                             ;
+----------------+--------------+---------------------+---------------------+------------------------------+------------------------------+---------------------+---------------------+--------------------------------------+--------------------------------------+-----------------------------+-----------------------------+----------------------------+----------------------------+-----------------------------+-----------------------------+--------------------+--------------------+-------------------------------------+-------------------------------------+----------------------------+----------------------------+---------------------------+---------------------------+
; Pin            ; I/O Standard ; Board Delay on Rise ; Board Delay on Fall ; Steady State Voh at FPGA Pin ; Steady State Vol at FPGA Pin ; Voh Max at FPGA Pin ; Vol Min at FPGA Pin ; Ringback Voltage on Rise at FPGA Pin ; Ringback Voltage on Fall at FPGA Pin ; 10-90 Rise Time at FPGA Pin ; 90-10 Fall Time at FPGA Pin ; Monotonic Rise at FPGA Pin ; Monotonic Fall at FPGA Pin ; Steady State Voh at Far-end ; Steady State Vol at Far-end ; Voh Max at Far-end ; Vol Min at Far-end ; Ringback Voltage on Rise at Far-end ; Ringback Voltage on Fall at Far-end ; 10-90 Rise Time at Far-end ; 90-10 Fall Time at Far-end ; Monotonic Rise at Far-end ; Monotonic Fall at Far-end ;
+----------------+--------------+---------------------+---------------------+------------------------------+------------------------------+---------------------+---------------------+--------------------------------------+--------------------------------------+-----------------------------+-----------------------------+----------------------------+----------------------------+-----------------------------+-----------------------------+--------------------+--------------------+-------------------------------------+-------------------------------------+----------------------------+----------------------------+---------------------------+---------------------------+
; done_out       ; 2.5 V        ; 0 s                 ; 0 s                 ; 2.32 V                       ; 4.49e-09 V                   ; 2.38 V              ; -0.00552 V          ; 0.096 V                              ; 0.019 V                              ; 4.18e-10 s                  ; 3.59e-10 s                  ; No                         ; Yes                        ; 2.32 V                      ; 4.49e-09 V                  ; 2.38 V             ; -0.00552 V         ; 0.096 V                             ; 0.019 V                             ; 4.18e-10 s                 ; 3.59e-10 s                 ; No                        ; Yes                       ;
; data_out[0]    ; 2.5 V        ; 0 s                 ; 0 s                 ; 2.32 V                       ; 4.49e-09 V                   ; 2.38 V              ; -0.00552 V          ; 0.096 V                              ; 0.019 V                              ; 4.18e-10 s                  ; 3.59e-10 s                  ; No                         ; Yes                        ; 2.32 V                      ; 4.49e-09 V                  ; 2.38 V             ; -0.00552 V         ; 0.096 V                             ; 0.019 V                             ; 4.18e-10 s                 ; 3.59e-10 s                 ; No                        ; Yes                       ;
; data_out[1]    ; 2.5 V        ; 0 s                 ; 0 s                 ; 2.32 V                       ; 3.07e-09 V                   ; 2.37 V              ; -0.00994 V          ; 0.186 V                              ; 0.028 V                              ; 4.98e-10 s                  ; 4.96e-10 s                  ; Yes                        ; Yes                        ; 2.32 V                      ; 3.07e-09 V                  ; 2.37 V             ; -0.00994 V         ; 0.186 V                             ; 0.028 V                             ; 4.98e-10 s                 ; 4.96e-10 s                 ; Yes                       ; Yes                       ;
; data_out[2]    ; 2.5 V        ; 0 s                 ; 0 s                 ; 2.32 V                       ; 4.49e-09 V                   ; 2.38 V              ; -0.00552 V          ; 0.096 V                              ; 0.019 V                              ; 4.18e-10 s                  ; 3.59e-10 s                  ; No                         ; Yes                        ; 2.32 V                      ; 4.49e-09 V                  ; 2.38 V             ; -0.00552 V         ; 0.096 V                             ; 0.019 V                             ; 4.18e-10 s                 ; 3.59e-10 s                 ; No                        ; Yes                       ;
; data_out[3]    ; 2.5 V        ; 0 s                 ; 0 s                 ; 2.32 V                       ; 3.07e-09 V                   ; 2.37 V              ; -0.00994 V          ; 0.186 V                              ; 0.028 V                              ; 4.98e-10 s                  ; 4.96e-10 s                  ; Yes                        ; Yes                        ; 2.32 V                      ; 3.07e-09 V                  ; 2.37 V             ; -0.00994 V         ; 0.186 V                             ; 0.028 V                             ; 4.98e-10 s                 ; 4.96e-10 s                 ; Yes                       ; Yes                       ;
; data_out[4]    ; 2.5 V        ; 0 s                 ; 0 s                 ; 2.32 V                       ; 3.07e-09 V                   ; 2.37 V              ; -0.00994 V          ; 0.186 V                              ; 0.028 V                              ; 4.98e-10 s                  ; 4.96e-10 s                  ; Yes                        ; Yes                        ; 2.32 V                      ; 3.07e-09 V                  ; 2.37 V             ; -0.00994 V         ; 0.186 V                             ; 0.028 V                             ; 4.98e-10 s                 ; 4.96e-10 s                 ; Yes                       ; Yes                       ;
; data_out[5]    ; 2.5 V        ; 0 s                 ; 0 s                 ; 2.32 V                       ; 4.49e-09 V                   ; 2.38 V              ; -0.00552 V          ; 0.096 V                              ; 0.019 V                              ; 4.18e-10 s                  ; 3.59e-10 s                  ; No                         ; Yes                        ; 2.32 V                      ; 4.49e-09 V                  ; 2.38 V             ; -0.00552 V         ; 0.096 V                             ; 0.019 V                             ; 4.18e-10 s                 ; 3.59e-10 s                 ; No                        ; Yes                       ;
; data_out[6]    ; 2.5 V        ; 0 s                 ; 0 s                 ; 2.32 V                       ; 4.49e-09 V                   ; 2.38 V              ; -0.00552 V          ; 0.096 V                              ; 0.019 V                              ; 4.18e-10 s                  ; 3.59e-10 s                  ; No                         ; Yes                        ; 2.32 V                      ; 4.49e-09 V                  ; 2.38 V             ; -0.00552 V         ; 0.096 V                             ; 0.019 V                             ; 4.18e-10 s                 ; 3.59e-10 s                 ; No                        ; Yes                       ;
; data_out[7]    ; 2.5 V        ; 0 s                 ; 0 s                 ; 2.32 V                       ; 4.49e-09 V                   ; 2.38 V              ; -0.00552 V          ; 0.096 V                              ; 0.019 V                              ; 4.18e-10 s                  ; 3.59e-10 s                  ; No                         ; Yes                        ; 2.32 V                      ; 4.49e-09 V                  ; 2.38 V             ; -0.00552 V         ; 0.096 V                             ; 0.019 V                             ; 4.18e-10 s                 ; 3.59e-10 s                 ; No                        ; Yes                       ;
; data_out[8]    ; 2.5 V        ; 0 s                 ; 0 s                 ; 2.32 V                       ; 4.49e-09 V                   ; 2.38 V              ; -0.00552 V          ; 0.096 V                              ; 0.019 V                              ; 4.18e-10 s                  ; 3.59e-10 s                  ; No                         ; Yes                        ; 2.32 V                      ; 4.49e-09 V                  ; 2.38 V             ; -0.00552 V         ; 0.096 V                             ; 0.019 V                             ; 4.18e-10 s                 ; 3.59e-10 s                 ; No                        ; Yes                       ;
; data_out[9]    ; 2.5 V        ; 0 s                 ; 0 s                 ; 2.32 V                       ; 4.49e-09 V                   ; 2.38 V              ; -0.00552 V          ; 0.096 V                              ; 0.019 V                              ; 4.18e-10 s                  ; 3.59e-10 s                  ; No                         ; Yes                        ; 2.32 V                      ; 4.49e-09 V                  ; 2.38 V             ; -0.00552 V         ; 0.096 V                             ; 0.019 V                             ; 4.18e-10 s                 ; 3.59e-10 s                 ; No                        ; Yes                       ;
; data_out[10]   ; 2.5 V        ; 0 s                 ; 0 s                 ; 2.32 V                       ; 4.49e-09 V                   ; 2.38 V              ; -0.00552 V          ; 0.096 V                              ; 0.019 V                              ; 4.18e-10 s                  ; 3.59e-10 s                  ; No                         ; Yes                        ; 2.32 V                      ; 4.49e-09 V                  ; 2.38 V             ; -0.00552 V         ; 0.096 V                             ; 0.019 V                             ; 4.18e-10 s                 ; 3.59e-10 s                 ; No                        ; Yes                       ;
; data_out[11]   ; 2.5 V        ; 0 s                 ; 0 s                 ; 2.32 V                       ; 3.07e-09 V                   ; 2.33 V              ; -0.00496 V          ; 0.223 V                              ; 0.086 V                              ; 2.9e-09 s                   ; 2.73e-09 s                  ; Yes                        ; Yes                        ; 2.32 V                      ; 3.07e-09 V                  ; 2.33 V             ; -0.00496 V         ; 0.223 V                             ; 0.086 V                             ; 2.9e-09 s                  ; 2.73e-09 s                 ; Yes                       ; Yes                       ;
; data_out[12]   ; 2.5 V        ; 0 s                 ; 0 s                 ; 2.32 V                       ; 4.49e-09 V                   ; 2.38 V              ; -0.00552 V          ; 0.096 V                              ; 0.019 V                              ; 4.18e-10 s                  ; 3.59e-10 s                  ; No                         ; Yes                        ; 2.32 V                      ; 4.49e-09 V                  ; 2.38 V             ; -0.00552 V         ; 0.096 V                             ; 0.019 V                             ; 4.18e-10 s                 ; 3.59e-10 s                 ; No                        ; Yes                       ;
; data_out[13]   ; 2.5 V        ; 0 s                 ; 0 s                 ; 2.32 V                       ; 4.49e-09 V                   ; 2.38 V              ; -0.00552 V          ; 0.096 V                              ; 0.019 V                              ; 4.18e-10 s                  ; 3.59e-10 s                  ; No                         ; Yes                        ; 2.32 V                      ; 4.49e-09 V                  ; 2.38 V             ; -0.00552 V         ; 0.096 V                             ; 0.019 V                             ; 4.18e-10 s                 ; 3.59e-10 s                 ; No                        ; Yes                       ;
; data_out[14]   ; 2.5 V        ; 0 s                 ; 0 s                 ; 2.32 V                       ; 4.49e-09 V                   ; 2.38 V              ; -0.00552 V          ; 0.096 V                              ; 0.019 V                              ; 4.18e-10 s                  ; 3.59e-10 s                  ; No                         ; Yes                        ; 2.32 V                      ; 4.49e-09 V                  ; 2.38 V             ; -0.00552 V         ; 0.096 V                             ; 0.019 V                             ; 4.18e-10 s                 ; 3.59e-10 s                 ; No                        ; Yes                       ;
; data_out[15]   ; 2.5 V        ; 0 s                 ; 0 s                 ; 2.32 V                       ; 4.49e-09 V                   ; 2.38 V              ; -0.00552 V          ; 0.096 V                              ; 0.019 V                              ; 4.18e-10 s                  ; 3.59e-10 s                  ; No                         ; Yes                        ; 2.32 V                      ; 4.49e-09 V                  ; 2.38 V             ; -0.00552 V         ; 0.096 V                             ; 0.019 V                             ; 4.18e-10 s                 ; 3.59e-10 s                 ; No                        ; Yes                       ;
; data_out[16]   ; 2.5 V        ; 0 s                 ; 0 s                 ; 2.32 V                       ; 3.07e-09 V                   ; 2.37 V              ; -0.00994 V          ; 0.186 V                              ; 0.028 V                              ; 4.98e-10 s                  ; 4.96e-10 s                  ; Yes                        ; Yes                        ; 2.32 V                      ; 3.07e-09 V                  ; 2.37 V             ; -0.00994 V         ; 0.186 V                             ; 0.028 V                             ; 4.98e-10 s                 ; 4.96e-10 s                 ; Yes                       ; Yes                       ;
; data_out[17]   ; 2.5 V        ; 0 s                 ; 0 s                 ; 2.32 V                       ; 3.07e-09 V                   ; 2.38 V              ; -0.0144 V           ; 0.227 V                              ; 0.024 V                              ; 3.14e-10 s                  ; 3.39e-10 s                  ; Yes                        ; Yes                        ; 2.32 V                      ; 3.07e-09 V                  ; 2.38 V             ; -0.0144 V          ; 0.227 V                             ; 0.024 V                             ; 3.14e-10 s                 ; 3.39e-10 s                 ; Yes                       ; Yes                       ;
; data_out[18]   ; 2.5 V        ; 0 s                 ; 0 s                 ; 2.32 V                       ; 4.49e-09 V                   ; 2.33 V              ; -0.00467 V          ; 0.226 V                              ; 0.087 V                              ; 2.91e-09 s                  ; 2.74e-09 s                  ; Yes                        ; Yes                        ; 2.32 V                      ; 4.49e-09 V                  ; 2.33 V             ; -0.00467 V         ; 0.226 V                             ; 0.087 V                             ; 2.91e-09 s                 ; 2.74e-09 s                 ; Yes                       ; Yes                       ;
; data_out[19]   ; 2.5 V        ; 0 s                 ; 0 s                 ; 2.32 V                       ; 3.07e-09 V                   ; 2.37 V              ; -0.00994 V          ; 0.186 V                              ; 0.028 V                              ; 4.98e-10 s                  ; 4.96e-10 s                  ; Yes                        ; Yes                        ; 2.32 V                      ; 3.07e-09 V                  ; 2.37 V             ; -0.00994 V         ; 0.186 V                             ; 0.028 V                             ; 4.98e-10 s                 ; 4.96e-10 s                 ; Yes                       ; Yes                       ;
; data_out[20]   ; 2.5 V        ; 0 s                 ; 0 s                 ; 2.32 V                       ; 4.49e-09 V                   ; 2.38 V              ; -0.00552 V          ; 0.096 V                              ; 0.019 V                              ; 4.18e-10 s                  ; 3.59e-10 s                  ; No                         ; Yes                        ; 2.32 V                      ; 4.49e-09 V                  ; 2.38 V             ; -0.00552 V         ; 0.096 V                             ; 0.019 V                             ; 4.18e-10 s                 ; 3.59e-10 s                 ; No                        ; Yes                       ;
; data_out[21]   ; 2.5 V        ; 0 s                 ; 0 s                 ; 2.32 V                       ; 3.07e-09 V                   ; 2.37 V              ; -0.00994 V          ; 0.186 V                              ; 0.028 V                              ; 4.98e-10 s                  ; 4.96e-10 s                  ; Yes                        ; Yes                        ; 2.32 V                      ; 3.07e-09 V                  ; 2.37 V             ; -0.00994 V         ; 0.186 V                             ; 0.028 V                             ; 4.98e-10 s                 ; 4.96e-10 s                 ; Yes                       ; Yes                       ;
; data_out[22]   ; 2.5 V        ; 0 s                 ; 0 s                 ; 2.32 V                       ; 4.49e-09 V                   ; 2.33 V              ; -0.00467 V          ; 0.226 V                              ; 0.087 V                              ; 2.91e-09 s                  ; 2.74e-09 s                  ; Yes                        ; Yes                        ; 2.32 V                      ; 4.49e-09 V                  ; 2.33 V             ; -0.00467 V         ; 0.226 V                             ; 0.087 V                             ; 2.91e-09 s                 ; 2.74e-09 s                 ; Yes                       ; Yes                       ;
; data_out[23]   ; 2.5 V        ; 0 s                 ; 0 s                 ; 2.32 V                       ; 4.49e-09 V                   ; 2.38 V              ; -0.00552 V          ; 0.096 V                              ; 0.019 V                              ; 4.18e-10 s                  ; 3.59e-10 s                  ; No                         ; Yes                        ; 2.32 V                      ; 4.49e-09 V                  ; 2.38 V             ; -0.00552 V         ; 0.096 V                             ; 0.019 V                             ; 4.18e-10 s                 ; 3.59e-10 s                 ; No                        ; Yes                       ;
; data_valid     ; 2.5 V        ; 0 s                 ; 0 s                 ; 2.32 V                       ; 4.49e-09 V                   ; 2.38 V              ; -0.00552 V          ; 0.096 V                              ; 0.019 V                              ; 4.18e-10 s                  ; 3.59e-10 s                  ; No                         ; Yes                        ; 2.32 V                      ; 4.49e-09 V                  ; 2.38 V             ; -0.00552 V         ; 0.096 V                             ; 0.019 V                             ; 4.18e-10 s                 ; 3.59e-10 s                 ; No                        ; Yes                       ;
; counter_out[0] ; 2.5 V        ; 0 s                 ; 0 s                 ; 2.32 V                       ; 3.07e-09 V                   ; 2.37 V              ; -0.00994 V          ; 0.186 V                              ; 0.028 V                              ; 4.98e-10 s                  ; 4.96e-10 s                  ; Yes                        ; Yes                        ; 2.32 V                      ; 3.07e-09 V                  ; 2.37 V             ; -0.00994 V         ; 0.186 V                             ; 0.028 V                             ; 4.98e-10 s                 ; 4.96e-10 s                 ; Yes                       ; Yes                       ;
; counter_out[1] ; 2.5 V        ; 0 s                 ; 0 s                 ; 2.32 V                       ; 4.49e-09 V                   ; 2.38 V              ; -0.00552 V          ; 0.096 V                              ; 0.019 V                              ; 4.18e-10 s                  ; 3.59e-10 s                  ; No                         ; Yes                        ; 2.32 V                      ; 4.49e-09 V                  ; 2.38 V             ; -0.00552 V         ; 0.096 V                             ; 0.019 V                             ; 4.18e-10 s                 ; 3.59e-10 s                 ; No                        ; Yes                       ;
; ram_addr[0]    ; 2.5 V        ; 0 s                 ; 0 s                 ; 2.32 V                       ; 3.07e-09 V                   ; 2.37 V              ; -0.00994 V          ; 0.186 V                              ; 0.028 V                              ; 4.98e-10 s                  ; 4.96e-10 s                  ; Yes                        ; Yes                        ; 2.32 V                      ; 3.07e-09 V                  ; 2.37 V             ; -0.00994 V         ; 0.186 V                             ; 0.028 V                             ; 4.98e-10 s                 ; 4.96e-10 s                 ; Yes                       ; Yes                       ;
; ram_addr[1]    ; 2.5 V        ; 0 s                 ; 0 s                 ; 2.32 V                       ; 3.07e-09 V                   ; 2.37 V              ; -0.00994 V          ; 0.186 V                              ; 0.028 V                              ; 4.98e-10 s                  ; 4.96e-10 s                  ; Yes                        ; Yes                        ; 2.32 V                      ; 3.07e-09 V                  ; 2.37 V             ; -0.00994 V         ; 0.186 V                             ; 0.028 V                             ; 4.98e-10 s                 ; 4.96e-10 s                 ; Yes                       ; Yes                       ;
; ram_addr[2]    ; 2.5 V        ; 0 s                 ; 0 s                 ; 2.32 V                       ; 3.07e-09 V                   ; 2.37 V              ; -0.00994 V          ; 0.186 V                              ; 0.028 V                              ; 4.98e-10 s                  ; 4.96e-10 s                  ; Yes                        ; Yes                        ; 2.32 V                      ; 3.07e-09 V                  ; 2.37 V             ; -0.00994 V         ; 0.186 V                             ; 0.028 V                             ; 4.98e-10 s                 ; 4.96e-10 s                 ; Yes                       ; Yes                       ;
; ram_addr[3]    ; 2.5 V        ; 0 s                 ; 0 s                 ; 2.32 V                       ; 4.49e-09 V                   ; 2.38 V              ; -0.00552 V          ; 0.096 V                              ; 0.019 V                              ; 4.18e-10 s                  ; 3.59e-10 s                  ; No                         ; Yes                        ; 2.32 V                      ; 4.49e-09 V                  ; 2.38 V             ; -0.00552 V         ; 0.096 V                             ; 0.019 V                             ; 4.18e-10 s                 ; 3.59e-10 s                 ; No                        ; Yes                       ;
; ~ALTERA_DCLK~  ; 2.5 V        ; 0 s                 ; 0 s                 ; 2.32 V                       ; 2.67e-09 V                   ; 2.38 V              ; -0.0485 V           ; 0.167 V                              ; 0.096 V                              ; 2.95e-10 s                  ; 2.73e-10 s                  ; Yes                        ; Yes                        ; 2.32 V                      ; 2.67e-09 V                  ; 2.38 V             ; -0.0485 V          ; 0.167 V                             ; 0.096 V                             ; 2.95e-10 s                 ; 2.73e-10 s                 ; Yes                       ; Yes                       ;
; ~ALTERA_nCEO~  ; 2.5 V        ; 0 s                 ; 0 s                 ; 2.32 V                       ; 4.18e-09 V                   ; 2.38 V              ; -0.00483 V          ; 0.152 V                              ; 0.012 V                              ; 4.81e-10 s                  ; 6.29e-10 s                  ; Yes                        ; Yes                        ; 2.32 V                      ; 4.18e-09 V                  ; 2.38 V             ; -0.00483 V         ; 0.152 V                             ; 0.012 V                             ; 4.81e-10 s                 ; 6.29e-10 s                 ; Yes                       ; Yes                       ;
+----------------+--------------+---------------------+---------------------+------------------------------+------------------------------+---------------------+---------------------+--------------------------------------+--------------------------------------+-----------------------------+-----------------------------+----------------------------+----------------------------+-----------------------------+-----------------------------+--------------------+--------------------+-------------------------------------+-------------------------------------+----------------------------+----------------------------+---------------------------+---------------------------+


+---------------------------------------------------------------------------------------------------------------------------------------------------------------------------------------------------------------------------------------------------------------------------------------------------------------------------------------------------------------------------------------------------------------------------------------------------------------------------------------------------------------------------------------------------------------------------------------------------------------------------------------------------------------------------------------------+
; Signal Integrity Metrics (Slow 1200mv 85c Model)                                                                                                                                                                                                                                                                                                                                                                                                                                                                                                                                                                                                                                            ;
+----------------+--------------+---------------------+---------------------+------------------------------+------------------------------+---------------------+---------------------+--------------------------------------+--------------------------------------+-----------------------------+-----------------------------+----------------------------+----------------------------+-----------------------------+-----------------------------+--------------------+--------------------+-------------------------------------+-------------------------------------+----------------------------+----------------------------+---------------------------+---------------------------+
; Pin            ; I/O Standard ; Board Delay on Rise ; Board Delay on Fall ; Steady State Voh at FPGA Pin ; Steady State Vol at FPGA Pin ; Voh Max at FPGA Pin ; Vol Min at FPGA Pin ; Ringback Voltage on Rise at FPGA Pin ; Ringback Voltage on Fall at FPGA Pin ; 10-90 Rise Time at FPGA Pin ; 90-10 Fall Time at FPGA Pin ; Monotonic Rise at FPGA Pin ; Monotonic Fall at FPGA Pin ; Steady State Voh at Far-end ; Steady State Vol at Far-end ; Voh Max at Far-end ; Vol Min at Far-end ; Ringback Voltage on Rise at Far-end ; Ringback Voltage on Fall at Far-end ; 10-90 Rise Time at Far-end ; 90-10 Fall Time at Far-end ; Monotonic Rise at Far-end ; Monotonic Fall at Far-end ;
+----------------+--------------+---------------------+---------------------+------------------------------+------------------------------+---------------------+---------------------+--------------------------------------+--------------------------------------+-----------------------------+-----------------------------+----------------------------+----------------------------+-----------------------------+-----------------------------+--------------------+--------------------+-------------------------------------+-------------------------------------+----------------------------+----------------------------+---------------------------+---------------------------+
; done_out       ; 2.5 V        ; 0 s                 ; 0 s                 ; 2.32 V                       ; 6.92e-07 V                   ; 2.35 V              ; -0.00996 V          ; 0.121 V                              ; 0.03 V                               ; 4.64e-10 s                  ; 4.47e-10 s                  ; Yes                        ; Yes                        ; 2.32 V                      ; 6.92e-07 V                  ; 2.35 V             ; -0.00996 V         ; 0.121 V                             ; 0.03 V                              ; 4.64e-10 s                 ; 4.47e-10 s                 ; Yes                       ; Yes                       ;
; data_out[0]    ; 2.5 V        ; 0 s                 ; 0 s                 ; 2.32 V                       ; 6.92e-07 V                   ; 2.35 V              ; -0.00996 V          ; 0.121 V                              ; 0.03 V                               ; 4.64e-10 s                  ; 4.47e-10 s                  ; Yes                        ; Yes                        ; 2.32 V                      ; 6.92e-07 V                  ; 2.35 V             ; -0.00996 V         ; 0.121 V                             ; 0.03 V                              ; 4.64e-10 s                 ; 4.47e-10 s                 ; Yes                       ; Yes                       ;
; data_out[1]    ; 2.5 V        ; 0 s                 ; 0 s                 ; 2.32 V                       ; 4.67e-07 V                   ; 2.35 V              ; -0.00942 V          ; 0.116 V                              ; 0.033 V                              ; 6.66e-10 s                  ; 6.27e-10 s                  ; Yes                        ; Yes                        ; 2.32 V                      ; 4.67e-07 V                  ; 2.35 V             ; -0.00942 V         ; 0.116 V                             ; 0.033 V                             ; 6.66e-10 s                 ; 6.27e-10 s                 ; Yes                       ; Yes                       ;
; data_out[2]    ; 2.5 V        ; 0 s                 ; 0 s                 ; 2.32 V                       ; 6.92e-07 V                   ; 2.35 V              ; -0.00996 V          ; 0.121 V                              ; 0.03 V                               ; 4.64e-10 s                  ; 4.47e-10 s                  ; Yes                        ; Yes                        ; 2.32 V                      ; 6.92e-07 V                  ; 2.35 V             ; -0.00996 V         ; 0.121 V                             ; 0.03 V                              ; 4.64e-10 s                 ; 4.47e-10 s                 ; Yes                       ; Yes                       ;
; data_out[3]    ; 2.5 V        ; 0 s                 ; 0 s                 ; 2.32 V                       ; 4.67e-07 V                   ; 2.35 V              ; -0.00942 V          ; 0.116 V                              ; 0.033 V                              ; 6.66e-10 s                  ; 6.27e-10 s                  ; Yes                        ; Yes                        ; 2.32 V                      ; 4.67e-07 V                  ; 2.35 V             ; -0.00942 V         ; 0.116 V                             ; 0.033 V                             ; 6.66e-10 s                 ; 6.27e-10 s                 ; Yes                       ; Yes                       ;
; data_out[4]    ; 2.5 V        ; 0 s                 ; 0 s                 ; 2.32 V                       ; 4.67e-07 V                   ; 2.35 V              ; -0.00942 V          ; 0.116 V                              ; 0.033 V                              ; 6.66e-10 s                  ; 6.27e-10 s                  ; Yes                        ; Yes                        ; 2.32 V                      ; 4.67e-07 V                  ; 2.35 V             ; -0.00942 V         ; 0.116 V                             ; 0.033 V                             ; 6.66e-10 s                 ; 6.27e-10 s                 ; Yes                       ; Yes                       ;
; data_out[5]    ; 2.5 V        ; 0 s                 ; 0 s                 ; 2.32 V                       ; 6.92e-07 V                   ; 2.35 V              ; -0.00996 V          ; 0.121 V                              ; 0.03 V                               ; 4.64e-10 s                  ; 4.47e-10 s                  ; Yes                        ; Yes                        ; 2.32 V                      ; 6.92e-07 V                  ; 2.35 V             ; -0.00996 V         ; 0.121 V                             ; 0.03 V                              ; 4.64e-10 s                 ; 4.47e-10 s                 ; Yes                       ; Yes                       ;
; data_out[6]    ; 2.5 V        ; 0 s                 ; 0 s                 ; 2.32 V                       ; 6.92e-07 V                   ; 2.35 V              ; -0.00996 V          ; 0.121 V                              ; 0.03 V                               ; 4.64e-10 s                  ; 4.47e-10 s                  ; Yes                        ; Yes                        ; 2.32 V                      ; 6.92e-07 V                  ; 2.35 V             ; -0.00996 V         ; 0.121 V                             ; 0.03 V                              ; 4.64e-10 s                 ; 4.47e-10 s                 ; Yes                       ; Yes                       ;
; data_out[7]    ; 2.5 V        ; 0 s                 ; 0 s                 ; 2.32 V                       ; 6.92e-07 V                   ; 2.35 V              ; -0.00996 V          ; 0.121 V                              ; 0.03 V                               ; 4.64e-10 s                  ; 4.47e-10 s                  ; Yes                        ; Yes                        ; 2.32 V                      ; 6.92e-07 V                  ; 2.35 V             ; -0.00996 V         ; 0.121 V                             ; 0.03 V                              ; 4.64e-10 s                 ; 4.47e-10 s                 ; Yes                       ; Yes                       ;
; data_out[8]    ; 2.5 V        ; 0 s                 ; 0 s                 ; 2.32 V                       ; 6.92e-07 V                   ; 2.35 V              ; -0.00996 V          ; 0.121 V                              ; 0.03 V                               ; 4.64e-10 s                  ; 4.47e-10 s                  ; Yes                        ; Yes                        ; 2.32 V                      ; 6.92e-07 V                  ; 2.35 V             ; -0.00996 V         ; 0.121 V                             ; 0.03 V                              ; 4.64e-10 s                 ; 4.47e-10 s                 ; Yes                       ; Yes                       ;
; data_out[9]    ; 2.5 V        ; 0 s                 ; 0 s                 ; 2.32 V                       ; 6.92e-07 V                   ; 2.35 V              ; -0.00996 V          ; 0.121 V                              ; 0.03 V                               ; 4.64e-10 s                  ; 4.47e-10 s                  ; Yes                        ; Yes                        ; 2.32 V                      ; 6.92e-07 V                  ; 2.35 V             ; -0.00996 V         ; 0.121 V                             ; 0.03 V                              ; 4.64e-10 s                 ; 4.47e-10 s                 ; Yes                       ; Yes                       ;
; data_out[10]   ; 2.5 V        ; 0 s                 ; 0 s                 ; 2.32 V                       ; 6.92e-07 V                   ; 2.35 V              ; -0.00996 V          ; 0.121 V                              ; 0.03 V                               ; 4.64e-10 s                  ; 4.47e-10 s                  ; Yes                        ; Yes                        ; 2.32 V                      ; 6.92e-07 V                  ; 2.35 V             ; -0.00996 V         ; 0.121 V                             ; 0.03 V                              ; 4.64e-10 s                 ; 4.47e-10 s                 ; Yes                       ; Yes                       ;
; data_out[11]   ; 2.5 V        ; 0 s                 ; 0 s                 ; 2.32 V                       ; 4.67e-07 V                   ; 2.33 V              ; -0.00269 V          ; 0.13 V                               ; 0.055 V                              ; 3.54e-09 s                  ; 3.29e-09 s                  ; Yes                        ; Yes                        ; 2.32 V                      ; 4.67e-07 V                  ; 2.33 V             ; -0.00269 V         ; 0.13 V                              ; 0.055 V                             ; 3.54e-09 s                 ; 3.29e-09 s                 ; Yes                       ; Yes                       ;
; data_out[12]   ; 2.5 V        ; 0 s                 ; 0 s                 ; 2.32 V                       ; 6.92e-07 V                   ; 2.35 V              ; -0.00996 V          ; 0.121 V                              ; 0.03 V                               ; 4.64e-10 s                  ; 4.47e-10 s                  ; Yes                        ; Yes                        ; 2.32 V                      ; 6.92e-07 V                  ; 2.35 V             ; -0.00996 V         ; 0.121 V                             ; 0.03 V                              ; 4.64e-10 s                 ; 4.47e-10 s                 ; Yes                       ; Yes                       ;
; data_out[13]   ; 2.5 V        ; 0 s                 ; 0 s                 ; 2.32 V                       ; 6.92e-07 V                   ; 2.35 V              ; -0.00996 V          ; 0.121 V                              ; 0.03 V                               ; 4.64e-10 s                  ; 4.47e-10 s                  ; Yes                        ; Yes                        ; 2.32 V                      ; 6.92e-07 V                  ; 2.35 V             ; -0.00996 V         ; 0.121 V                             ; 0.03 V                              ; 4.64e-10 s                 ; 4.47e-10 s                 ; Yes                       ; Yes                       ;
; data_out[14]   ; 2.5 V        ; 0 s                 ; 0 s                 ; 2.32 V                       ; 6.92e-07 V                   ; 2.35 V              ; -0.00996 V          ; 0.121 V                              ; 0.03 V                               ; 4.64e-10 s                  ; 4.47e-10 s                  ; Yes                        ; Yes                        ; 2.32 V                      ; 6.92e-07 V                  ; 2.35 V             ; -0.00996 V         ; 0.121 V                             ; 0.03 V                              ; 4.64e-10 s                 ; 4.47e-10 s                 ; Yes                       ; Yes                       ;
; data_out[15]   ; 2.5 V        ; 0 s                 ; 0 s                 ; 2.32 V                       ; 6.92e-07 V                   ; 2.35 V              ; -0.00996 V          ; 0.121 V                              ; 0.03 V                               ; 4.64e-10 s                  ; 4.47e-10 s                  ; Yes                        ; Yes                        ; 2.32 V                      ; 6.92e-07 V                  ; 2.35 V             ; -0.00996 V         ; 0.121 V                             ; 0.03 V                              ; 4.64e-10 s                 ; 4.47e-10 s                 ; Yes                       ; Yes                       ;
; data_out[16]   ; 2.5 V        ; 0 s                 ; 0 s                 ; 2.32 V                       ; 4.67e-07 V                   ; 2.35 V              ; -0.00942 V          ; 0.116 V                              ; 0.033 V                              ; 6.66e-10 s                  ; 6.27e-10 s                  ; Yes                        ; Yes                        ; 2.32 V                      ; 4.67e-07 V                  ; 2.35 V             ; -0.00942 V         ; 0.116 V                             ; 0.033 V                             ; 6.66e-10 s                 ; 6.27e-10 s                 ; Yes                       ; Yes                       ;
; data_out[17]   ; 2.5 V        ; 0 s                 ; 0 s                 ; 2.32 V                       ; 4.67e-07 V                   ; 2.36 V              ; -0.00552 V          ; 0.11 V                               ; 0.007 V                              ; 4.54e-10 s                  ; 4.35e-10 s                  ; Yes                        ; Yes                        ; 2.32 V                      ; 4.67e-07 V                  ; 2.36 V             ; -0.00552 V         ; 0.11 V                              ; 0.007 V                             ; 4.54e-10 s                 ; 4.35e-10 s                 ; Yes                       ; Yes                       ;
; data_out[18]   ; 2.5 V        ; 0 s                 ; 0 s                 ; 2.32 V                       ; 6.92e-07 V                   ; 2.33 V              ; -0.00265 V          ; 0.133 V                              ; 0.056 V                              ; 3.55e-09 s                  ; 3.31e-09 s                  ; Yes                        ; Yes                        ; 2.32 V                      ; 6.92e-07 V                  ; 2.33 V             ; -0.00265 V         ; 0.133 V                             ; 0.056 V                             ; 3.55e-09 s                 ; 3.31e-09 s                 ; Yes                       ; Yes                       ;
; data_out[19]   ; 2.5 V        ; 0 s                 ; 0 s                 ; 2.32 V                       ; 4.67e-07 V                   ; 2.35 V              ; -0.00942 V          ; 0.116 V                              ; 0.033 V                              ; 6.66e-10 s                  ; 6.27e-10 s                  ; Yes                        ; Yes                        ; 2.32 V                      ; 4.67e-07 V                  ; 2.35 V             ; -0.00942 V         ; 0.116 V                             ; 0.033 V                             ; 6.66e-10 s                 ; 6.27e-10 s                 ; Yes                       ; Yes                       ;
; data_out[20]   ; 2.5 V        ; 0 s                 ; 0 s                 ; 2.32 V                       ; 6.92e-07 V                   ; 2.35 V              ; -0.00996 V          ; 0.121 V                              ; 0.03 V                               ; 4.64e-10 s                  ; 4.47e-10 s                  ; Yes                        ; Yes                        ; 2.32 V                      ; 6.92e-07 V                  ; 2.35 V             ; -0.00996 V         ; 0.121 V                             ; 0.03 V                              ; 4.64e-10 s                 ; 4.47e-10 s                 ; Yes                       ; Yes                       ;
; data_out[21]   ; 2.5 V        ; 0 s                 ; 0 s                 ; 2.32 V                       ; 4.67e-07 V                   ; 2.35 V              ; -0.00942 V          ; 0.116 V                              ; 0.033 V                              ; 6.66e-10 s                  ; 6.27e-10 s                  ; Yes                        ; Yes                        ; 2.32 V                      ; 4.67e-07 V                  ; 2.35 V             ; -0.00942 V         ; 0.116 V                             ; 0.033 V                             ; 6.66e-10 s                 ; 6.27e-10 s                 ; Yes                       ; Yes                       ;
; data_out[22]   ; 2.5 V        ; 0 s                 ; 0 s                 ; 2.32 V                       ; 6.92e-07 V                   ; 2.33 V              ; -0.00265 V          ; 0.133 V                              ; 0.056 V                              ; 3.55e-09 s                  ; 3.31e-09 s                  ; Yes                        ; Yes                        ; 2.32 V                      ; 6.92e-07 V                  ; 2.33 V             ; -0.00265 V         ; 0.133 V                             ; 0.056 V                             ; 3.55e-09 s                 ; 3.31e-09 s                 ; Yes                       ; Yes                       ;
; data_out[23]   ; 2.5 V        ; 0 s                 ; 0 s                 ; 2.32 V                       ; 6.92e-07 V                   ; 2.35 V              ; -0.00996 V          ; 0.121 V                              ; 0.03 V                               ; 4.64e-10 s                  ; 4.47e-10 s                  ; Yes                        ; Yes                        ; 2.32 V                      ; 6.92e-07 V                  ; 2.35 V             ; -0.00996 V         ; 0.121 V                             ; 0.03 V                              ; 4.64e-10 s                 ; 4.47e-10 s                 ; Yes                       ; Yes                       ;
; data_valid     ; 2.5 V        ; 0 s                 ; 0 s                 ; 2.32 V                       ; 6.92e-07 V                   ; 2.35 V              ; -0.00996 V          ; 0.121 V                              ; 0.03 V                               ; 4.64e-10 s                  ; 4.47e-10 s                  ; Yes                        ; Yes                        ; 2.32 V                      ; 6.92e-07 V                  ; 2.35 V             ; -0.00996 V         ; 0.121 V                             ; 0.03 V                              ; 4.64e-10 s                 ; 4.47e-10 s                 ; Yes                       ; Yes                       ;
; counter_out[0] ; 2.5 V        ; 0 s                 ; 0 s                 ; 2.32 V                       ; 4.67e-07 V                   ; 2.35 V              ; -0.00942 V          ; 0.116 V                              ; 0.033 V                              ; 6.66e-10 s                  ; 6.27e-10 s                  ; Yes                        ; Yes                        ; 2.32 V                      ; 4.67e-07 V                  ; 2.35 V             ; -0.00942 V         ; 0.116 V                             ; 0.033 V                             ; 6.66e-10 s                 ; 6.27e-10 s                 ; Yes                       ; Yes                       ;
; counter_out[1] ; 2.5 V        ; 0 s                 ; 0 s                 ; 2.32 V                       ; 6.92e-07 V                   ; 2.35 V              ; -0.00996 V          ; 0.121 V                              ; 0.03 V                               ; 4.64e-10 s                  ; 4.47e-10 s                  ; Yes                        ; Yes                        ; 2.32 V                      ; 6.92e-07 V                  ; 2.35 V             ; -0.00996 V         ; 0.121 V                             ; 0.03 V                              ; 4.64e-10 s                 ; 4.47e-10 s                 ; Yes                       ; Yes                       ;
; ram_addr[0]    ; 2.5 V        ; 0 s                 ; 0 s                 ; 2.32 V                       ; 4.67e-07 V                   ; 2.35 V              ; -0.00942 V          ; 0.116 V                              ; 0.033 V                              ; 6.66e-10 s                  ; 6.27e-10 s                  ; Yes                        ; Yes                        ; 2.32 V                      ; 4.67e-07 V                  ; 2.35 V             ; -0.00942 V         ; 0.116 V                             ; 0.033 V                             ; 6.66e-10 s                 ; 6.27e-10 s                 ; Yes                       ; Yes                       ;
; ram_addr[1]    ; 2.5 V        ; 0 s                 ; 0 s                 ; 2.32 V                       ; 4.67e-07 V                   ; 2.35 V              ; -0.00942 V          ; 0.116 V                              ; 0.033 V                              ; 6.66e-10 s                  ; 6.27e-10 s                  ; Yes                        ; Yes                        ; 2.32 V                      ; 4.67e-07 V                  ; 2.35 V             ; -0.00942 V         ; 0.116 V                             ; 0.033 V                             ; 6.66e-10 s                 ; 6.27e-10 s                 ; Yes                       ; Yes                       ;
; ram_addr[2]    ; 2.5 V        ; 0 s                 ; 0 s                 ; 2.32 V                       ; 4.67e-07 V                   ; 2.35 V              ; -0.00942 V          ; 0.116 V                              ; 0.033 V                              ; 6.66e-10 s                  ; 6.27e-10 s                  ; Yes                        ; Yes                        ; 2.32 V                      ; 4.67e-07 V                  ; 2.35 V             ; -0.00942 V         ; 0.116 V                             ; 0.033 V                             ; 6.66e-10 s                 ; 6.27e-10 s                 ; Yes                       ; Yes                       ;
; ram_addr[3]    ; 2.5 V        ; 0 s                 ; 0 s                 ; 2.32 V                       ; 6.92e-07 V                   ; 2.35 V              ; -0.00996 V          ; 0.121 V                              ; 0.03 V                               ; 4.64e-10 s                  ; 4.47e-10 s                  ; Yes                        ; Yes                        ; 2.32 V                      ; 6.92e-07 V                  ; 2.35 V             ; -0.00996 V         ; 0.121 V                             ; 0.03 V                              ; 4.64e-10 s                 ; 4.47e-10 s                 ; Yes                       ; Yes                       ;
; ~ALTERA_DCLK~  ; 2.5 V        ; 0 s                 ; 0 s                 ; 2.32 V                       ; 3.75e-07 V                   ; 2.35 V              ; -0.0109 V           ; 0.084 V                              ; 0.027 V                              ; 4.31e-10 s                  ; 3.61e-10 s                  ; Yes                        ; Yes                        ; 2.32 V                      ; 3.75e-07 V                  ; 2.35 V             ; -0.0109 V          ; 0.084 V                             ; 0.027 V                             ; 4.31e-10 s                 ; 3.61e-10 s                 ; Yes                       ; Yes                       ;
; ~ALTERA_nCEO~  ; 2.5 V        ; 0 s                 ; 0 s                 ; 2.32 V                       ; 6.15e-07 V                   ; 2.35 V              ; -0.00712 V          ; 0.093 V                              ; 0.02 V                               ; 6.21e-10 s                  ; 7.9e-10 s                   ; Yes                        ; Yes                        ; 2.32 V                      ; 6.15e-07 V                  ; 2.35 V             ; -0.00712 V         ; 0.093 V                             ; 0.02 V                              ; 6.21e-10 s                 ; 7.9e-10 s                  ; Yes                       ; Yes                       ;
+----------------+--------------+---------------------+---------------------+------------------------------+------------------------------+---------------------+---------------------+--------------------------------------+--------------------------------------+-----------------------------+-----------------------------+----------------------------+----------------------------+-----------------------------+-----------------------------+--------------------+--------------------+-------------------------------------+-------------------------------------+----------------------------+----------------------------+---------------------------+---------------------------+


+---------------------------------------------------------------------------------------------------------------------------------------------------------------------------------------------------------------------------------------------------------------------------------------------------------------------------------------------------------------------------------------------------------------------------------------------------------------------------------------------------------------------------------------------------------------------------------------------------------------------------------------------------------------------------------------------+
; Signal Integrity Metrics (Fast 1200mv 0c Model)                                                                                                                                                                                                                                                                                                                                                                                                                                                                                                                                                                                                                                             ;
+----------------+--------------+---------------------+---------------------+------------------------------+------------------------------+---------------------+---------------------+--------------------------------------+--------------------------------------+-----------------------------+-----------------------------+----------------------------+----------------------------+-----------------------------+-----------------------------+--------------------+--------------------+-------------------------------------+-------------------------------------+----------------------------+----------------------------+---------------------------+---------------------------+
; Pin            ; I/O Standard ; Board Delay on Rise ; Board Delay on Fall ; Steady State Voh at FPGA Pin ; Steady State Vol at FPGA Pin ; Voh Max at FPGA Pin ; Vol Min at FPGA Pin ; Ringback Voltage on Rise at FPGA Pin ; Ringback Voltage on Fall at FPGA Pin ; 10-90 Rise Time at FPGA Pin ; 90-10 Fall Time at FPGA Pin ; Monotonic Rise at FPGA Pin ; Monotonic Fall at FPGA Pin ; Steady State Voh at Far-end ; Steady State Vol at Far-end ; Voh Max at Far-end ; Vol Min at Far-end ; Ringback Voltage on Rise at Far-end ; Ringback Voltage on Fall at Far-end ; 10-90 Rise Time at Far-end ; 90-10 Fall Time at Far-end ; Monotonic Rise at Far-end ; Monotonic Fall at Far-end ;
+----------------+--------------+---------------------+---------------------+------------------------------+------------------------------+---------------------+---------------------+--------------------------------------+--------------------------------------+-----------------------------+-----------------------------+----------------------------+----------------------------+-----------------------------+-----------------------------+--------------------+--------------------+-------------------------------------+-------------------------------------+----------------------------+----------------------------+---------------------------+---------------------------+
; done_out       ; 2.5 V        ; 0 s                 ; 0 s                 ; 2.62 V                       ; 4.05e-08 V                   ; 2.72 V              ; -0.0349 V           ; 0.173 V                              ; 0.1 V                                ; 2.72e-10 s                  ; 2.69e-10 s                  ; Yes                        ; Yes                        ; 2.62 V                      ; 4.05e-08 V                  ; 2.72 V             ; -0.0349 V          ; 0.173 V                             ; 0.1 V                               ; 2.72e-10 s                 ; 2.69e-10 s                 ; Yes                       ; Yes                       ;
; data_out[0]    ; 2.5 V        ; 0 s                 ; 0 s                 ; 2.62 V                       ; 4.05e-08 V                   ; 2.72 V              ; -0.0349 V           ; 0.173 V                              ; 0.1 V                                ; 2.72e-10 s                  ; 2.69e-10 s                  ; Yes                        ; Yes                        ; 2.62 V                      ; 4.05e-08 V                  ; 2.72 V             ; -0.0349 V          ; 0.173 V                             ; 0.1 V                               ; 2.72e-10 s                 ; 2.69e-10 s                 ; Yes                       ; Yes                       ;
; data_out[1]    ; 2.5 V        ; 0 s                 ; 0 s                 ; 2.62 V                       ; 2.74e-08 V                   ; 2.71 V              ; -0.0317 V           ; 0.148 V                              ; 0.064 V                              ; 4.51e-10 s                  ; 4.15e-10 s                  ; No                         ; Yes                        ; 2.62 V                      ; 2.74e-08 V                  ; 2.71 V             ; -0.0317 V          ; 0.148 V                             ; 0.064 V                             ; 4.51e-10 s                 ; 4.15e-10 s                 ; No                        ; Yes                       ;
; data_out[2]    ; 2.5 V        ; 0 s                 ; 0 s                 ; 2.62 V                       ; 4.05e-08 V                   ; 2.72 V              ; -0.0349 V           ; 0.173 V                              ; 0.1 V                                ; 2.72e-10 s                  ; 2.69e-10 s                  ; Yes                        ; Yes                        ; 2.62 V                      ; 4.05e-08 V                  ; 2.72 V             ; -0.0349 V          ; 0.173 V                             ; 0.1 V                               ; 2.72e-10 s                 ; 2.69e-10 s                 ; Yes                       ; Yes                       ;
; data_out[3]    ; 2.5 V        ; 0 s                 ; 0 s                 ; 2.62 V                       ; 2.74e-08 V                   ; 2.71 V              ; -0.0317 V           ; 0.148 V                              ; 0.064 V                              ; 4.51e-10 s                  ; 4.15e-10 s                  ; No                         ; Yes                        ; 2.62 V                      ; 2.74e-08 V                  ; 2.71 V             ; -0.0317 V          ; 0.148 V                             ; 0.064 V                             ; 4.51e-10 s                 ; 4.15e-10 s                 ; No                        ; Yes                       ;
; data_out[4]    ; 2.5 V        ; 0 s                 ; 0 s                 ; 2.62 V                       ; 2.74e-08 V                   ; 2.71 V              ; -0.0317 V           ; 0.148 V                              ; 0.064 V                              ; 4.51e-10 s                  ; 4.15e-10 s                  ; No                         ; Yes                        ; 2.62 V                      ; 2.74e-08 V                  ; 2.71 V             ; -0.0317 V          ; 0.148 V                             ; 0.064 V                             ; 4.51e-10 s                 ; 4.15e-10 s                 ; No                        ; Yes                       ;
; data_out[5]    ; 2.5 V        ; 0 s                 ; 0 s                 ; 2.62 V                       ; 4.05e-08 V                   ; 2.72 V              ; -0.0349 V           ; 0.173 V                              ; 0.1 V                                ; 2.72e-10 s                  ; 2.69e-10 s                  ; Yes                        ; Yes                        ; 2.62 V                      ; 4.05e-08 V                  ; 2.72 V             ; -0.0349 V          ; 0.173 V                             ; 0.1 V                               ; 2.72e-10 s                 ; 2.69e-10 s                 ; Yes                       ; Yes                       ;
; data_out[6]    ; 2.5 V        ; 0 s                 ; 0 s                 ; 2.62 V                       ; 4.05e-08 V                   ; 2.72 V              ; -0.0349 V           ; 0.173 V                              ; 0.1 V                                ; 2.72e-10 s                  ; 2.69e-10 s                  ; Yes                        ; Yes                        ; 2.62 V                      ; 4.05e-08 V                  ; 2.72 V             ; -0.0349 V          ; 0.173 V                             ; 0.1 V                               ; 2.72e-10 s                 ; 2.69e-10 s                 ; Yes                       ; Yes                       ;
; data_out[7]    ; 2.5 V        ; 0 s                 ; 0 s                 ; 2.62 V                       ; 4.05e-08 V                   ; 2.72 V              ; -0.0349 V           ; 0.173 V                              ; 0.1 V                                ; 2.72e-10 s                  ; 2.69e-10 s                  ; Yes                        ; Yes                        ; 2.62 V                      ; 4.05e-08 V                  ; 2.72 V             ; -0.0349 V          ; 0.173 V                             ; 0.1 V                               ; 2.72e-10 s                 ; 2.69e-10 s                 ; Yes                       ; Yes                       ;
; data_out[8]    ; 2.5 V        ; 0 s                 ; 0 s                 ; 2.62 V                       ; 4.05e-08 V                   ; 2.72 V              ; -0.0349 V           ; 0.173 V                              ; 0.1 V                                ; 2.72e-10 s                  ; 2.69e-10 s                  ; Yes                        ; Yes                        ; 2.62 V                      ; 4.05e-08 V                  ; 2.72 V             ; -0.0349 V          ; 0.173 V                             ; 0.1 V                               ; 2.72e-10 s                 ; 2.69e-10 s                 ; Yes                       ; Yes                       ;
; data_out[9]    ; 2.5 V        ; 0 s                 ; 0 s                 ; 2.62 V                       ; 4.05e-08 V                   ; 2.72 V              ; -0.0349 V           ; 0.173 V                              ; 0.1 V                                ; 2.72e-10 s                  ; 2.69e-10 s                  ; Yes                        ; Yes                        ; 2.62 V                      ; 4.05e-08 V                  ; 2.72 V             ; -0.0349 V          ; 0.173 V                             ; 0.1 V                               ; 2.72e-10 s                 ; 2.69e-10 s                 ; Yes                       ; Yes                       ;
; data_out[10]   ; 2.5 V        ; 0 s                 ; 0 s                 ; 2.62 V                       ; 4.05e-08 V                   ; 2.72 V              ; -0.0349 V           ; 0.173 V                              ; 0.1 V                                ; 2.72e-10 s                  ; 2.69e-10 s                  ; Yes                        ; Yes                        ; 2.62 V                      ; 4.05e-08 V                  ; 2.72 V             ; -0.0349 V          ; 0.173 V                             ; 0.1 V                               ; 2.72e-10 s                 ; 2.69e-10 s                 ; Yes                       ; Yes                       ;
; data_out[11]   ; 2.5 V        ; 0 s                 ; 0 s                 ; 2.62 V                       ; 2.74e-08 V                   ; 2.64 V              ; -0.0117 V           ; 0.202 V                              ; 0.176 V                              ; 2.38e-09 s                  ; 2.22e-09 s                  ; No                         ; Yes                        ; 2.62 V                      ; 2.74e-08 V                  ; 2.64 V             ; -0.0117 V          ; 0.202 V                             ; 0.176 V                             ; 2.38e-09 s                 ; 2.22e-09 s                 ; No                        ; Yes                       ;
; data_out[12]   ; 2.5 V        ; 0 s                 ; 0 s                 ; 2.62 V                       ; 4.05e-08 V                   ; 2.72 V              ; -0.0349 V           ; 0.173 V                              ; 0.1 V                                ; 2.72e-10 s                  ; 2.69e-10 s                  ; Yes                        ; Yes                        ; 2.62 V                      ; 4.05e-08 V                  ; 2.72 V             ; -0.0349 V          ; 0.173 V                             ; 0.1 V                               ; 2.72e-10 s                 ; 2.69e-10 s                 ; Yes                       ; Yes                       ;
; data_out[13]   ; 2.5 V        ; 0 s                 ; 0 s                 ; 2.62 V                       ; 4.05e-08 V                   ; 2.72 V              ; -0.0349 V           ; 0.173 V                              ; 0.1 V                                ; 2.72e-10 s                  ; 2.69e-10 s                  ; Yes                        ; Yes                        ; 2.62 V                      ; 4.05e-08 V                  ; 2.72 V             ; -0.0349 V          ; 0.173 V                             ; 0.1 V                               ; 2.72e-10 s                 ; 2.69e-10 s                 ; Yes                       ; Yes                       ;
; data_out[14]   ; 2.5 V        ; 0 s                 ; 0 s                 ; 2.62 V                       ; 4.05e-08 V                   ; 2.72 V              ; -0.0349 V           ; 0.173 V                              ; 0.1 V                                ; 2.72e-10 s                  ; 2.69e-10 s                  ; Yes                        ; Yes                        ; 2.62 V                      ; 4.05e-08 V                  ; 2.72 V             ; -0.0349 V          ; 0.173 V                             ; 0.1 V                               ; 2.72e-10 s                 ; 2.69e-10 s                 ; Yes                       ; Yes                       ;
; data_out[15]   ; 2.5 V        ; 0 s                 ; 0 s                 ; 2.62 V                       ; 4.05e-08 V                   ; 2.72 V              ; -0.0349 V           ; 0.173 V                              ; 0.1 V                                ; 2.72e-10 s                  ; 2.69e-10 s                  ; Yes                        ; Yes                        ; 2.62 V                      ; 4.05e-08 V                  ; 2.72 V             ; -0.0349 V          ; 0.173 V                             ; 0.1 V                               ; 2.72e-10 s                 ; 2.69e-10 s                 ; Yes                       ; Yes                       ;
; data_out[16]   ; 2.5 V        ; 0 s                 ; 0 s                 ; 2.62 V                       ; 2.74e-08 V                   ; 2.71 V              ; -0.0317 V           ; 0.148 V                              ; 0.064 V                              ; 4.51e-10 s                  ; 4.15e-10 s                  ; No                         ; Yes                        ; 2.62 V                      ; 2.74e-08 V                  ; 2.71 V             ; -0.0317 V          ; 0.148 V                             ; 0.064 V                             ; 4.51e-10 s                 ; 4.15e-10 s                 ; No                        ; Yes                       ;
; data_out[17]   ; 2.5 V        ; 0 s                 ; 0 s                 ; 2.62 V                       ; 2.74e-08 V                   ; 2.73 V              ; -0.0384 V           ; 0.169 V                              ; 0.089 V                              ; 2.7e-10 s                   ; 2.62e-10 s                  ; Yes                        ; Yes                        ; 2.62 V                      ; 2.74e-08 V                  ; 2.73 V             ; -0.0384 V          ; 0.169 V                             ; 0.089 V                             ; 2.7e-10 s                  ; 2.62e-10 s                 ; Yes                       ; Yes                       ;
; data_out[18]   ; 2.5 V        ; 0 s                 ; 0 s                 ; 2.62 V                       ; 4.05e-08 V                   ; 2.64 V              ; -0.0113 V           ; 0.208 V                              ; 0.179 V                              ; 2.38e-09 s                  ; 2.23e-09 s                  ; No                         ; Yes                        ; 2.62 V                      ; 4.05e-08 V                  ; 2.64 V             ; -0.0113 V          ; 0.208 V                             ; 0.179 V                             ; 2.38e-09 s                 ; 2.23e-09 s                 ; No                        ; Yes                       ;
; data_out[19]   ; 2.5 V        ; 0 s                 ; 0 s                 ; 2.62 V                       ; 2.74e-08 V                   ; 2.71 V              ; -0.0317 V           ; 0.148 V                              ; 0.064 V                              ; 4.51e-10 s                  ; 4.15e-10 s                  ; No                         ; Yes                        ; 2.62 V                      ; 2.74e-08 V                  ; 2.71 V             ; -0.0317 V          ; 0.148 V                             ; 0.064 V                             ; 4.51e-10 s                 ; 4.15e-10 s                 ; No                        ; Yes                       ;
; data_out[20]   ; 2.5 V        ; 0 s                 ; 0 s                 ; 2.62 V                       ; 4.05e-08 V                   ; 2.72 V              ; -0.0349 V           ; 0.173 V                              ; 0.1 V                                ; 2.72e-10 s                  ; 2.69e-10 s                  ; Yes                        ; Yes                        ; 2.62 V                      ; 4.05e-08 V                  ; 2.72 V             ; -0.0349 V          ; 0.173 V                             ; 0.1 V                               ; 2.72e-10 s                 ; 2.69e-10 s                 ; Yes                       ; Yes                       ;
; data_out[21]   ; 2.5 V        ; 0 s                 ; 0 s                 ; 2.62 V                       ; 2.74e-08 V                   ; 2.71 V              ; -0.0317 V           ; 0.148 V                              ; 0.064 V                              ; 4.51e-10 s                  ; 4.15e-10 s                  ; No                         ; Yes                        ; 2.62 V                      ; 2.74e-08 V                  ; 2.71 V             ; -0.0317 V          ; 0.148 V                             ; 0.064 V                             ; 4.51e-10 s                 ; 4.15e-10 s                 ; No                        ; Yes                       ;
; data_out[22]   ; 2.5 V        ; 0 s                 ; 0 s                 ; 2.62 V                       ; 4.05e-08 V                   ; 2.64 V              ; -0.0113 V           ; 0.208 V                              ; 0.179 V                              ; 2.38e-09 s                  ; 2.23e-09 s                  ; No                         ; Yes                        ; 2.62 V                      ; 4.05e-08 V                  ; 2.64 V             ; -0.0113 V          ; 0.208 V                             ; 0.179 V                             ; 2.38e-09 s                 ; 2.23e-09 s                 ; No                        ; Yes                       ;
; data_out[23]   ; 2.5 V        ; 0 s                 ; 0 s                 ; 2.62 V                       ; 4.05e-08 V                   ; 2.72 V              ; -0.0349 V           ; 0.173 V                              ; 0.1 V                                ; 2.72e-10 s                  ; 2.69e-10 s                  ; Yes                        ; Yes                        ; 2.62 V                      ; 4.05e-08 V                  ; 2.72 V             ; -0.0349 V          ; 0.173 V                             ; 0.1 V                               ; 2.72e-10 s                 ; 2.69e-10 s                 ; Yes                       ; Yes                       ;
; data_valid     ; 2.5 V        ; 0 s                 ; 0 s                 ; 2.62 V                       ; 4.05e-08 V                   ; 2.72 V              ; -0.0349 V           ; 0.173 V                              ; 0.1 V                                ; 2.72e-10 s                  ; 2.69e-10 s                  ; Yes                        ; Yes                        ; 2.62 V                      ; 4.05e-08 V                  ; 2.72 V             ; -0.0349 V          ; 0.173 V                             ; 0.1 V                               ; 2.72e-10 s                 ; 2.69e-10 s                 ; Yes                       ; Yes                       ;
; counter_out[0] ; 2.5 V        ; 0 s                 ; 0 s                 ; 2.62 V                       ; 2.74e-08 V                   ; 2.71 V              ; -0.0317 V           ; 0.148 V                              ; 0.064 V                              ; 4.51e-10 s                  ; 4.15e-10 s                  ; No                         ; Yes                        ; 2.62 V                      ; 2.74e-08 V                  ; 2.71 V             ; -0.0317 V          ; 0.148 V                             ; 0.064 V                             ; 4.51e-10 s                 ; 4.15e-10 s                 ; No                        ; Yes                       ;
; counter_out[1] ; 2.5 V        ; 0 s                 ; 0 s                 ; 2.62 V                       ; 4.05e-08 V                   ; 2.72 V              ; -0.0349 V           ; 0.173 V                              ; 0.1 V                                ; 2.72e-10 s                  ; 2.69e-10 s                  ; Yes                        ; Yes                        ; 2.62 V                      ; 4.05e-08 V                  ; 2.72 V             ; -0.0349 V          ; 0.173 V                             ; 0.1 V                               ; 2.72e-10 s                 ; 2.69e-10 s                 ; Yes                       ; Yes                       ;
; ram_addr[0]    ; 2.5 V        ; 0 s                 ; 0 s                 ; 2.62 V                       ; 2.74e-08 V                   ; 2.71 V              ; -0.0317 V           ; 0.148 V                              ; 0.064 V                              ; 4.51e-10 s                  ; 4.15e-10 s                  ; No                         ; Yes                        ; 2.62 V                      ; 2.74e-08 V                  ; 2.71 V             ; -0.0317 V          ; 0.148 V                             ; 0.064 V                             ; 4.51e-10 s                 ; 4.15e-10 s                 ; No                        ; Yes                       ;
; ram_addr[1]    ; 2.5 V        ; 0 s                 ; 0 s                 ; 2.62 V                       ; 2.74e-08 V                   ; 2.71 V              ; -0.0317 V           ; 0.148 V                              ; 0.064 V                              ; 4.51e-10 s                  ; 4.15e-10 s                  ; No                         ; Yes                        ; 2.62 V                      ; 2.74e-08 V                  ; 2.71 V             ; -0.0317 V          ; 0.148 V                             ; 0.064 V                             ; 4.51e-10 s                 ; 4.15e-10 s                 ; No                        ; Yes                       ;
; ram_addr[2]    ; 2.5 V        ; 0 s                 ; 0 s                 ; 2.62 V                       ; 2.74e-08 V                   ; 2.71 V              ; -0.0317 V           ; 0.148 V                              ; 0.064 V                              ; 4.51e-10 s                  ; 4.15e-10 s                  ; No                         ; Yes                        ; 2.62 V                      ; 2.74e-08 V                  ; 2.71 V             ; -0.0317 V          ; 0.148 V                             ; 0.064 V                             ; 4.51e-10 s                 ; 4.15e-10 s                 ; No                        ; Yes                       ;
; ram_addr[3]    ; 2.5 V        ; 0 s                 ; 0 s                 ; 2.62 V                       ; 4.05e-08 V                   ; 2.72 V              ; -0.0349 V           ; 0.173 V                              ; 0.1 V                                ; 2.72e-10 s                  ; 2.69e-10 s                  ; Yes                        ; Yes                        ; 2.62 V                      ; 4.05e-08 V                  ; 2.72 V             ; -0.0349 V          ; 0.173 V                             ; 0.1 V                               ; 2.72e-10 s                 ; 2.69e-10 s                 ; Yes                       ; Yes                       ;
; ~ALTERA_DCLK~  ; 2.5 V        ; 0 s                 ; 0 s                 ; 2.62 V                       ; 2.22e-08 V                   ; 2.74 V              ; -0.06 V             ; 0.158 V                              ; 0.08 V                               ; 2.68e-10 s                  ; 2.19e-10 s                  ; Yes                        ; Yes                        ; 2.62 V                      ; 2.22e-08 V                  ; 2.74 V             ; -0.06 V            ; 0.158 V                             ; 0.08 V                              ; 2.68e-10 s                 ; 2.19e-10 s                 ; Yes                       ; Yes                       ;
; ~ALTERA_nCEO~  ; 2.5 V        ; 0 s                 ; 0 s                 ; 2.62 V                       ; 3.54e-08 V                   ; 2.7 V               ; -0.00943 V          ; 0.276 V                              ; 0.035 V                              ; 3.19e-10 s                  ; 4.99e-10 s                  ; No                         ; Yes                        ; 2.62 V                      ; 3.54e-08 V                  ; 2.7 V              ; -0.00943 V         ; 0.276 V                             ; 0.035 V                             ; 3.19e-10 s                 ; 4.99e-10 s                 ; No                        ; Yes                       ;
+----------------+--------------+---------------------+---------------------+------------------------------+------------------------------+---------------------+---------------------+--------------------------------------+--------------------------------------+-----------------------------+-----------------------------+----------------------------+----------------------------+-----------------------------+-----------------------------+--------------------+--------------------+-------------------------------------+-------------------------------------+----------------------------+----------------------------+---------------------------+---------------------------+


+-------------------------------------------------------------------+
; Setup Transfers                                                   ;
+------------+----------+----------+----------+----------+----------+
; From Clock ; To Clock ; RR Paths ; FR Paths ; RF Paths ; FF Paths ;
+------------+----------+----------+----------+----------+----------+
; clk        ; clk      ; 23309034 ; 0        ; 0        ; 0        ;
+------------+----------+----------+----------+----------+----------+
Entries labeled "false path" only account for clock-to-clock false paths and not path-based false paths. As a result, actual path counts may be lower than reported.


+-------------------------------------------------------------------+
; Hold Transfers                                                    ;
+------------+----------+----------+----------+----------+----------+
; From Clock ; To Clock ; RR Paths ; FR Paths ; RF Paths ; FF Paths ;
+------------+----------+----------+----------+----------+----------+
; clk        ; clk      ; 23309034 ; 0        ; 0        ; 0        ;
+------------+----------+----------+----------+----------+----------+
Entries labeled "false path" only account for clock-to-clock false paths and not path-based false paths. As a result, actual path counts may be lower than reported.


+-------------------------------------------------------------------+
; Recovery Transfers                                                ;
+------------+----------+----------+----------+----------+----------+
; From Clock ; To Clock ; RR Paths ; FR Paths ; RF Paths ; FF Paths ;
+------------+----------+----------+----------+----------+----------+
; clk        ; clk      ; 4        ; 0        ; 0        ; 0        ;
+------------+----------+----------+----------+----------+----------+
Entries labeled "false path" only account for clock-to-clock false paths and not path-based false paths. As a result, actual path counts may be lower than reported.


+-------------------------------------------------------------------+
; Removal Transfers                                                 ;
+------------+----------+----------+----------+----------+----------+
; From Clock ; To Clock ; RR Paths ; FR Paths ; RF Paths ; FF Paths ;
+------------+----------+----------+----------+----------+----------+
; clk        ; clk      ; 4        ; 0        ; 0        ; 0        ;
+------------+----------+----------+----------+----------+----------+
Entries labeled "false path" only account for clock-to-clock false paths and not path-based false paths. As a result, actual path counts may be lower than reported.


---------------
; Report TCCS ;
---------------
No dedicated SERDES Transmitter circuitry present in device or used in design


---------------
; Report RSKM ;
---------------
No dedicated SERDES Receiver circuitry present in device or used in design


+------------------------------------------------+
; Unconstrained Paths                            ;
+---------------------------------+-------+------+
; Property                        ; Setup ; Hold ;
+---------------------------------+-------+------+
; Illegal Clocks                  ; 0     ; 0    ;
; Unconstrained Clocks            ; 0     ; 0    ;
; Unconstrained Input Ports       ; 4     ; 4    ;
; Unconstrained Input Port Paths  ; 120   ; 120  ;
; Unconstrained Output Ports      ; 32    ; 32   ;
; Unconstrained Output Port Paths ; 80    ; 80   ;
+---------------------------------+-------+------+


+------------------------------------+
; TimeQuest Timing Analyzer Messages ;
+------------------------------------+
Info: *******************************************************************
Info: Running Quartus II 64-Bit TimeQuest Timing Analyzer
    Info: Version 13.0.1 Build 232 06/12/2013 Service Pack 1 SJ Web Edition
    Info: Processing started: Wed May 27 11:40:37 2026
Info: Command: quartus_sta rossler -c rossler
Info: qsta_default_script.tcl version: #1
Info (11104): Parallel Compilation has detected 8 hyper-threaded processors. However, the extra hyper-threaded processors will not be used by default. Parallel Compilation will use 4 of the 4 physical processors detected instead.
Info (21077): Low junction temperature is 0 degrees C
Info (21077): High junction temperature is 85 degrees C
Critical Warning (332012): Synopsys Design Constraints File file not found: 'rossler.sdc'. A Synopsys Design Constraints File is required by the TimeQuest Timing Analyzer to get proper timing constraints. Without it, the Compiler will not properly optimize the design.
Info (332142): No user constrained base clocks found in the design. Calling "derive_clocks -period 1.0"
Info (332105): Deriving Clocks
    Info (332105): create_clock -period 1.000 -name clk clk
Info (332143): No user constrained clock uncertainty found in the design. Calling "derive_clock_uncertainty"
Info (332123): Deriving Clock Uncertainty. Please refer to report_sdc in TimeQuest to see clock uncertainties.
Info: Found TIMEQUEST_REPORT_SCRIPT_INCLUDE_DEFAULT_ANALYSIS = ON
Info: Analyzing Slow 1200mV 85C Model
Critical Warning (332148): Timing requirements not met
    Info (11105): For recommendations on closing timing, run Report Timing Closure Recommendations in the TimeQuest Timing Analyzer.
Info (332146): Worst-case setup slack is -14.886
    Info (332119):     Slack End Point TNS Clock 
    Info (332119): ========= ============= =====================
    Info (332119):   -14.886      -702.019 clk 
Info (332146): Worst-case hold slack is 0.386
    Info (332119):     Slack End Point TNS Clock 
    Info (332119): ========= ============= =====================
    Info (332119):     0.386         0.000 clk 
Info (332146): Worst-case recovery slack is -0.523
    Info (332119):     Slack End Point TNS Clock 
    Info (332119): ========= ============= =====================
    Info (332119):    -0.523        -2.092 clk 
Info (332146): Worst-case removal slack is 1.025
    Info (332119):     Slack End Point TNS Clock 
    Info (332119): ========= ============= =====================
    Info (332119):     1.025         0.000 clk 
Info (332146): Worst-case minimum pulse width slack is -3.000
    Info (332119):     Slack End Point TNS Clock 
    Info (332119): ========= ============= =====================
    Info (332119):    -3.000      -144.350 clk 
Info: Analyzing Slow 1200mV 0C Model
Info (334003): Started post-fitting delay annotation
Info (334004): Delay annotation completed successfully
Info (332123): Deriving Clock Uncertainty. Please refer to report_sdc in TimeQuest to see clock uncertainties.
Critical Warning (332148): Timing requirements not met
    Info (11105): For recommendations on closing timing, run Report Timing Closure Recommendations in the TimeQuest Timing Analyzer.
Info (332146): Worst-case setup slack is -13.339
    Info (332119):     Slack End Point TNS Clock 
    Info (332119): ========= ============= =====================
    Info (332119):   -13.339      -627.330 clk 
Info (332146): Worst-case hold slack is 0.339
    Info (332119):     Slack End Point TNS Clock 
    Info (332119): ========= ============= =====================
    Info (332119):     0.339         0.000 clk 
Info (332146): Worst-case recovery slack is -0.367
    Info (332119):     Slack End Point TNS Clock 
    Info (332119): ========= ============= =====================
    Info (332119):    -0.367        -1.468 clk 
Info (332146): Worst-case removal slack is 0.935
    Info (332119):     Slack End Point TNS Clock 
    Info (332119): ========= ============= =====================
    Info (332119):     0.935         0.000 clk 
Info (332146): Worst-case minimum pulse width slack is -3.000
    Info (332119):     Slack End Point TNS Clock 
    Info (332119): ========= ============= =====================
    Info (332119):    -3.000      -144.350 clk 
Info: Analyzing Fast 1200mV 0C Model
Info (332123): Deriving Clock Uncertainty. Please refer to report_sdc in TimeQuest to see clock uncertainties.
Critical Warning (332148): Timing requirements not met
    Info (11105): For recommendations on closing timing, run Report Timing Closure Recommendations in the TimeQuest Timing Analyzer.
Info (332146): Worst-case setup slack is -6.818
    Info (332119):     Slack End Point TNS Clock 
    Info (332119): ========= ============= =====================
    Info (332119):    -6.818      -292.079 clk 
Info (332146): Worst-case hold slack is 0.174
    Info (332119):     Slack End Point TNS Clock 
    Info (332119): ========= ============= =====================
    Info (332119):     0.174         0.000 clk 
Info (332146): Worst-case recovery slack is 0.233
    Info (332119):     Slack End Point TNS Clock 
    Info (332119): ========= ============= =====================
    Info (332119):     0.233         0.000 clk 
Info (332146): Worst-case removal slack is 0.486
    Info (332119):     Slack End Point TNS Clock 
    Info (332119): ========= ============= =====================
    Info (332119):     0.486         0.000 clk 
Info (332146): Worst-case minimum pulse width slack is -3.000
    Info (332119):     Slack End Point TNS Clock 
    Info (332119): ========= ============= =====================
    Info (332119):    -3.000      -119.833 clk 
Info (332102): Design is not fully constrained for setup requirements
Info (332102): Design is not fully constrained for hold requirements
Info: Quartus II 64-Bit TimeQuest Timing Analyzer was successful. 0 errors, 4 warnings
    Info: Peak virtual memory: 4673 megabytes
    Info: Processing ended: Wed May 27 11:40:40 2026
    Info: Elapsed time: 00:00:03
    Info: Total CPU time (on all processors): 00:00:03


