Fitter report for key_expanse
Mon Mar 23 14:05:30 2026
Quartus II 64-Bit Version 13.0.1 Build 232 06/12/2013 Service Pack 1 SJ Web Edition


---------------------
; Table of Contents ;
---------------------
  1. Legal Notice
  2. Fitter Summary
  3. Fitter Settings
  4. Parallel Compilation
  5. I/O Assignment Warnings
  6. Incremental Compilation Preservation Summary
  7. Incremental Compilation Partition Settings
  8. Incremental Compilation Placement Preservation
  9. Pin-Out File
 10. Fitter Resource Usage Summary
 11. Fitter Partition Statistics
 12. Input Pins
 13. Output Pins
 14. Dual Purpose and Dedicated Pins
 15. I/O Bank Usage
 16. All Package Pins
 17. Fitter Resource Utilization by Entity
 18. Delay Chain Summary
 19. Pad To Core Delay Chain Fanout
 20. Control Signals
 21. Global & Other Fast Signals
 22. Non-Global High Fan-Out Signals
 23. Fitter RAM Summary
 24. |key_expansion|sbox_rom_sinc:AES_sbox|altsyncram:Mux7_rtl_0|altsyncram_md11:auto_generated|ALTSYNCRAM
 25. Other Routing Usage Summary
 26. LAB Logic Elements
 27. LAB-wide Signals
 28. LAB Signals Sourced
 29. LAB Signals Sourced Out
 30. LAB Distinct Inputs
 31. I/O Rules Summary
 32. I/O Rules Details
 33. I/O Rules Matrix
 34. Fitter Device Options
 35. Operating Settings and Conditions
 36. Fitter Messages
 37. Fitter Suppressed Messages



----------------
; Legal Notice ;
----------------
Copyright (C) 1991-2013 Altera Corporation
Your use of Altera Corporation's design tools, logic functions 
and other software and tools, and its AMPP partner logic 
functions, and any output files from any of the foregoing 
(including device programming or simulation files), and any 
associated documentation or information are expressly subject 
to the terms and conditions of the Altera Program License 
Subscription Agreement, Altera MegaCore Function License 
Agreement, or other applicable license agreement, including, 
without limitation, that your use is for the sole purpose of 
programming logic devices manufactured by Altera and sold by 
Altera or its authorized distributors.  Please refer to the 
applicable agreement for further details.



+--------------------------------------------------------------------------------------+
; Fitter Summary                                                                       ;
+------------------------------------+-------------------------------------------------+
; Fitter Status                      ; Successful - Mon Mar 23 14:05:30 2026           ;
; Quartus II 64-Bit Version          ; 13.0.1 Build 232 06/12/2013 SP 1 SJ Web Edition ;
; Revision Name                      ; key_expanse                                     ;
; Top-level Entity Name              ; key_expansion                                   ;
; Family                             ; Cyclone III                                     ;
; Device                             ; EP3C5F256C6                                     ;
; Timing Models                      ; Final                                           ;
; Total logic elements               ; 217 / 5,136 ( 4 % )                             ;
;     Total combinational functions  ; 191 / 5,136 ( 4 % )                             ;
;     Dedicated logic registers      ; 183 / 5,136 ( 4 % )                             ;
; Total registers                    ; 183                                             ;
; Total pins                         ; 103 / 183 ( 56 % )                              ;
; Total virtual pins                 ; 0                                               ;
; Total memory bits                  ; 2,048 / 423,936 ( < 1 % )                       ;
; Embedded Multiplier 9-bit elements ; 0 / 46 ( 0 % )                                  ;
; Total PLLs                         ; 0 / 2 ( 0 % )                                   ;
+------------------------------------+-------------------------------------------------+


+------------------------------------------------------------------------------------------------------------------------------------------------------------+
; Fitter Settings                                                                                                                                            ;
+----------------------------------------------------------------------------+---------------------------------------+---------------------------------------+
; Option                                                                     ; Setting                               ; Default Value                         ;
+----------------------------------------------------------------------------+---------------------------------------+---------------------------------------+
; Device                                                                     ; AUTO                                  ;                                       ;
; Fit Attempts to Skip                                                       ; 0                                     ; 0.0                                   ;
; Use smart compilation                                                      ; Off                                   ; Off                                   ;
; Enable parallel Assembler and TimeQuest Timing Analyzer during compilation ; On                                    ; On                                    ;
; Enable compact report table                                                ; Off                                   ; Off                                   ;
; Auto Merge PLLs                                                            ; On                                    ; On                                    ;
; Router Timing Optimization Level                                           ; Normal                                ; Normal                                ;
; Perform Clocking Topology Analysis During Routing                          ; Off                                   ; Off                                   ;
; Placement Effort Multiplier                                                ; 1.0                                   ; 1.0                                   ;
; Router Effort Multiplier                                                   ; 1.0                                   ; 1.0                                   ;
; Optimize Hold Timing                                                       ; All Paths                             ; All Paths                             ;
; Optimize Multi-Corner Timing                                               ; On                                    ; On                                    ;
; PowerPlay Power Optimization                                               ; Normal compilation                    ; Normal compilation                    ;
; SSN Optimization                                                           ; Off                                   ; Off                                   ;
; Optimize Timing                                                            ; Normal compilation                    ; Normal compilation                    ;
; Optimize Timing for ECOs                                                   ; Off                                   ; Off                                   ;
; Regenerate full fit report during ECO compiles                             ; Off                                   ; Off                                   ;
; Optimize IOC Register Placement for Timing                                 ; Normal                                ; Normal                                ;
; Limit to One Fitting Attempt                                               ; Off                                   ; Off                                   ;
; Final Placement Optimizations                                              ; Automatically                         ; Automatically                         ;
; Fitter Aggressive Routability Optimizations                                ; Automatically                         ; Automatically                         ;
; Fitter Initial Placement Seed                                              ; 1                                     ; 1                                     ;
; PCI I/O                                                                    ; Off                                   ; Off                                   ;
; Weak Pull-Up Resistor                                                      ; Off                                   ; Off                                   ;
; Enable Bus-Hold Circuitry                                                  ; Off                                   ; Off                                   ;
; Auto Packed Registers                                                      ; Auto                                  ; Auto                                  ;
; Auto Delay Chains                                                          ; On                                    ; On                                    ;
; Auto Delay Chains for High Fanout Input Pins                               ; Off                                   ; Off                                   ;
; Allow Single-ended Buffer for Differential-XSTL Input                      ; Off                                   ; Off                                   ;
; Treat Bidirectional Pin as Output Pin                                      ; Off                                   ; Off                                   ;
; Perform Physical Synthesis for Combinational Logic for Fitting             ; Off                                   ; Off                                   ;
; Perform Physical Synthesis for Combinational Logic for Performance         ; Off                                   ; Off                                   ;
; Perform Register Duplication for Performance                               ; Off                                   ; Off                                   ;
; Perform Logic to Memory Mapping for Fitting                                ; Off                                   ; Off                                   ;
; Perform Register Retiming for Performance                                  ; Off                                   ; Off                                   ;
; Perform Asynchronous Signal Pipelining                                     ; Off                                   ; Off                                   ;
; Fitter Effort                                                              ; Auto Fit                              ; Auto Fit                              ;
; Physical Synthesis Effort Level                                            ; Normal                                ; Normal                                ;
; Logic Cell Insertion - Logic Duplication                                   ; Auto                                  ; Auto                                  ;
; Auto Register Duplication                                                  ; Auto                                  ; Auto                                  ;
; Auto Global Clock                                                          ; On                                    ; On                                    ;
; Auto Global Register Control Signals                                       ; On                                    ; On                                    ;
; Reserve all unused pins                                                    ; As input tri-stated with weak pull-up ; As input tri-stated with weak pull-up ;
; Synchronizer Identification                                                ; Off                                   ; Off                                   ;
; Enable Beneficial Skew Optimization                                        ; On                                    ; On                                    ;
; Optimize Design for Metastability                                          ; On                                    ; On                                    ;
; Force Fitter to Avoid Periphery Placement Warnings                         ; Off                                   ; Off                                   ;
; RAM Bit Reservation (Cyclone III)                                          ; Off                                   ; Off                                   ;
; Enable input tri-state on active configuration pins in user mode           ; Off                                   ; Off                                   ;
+----------------------------------------------------------------------------+---------------------------------------+---------------------------------------+


Parallel compilation was disabled, but you have multiple processors available. Enable parallel compilation to reduce compilation time.
+-------------------------------------+
; Parallel Compilation                ;
+----------------------------+--------+
; Processors                 ; Number ;
+----------------------------+--------+
; Number detected on machine ; 12     ;
; Maximum allowed            ; 1      ;
+----------------------------+--------+


+------------------------------------------------+
; I/O Assignment Warnings                        ;
+----------------+-------------------------------+
; Pin Name       ; Reason                        ;
+----------------+-------------------------------+
; key_word[0]    ; Incomplete set of assignments ;
; key_word[1]    ; Incomplete set of assignments ;
; key_word[2]    ; Incomplete set of assignments ;
; key_word[3]    ; Incomplete set of assignments ;
; key_word[4]    ; Incomplete set of assignments ;
; key_word[5]    ; Incomplete set of assignments ;
; key_word[6]    ; Incomplete set of assignments ;
; key_word[7]    ; Incomplete set of assignments ;
; key_word[8]    ; Incomplete set of assignments ;
; key_word[9]    ; Incomplete set of assignments ;
; key_word[10]   ; Incomplete set of assignments ;
; key_word[11]   ; Incomplete set of assignments ;
; key_word[12]   ; Incomplete set of assignments ;
; key_word[13]   ; Incomplete set of assignments ;
; key_word[14]   ; Incomplete set of assignments ;
; key_word[15]   ; Incomplete set of assignments ;
; key_word[16]   ; Incomplete set of assignments ;
; key_word[17]   ; Incomplete set of assignments ;
; key_word[18]   ; Incomplete set of assignments ;
; key_word[19]   ; Incomplete set of assignments ;
; key_word[20]   ; Incomplete set of assignments ;
; key_word[21]   ; Incomplete set of assignments ;
; key_word[22]   ; Incomplete set of assignments ;
; key_word[23]   ; Incomplete set of assignments ;
; key_word[24]   ; Incomplete set of assignments ;
; key_word[25]   ; Incomplete set of assignments ;
; key_word[26]   ; Incomplete set of assignments ;
; key_word[27]   ; Incomplete set of assignments ;
; key_word[28]   ; Incomplete set of assignments ;
; key_word[29]   ; Incomplete set of assignments ;
; key_word[30]   ; Incomplete set of assignments ;
; key_word[31]   ; Incomplete set of assignments ;
; rcon_out[0]    ; Incomplete set of assignments ;
; rcon_out[1]    ; Incomplete set of assignments ;
; rcon_out[2]    ; Incomplete set of assignments ;
; rcon_out[3]    ; Incomplete set of assignments ;
; rcon_out[4]    ; Incomplete set of assignments ;
; rcon_out[5]    ; Incomplete set of assignments ;
; rcon_out[6]    ; Incomplete set of assignments ;
; rcon_out[7]    ; Incomplete set of assignments ;
; rcon_out[8]    ; Incomplete set of assignments ;
; rcon_out[9]    ; Incomplete set of assignments ;
; rcon_out[10]   ; Incomplete set of assignments ;
; rcon_out[11]   ; Incomplete set of assignments ;
; rcon_out[12]   ; Incomplete set of assignments ;
; rcon_out[13]   ; Incomplete set of assignments ;
; rcon_out[14]   ; Incomplete set of assignments ;
; rcon_out[15]   ; Incomplete set of assignments ;
; rcon_out[16]   ; Incomplete set of assignments ;
; rcon_out[17]   ; Incomplete set of assignments ;
; rcon_out[18]   ; Incomplete set of assignments ;
; rcon_out[19]   ; Incomplete set of assignments ;
; rcon_out[20]   ; Incomplete set of assignments ;
; rcon_out[21]   ; Incomplete set of assignments ;
; rcon_out[22]   ; Incomplete set of assignments ;
; rcon_out[23]   ; Incomplete set of assignments ;
; rcon_out[24]   ; Incomplete set of assignments ;
; rcon_out[25]   ; Incomplete set of assignments ;
; rcon_out[26]   ; Incomplete set of assignments ;
; rcon_out[27]   ; Incomplete set of assignments ;
; rcon_out[28]   ; Incomplete set of assignments ;
; rcon_out[29]   ; Incomplete set of assignments ;
; rcon_out[30]   ; Incomplete set of assignments ;
; rcon_out[31]   ; Incomplete set of assignments ;
; aux_out[0]     ; Incomplete set of assignments ;
; aux_out[1]     ; Incomplete set of assignments ;
; aux_out[2]     ; Incomplete set of assignments ;
; aux_out[3]     ; Incomplete set of assignments ;
; aux_out[4]     ; Incomplete set of assignments ;
; aux_out[5]     ; Incomplete set of assignments ;
; aux_out[6]     ; Incomplete set of assignments ;
; aux_out[7]     ; Incomplete set of assignments ;
; aux_out[8]     ; Incomplete set of assignments ;
; aux_out[9]     ; Incomplete set of assignments ;
; aux_out[10]    ; Incomplete set of assignments ;
; aux_out[11]    ; Incomplete set of assignments ;
; aux_out[12]    ; Incomplete set of assignments ;
; aux_out[13]    ; Incomplete set of assignments ;
; aux_out[14]    ; Incomplete set of assignments ;
; aux_out[15]    ; Incomplete set of assignments ;
; aux_out[16]    ; Incomplete set of assignments ;
; aux_out[17]    ; Incomplete set of assignments ;
; aux_out[18]    ; Incomplete set of assignments ;
; aux_out[19]    ; Incomplete set of assignments ;
; aux_out[20]    ; Incomplete set of assignments ;
; aux_out[21]    ; Incomplete set of assignments ;
; aux_out[22]    ; Incomplete set of assignments ;
; aux_out[23]    ; Incomplete set of assignments ;
; aux_out[24]    ; Incomplete set of assignments ;
; aux_out[25]    ; Incomplete set of assignments ;
; aux_out[26]    ; Incomplete set of assignments ;
; aux_out[27]    ; Incomplete set of assignments ;
; aux_out[28]    ; Incomplete set of assignments ;
; aux_out[29]    ; Incomplete set of assignments ;
; aux_out[30]    ; Incomplete set of assignments ;
; aux_out[31]    ; Incomplete set of assignments ;
; state_out[0]   ; Incomplete set of assignments ;
; state_out[1]   ; Incomplete set of assignments ;
; state_out[2]   ; Incomplete set of assignments ;
; counter_out[0] ; Incomplete set of assignments ;
; counter_out[1] ; Incomplete set of assignments ;
; clk            ; Incomplete set of assignments ;
; reset          ; Incomplete set of assignments ;
+----------------+-------------------------------+


+----------------------------------------------+
; Incremental Compilation Preservation Summary ;
+---------------------+------------------------+
; Type                ; Value                  ;
+---------------------+------------------------+
; Placement (by node) ;                        ;
;     -- Requested    ; 0 / 600 ( 0.00 % )     ;
;     -- Achieved     ; 0 / 600 ( 0.00 % )     ;
;                     ;                        ;
; Routing (by net)    ;                        ;
;     -- Requested    ; 0 / 0 ( 0.00 % )       ;
;     -- Achieved     ; 0 / 0 ( 0.00 % )       ;
+---------------------+------------------------+


+----------------------------------------------------------------------------------------------------------------------------------------------------------------------------------------+
; Incremental Compilation Partition Settings                                                                                                                                             ;
+--------------------------------+----------------+-------------------+-------------------------+------------------------+------------------------------+--------------------------------+
; Partition Name                 ; Partition Type ; Netlist Type Used ; Preservation Level Used ; Netlist Type Requested ; Preservation Level Requested ; Contents                       ;
+--------------------------------+----------------+-------------------+-------------------------+------------------------+------------------------------+--------------------------------+
; Top                            ; User-created   ; Source File       ; N/A                     ; Source File            ; N/A                          ;                                ;
; hard_block:auto_generated_inst ; Auto-generated ; Source File       ; N/A                     ; Source File            ; N/A                          ; hard_block:auto_generated_inst ;
+--------------------------------+----------------+-------------------+-------------------------+------------------------+------------------------------+--------------------------------+


+------------------------------------------------------------------------------------------------------------+
; Incremental Compilation Placement Preservation                                                             ;
+--------------------------------+---------+-------------------+-------------------------+-------------------+
; Partition Name                 ; # Nodes ; # Preserved Nodes ; Preservation Level Used ; Netlist Type Used ;
+--------------------------------+---------+-------------------+-------------------------+-------------------+
; Top                            ; 590     ; 0                 ; N/A                     ; Source File       ;
; hard_block:auto_generated_inst ; 10      ; 0                 ; N/A                     ; Source File       ;
+--------------------------------+---------+-------------------+-------------------------+-------------------+


+--------------+
; Pin-Out File ;
+--------------+
The pin-out file can be found in C:/Users/User/Documents/GitHub/Proyecto_Final_AES/expansor de clave_V2/output_files/key_expanse.pin.


+-------------------------------------------------------------------------+
; Fitter Resource Usage Summary                                           ;
+---------------------------------------------+---------------------------+
; Resource                                    ; Usage                     ;
+---------------------------------------------+---------------------------+
; Total logic elements                        ; 217 / 5,136 ( 4 % )       ;
;     -- Combinational with no register       ; 34                        ;
;     -- Register only                        ; 26                        ;
;     -- Combinational with a register        ; 157                       ;
;                                             ;                           ;
; Logic element usage by number of LUT inputs ;                           ;
;     -- 4 input functions                    ; 67                        ;
;     -- 3 input functions                    ; 115                       ;
;     -- <=2 input functions                  ; 9                         ;
;     -- Register only                        ; 26                        ;
;                                             ;                           ;
; Logic elements by mode                      ;                           ;
;     -- normal mode                          ; 191                       ;
;     -- arithmetic mode                      ; 0                         ;
;                                             ;                           ;
; Total registers*                            ; 183 / 6,000 ( 3 % )       ;
;     -- Dedicated logic registers            ; 183 / 5,136 ( 4 % )       ;
;     -- I/O registers                        ; 0 / 864 ( 0 % )           ;
;                                             ;                           ;
; Total LABs:  partially or completely used   ; 15 / 321 ( 5 % )          ;
; Virtual pins                                ; 0                         ;
; I/O pins                                    ; 103 / 183 ( 56 % )        ;
;     -- Clock pins                           ; 1 / 4 ( 25 % )            ;
;     -- Dedicated input pins                 ; 0 / 9 ( 0 % )             ;
;                                             ;                           ;
; Global signals                              ; 2                         ;
; M9Ks                                        ; 1 / 46 ( 2 % )            ;
; Total block memory bits                     ; 2,048 / 423,936 ( < 1 % ) ;
; Total block memory implementation bits      ; 9,216 / 423,936 ( 2 % )   ;
; Embedded Multiplier 9-bit elements          ; 0 / 46 ( 0 % )            ;
; PLLs                                        ; 0 / 2 ( 0 % )             ;
; Global clocks                               ; 2 / 10 ( 20 % )           ;
; JTAGs                                       ; 0 / 1 ( 0 % )             ;
; CRC blocks                                  ; 0 / 1 ( 0 % )             ;
; ASMI blocks                                 ; 0 / 1 ( 0 % )             ;
; Impedance control blocks                    ; 0 / 4 ( 0 % )             ;
; Average interconnect usage (total/H/V)      ; 0% / 0% / 0%              ;
; Peak interconnect usage (total/H/V)         ; 2% / 2% / 2%              ;
; Maximum fan-out                             ; 184                       ;
; Highest non-global fan-out                  ; 128                       ;
; Total fan-out                               ; 1438                      ;
; Average fan-out                             ; 2.32                      ;
+---------------------------------------------+---------------------------+
*  Register count does not include registers inside RAM blocks or DSP blocks.



+---------------------------------------------------------------------------------------------------+
; Fitter Partition Statistics                                                                       ;
+---------------------------------------------+--------------------+--------------------------------+
; Statistic                                   ; Top                ; hard_block:auto_generated_inst ;
+---------------------------------------------+--------------------+--------------------------------+
; Difficulty Clustering Region                ; Low                ; Low                            ;
;                                             ;                    ;                                ;
; Total logic elements                        ; 217 / 5136 ( 4 % ) ; 0 / 5136 ( 0 % )               ;
;     -- Combinational with no register       ; 34                 ; 0                              ;
;     -- Register only                        ; 26                 ; 0                              ;
;     -- Combinational with a register        ; 157                ; 0                              ;
;                                             ;                    ;                                ;
; Logic element usage by number of LUT inputs ;                    ;                                ;
;     -- 4 input functions                    ; 67                 ; 0                              ;
;     -- 3 input functions                    ; 115                ; 0                              ;
;     -- <=2 input functions                  ; 9                  ; 0                              ;
;     -- Register only                        ; 26                 ; 0                              ;
;                                             ;                    ;                                ;
; Logic elements by mode                      ;                    ;                                ;
;     -- normal mode                          ; 191                ; 0                              ;
;     -- arithmetic mode                      ; 0                  ; 0                              ;
;                                             ;                    ;                                ;
; Total registers                             ; 183                ; 0                              ;
;     -- Dedicated logic registers            ; 183 / 5136 ( 4 % ) ; 0 / 5136 ( 0 % )               ;
;                                             ;                    ;                                ;
; Total LABs:  partially or completely used   ; 15 / 321 ( 5 % )   ; 0 / 321 ( 0 % )                ;
;                                             ;                    ;                                ;
; Virtual pins                                ; 0                  ; 0                              ;
; I/O pins                                    ; 103                ; 0                              ;
; Embedded Multiplier 9-bit elements          ; 0 / 46 ( 0 % )     ; 0 / 46 ( 0 % )                 ;
; Total memory bits                           ; 2048               ; 0                              ;
; Total RAM block bits                        ; 9216               ; 0                              ;
; M9K                                         ; 1 / 46 ( 2 % )     ; 0 / 46 ( 0 % )                 ;
; Clock control block                         ; 2 / 12 ( 16 % )    ; 0 / 12 ( 0 % )                 ;
;                                             ;                    ;                                ;
; Connections                                 ;                    ;                                ;
;     -- Input Connections                    ; 0                  ; 0                              ;
;     -- Registered Input Connections         ; 0                  ; 0                              ;
;     -- Output Connections                   ; 0                  ; 0                              ;
;     -- Registered Output Connections        ; 0                  ; 0                              ;
;                                             ;                    ;                                ;
; Internal Connections                        ;                    ;                                ;
;     -- Total Connections                    ; 1433               ; 5                              ;
;     -- Registered Connections               ; 645                ; 0                              ;
;                                             ;                    ;                                ;
; External Connections                        ;                    ;                                ;
;     -- Top                                  ; 0                  ; 0                              ;
;     -- hard_block:auto_generated_inst       ; 0                  ; 0                              ;
;                                             ;                    ;                                ;
; Partition Interface                         ;                    ;                                ;
;     -- Input Ports                          ; 2                  ; 0                              ;
;     -- Output Ports                         ; 101                ; 0                              ;
;     -- Bidir Ports                          ; 0                  ; 0                              ;
;                                             ;                    ;                                ;
; Registered Ports                            ;                    ;                                ;
;     -- Registered Input Ports               ; 0                  ; 0                              ;
;     -- Registered Output Ports              ; 0                  ; 0                              ;
;                                             ;                    ;                                ;
; Port Connectivity                           ;                    ;                                ;
;     -- Input Ports driven by GND            ; 0                  ; 0                              ;
;     -- Output Ports driven by GND           ; 0                  ; 0                              ;
;     -- Input Ports driven by VCC            ; 0                  ; 0                              ;
;     -- Output Ports driven by VCC           ; 0                  ; 0                              ;
;     -- Input Ports with no Source           ; 0                  ; 0                              ;
;     -- Output Ports with no Source          ; 0                  ; 0                              ;
;     -- Input Ports with no Fanout           ; 0                  ; 0                              ;
;     -- Output Ports with no Fanout          ; 0                  ; 0                              ;
+---------------------------------------------+--------------------+--------------------------------+


+----------------------------------------------------------------------------------------------------------------------------------------------------------------------------------------------------------------------------------------------------------------------------+
; Input Pins                                                                                                                                                                                                                                                                 ;
+-------+-------+----------+--------------+--------------+--------------+-----------------------+--------------------+--------+----------------+---------------+-----------------+----------+--------------+--------------+---------------------------+----------------------+
; Name  ; Pin # ; I/O Bank ; X coordinate ; Y coordinate ; Z coordinate ; Combinational Fan-Out ; Registered Fan-Out ; Global ; Input Register ; Power Up High ; PCI I/O Enabled ; Bus Hold ; Weak Pull Up ; I/O Standard ; Termination Control Block ; Location assigned by ;
+-------+-------+----------+--------------+--------------+--------------+-----------------------+--------------------+--------+----------------+---------------+-----------------+----------+--------------+--------------+---------------------------+----------------------+
; clk   ; E2    ; 1        ; 0            ; 11           ; 0            ; 184                   ; 0                  ; yes    ; no             ; no            ; yes             ; no       ; Off          ; 2.5 V        ; --                        ; Fitter               ;
; reset ; E1    ; 1        ; 0            ; 11           ; 7            ; 23                    ; 0                  ; yes    ; no             ; no            ; yes             ; no       ; Off          ; 2.5 V        ; --                        ; Fitter               ;
+-------+-------+----------+--------------+--------------+--------------+-----------------------+--------------------+--------+----------------+---------------+-----------------+----------+--------------+--------------+---------------------------+----------------------+


+-----------------------------------------------------------------------------------------------------------------------------------------------------------------------------------------------------------------------------------------------------------------------------------------------------------------------------------------------------------------------------------------------------------------------------------------------------------------+
; Output Pins                                                                                                                                                                                                                                                                                                                                                                                                                                                     ;
+----------------+-------+----------+--------------+--------------+--------------+-----------------+------------------------+---------------+-----------+-----------------+------------+---------------+----------+--------------+--------------+------------------+-----------------------------------+---------------------------+----------------------------+-----------------------------+----------------------+----------------------+---------------------+
; Name           ; Pin # ; I/O Bank ; X coordinate ; Y coordinate ; Z coordinate ; Output Register ; Output Enable Register ; Power Up High ; Slew Rate ; PCI I/O Enabled ; Open Drain ; TRI Primitive ; Bus Hold ; Weak Pull Up ; I/O Standard ; Current Strength ; Termination                       ; Termination Control Block ; Output Buffer Pre-emphasis ; Voltage Output Differential ; Location assigned by ; Output Enable Source ; Output Enable Group ;
+----------------+-------+----------+--------------+--------------+--------------+-----------------+------------------------+---------------+-----------+-----------------+------------+---------------+----------+--------------+--------------+------------------+-----------------------------------+---------------------------+----------------------------+-----------------------------+----------------------+----------------------+---------------------+
; aux_out[0]     ; K11   ; 5        ; 34           ; 6            ; 14           ; no              ; no                     ; no            ; 2         ; no              ; no         ; no            ; no       ; Off          ; 2.5 V        ; Default          ; Series 50 Ohm without Calibration ; --                        ; no                         ; no                          ; Fitter               ; -                    ; -                   ;
; aux_out[10]    ; N6    ; 3        ; 7            ; 0            ; 14           ; no              ; no                     ; no            ; 2         ; no              ; no         ; no            ; no       ; Off          ; 2.5 V        ; Default          ; Series 50 Ohm without Calibration ; --                        ; no                         ; no                          ; Fitter               ; -                    ; -                   ;
; aux_out[11]    ; N8    ; 3        ; 16           ; 0            ; 21           ; no              ; no                     ; no            ; 2         ; no              ; no         ; no            ; no       ; Off          ; 2.5 V        ; Default          ; Series 50 Ohm without Calibration ; --                        ; no                         ; no                          ; Fitter               ; -                    ; -                   ;
; aux_out[12]    ; P6    ; 3        ; 7            ; 0            ; 0            ; no              ; no                     ; no            ; 2         ; no              ; no         ; no            ; no       ; Off          ; 2.5 V        ; Default          ; Series 50 Ohm without Calibration ; --                        ; no                         ; no                          ; Fitter               ; -                    ; -                   ;
; aux_out[13]    ; L16   ; 5        ; 34           ; 8            ; 14           ; no              ; no                     ; no            ; 2         ; no              ; no         ; no            ; no       ; Off          ; 2.5 V        ; Default          ; Series 50 Ohm without Calibration ; --                        ; no                         ; no                          ; Fitter               ; -                    ; -                   ;
; aux_out[14]    ; K6    ; 2        ; 0            ; 9            ; 0            ; no              ; no                     ; no            ; 2         ; no              ; no         ; no            ; no       ; Off          ; 2.5 V        ; Default          ; Series 50 Ohm without Calibration ; --                        ; no                         ; no                          ; Fitter               ; -                    ; -                   ;
; aux_out[15]    ; A8    ; 8        ; 16           ; 24           ; 14           ; no              ; no                     ; no            ; 2         ; no              ; no         ; no            ; no       ; Off          ; 2.5 V        ; Default          ; Series 50 Ohm without Calibration ; --                        ; no                         ; no                          ; Fitter               ; -                    ; -                   ;
; aux_out[16]    ; K16   ; 5        ; 34           ; 9            ; 14           ; no              ; no                     ; no            ; 2         ; no              ; no         ; no            ; no       ; Off          ; 2.5 V        ; Default          ; Series 50 Ohm without Calibration ; --                        ; no                         ; no                          ; Fitter               ; -                    ; -                   ;
; aux_out[17]    ; E6    ; 8        ; 7            ; 24           ; 7            ; no              ; no                     ; no            ; 2         ; no              ; no         ; no            ; no       ; Off          ; 2.5 V        ; Default          ; Series 50 Ohm without Calibration ; --                        ; no                         ; no                          ; Fitter               ; -                    ; -                   ;
; aux_out[18]    ; L4    ; 2        ; 0            ; 6            ; 21           ; no              ; no                     ; no            ; 2         ; no              ; no         ; no            ; no       ; Off          ; 2.5 V        ; Default          ; Series 50 Ohm without Calibration ; --                        ; no                         ; no                          ; Fitter               ; -                    ; -                   ;
; aux_out[19]    ; T7    ; 3        ; 13           ; 0            ; 21           ; no              ; no                     ; no            ; 2         ; no              ; no         ; no            ; no       ; Off          ; 2.5 V        ; Default          ; Series 50 Ohm without Calibration ; --                        ; no                         ; no                          ; Fitter               ; -                    ; -                   ;
; aux_out[1]     ; L14   ; 5        ; 34           ; 7            ; 7            ; no              ; no                     ; no            ; 2         ; no              ; no         ; no            ; no       ; Off          ; 2.5 V        ; Default          ; Series 50 Ohm without Calibration ; --                        ; no                         ; no                          ; Fitter               ; -                    ; -                   ;
; aux_out[20]    ; F7    ; 8        ; 11           ; 24           ; 21           ; no              ; no                     ; no            ; 2         ; no              ; no         ; no            ; no       ; Off          ; 2.5 V        ; Default          ; Series 50 Ohm without Calibration ; --                        ; no                         ; no                          ; Fitter               ; -                    ; -                   ;
; aux_out[21]    ; J11   ; 5        ; 34           ; 9            ; 21           ; no              ; no                     ; no            ; 2         ; no              ; no         ; no            ; no       ; Off          ; 2.5 V        ; Default          ; Series 50 Ohm without Calibration ; --                        ; no                         ; no                          ; Fitter               ; -                    ; -                   ;
; aux_out[22]    ; B7    ; 8        ; 11           ; 24           ; 7            ; no              ; no                     ; no            ; 2         ; no              ; no         ; no            ; no       ; Off          ; 2.5 V        ; Default          ; Series 50 Ohm without Calibration ; --                        ; no                         ; no                          ; Fitter               ; -                    ; -                   ;
; aux_out[23]    ; N16   ; 5        ; 34           ; 7            ; 21           ; no              ; no                     ; no            ; 2         ; no              ; no         ; no            ; no       ; Off          ; 2.5 V        ; Default          ; Series 50 Ohm without Calibration ; --                        ; no                         ; no                          ; Fitter               ; -                    ; -                   ;
; aux_out[24]    ; D9    ; 7        ; 18           ; 24           ; 14           ; no              ; no                     ; no            ; 2         ; no              ; no         ; no            ; no       ; Off          ; 2.5 V        ; Default          ; Series 50 Ohm without Calibration ; --                        ; no                         ; no                          ; Fitter               ; -                    ; -                   ;
; aux_out[25]    ; M10   ; 4        ; 28           ; 0            ; 0            ; no              ; no                     ; no            ; 2         ; no              ; no         ; no            ; no       ; Off          ; 2.5 V        ; Default          ; Series 50 Ohm without Calibration ; --                        ; no                         ; no                          ; Fitter               ; -                    ; -                   ;
; aux_out[26]    ; N9    ; 4        ; 21           ; 0            ; 14           ; no              ; no                     ; no            ; 2         ; no              ; no         ; no            ; no       ; Off          ; 2.5 V        ; Default          ; Series 50 Ohm without Calibration ; --                        ; no                         ; no                          ; Fitter               ; -                    ; -                   ;
; aux_out[27]    ; L9    ; 4        ; 18           ; 0            ; 0            ; no              ; no                     ; no            ; 2         ; no              ; no         ; no            ; no       ; Off          ; 2.5 V        ; Default          ; Series 50 Ohm without Calibration ; --                        ; no                         ; no                          ; Fitter               ; -                    ; -                   ;
; aux_out[28]    ; F8    ; 8        ; 13           ; 24           ; 21           ; no              ; no                     ; no            ; 2         ; no              ; no         ; no            ; no       ; Off          ; 2.5 V        ; Default          ; Series 50 Ohm without Calibration ; --                        ; no                         ; no                          ; Fitter               ; -                    ; -                   ;
; aux_out[29]    ; L10   ; 4        ; 25           ; 0            ; 7            ; no              ; no                     ; no            ; 2         ; no              ; no         ; no            ; no       ; Off          ; 2.5 V        ; Default          ; Series 50 Ohm without Calibration ; --                        ; no                         ; no                          ; Fitter               ; -                    ; -                   ;
; aux_out[2]     ; R9    ; 4        ; 18           ; 0            ; 21           ; no              ; no                     ; no            ; 2         ; no              ; no         ; no            ; no       ; Off          ; 2.5 V        ; Default          ; Series 50 Ohm without Calibration ; --                        ; no                         ; no                          ; Fitter               ; -                    ; -                   ;
; aux_out[30]    ; T10   ; 4        ; 21           ; 0            ; 0            ; no              ; no                     ; no            ; 2         ; no              ; no         ; no            ; no       ; Off          ; 2.5 V        ; Default          ; Series 50 Ohm without Calibration ; --                        ; no                         ; no                          ; Fitter               ; -                    ; -                   ;
; aux_out[31]    ; K9    ; 4        ; 18           ; 0            ; 7            ; no              ; no                     ; no            ; 2         ; no              ; no         ; no            ; no       ; Off          ; 2.5 V        ; Default          ; Series 50 Ohm without Calibration ; --                        ; no                         ; no                          ; Fitter               ; -                    ; -                   ;
; aux_out[3]     ; R10   ; 4        ; 21           ; 0            ; 7            ; no              ; no                     ; no            ; 2         ; no              ; no         ; no            ; no       ; Off          ; 2.5 V        ; Default          ; Series 50 Ohm without Calibration ; --                        ; no                         ; no                          ; Fitter               ; -                    ; -                   ;
; aux_out[4]     ; A9    ; 7        ; 16           ; 24           ; 0            ; no              ; no                     ; no            ; 2         ; no              ; no         ; no            ; no       ; Off          ; 2.5 V        ; Default          ; Series 50 Ohm without Calibration ; --                        ; no                         ; no                          ; Fitter               ; -                    ; -                   ;
; aux_out[5]     ; R8    ; 3        ; 16           ; 0            ; 7            ; no              ; no                     ; no            ; 2         ; no              ; no         ; no            ; no       ; Off          ; 2.5 V        ; Default          ; Series 50 Ohm without Calibration ; --                        ; no                         ; no                          ; Fitter               ; -                    ; -                   ;
; aux_out[6]     ; N15   ; 5        ; 34           ; 7            ; 14           ; no              ; no                     ; no            ; 2         ; no              ; no         ; no            ; no       ; Off          ; 2.5 V        ; Default          ; Series 50 Ohm without Calibration ; --                        ; no                         ; no                          ; Fitter               ; -                    ; -                   ;
; aux_out[7]     ; R12   ; 4        ; 23           ; 0            ; 0            ; no              ; no                     ; no            ; 2         ; no              ; no         ; no            ; no       ; Off          ; 2.5 V        ; Default          ; Series 50 Ohm without Calibration ; --                        ; no                         ; no                          ; Fitter               ; -                    ; -                   ;
; aux_out[8]     ; P8    ; 3        ; 16           ; 0            ; 14           ; no              ; no                     ; no            ; 2         ; no              ; no         ; no            ; no       ; Off          ; 2.5 V        ; Default          ; Series 50 Ohm without Calibration ; --                        ; no                         ; no                          ; Fitter               ; -                    ; -                   ;
; aux_out[9]     ; E9    ; 7        ; 18           ; 24           ; 21           ; no              ; no                     ; no            ; 2         ; no              ; no         ; no            ; no       ; Off          ; 2.5 V        ; Default          ; Series 50 Ohm without Calibration ; --                        ; no                         ; no                          ; Fitter               ; -                    ; -                   ;
; counter_out[0] ; N1    ; 2        ; 0            ; 7            ; 21           ; no              ; no                     ; no            ; 2         ; no              ; no         ; no            ; no       ; Off          ; 2.5 V        ; Default          ; Series 50 Ohm without Calibration ; --                        ; no                         ; no                          ; Fitter               ; -                    ; -                   ;
; counter_out[1] ; R4    ; 3        ; 5            ; 0            ; 21           ; no              ; no                     ; no            ; 2         ; no              ; no         ; no            ; no       ; Off          ; 2.5 V        ; Default          ; Series 50 Ohm without Calibration ; --                        ; no                         ; no                          ; Fitter               ; -                    ; -                   ;
; key_word[0]    ; T8    ; 3        ; 16           ; 0            ; 0            ; no              ; no                     ; no            ; 2         ; no              ; no         ; no            ; no       ; Off          ; 2.5 V        ; Default          ; Series 50 Ohm without Calibration ; --                        ; no                         ; no                          ; Fitter               ; -                    ; -                   ;
; key_word[10]   ; K5    ; 2        ; 0            ; 6            ; 14           ; no              ; no                     ; no            ; 2         ; no              ; no         ; no            ; no       ; Off          ; 2.5 V        ; Default          ; Series 50 Ohm without Calibration ; --                        ; no                         ; no                          ; Fitter               ; -                    ; -                   ;
; key_word[11]   ; L2    ; 2        ; 0            ; 8            ; 14           ; no              ; no                     ; no            ; 2         ; no              ; no         ; no            ; no       ; Off          ; 2.5 V        ; Default          ; Series 50 Ohm without Calibration ; --                        ; no                         ; no                          ; Fitter               ; -                    ; -                   ;
; key_word[12]   ; A5    ; 8        ; 7            ; 24           ; 14           ; no              ; no                     ; no            ; 2         ; no              ; no         ; no            ; no       ; Off          ; 2.5 V        ; Default          ; Series 50 Ohm without Calibration ; --                        ; no                         ; no                          ; Fitter               ; -                    ; -                   ;
; key_word[13]   ; E8    ; 8        ; 13           ; 24           ; 14           ; no              ; no                     ; no            ; 2         ; no              ; no         ; no            ; no       ; Off          ; 2.5 V        ; Default          ; Series 50 Ohm without Calibration ; --                        ; no                         ; no                          ; Fitter               ; -                    ; -                   ;
; key_word[14]   ; K8    ; 3        ; 9            ; 0            ; 14           ; no              ; no                     ; no            ; 2         ; no              ; no         ; no            ; no       ; Off          ; 2.5 V        ; Default          ; Series 50 Ohm without Calibration ; --                        ; no                         ; no                          ; Fitter               ; -                    ; -                   ;
; key_word[15]   ; M8    ; 3        ; 13           ; 0            ; 0            ; no              ; no                     ; no            ; 2         ; no              ; no         ; no            ; no       ; Off          ; 2.5 V        ; Default          ; Series 50 Ohm without Calibration ; --                        ; no                         ; no                          ; Fitter               ; -                    ; -                   ;
; key_word[16]   ; L15   ; 5        ; 34           ; 8            ; 7            ; no              ; no                     ; no            ; 2         ; no              ; no         ; no            ; no       ; Off          ; 2.5 V        ; Default          ; Series 50 Ohm without Calibration ; --                        ; no                         ; no                          ; Fitter               ; -                    ; -                   ;
; key_word[17]   ; A7    ; 8        ; 11           ; 24           ; 0            ; no              ; no                     ; no            ; 2         ; no              ; no         ; no            ; no       ; Off          ; 2.5 V        ; Default          ; Series 50 Ohm without Calibration ; --                        ; no                         ; no                          ; Fitter               ; -                    ; -                   ;
; key_word[18]   ; A6    ; 8        ; 9            ; 24           ; 14           ; no              ; no                     ; no            ; 2         ; no              ; no         ; no            ; no       ; Off          ; 2.5 V        ; Default          ; Series 50 Ohm without Calibration ; --                        ; no                         ; no                          ; Fitter               ; -                    ; -                   ;
; key_word[19]   ; L7    ; 3        ; 11           ; 0            ; 7            ; no              ; no                     ; no            ; 2         ; no              ; no         ; no            ; no       ; Off          ; 2.5 V        ; Default          ; Series 50 Ohm without Calibration ; --                        ; no                         ; no                          ; Fitter               ; -                    ; -                   ;
; key_word[1]    ; B9    ; 7        ; 16           ; 24           ; 7            ; no              ; no                     ; no            ; 2         ; no              ; no         ; no            ; no       ; Off          ; 2.5 V        ; Default          ; Series 50 Ohm without Calibration ; --                        ; no                         ; no                          ; Fitter               ; -                    ; -                   ;
; key_word[20]   ; B6    ; 8        ; 9            ; 24           ; 21           ; no              ; no                     ; no            ; 2         ; no              ; no         ; no            ; no       ; Off          ; 2.5 V        ; Default          ; Series 50 Ohm without Calibration ; --                        ; no                         ; no                          ; Fitter               ; -                    ; -                   ;
; key_word[21]   ; C8    ; 8        ; 13           ; 24           ; 0            ; no              ; no                     ; no            ; 2         ; no              ; no         ; no            ; no       ; Off          ; 2.5 V        ; Default          ; Series 50 Ohm without Calibration ; --                        ; no                         ; no                          ; Fitter               ; -                    ; -                   ;
; key_word[22]   ; P1    ; 2        ; 0            ; 4            ; 21           ; no              ; no                     ; no            ; 2         ; no              ; no         ; no            ; no       ; Off          ; 2.5 V        ; Default          ; Series 50 Ohm without Calibration ; --                        ; no                         ; no                          ; Fitter               ; -                    ; -                   ;
; key_word[23]   ; B8    ; 8        ; 16           ; 24           ; 21           ; no              ; no                     ; no            ; 2         ; no              ; no         ; no            ; no       ; Off          ; 2.5 V        ; Default          ; Series 50 Ohm without Calibration ; --                        ; no                         ; no                          ; Fitter               ; -                    ; -                   ;
; key_word[24]   ; L6    ; 2        ; 0            ; 9            ; 7            ; no              ; no                     ; no            ; 2         ; no              ; no         ; no            ; no       ; Off          ; 2.5 V        ; Default          ; Series 50 Ohm without Calibration ; --                        ; no                         ; no                          ; Fitter               ; -                    ; -                   ;
; key_word[25]   ; L13   ; 5        ; 34           ; 8            ; 21           ; no              ; no                     ; no            ; 2         ; no              ; no         ; no            ; no       ; Off          ; 2.5 V        ; Default          ; Series 50 Ohm without Calibration ; --                        ; no                         ; no                          ; Fitter               ; -                    ; -                   ;
; key_word[26]   ; T11   ; 4        ; 23           ; 0            ; 7            ; no              ; no                     ; no            ; 2         ; no              ; no         ; no            ; no       ; Off          ; 2.5 V        ; Default          ; Series 50 Ohm without Calibration ; --                        ; no                         ; no                          ; Fitter               ; -                    ; -                   ;
; key_word[27]   ; R7    ; 3        ; 11           ; 0            ; 0            ; no              ; no                     ; no            ; 2         ; no              ; no         ; no            ; no       ; Off          ; 2.5 V        ; Default          ; Series 50 Ohm without Calibration ; --                        ; no                         ; no                          ; Fitter               ; -                    ; -                   ;
; key_word[28]   ; M9    ; 4        ; 21           ; 0            ; 21           ; no              ; no                     ; no            ; 2         ; no              ; no         ; no            ; no       ; Off          ; 2.5 V        ; Default          ; Series 50 Ohm without Calibration ; --                        ; no                         ; no                          ; Fitter               ; -                    ; -                   ;
; key_word[29]   ; L8    ; 3        ; 13           ; 0            ; 14           ; no              ; no                     ; no            ; 2         ; no              ; no         ; no            ; no       ; Off          ; 2.5 V        ; Default          ; Series 50 Ohm without Calibration ; --                        ; no                         ; no                          ; Fitter               ; -                    ; -                   ;
; key_word[2]    ; C6    ; 8        ; 9            ; 24           ; 7            ; no              ; no                     ; no            ; 2         ; no              ; no         ; no            ; no       ; Off          ; 2.5 V        ; Default          ; Series 50 Ohm without Calibration ; --                        ; no                         ; no                          ; Fitter               ; -                    ; -                   ;
; key_word[30]   ; D8    ; 8        ; 13           ; 24           ; 7            ; no              ; no                     ; no            ; 2         ; no              ; no         ; no            ; no       ; Off          ; 2.5 V        ; Default          ; Series 50 Ohm without Calibration ; --                        ; no                         ; no                          ; Fitter               ; -                    ; -                   ;
; key_word[31]   ; K1    ; 2        ; 0            ; 8            ; 7            ; no              ; no                     ; no            ; 2         ; no              ; no         ; no            ; no       ; Off          ; 2.5 V        ; Default          ; Series 50 Ohm without Calibration ; --                        ; no                         ; no                          ; Fitter               ; -                    ; -                   ;
; key_word[3]    ; F6    ; 8        ; 11           ; 24           ; 14           ; no              ; no                     ; no            ; 2         ; no              ; no         ; no            ; no       ; Off          ; 2.5 V        ; Default          ; Series 50 Ohm without Calibration ; --                        ; no                         ; no                          ; Fitter               ; -                    ; -                   ;
; key_word[4]    ; R11   ; 4        ; 23           ; 0            ; 14           ; no              ; no                     ; no            ; 2         ; no              ; no         ; no            ; no       ; Off          ; 2.5 V        ; Default          ; Series 50 Ohm without Calibration ; --                        ; no                         ; no                          ; Fitter               ; -                    ; -                   ;
; key_word[5]    ; L1    ; 2        ; 0            ; 8            ; 21           ; no              ; no                     ; no            ; 2         ; no              ; no         ; no            ; no       ; Off          ; 2.5 V        ; Default          ; Series 50 Ohm without Calibration ; --                        ; no                         ; no                          ; Fitter               ; -                    ; -                   ;
; key_word[6]    ; C9    ; 7        ; 18           ; 24           ; 7            ; no              ; no                     ; no            ; 2         ; no              ; no         ; no            ; no       ; Off          ; 2.5 V        ; Default          ; Series 50 Ohm without Calibration ; --                        ; no                         ; no                          ; Fitter               ; -                    ; -                   ;
; key_word[7]    ; T12   ; 4        ; 25           ; 0            ; 21           ; no              ; no                     ; no            ; 2         ; no              ; no         ; no            ; no       ; Off          ; 2.5 V        ; Default          ; Series 50 Ohm without Calibration ; --                        ; no                         ; no                          ; Fitter               ; -                    ; -                   ;
; key_word[8]    ; K2    ; 2        ; 0            ; 8            ; 0            ; no              ; no                     ; no            ; 2         ; no              ; no         ; no            ; no       ; Off          ; 2.5 V        ; Default          ; Series 50 Ohm without Calibration ; --                        ; no                         ; no                          ; Fitter               ; -                    ; -                   ;
; key_word[9]    ; N5    ; 3        ; 7            ; 0            ; 21           ; no              ; no                     ; no            ; 2         ; no              ; no         ; no            ; no       ; Off          ; 2.5 V        ; Default          ; Series 50 Ohm without Calibration ; --                        ; no                         ; no                          ; Fitter               ; -                    ; -                   ;
; rcon_out[0]    ; B10   ; 7        ; 21           ; 24           ; 14           ; no              ; no                     ; no            ; 2         ; no              ; no         ; no            ; no       ; Off          ; 2.5 V        ; Default          ; Series 50 Ohm without Calibration ; --                        ; no                         ; no                          ; Fitter               ; -                    ; -                   ;
; rcon_out[10]   ; C11   ; 7        ; 23           ; 24           ; 0            ; no              ; no                     ; no            ; 2         ; no              ; no         ; no            ; no       ; Off          ; 2.5 V        ; Default          ; Series 50 Ohm without Calibration ; --                        ; no                         ; no                          ; Fitter               ; -                    ; -                   ;
; rcon_out[11]   ; A11   ; 7        ; 25           ; 24           ; 14           ; no              ; no                     ; no            ; 2         ; no              ; no         ; no            ; no       ; Off          ; 2.5 V        ; Default          ; Series 50 Ohm without Calibration ; --                        ; no                         ; no                          ; Fitter               ; -                    ; -                   ;
; rcon_out[12]   ; B5    ; 8        ; 5            ; 24           ; 7            ; no              ; no                     ; no            ; 2         ; no              ; no         ; no            ; no       ; Off          ; 2.5 V        ; Default          ; Series 50 Ohm without Calibration ; --                        ; no                         ; no                          ; Fitter               ; -                    ; -                   ;
; rcon_out[13]   ; K15   ; 5        ; 34           ; 9            ; 7            ; no              ; no                     ; no            ; 2         ; no              ; no         ; no            ; no       ; Off          ; 2.5 V        ; Default          ; Series 50 Ohm without Calibration ; --                        ; no                         ; no                          ; Fitter               ; -                    ; -                   ;
; rcon_out[14]   ; M12   ; 5        ; 34           ; 2            ; 14           ; no              ; no                     ; no            ; 2         ; no              ; no         ; no            ; no       ; Off          ; 2.5 V        ; Default          ; Series 50 Ohm without Calibration ; --                        ; no                         ; no                          ; Fitter               ; -                    ; -                   ;
; rcon_out[15]   ; R14   ; 4        ; 30           ; 0            ; 0            ; no              ; no                     ; no            ; 2         ; no              ; no         ; no            ; no       ; Off          ; 2.5 V        ; Default          ; Series 50 Ohm without Calibration ; --                        ; no                         ; no                          ; Fitter               ; -                    ; -                   ;
; rcon_out[16]   ; R1    ; 2        ; 0            ; 5            ; 21           ; no              ; no                     ; no            ; 2         ; no              ; no         ; no            ; no       ; Off          ; 2.5 V        ; Default          ; Series 50 Ohm without Calibration ; --                        ; no                         ; no                          ; Fitter               ; -                    ; -                   ;
; rcon_out[17]   ; A4    ; 8        ; 5            ; 24           ; 14           ; no              ; no                     ; no            ; 2         ; no              ; no         ; no            ; no       ; Off          ; 2.5 V        ; Default          ; Series 50 Ohm without Calibration ; --                        ; no                         ; no                          ; Fitter               ; -                    ; -                   ;
; rcon_out[18]   ; B1    ; 1        ; 0            ; 22           ; 0            ; no              ; no                     ; no            ; 2         ; no              ; no         ; no            ; no       ; Off          ; 2.5 V        ; Default          ; Series 50 Ohm without Calibration ; --                        ; no                         ; no                          ; Fitter               ; -                    ; -                   ;
; rcon_out[19]   ; P11   ; 4        ; 28           ; 0            ; 21           ; no              ; no                     ; no            ; 2         ; no              ; no         ; no            ; no       ; Off          ; 2.5 V        ; Default          ; Series 50 Ohm without Calibration ; --                        ; no                         ; no                          ; Fitter               ; -                    ; -                   ;
; rcon_out[1]    ; D5    ; 8        ; 3            ; 24           ; 0            ; no              ; no                     ; no            ; 2         ; no              ; no         ; no            ; no       ; Off          ; 2.5 V        ; Default          ; Series 50 Ohm without Calibration ; --                        ; no                         ; no                          ; Fitter               ; -                    ; -                   ;
; rcon_out[20]   ; T2    ; 3        ; 3            ; 0            ; 0            ; no              ; no                     ; no            ; 2         ; no              ; no         ; no            ; no       ; Off          ; 2.5 V        ; Default          ; Series 50 Ohm without Calibration ; --                        ; no                         ; no                          ; Fitter               ; -                    ; -                   ;
; rcon_out[21]   ; F10   ; 7        ; 23           ; 24           ; 7            ; no              ; no                     ; no            ; 2         ; no              ; no         ; no            ; no       ; Off          ; 2.5 V        ; Default          ; Series 50 Ohm without Calibration ; --                        ; no                         ; no                          ; Fitter               ; -                    ; -                   ;
; rcon_out[22]   ; B3    ; 8        ; 3            ; 24           ; 21           ; no              ; no                     ; no            ; 2         ; no              ; no         ; no            ; no       ; Off          ; 2.5 V        ; Default          ; Series 50 Ohm without Calibration ; --                        ; no                         ; no                          ; Fitter               ; -                    ; -                   ;
; rcon_out[23]   ; K12   ; 5        ; 34           ; 3            ; 14           ; no              ; no                     ; no            ; 2         ; no              ; no         ; no            ; no       ; Off          ; 2.5 V        ; Default          ; Series 50 Ohm without Calibration ; --                        ; no                         ; no                          ; Fitter               ; -                    ; -                   ;
; rcon_out[24]   ; M7    ; 3        ; 9            ; 0            ; 21           ; no              ; no                     ; no            ; 2         ; no              ; no         ; no            ; no       ; Off          ; 2.5 V        ; Default          ; Series 50 Ohm without Calibration ; --                        ; no                         ; no                          ; Fitter               ; -                    ; -                   ;
; rcon_out[25]   ; T4    ; 3        ; 5            ; 0            ; 14           ; no              ; no                     ; no            ; 2         ; no              ; no         ; no            ; no       ; Off          ; 2.5 V        ; Default          ; Series 50 Ohm without Calibration ; --                        ; no                         ; no                          ; Fitter               ; -                    ; -                   ;
; rcon_out[26]   ; T9    ; 4        ; 18           ; 0            ; 14           ; no              ; no                     ; no            ; 2         ; no              ; no         ; no            ; no       ; Off          ; 2.5 V        ; Default          ; Series 50 Ohm without Calibration ; --                        ; no                         ; no                          ; Fitter               ; -                    ; -                   ;
; rcon_out[27]   ; M6    ; 3        ; 7            ; 0            ; 7            ; no              ; no                     ; no            ; 2         ; no              ; no         ; no            ; no       ; Off          ; 2.5 V        ; Default          ; Series 50 Ohm without Calibration ; --                        ; no                         ; no                          ; Fitter               ; -                    ; -                   ;
; rcon_out[28]   ; L3    ; 2        ; 0            ; 7            ; 0            ; no              ; no                     ; no            ; 2         ; no              ; no         ; no            ; no       ; Off          ; 2.5 V        ; Default          ; Series 50 Ohm without Calibration ; --                        ; no                         ; no                          ; Fitter               ; -                    ; -                   ;
; rcon_out[29]   ; N2    ; 2        ; 0            ; 7            ; 14           ; no              ; no                     ; no            ; 2         ; no              ; no         ; no            ; no       ; Off          ; 2.5 V        ; Default          ; Series 50 Ohm without Calibration ; --                        ; no                         ; no                          ; Fitter               ; -                    ; -                   ;
; rcon_out[2]    ; A14   ; 7        ; 28           ; 24           ; 0            ; no              ; no                     ; no            ; 2         ; no              ; no         ; no            ; no       ; Off          ; 2.5 V        ; Default          ; Series 50 Ohm without Calibration ; --                        ; no                         ; no                          ; Fitter               ; -                    ; -                   ;
; rcon_out[30]   ; T5    ; 3        ; 9            ; 0            ; 0            ; no              ; no                     ; no            ; 2         ; no              ; no         ; no            ; no       ; Off          ; 2.5 V        ; Default          ; Series 50 Ohm without Calibration ; --                        ; no                         ; no                          ; Fitter               ; -                    ; -                   ;
; rcon_out[31]   ; R5    ; 3        ; 9            ; 0            ; 7            ; no              ; no                     ; no            ; 2         ; no              ; no         ; no            ; no       ; Off          ; 2.5 V        ; Default          ; Series 50 Ohm without Calibration ; --                        ; no                         ; no                          ; Fitter               ; -                    ; -                   ;
; rcon_out[3]    ; B4    ; 8        ; 5            ; 24           ; 21           ; no              ; no                     ; no            ; 2         ; no              ; no         ; no            ; no       ; Off          ; 2.5 V        ; Default          ; Series 50 Ohm without Calibration ; --                        ; no                         ; no                          ; Fitter               ; -                    ; -                   ;
; rcon_out[4]    ; A13   ; 7        ; 30           ; 24           ; 7            ; no              ; no                     ; no            ; 2         ; no              ; no         ; no            ; no       ; Off          ; 2.5 V        ; Default          ; Series 50 Ohm without Calibration ; --                        ; no                         ; no                          ; Fitter               ; -                    ; -                   ;
; rcon_out[5]    ; F3    ; 1        ; 0            ; 21           ; 7            ; no              ; no                     ; no            ; 2         ; no              ; no         ; no            ; no       ; Off          ; 2.5 V        ; Default          ; Series 50 Ohm without Calibration ; --                        ; no                         ; no                          ; Fitter               ; -                    ; -                   ;
; rcon_out[6]    ; E10   ; 7        ; 28           ; 24           ; 21           ; no              ; no                     ; no            ; 2         ; no              ; no         ; no            ; no       ; Off          ; 2.5 V        ; Default          ; Series 50 Ohm without Calibration ; --                        ; no                         ; no                          ; Fitter               ; -                    ; -                   ;
; rcon_out[7]    ; P15   ; 5        ; 34           ; 4            ; 14           ; no              ; no                     ; no            ; 2         ; no              ; no         ; no            ; no       ; Off          ; 2.5 V        ; Default          ; Series 50 Ohm without Calibration ; --                        ; no                         ; no                          ; Fitter               ; -                    ; -                   ;
; rcon_out[8]    ; T15   ; 4        ; 30           ; 0            ; 7            ; no              ; no                     ; no            ; 2         ; no              ; no         ; no            ; no       ; Off          ; 2.5 V        ; Default          ; Series 50 Ohm without Calibration ; --                        ; no                         ; no                          ; Fitter               ; -                    ; -                   ;
; rcon_out[9]    ; P3    ; 3        ; 1            ; 0            ; 14           ; no              ; no                     ; no            ; 2         ; no              ; no         ; no            ; no       ; Off          ; 2.5 V        ; Default          ; Series 50 Ohm without Calibration ; --                        ; no                         ; no                          ; Fitter               ; -                    ; -                   ;
; state_out[0]   ; T6    ; 3        ; 11           ; 0            ; 14           ; no              ; no                     ; no            ; 2         ; no              ; no         ; no            ; no       ; Off          ; 2.5 V        ; Default          ; Series 50 Ohm without Calibration ; --                        ; no                         ; no                          ; Fitter               ; -                    ; -                   ;
; state_out[1]   ; J2    ; 2        ; 0            ; 10           ; 0            ; no              ; no                     ; no            ; 2         ; no              ; no         ; no            ; no       ; Off          ; 2.5 V        ; Default          ; Series 50 Ohm without Calibration ; --                        ; no                         ; no                          ; Fitter               ; -                    ; -                   ;
; state_out[2]   ; R6    ; 3        ; 11           ; 0            ; 21           ; no              ; no                     ; no            ; 2         ; no              ; no         ; no            ; no       ; Off          ; 2.5 V        ; Default          ; Series 50 Ohm without Calibration ; --                        ; no                         ; no                          ; Fitter               ; -                    ; -                   ;
+----------------+-------+----------+--------------+--------------+--------------+-----------------+------------------------+---------------+-----------+-----------------+------------+---------------+----------+--------------+--------------+------------------+-----------------------------------+---------------------------+----------------------------+-----------------------------+----------------------+----------------------+---------------------+


+-------------------------------------------------------------------------------------------------------------------------+
; Dual Purpose and Dedicated Pins                                                                                         ;
+----------+-----------------------------+--------------------------+-------------------------+---------------------------+
; Location ; Pin Name                    ; Reserved As              ; User Signal Name        ; Pin Type                  ;
+----------+-----------------------------+--------------------------+-------------------------+---------------------------+
; C1       ; DIFFIO_L1n, DATA1, ASDO     ; As input tri-stated      ; ~ALTERA_ASDO_DATA1~     ; Dual Purpose Pin          ;
; D2       ; DIFFIO_L2p, FLASH_nCE, nCSO ; As input tri-stated      ; ~ALTERA_FLASH_nCE_nCSO~ ; Dual Purpose Pin          ;
; F4       ; nSTATUS                     ; -                        ; -                       ; Dedicated Programming Pin ;
; H1       ; DCLK                        ; As output driving ground ; ~ALTERA_DCLK~           ; Dual Purpose Pin          ;
; H2       ; DATA0                       ; As input tri-stated      ; ~ALTERA_DATA0~          ; Dual Purpose Pin          ;
; H5       ; nCONFIG                     ; -                        ; -                       ; Dedicated Programming Pin ;
; J3       ; nCE                         ; -                        ; -                       ; Dedicated Programming Pin ;
; H14      ; CONF_DONE                   ; -                        ; -                       ; Dedicated Programming Pin ;
; H13      ; MSEL0                       ; -                        ; -                       ; Dedicated Programming Pin ;
; H12      ; MSEL1                       ; -                        ; -                       ; Dedicated Programming Pin ;
; G12      ; MSEL2                       ; -                        ; -                       ; Dedicated Programming Pin ;
; G12      ; MSEL3                       ; -                        ; -                       ; Dedicated Programming Pin ;
; F16      ; DIFFIO_R3n, nCEO            ; Use as programming pin   ; ~ALTERA_nCEO~           ; Dual Purpose Pin          ;
; E8       ; DIFFIO_T10n, DATA2          ; Use as regular IO        ; key_word[13]            ; Dual Purpose Pin          ;
; F8       ; DIFFIO_T10p, DATA3          ; Use as regular IO        ; aux_out[28]             ; Dual Purpose Pin          ;
; B7       ; DIFFIO_T9p, DATA4           ; Use as regular IO        ; aux_out[22]             ; Dual Purpose Pin          ;
; E6       ; DATA6                       ; Use as regular IO        ; aux_out[17]             ; Dual Purpose Pin          ;
; A5       ; DIFFIO_T6n, DATA7           ; Use as regular IO        ; key_word[12]            ; Dual Purpose Pin          ;
+----------+-----------------------------+--------------------------+-------------------------+---------------------------+


+------------------------------------------------------------+
; I/O Bank Usage                                             ;
+----------+------------------+---------------+--------------+
; I/O Bank ; Usage            ; VCCIO Voltage ; VREF Voltage ;
+----------+------------------+---------------+--------------+
; 1        ; 8 / 18 ( 44 % )  ; 2.5V          ; --           ;
; 2        ; 14 / 19 ( 74 % ) ; 2.5V          ; --           ;
; 3        ; 23 / 26 ( 88 % ) ; 2.5V          ; --           ;
; 4        ; 17 / 27 ( 63 % ) ; 2.5V          ; --           ;
; 5        ; 13 / 25 ( 52 % ) ; 2.5V          ; --           ;
; 6        ; 1 / 16 ( 6 % )   ; 2.5V          ; --           ;
; 7        ; 12 / 26 ( 46 % ) ; 2.5V          ; --           ;
; 8        ; 20 / 26 ( 77 % ) ; 2.5V          ; --           ;
+----------+------------------+---------------+--------------+


+-----------------------------------------------------------------------------------------------------------------------------------------------------------------------------------------+
; All Package Pins                                                                                                                                                                        ;
+----------+------------+----------+-----------------------------------------------------------+--------+--------------+---------+------------+-----------------+----------+--------------+
; Location ; Pad Number ; I/O Bank ; Pin Name/Usage                                            ; Dir.   ; I/O Standard ; Voltage ; I/O Type   ; User Assignment ; Bus Hold ; Weak Pull Up ;
+----------+------------+----------+-----------------------------------------------------------+--------+--------------+---------+------------+-----------------+----------+--------------+
; A1       ;            ; 8        ; VCCIO8                                                    ; power  ;              ; 2.5V    ; --         ;                 ; --       ; --           ;
; A2       ; 194        ; 8        ; RESERVED_INPUT_WITH_WEAK_PULLUP                           ;        ;              ;         ; Column I/O ;                 ; no       ; On           ;
; A3       ; 200        ; 8        ; RESERVED_INPUT_WITH_WEAK_PULLUP                           ;        ;              ;         ; Column I/O ;                 ; no       ; On           ;
; A4       ; 196        ; 8        ; rcon_out[17]                                              ; output ; 2.5 V        ;         ; Column I/O ; N               ; no       ; Off          ;
; A5       ; 192        ; 8        ; key_word[12]                                              ; output ; 2.5 V        ;         ; Column I/O ; N               ; no       ; Off          ;
; A6       ; 188        ; 8        ; key_word[18]                                              ; output ; 2.5 V        ;         ; Column I/O ; N               ; no       ; Off          ;
; A7       ; 183        ; 8        ; key_word[17]                                              ; output ; 2.5 V        ;         ; Column I/O ; N               ; no       ; Off          ;
; A8       ; 177        ; 8        ; aux_out[15]                                               ; output ; 2.5 V        ;         ; Column I/O ; N               ; no       ; Off          ;
; A9       ; 175        ; 7        ; aux_out[4]                                                ; output ; 2.5 V        ;         ; Column I/O ; N               ; no       ; Off          ;
; A10      ; 168        ; 7        ; RESERVED_INPUT_WITH_WEAK_PULLUP                           ;        ;              ;         ; Column I/O ;                 ; no       ; On           ;
; A11      ; 161        ; 7        ; rcon_out[11]                                              ; output ; 2.5 V        ;         ; Column I/O ; N               ; no       ; Off          ;
; A12      ; 159        ; 7        ; RESERVED_INPUT_WITH_WEAK_PULLUP                           ;        ;              ;         ; Column I/O ;                 ; no       ; On           ;
; A13      ; 153        ; 7        ; rcon_out[4]                                               ; output ; 2.5 V        ;         ; Column I/O ; N               ; no       ; Off          ;
; A14      ; 155        ; 7        ; rcon_out[2]                                               ; output ; 2.5 V        ;         ; Column I/O ; N               ; no       ; Off          ;
; A15      ; 167        ; 7        ; RESERVED_INPUT_WITH_WEAK_PULLUP                           ;        ;              ;         ; Column I/O ;                 ; no       ; On           ;
; A16      ;            ; 7        ; VCCIO7                                                    ; power  ;              ; 2.5V    ; --         ;                 ; --       ; --           ;
; B1       ; 3          ; 1        ; rcon_out[18]                                              ; output ; 2.5 V        ;         ; Row I/O    ; N               ; no       ; Off          ;
; B2       ;            ;          ; GND                                                       ; gnd    ;              ;         ; --         ;                 ; --       ; --           ;
; B3       ; 201        ; 8        ; rcon_out[22]                                              ; output ; 2.5 V        ;         ; Column I/O ; N               ; no       ; Off          ;
; B4       ; 197        ; 8        ; rcon_out[3]                                               ; output ; 2.5 V        ;         ; Column I/O ; N               ; no       ; Off          ;
; B5       ; 195        ; 8        ; rcon_out[12]                                              ; output ; 2.5 V        ;         ; Column I/O ; N               ; no       ; Off          ;
; B6       ; 189        ; 8        ; key_word[20]                                              ; output ; 2.5 V        ;         ; Column I/O ; N               ; no       ; Off          ;
; B7       ; 184        ; 8        ; aux_out[22]                                               ; output ; 2.5 V        ;         ; Column I/O ; N               ; no       ; Off          ;
; B8       ; 178        ; 8        ; key_word[23]                                              ; output ; 2.5 V        ;         ; Column I/O ; N               ; no       ; Off          ;
; B9       ; 176        ; 7        ; key_word[1]                                               ; output ; 2.5 V        ;         ; Column I/O ; N               ; no       ; Off          ;
; B10      ; 169        ; 7        ; rcon_out[0]                                               ; output ; 2.5 V        ;         ; Column I/O ; N               ; no       ; Off          ;
; B11      ; 162        ; 7        ; RESERVED_INPUT_WITH_WEAK_PULLUP                           ;        ;              ;         ; Column I/O ;                 ; no       ; On           ;
; B12      ; 160        ; 7        ; RESERVED_INPUT_WITH_WEAK_PULLUP                           ;        ;              ;         ; Column I/O ;                 ; no       ; On           ;
; B13      ; 154        ; 7        ; RESERVED_INPUT_WITH_WEAK_PULLUP                           ;        ;              ;         ; Column I/O ;                 ; no       ; On           ;
; B14      ; 156        ; 7        ; RESERVED_INPUT_WITH_WEAK_PULLUP                           ;        ;              ;         ; Column I/O ;                 ; no       ; On           ;
; B15      ;            ;          ; GND                                                       ; gnd    ;              ;         ; --         ;                 ; --       ; --           ;
; B16      ; 141        ; 6        ; RESERVED_INPUT_WITH_WEAK_PULLUP                           ;        ;              ;         ; Row I/O    ;                 ; no       ; On           ;
; C1       ; 5          ; 1        ; ~ALTERA_ASDO_DATA1~ / RESERVED_INPUT_WITH_WEAK_PULLUP     ; input  ; 2.5 V        ;         ; Row I/O    ; N               ; no       ; On           ;
; C2       ; 4          ; 1        ; RESERVED_INPUT_WITH_WEAK_PULLUP                           ;        ;              ;         ; Row I/O    ;                 ; no       ; On           ;
; C3       ; 202        ; 8        ; RESERVED_INPUT_WITH_WEAK_PULLUP                           ;        ;              ;         ; Column I/O ;                 ; no       ; On           ;
; C4       ;            ; 8        ; VCCIO8                                                    ; power  ;              ; 2.5V    ; --         ;                 ; --       ; --           ;
; C5       ;            ;          ; GND                                                       ; gnd    ;              ;         ; --         ;                 ; --       ; --           ;
; C6       ; 187        ; 8        ; key_word[2]                                               ; output ; 2.5 V        ;         ; Column I/O ; N               ; no       ; Off          ;
; C7       ;            ; 8        ; VCCIO8                                                    ; power  ;              ; 2.5V    ; --         ;                 ; --       ; --           ;
; C8       ; 179        ; 8        ; key_word[21]                                              ; output ; 2.5 V        ;         ; Column I/O ; N               ; no       ; Off          ;
; C9       ; 172        ; 7        ; key_word[6]                                               ; output ; 2.5 V        ;         ; Column I/O ; N               ; no       ; Off          ;
; C10      ;            ; 7        ; VCCIO7                                                    ; power  ;              ; 2.5V    ; --         ;                 ; --       ; --           ;
; C11      ; 163        ; 7        ; rcon_out[10]                                              ; output ; 2.5 V        ;         ; Column I/O ; N               ; no       ; Off          ;
; C12      ;            ;          ; GND                                                       ; gnd    ;              ;         ; --         ;                 ; --       ; --           ;
; C13      ;            ; 7        ; VCCIO7                                                    ; power  ;              ; 2.5V    ; --         ;                 ; --       ; --           ;
; C14      ; 149        ; 7        ; RESERVED_INPUT_WITH_WEAK_PULLUP                           ;        ;              ;         ; Column I/O ;                 ; no       ; On           ;
; C15      ; 147        ; 6        ; RESERVED_INPUT_WITH_WEAK_PULLUP                           ;        ;              ;         ; Row I/O    ;                 ; no       ; On           ;
; C16      ; 146        ; 6        ; RESERVED_INPUT_WITH_WEAK_PULLUP                           ;        ;              ;         ; Row I/O    ;                 ; no       ; On           ;
; D1       ; 8          ; 1        ; RESERVED_INPUT_WITH_WEAK_PULLUP                           ;        ;              ;         ; Row I/O    ;                 ; no       ; On           ;
; D2       ; 7          ; 1        ; ~ALTERA_FLASH_nCE_nCSO~ / RESERVED_INPUT_WITH_WEAK_PULLUP ; input  ; 2.5 V        ;         ; Row I/O    ; N               ; no       ; On           ;
; D3       ; 203        ; 8        ; RESERVED_INPUT_WITH_WEAK_PULLUP                           ;        ;              ;         ; Column I/O ;                 ; no       ; On           ;
; D4       ; 0          ; 1        ; RESERVED_INPUT_WITH_WEAK_PULLUP                           ;        ;              ;         ; Row I/O    ;                 ; no       ; On           ;
; D5       ; 198        ; 8        ; rcon_out[1]                                               ; output ; 2.5 V        ;         ; Column I/O ; N               ; no       ; Off          ;
; D6       ; 199        ; 8        ; RESERVED_INPUT_WITH_WEAK_PULLUP                           ;        ;              ;         ; Column I/O ;                 ; no       ; On           ;
; D7       ;            ;          ; GND                                                       ; gnd    ;              ;         ; --         ;                 ; --       ; --           ;
; D8       ; 180        ; 8        ; key_word[30]                                              ; output ; 2.5 V        ;         ; Column I/O ; N               ; no       ; Off          ;
; D9       ; 173        ; 7        ; aux_out[24]                                               ; output ; 2.5 V        ;         ; Column I/O ; N               ; no       ; Off          ;
; D10      ;            ;          ; GND                                                       ; gnd    ;              ;         ; --         ;                 ; --       ; --           ;
; D11      ; 151        ; 7        ; RESERVED_INPUT_WITH_WEAK_PULLUP                           ;        ;              ;         ; Column I/O ;                 ; no       ; On           ;
; D12      ; 152        ; 7        ; RESERVED_INPUT_WITH_WEAK_PULLUP                           ;        ;              ;         ; Column I/O ;                 ; no       ; On           ;
; D13      ;            ;          ; VCCD_PLL2                                                 ; power  ;              ; 1.2V    ; --         ;                 ; --       ; --           ;
; D14      ; 150        ; 7        ; RESERVED_INPUT_WITH_WEAK_PULLUP                           ;        ;              ;         ; Column I/O ;                 ; no       ; On           ;
; D15      ; 144        ; 6        ; RESERVED_INPUT_WITH_WEAK_PULLUP                           ;        ;              ;         ; Row I/O    ;                 ; no       ; On           ;
; D16      ; 143        ; 6        ; RESERVED_INPUT_WITH_WEAK_PULLUP                           ;        ;              ;         ; Row I/O    ;                 ; no       ; On           ;
; E1       ; 24         ; 1        ; reset                                                     ; input  ; 2.5 V        ;         ; Row I/O    ; N               ; no       ; Off          ;
; E2       ; 23         ; 1        ; clk                                                       ; input  ; 2.5 V        ;         ; Row I/O    ; N               ; no       ; Off          ;
; E3       ;            ; 1        ; VCCIO1                                                    ; power  ;              ; 2.5V    ; --         ;                 ; --       ; --           ;
; E4       ;            ;          ; GND                                                       ; gnd    ;              ;         ; --         ;                 ; --       ; --           ;
; E5       ; 1          ; 1        ; RESERVED_INPUT_WITH_WEAK_PULLUP                           ;        ;              ;         ; Row I/O    ;                 ; no       ; On           ;
; E6       ; 191        ; 8        ; aux_out[17]                                               ; output ; 2.5 V        ;         ; Column I/O ; N               ; no       ; Off          ;
; E7       ; 190        ; 8        ; RESERVED_INPUT_WITH_WEAK_PULLUP                           ;        ;              ;         ; Column I/O ;                 ; no       ; On           ;
; E8       ; 181        ; 8        ; key_word[13]                                              ; output ; 2.5 V        ;         ; Column I/O ; N               ; no       ; Off          ;
; E9       ; 174        ; 7        ; aux_out[9]                                                ; output ; 2.5 V        ;         ; Column I/O ; N               ; no       ; Off          ;
; E10      ; 158        ; 7        ; rcon_out[6]                                               ; output ; 2.5 V        ;         ; Column I/O ; N               ; no       ; Off          ;
; E11      ; 157        ; 7        ; RESERVED_INPUT_WITH_WEAK_PULLUP                           ;        ;              ;         ; Column I/O ;                 ; no       ; On           ;
; E12      ;            ;          ; GNDA2                                                     ; gnd    ;              ;         ; --         ;                 ; --       ; --           ;
; E13      ;            ;          ; GND                                                       ; gnd    ;              ;         ; --         ;                 ; --       ; --           ;
; E14      ;            ; 6        ; VCCIO6                                                    ; power  ;              ; 2.5V    ; --         ;                 ; --       ; --           ;
; E15      ; 128        ; 6        ; GND+                                                      ;        ;              ;         ; Row I/O    ;                 ; --       ; --           ;
; E16      ; 127        ; 6        ; GND+                                                      ;        ;              ;         ; Row I/O    ;                 ; --       ; --           ;
; F1       ; 12         ; 1        ; RESERVED_INPUT_WITH_WEAK_PULLUP                           ;        ;              ;         ; Row I/O    ;                 ; no       ; On           ;
; F2       ; 11         ; 1        ; RESERVED_INPUT_WITH_WEAK_PULLUP                           ;        ;              ;         ; Row I/O    ;                 ; no       ; On           ;
; F3       ; 6          ; 1        ; rcon_out[5]                                               ; output ; 2.5 V        ;         ; Row I/O    ; N               ; no       ; Off          ;
; F4       ; 9          ; 1        ; ^nSTATUS                                                  ;        ;              ;         ; --         ;                 ; --       ; --           ;
; F5       ; 2          ; 1        ; RESERVED_INPUT_WITH_WEAK_PULLUP                           ;        ;              ;         ; Row I/O    ;                 ; no       ; On           ;
; F6       ; 185        ; 8        ; key_word[3]                                               ; output ; 2.5 V        ;         ; Column I/O ; N               ; no       ; Off          ;
; F7       ; 186        ; 8        ; aux_out[20]                                               ; output ; 2.5 V        ;         ; Column I/O ; N               ; no       ; Off          ;
; F8       ; 182        ; 8        ; aux_out[28]                                               ; output ; 2.5 V        ;         ; Column I/O ; N               ; no       ; Off          ;
; F9       ; 165        ; 7        ; RESERVED_INPUT_WITH_WEAK_PULLUP                           ;        ;              ;         ; Column I/O ;                 ; no       ; On           ;
; F10      ; 164        ; 7        ; rcon_out[21]                                              ; output ; 2.5 V        ;         ; Column I/O ; N               ; no       ; Off          ;
; F11      ; 166        ; 7        ; RESERVED_INPUT_WITH_WEAK_PULLUP                           ;        ;              ;         ; Column I/O ;                 ; no       ; On           ;
; F12      ;            ; --       ; VCCA2                                                     ; power  ;              ; 2.5V    ; --         ;                 ; --       ; --           ;
; F13      ; 138        ; 6        ; RESERVED_INPUT_WITH_WEAK_PULLUP                           ;        ;              ;         ; Row I/O    ;                 ; no       ; On           ;
; F14      ; 142        ; 6        ; RESERVED_INPUT_WITH_WEAK_PULLUP                           ;        ;              ;         ; Row I/O    ;                 ; --       ; --           ;
; F15      ; 140        ; 6        ; RESERVED_INPUT_WITH_WEAK_PULLUP                           ;        ;              ;         ; Row I/O    ;                 ; no       ; On           ;
; F16      ; 139        ; 6        ; ~ALTERA_nCEO~ / RESERVED_OUTPUT_OPEN_DRAIN                ; output ; 2.5 V        ;         ; Row I/O    ; N               ; no       ; Off          ;
; G1       ; 14         ; 1        ; RESERVED_INPUT_WITH_WEAK_PULLUP                           ;        ;              ;         ; Row I/O    ;                 ; no       ; On           ;
; G2       ; 13         ; 1        ; RESERVED_INPUT_WITH_WEAK_PULLUP                           ;        ;              ;         ; Row I/O    ;                 ; no       ; On           ;
; G3       ;            ; 1        ; VCCIO1                                                    ; power  ;              ; 2.5V    ; --         ;                 ; --       ; --           ;
; G4       ;            ;          ; GND                                                       ; gnd    ;              ;         ; --         ;                 ; --       ; --           ;
; G5       ; 10         ; 1        ; RESERVED_INPUT_WITH_WEAK_PULLUP                           ;        ;              ;         ; Row I/O    ;                 ; no       ; On           ;
; G6       ;            ;          ; VCCINT                                                    ; power  ;              ; 1.2V    ; --         ;                 ; --       ; --           ;
; G7       ;            ;          ; VCCINT                                                    ; power  ;              ; 1.2V    ; --         ;                 ; --       ; --           ;
; G8       ;            ;          ; VCCINT                                                    ; power  ;              ; 1.2V    ; --         ;                 ; --       ; --           ;
; G9       ;            ;          ; VCCINT                                                    ; power  ;              ; 1.2V    ; --         ;                 ; --       ; --           ;
; G10      ;            ;          ; VCCINT                                                    ; power  ;              ; 1.2V    ; --         ;                 ; --       ; --           ;
; G11      ; 145        ; 6        ; RESERVED_INPUT_WITH_WEAK_PULLUP                           ;        ;              ;         ; Row I/O    ;                 ; no       ; On           ;
; G12      ; 132        ; 6        ; ^MSEL2                                                    ;        ;              ;         ; --         ;                 ; --       ; --           ;
; G12      ; 133        ; 6        ; ^MSEL3                                                    ;        ;              ;         ; --         ;                 ; --       ; --           ;
; G13      ;            ;          ; GND                                                       ; gnd    ;              ;         ; --         ;                 ; --       ; --           ;
; G14      ;            ; 6        ; VCCIO6                                                    ; power  ;              ; 2.5V    ; --         ;                 ; --       ; --           ;
; G15      ; 137        ; 6        ; RESERVED_INPUT_WITH_WEAK_PULLUP                           ;        ;              ;         ; Row I/O    ;                 ; no       ; On           ;
; G16      ; 136        ; 6        ; RESERVED_INPUT_WITH_WEAK_PULLUP                           ;        ;              ;         ; Row I/O    ;                 ; no       ; On           ;
; H1       ; 15         ; 1        ; ~ALTERA_DCLK~                                             ; output ; 2.5 V        ;         ; Row I/O    ; N               ; no       ; On           ;
; H2       ; 16         ; 1        ; ~ALTERA_DATA0~ / RESERVED_INPUT_WITH_WEAK_PULLUP          ; input  ; 2.5 V        ;         ; Row I/O    ; N               ; no       ; On           ;
; H3       ; 19         ; 1        ; #TCK                                                      ; input  ;              ;         ; --         ;                 ; --       ; --           ;
; H4       ; 18         ; 1        ; #TDI                                                      ; input  ;              ;         ; --         ;                 ; --       ; --           ;
; H5       ; 17         ; 1        ; ^nCONFIG                                                  ;        ;              ;         ; --         ;                 ; --       ; --           ;
; H6       ;            ;          ; VCCINT                                                    ; power  ;              ; 1.2V    ; --         ;                 ; --       ; --           ;
; H7       ;            ;          ; GND                                                       ; gnd    ;              ;         ; --         ;                 ; --       ; --           ;
; H8       ;            ;          ; GND                                                       ; gnd    ;              ;         ; --         ;                 ; --       ; --           ;
; H9       ;            ;          ; GND                                                       ; gnd    ;              ;         ; --         ;                 ; --       ; --           ;
; H10      ;            ;          ; GND                                                       ; gnd    ;              ;         ; --         ;                 ; --       ; --           ;
; H11      ;            ;          ; VCCINT                                                    ; power  ;              ; 1.2V    ; --         ;                 ; --       ; --           ;
; H12      ; 131        ; 6        ; ^MSEL1                                                    ;        ;              ;         ; --         ;                 ; --       ; --           ;
; H13      ; 130        ; 6        ; ^MSEL0                                                    ;        ;              ;         ; --         ;                 ; --       ; --           ;
; H14      ; 129        ; 6        ; ^CONF_DONE                                                ;        ;              ;         ; --         ;                 ; --       ; --           ;
; H15      ; 135        ; 6        ; RESERVED_INPUT_WITH_WEAK_PULLUP                           ;        ;              ;         ; Row I/O    ;                 ; no       ; On           ;
; H16      ; 134        ; 6        ; RESERVED_INPUT_WITH_WEAK_PULLUP                           ;        ;              ;         ; Row I/O    ;                 ; no       ; On           ;
; J1       ; 28         ; 2        ; RESERVED_INPUT_WITH_WEAK_PULLUP                           ;        ;              ;         ; Row I/O    ;                 ; no       ; On           ;
; J2       ; 27         ; 2        ; state_out[1]                                              ; output ; 2.5 V        ;         ; Row I/O    ; N               ; no       ; Off          ;
; J3       ; 22         ; 1        ; ^nCE                                                      ;        ;              ;         ; --         ;                 ; --       ; --           ;
; J4       ; 21         ; 1        ; #TDO                                                      ; output ;              ;         ; --         ;                 ; --       ; --           ;
; J5       ; 20         ; 1        ; #TMS                                                      ; input  ;              ;         ; --         ;                 ; --       ; --           ;
; J6       ; 29         ; 2        ; RESERVED_INPUT_WITH_WEAK_PULLUP                           ;        ;              ;         ; Row I/O    ;                 ; no       ; On           ;
; J7       ;            ;          ; GND                                                       ; gnd    ;              ;         ; --         ;                 ; --       ; --           ;
; J8       ;            ;          ; GND                                                       ; gnd    ;              ;         ; --         ;                 ; --       ; --           ;
; J9       ;            ;          ; GND                                                       ; gnd    ;              ;         ; --         ;                 ; --       ; --           ;
; J10      ;            ;          ; GND                                                       ; gnd    ;              ;         ; --         ;                 ; --       ; --           ;
; J11      ; 117        ; 5        ; aux_out[21]                                               ; output ; 2.5 V        ;         ; Row I/O    ; N               ; no       ; Off          ;
; J12      ; 123        ; 5        ; RESERVED_INPUT_WITH_WEAK_PULLUP                           ;        ;              ;         ; Row I/O    ;                 ; no       ; On           ;
; J13      ; 124        ; 5        ; RESERVED_INPUT_WITH_WEAK_PULLUP                           ;        ;              ;         ; Row I/O    ;                 ; no       ; On           ;
; J14      ; 122        ; 5        ; RESERVED_INPUT_WITH_WEAK_PULLUP                           ;        ;              ;         ; Row I/O    ;                 ; no       ; On           ;
; J15      ; 121        ; 5        ; RESERVED_INPUT_WITH_WEAK_PULLUP                           ;        ;              ;         ; Row I/O    ;                 ; no       ; On           ;
; J16      ; 120        ; 5        ; RESERVED_INPUT_WITH_WEAK_PULLUP                           ;        ;              ;         ; Row I/O    ;                 ; no       ; On           ;
; K1       ; 33         ; 2        ; key_word[31]                                              ; output ; 2.5 V        ;         ; Row I/O    ; N               ; no       ; Off          ;
; K2       ; 32         ; 2        ; key_word[8]                                               ; output ; 2.5 V        ;         ; Row I/O    ; N               ; no       ; Off          ;
; K3       ;            ; 2        ; VCCIO2                                                    ; power  ;              ; 2.5V    ; --         ;                 ; --       ; --           ;
; K4       ;            ;          ; GND                                                       ; gnd    ;              ;         ; --         ;                 ; --       ; --           ;
; K5       ; 39         ; 2        ; key_word[10]                                              ; output ; 2.5 V        ;         ; Row I/O    ; N               ; no       ; Off          ;
; K6       ; 30         ; 2        ; aux_out[14]                                               ; output ; 2.5 V        ;         ; Row I/O    ; N               ; no       ; Off          ;
; K7       ;            ;          ; VCCINT                                                    ; power  ;              ; 1.2V    ; --         ;                 ; --       ; --           ;
; K8       ; 60         ; 3        ; key_word[14]                                              ; output ; 2.5 V        ;         ; Column I/O ; N               ; no       ; Off          ;
; K9       ; 76         ; 4        ; aux_out[31]                                               ; output ; 2.5 V        ;         ; Column I/O ; N               ; no       ; Off          ;
; K10      ; 87         ; 4        ; RESERVED_INPUT_WITH_WEAK_PULLUP                           ;        ;              ;         ; Column I/O ;                 ; no       ; On           ;
; K11      ; 110        ; 5        ; aux_out[0]                                                ; output ; 2.5 V        ;         ; Row I/O    ; N               ; no       ; Off          ;
; K12      ; 105        ; 5        ; rcon_out[23]                                              ; output ; 2.5 V        ;         ; Row I/O    ; N               ; no       ; Off          ;
; K13      ;            ;          ; GND                                                       ; gnd    ;              ;         ; --         ;                 ; --       ; --           ;
; K14      ;            ; 5        ; VCCIO5                                                    ; power  ;              ; 2.5V    ; --         ;                 ; --       ; --           ;
; K15      ; 119        ; 5        ; rcon_out[13]                                              ; output ; 2.5 V        ;         ; Row I/O    ; N               ; no       ; Off          ;
; K16      ; 118        ; 5        ; aux_out[16]                                               ; output ; 2.5 V        ;         ; Row I/O    ; N               ; no       ; Off          ;
; L1       ; 35         ; 2        ; key_word[5]                                               ; output ; 2.5 V        ;         ; Row I/O    ; N               ; no       ; Off          ;
; L2       ; 34         ; 2        ; key_word[11]                                              ; output ; 2.5 V        ;         ; Row I/O    ; N               ; no       ; Off          ;
; L3       ; 36         ; 2        ; rcon_out[28]                                              ; output ; 2.5 V        ;         ; Row I/O    ; N               ; no       ; Off          ;
; L4       ; 40         ; 2        ; aux_out[18]                                               ; output ; 2.5 V        ;         ; Row I/O    ; N               ; no       ; Off          ;
; L5       ;            ; --       ; VCCA1                                                     ; power  ;              ; 2.5V    ; --         ;                 ; --       ; --           ;
; L6       ; 31         ; 2        ; key_word[24]                                              ; output ; 2.5 V        ;         ; Row I/O    ; N               ; no       ; Off          ;
; L7       ; 65         ; 3        ; key_word[19]                                              ; output ; 2.5 V        ;         ; Column I/O ; N               ; no       ; Off          ;
; L8       ; 68         ; 3        ; key_word[29]                                              ; output ; 2.5 V        ;         ; Column I/O ; N               ; no       ; Off          ;
; L9       ; 77         ; 4        ; aux_out[27]                                               ; output ; 2.5 V        ;         ; Column I/O ; N               ; no       ; Off          ;
; L10      ; 88         ; 4        ; aux_out[29]                                               ; output ; 2.5 V        ;         ; Column I/O ; N               ; no       ; Off          ;
; L11      ; 99         ; 4        ; RESERVED_INPUT_WITH_WEAK_PULLUP                           ;        ;              ;         ; Column I/O ;                 ; no       ; On           ;
; L12      ; 104        ; 5        ; RESERVED_INPUT_WITH_WEAK_PULLUP                           ;        ;              ;         ; Row I/O    ;                 ; no       ; On           ;
; L13      ; 114        ; 5        ; key_word[25]                                              ; output ; 2.5 V        ;         ; Row I/O    ; N               ; no       ; Off          ;
; L14      ; 113        ; 5        ; aux_out[1]                                                ; output ; 2.5 V        ;         ; Row I/O    ; N               ; no       ; Off          ;
; L15      ; 116        ; 5        ; key_word[16]                                              ; output ; 2.5 V        ;         ; Row I/O    ; N               ; no       ; Off          ;
; L16      ; 115        ; 5        ; aux_out[13]                                               ; output ; 2.5 V        ;         ; Row I/O    ; N               ; no       ; Off          ;
; M1       ; 26         ; 2        ; GND+                                                      ;        ;              ;         ; Row I/O    ;                 ; --       ; --           ;
; M2       ; 25         ; 2        ; GND+                                                      ;        ;              ;         ; Row I/O    ;                 ; --       ; --           ;
; M3       ;            ; 2        ; VCCIO2                                                    ; power  ;              ; 2.5V    ; --         ;                 ; --       ; --           ;
; M4       ;            ;          ; GND                                                       ; gnd    ;              ;         ; --         ;                 ; --       ; --           ;
; M5       ;            ;          ; GNDA1                                                     ; gnd    ;              ;         ; --         ;                 ; --       ; --           ;
; M6       ; 57         ; 3        ; rcon_out[27]                                              ; output ; 2.5 V        ;         ; Column I/O ; N               ; no       ; Off          ;
; M7       ; 59         ; 3        ; rcon_out[24]                                              ; output ; 2.5 V        ;         ; Column I/O ; N               ; no       ; Off          ;
; M8       ; 69         ; 3        ; key_word[15]                                              ; output ; 2.5 V        ;         ; Column I/O ; N               ; no       ; Off          ;
; M9       ; 78         ; 4        ; key_word[28]                                              ; output ; 2.5 V        ;         ; Column I/O ; N               ; no       ; Off          ;
; M10      ; 93         ; 4        ; aux_out[25]                                               ; output ; 2.5 V        ;         ; Column I/O ; N               ; no       ; Off          ;
; M11      ; 100        ; 4        ; RESERVED_INPUT_WITH_WEAK_PULLUP                           ;        ;              ;         ; Column I/O ;                 ; no       ; On           ;
; M12      ; 103        ; 5        ; rcon_out[14]                                              ; output ; 2.5 V        ;         ; Row I/O    ; N               ; no       ; Off          ;
; M13      ;            ;          ; GND                                                       ; gnd    ;              ;         ; --         ;                 ; --       ; --           ;
; M14      ;            ; 5        ; VCCIO5                                                    ; power  ;              ; 2.5V    ; --         ;                 ; --       ; --           ;
; M15      ; 126        ; 5        ; GND+                                                      ;        ;              ;         ; Row I/O    ;                 ; --       ; --           ;
; M16      ; 125        ; 5        ; GND+                                                      ;        ;              ;         ; Row I/O    ;                 ; --       ; --           ;
; N1       ; 38         ; 2        ; counter_out[0]                                            ; output ; 2.5 V        ;         ; Row I/O    ; N               ; no       ; Off          ;
; N2       ; 37         ; 2        ; rcon_out[29]                                              ; output ; 2.5 V        ;         ; Row I/O    ; N               ; no       ; Off          ;
; N3       ; 45         ; 3        ; RESERVED_INPUT_WITH_WEAK_PULLUP                           ;        ;              ;         ; Column I/O ;                 ; no       ; On           ;
; N4       ;            ;          ; VCCD_PLL1                                                 ; power  ;              ; 1.2V    ; --         ;                 ; --       ; --           ;
; N5       ; 55         ; 3        ; key_word[9]                                               ; output ; 2.5 V        ;         ; Column I/O ; N               ; no       ; Off          ;
; N6       ; 56         ; 3        ; aux_out[10]                                               ; output ; 2.5 V        ;         ; Column I/O ; N               ; no       ; Off          ;
; N7       ;            ;          ; GND                                                       ; gnd    ;              ;         ; --         ;                 ; --       ; --           ;
; N8       ; 70         ; 3        ; aux_out[11]                                               ; output ; 2.5 V        ;         ; Column I/O ; N               ; no       ; Off          ;
; N9       ; 79         ; 4        ; aux_out[26]                                               ; output ; 2.5 V        ;         ; Column I/O ; N               ; no       ; Off          ;
; N10      ;            ;          ; GND                                                       ; gnd    ;              ;         ; --         ;                 ; --       ; --           ;
; N11      ; 94         ; 4        ; RESERVED_INPUT_WITH_WEAK_PULLUP                           ;        ;              ;         ; Column I/O ;                 ; no       ; On           ;
; N12      ; 101        ; 4        ; RESERVED_INPUT_WITH_WEAK_PULLUP                           ;        ;              ;         ; Column I/O ;                 ; no       ; On           ;
; N13      ; 102        ; 5        ; RESERVED_INPUT_WITH_WEAK_PULLUP                           ;        ;              ;         ; Row I/O    ;                 ; no       ; On           ;
; N14      ; 106        ; 5        ; RESERVED_INPUT_WITH_WEAK_PULLUP                           ;        ;              ;         ; Row I/O    ;                 ; no       ; On           ;
; N15      ; 112        ; 5        ; aux_out[6]                                                ; output ; 2.5 V        ;         ; Row I/O    ; N               ; no       ; Off          ;
; N16      ; 111        ; 5        ; aux_out[23]                                               ; output ; 2.5 V        ;         ; Row I/O    ; N               ; no       ; Off          ;
; P1       ; 44         ; 2        ; key_word[22]                                              ; output ; 2.5 V        ;         ; Row I/O    ; N               ; no       ; Off          ;
; P2       ; 43         ; 2        ; RESERVED_INPUT_WITH_WEAK_PULLUP                           ;        ;              ;         ; Row I/O    ;                 ; no       ; On           ;
; P3       ; 46         ; 3        ; rcon_out[9]                                               ; output ; 2.5 V        ;         ; Column I/O ; N               ; no       ; Off          ;
; P4       ;            ; 3        ; VCCIO3                                                    ; power  ;              ; 2.5V    ; --         ;                 ; --       ; --           ;
; P5       ;            ;          ; GND                                                       ; gnd    ;              ;         ; --         ;                 ; --       ; --           ;
; P6       ; 58         ; 3        ; aux_out[12]                                               ; output ; 2.5 V        ;         ; Column I/O ; N               ; no       ; Off          ;
; P7       ;            ; 3        ; VCCIO3                                                    ; power  ;              ; 2.5V    ; --         ;                 ; --       ; --           ;
; P8       ; 71         ; 3        ; aux_out[8]                                                ; output ; 2.5 V        ;         ; Column I/O ; N               ; no       ; Off          ;
; P9       ; 89         ; 4        ; RESERVED_INPUT_WITH_WEAK_PULLUP                           ;        ;              ;         ; Column I/O ;                 ; no       ; On           ;
; P10      ;            ; 4        ; VCCIO4                                                    ; power  ;              ; 2.5V    ; --         ;                 ; --       ; --           ;
; P11      ; 90         ; 4        ; rcon_out[19]                                              ; output ; 2.5 V        ;         ; Column I/O ; N               ; no       ; Off          ;
; P12      ;            ;          ; GND                                                       ; gnd    ;              ;         ; --         ;                 ; --       ; --           ;
; P13      ;            ; 4        ; VCCIO4                                                    ; power  ;              ; 2.5V    ; --         ;                 ; --       ; --           ;
; P14      ; 98         ; 4        ; RESERVED_INPUT_WITH_WEAK_PULLUP                           ;        ;              ;         ; Column I/O ;                 ; no       ; On           ;
; P15      ; 107        ; 5        ; rcon_out[7]                                               ; output ; 2.5 V        ;         ; Row I/O    ; N               ; no       ; Off          ;
; P16      ; 108        ; 5        ; RESERVED_INPUT_WITH_WEAK_PULLUP                           ;        ;              ;         ; Row I/O    ;                 ; no       ; On           ;
; R1       ; 42         ; 2        ; rcon_out[16]                                              ; output ; 2.5 V        ;         ; Row I/O    ; N               ; no       ; Off          ;
; R2       ;            ;          ; GND                                                       ; gnd    ;              ;         ; --         ;                 ; --       ; --           ;
; R3       ; 47         ; 3        ; RESERVED_INPUT_WITH_WEAK_PULLUP                           ;        ;              ;         ; Column I/O ;                 ; no       ; On           ;
; R4       ; 53         ; 3        ; counter_out[1]                                            ; output ; 2.5 V        ;         ; Column I/O ; N               ; no       ; Off          ;
; R5       ; 61         ; 3        ; rcon_out[31]                                              ; output ; 2.5 V        ;         ; Column I/O ; N               ; no       ; Off          ;
; R6       ; 63         ; 3        ; state_out[2]                                              ; output ; 2.5 V        ;         ; Column I/O ; N               ; no       ; Off          ;
; R7       ; 66         ; 3        ; key_word[27]                                              ; output ; 2.5 V        ;         ; Column I/O ; N               ; no       ; Off          ;
; R8       ; 72         ; 3        ; aux_out[5]                                                ; output ; 2.5 V        ;         ; Column I/O ; N               ; no       ; Off          ;
; R9       ; 74         ; 4        ; aux_out[2]                                                ; output ; 2.5 V        ;         ; Column I/O ; N               ; no       ; Off          ;
; R10      ; 80         ; 4        ; aux_out[3]                                                ; output ; 2.5 V        ;         ; Column I/O ; N               ; no       ; Off          ;
; R11      ; 83         ; 4        ; key_word[4]                                               ; output ; 2.5 V        ;         ; Column I/O ; N               ; no       ; Off          ;
; R12      ; 85         ; 4        ; aux_out[7]                                                ; output ; 2.5 V        ;         ; Column I/O ; N               ; no       ; Off          ;
; R13      ; 91         ; 4        ; RESERVED_INPUT_WITH_WEAK_PULLUP                           ;        ;              ;         ; Column I/O ;                 ; no       ; On           ;
; R14      ; 97         ; 4        ; rcon_out[15]                                              ; output ; 2.5 V        ;         ; Column I/O ; N               ; no       ; Off          ;
; R15      ;            ;          ; GND                                                       ; gnd    ;              ;         ; --         ;                 ; --       ; --           ;
; R16      ; 109        ; 5        ; RESERVED_INPUT_WITH_WEAK_PULLUP                           ;        ;              ;         ; Row I/O    ;                 ; no       ; On           ;
; T1       ;            ; 3        ; VCCIO3                                                    ; power  ;              ; 2.5V    ; --         ;                 ; --       ; --           ;
; T2       ; 52         ; 3        ; rcon_out[20]                                              ; output ; 2.5 V        ;         ; Column I/O ; N               ; no       ; Off          ;
; T3       ; 48         ; 3        ; RESERVED_INPUT_WITH_WEAK_PULLUP                           ;        ;              ;         ; Column I/O ;                 ; no       ; On           ;
; T4       ; 54         ; 3        ; rcon_out[25]                                              ; output ; 2.5 V        ;         ; Column I/O ; N               ; no       ; Off          ;
; T5       ; 62         ; 3        ; rcon_out[30]                                              ; output ; 2.5 V        ;         ; Column I/O ; N               ; no       ; Off          ;
; T6       ; 64         ; 3        ; state_out[0]                                              ; output ; 2.5 V        ;         ; Column I/O ; N               ; no       ; Off          ;
; T7       ; 67         ; 3        ; aux_out[19]                                               ; output ; 2.5 V        ;         ; Column I/O ; N               ; no       ; Off          ;
; T8       ; 73         ; 3        ; key_word[0]                                               ; output ; 2.5 V        ;         ; Column I/O ; N               ; no       ; Off          ;
; T9       ; 75         ; 4        ; rcon_out[26]                                              ; output ; 2.5 V        ;         ; Column I/O ; N               ; no       ; Off          ;
; T10      ; 81         ; 4        ; aux_out[30]                                               ; output ; 2.5 V        ;         ; Column I/O ; N               ; no       ; Off          ;
; T11      ; 84         ; 4        ; key_word[26]                                              ; output ; 2.5 V        ;         ; Column I/O ; N               ; no       ; Off          ;
; T12      ; 86         ; 4        ; key_word[7]                                               ; output ; 2.5 V        ;         ; Column I/O ; N               ; no       ; Off          ;
; T13      ; 92         ; 4        ; RESERVED_INPUT_WITH_WEAK_PULLUP                           ;        ;              ;         ; Column I/O ;                 ; no       ; On           ;
; T14      ; 95         ; 4        ; RESERVED_INPUT_WITH_WEAK_PULLUP                           ;        ;              ;         ; Column I/O ;                 ; no       ; On           ;
; T15      ; 96         ; 4        ; rcon_out[8]                                               ; output ; 2.5 V        ;         ; Column I/O ; N               ; no       ; Off          ;
; T16      ;            ; 4        ; VCCIO4                                                    ; power  ;              ; 2.5V    ; --         ;                 ; --       ; --           ;
+----------+------------+----------+-----------------------------------------------------------+--------+--------------+---------+------------+-----------------+----------+--------------+
Note: Pin directions (input, output or bidir) are based on device operating in user mode.


+-------------------------------------------------------------------------------------------------------------------------------------------------------------------------------------------------------------------------------------------------------------------------------------------------------------------------------------------------------+
; Fitter Resource Utilization by Entity                                                                                                                                                                                                                                                                                                                 ;
+-------------------------------------------+-------------+---------------------------+---------------+-------------+------+--------------+---------+-----------+------+--------------+--------------+-------------------+------------------+--------------------------------------------------------------------------------------------+--------------+
; Compilation Hierarchy Node                ; Logic Cells ; Dedicated Logic Registers ; I/O Registers ; Memory Bits ; M9Ks ; DSP Elements ; DSP 9x9 ; DSP 18x18 ; Pins ; Virtual Pins ; LUT-Only LCs ; Register-Only LCs ; LUT/Register LCs ; Full Hierarchy Name                                                                        ; Library Name ;
+-------------------------------------------+-------------+---------------------------+---------------+-------------+------+--------------+---------+-----------+------+--------------+--------------+-------------------+------------------+--------------------------------------------------------------------------------------------+--------------+
; |key_expansion                            ; 217 (41)    ; 183 (23)                  ; 0 (0)         ; 2048        ; 1    ; 0            ; 0       ; 0         ; 103  ; 0            ; 34 (18)      ; 26 (0)            ; 157 (29)         ; |key_expansion                                                                             ; work         ;
;    |byte_register:aux_register_0|         ; 8 (8)       ; 8 (8)                     ; 0 (0)         ; 0           ; 0    ; 0            ; 0       ; 0         ; 0    ; 0            ; 0 (0)        ; 8 (8)             ; 0 (0)            ; |key_expansion|byte_register:aux_register_0                                                ; work         ;
;    |byte_register:aux_register_1|         ; 8 (8)       ; 8 (8)                     ; 0 (0)         ; 0           ; 0    ; 0            ; 0       ; 0         ; 0    ; 0            ; 0 (0)        ; 8 (8)             ; 0 (0)            ; |key_expansion|byte_register:aux_register_1                                                ; work         ;
;    |byte_register:aux_register_2|         ; 8 (8)       ; 8 (8)                     ; 0 (0)         ; 0           ; 0    ; 0            ; 0       ; 0         ; 0    ; 0            ; 0 (0)        ; 8 (8)             ; 0 (0)            ; |key_expansion|byte_register:aux_register_2                                                ; work         ;
;    |byte_register:aux_register_3|         ; 8 (8)       ; 8 (8)                     ; 0 (0)         ; 0           ; 0    ; 0            ; 0       ; 0         ; 0    ; 0            ; 0 (0)        ; 2 (2)             ; 6 (6)            ; |key_expansion|byte_register:aux_register_3                                                ; work         ;
;    |mux2to1_32:mux_aux|                   ; 24 (24)     ; 0 (0)                     ; 0 (0)         ; 0           ; 0    ; 0            ; 0       ; 0         ; 0    ; 0            ; 0 (0)        ; 0 (0)             ; 24 (24)          ; |key_expansion|mux2to1_32:mux_aux                                                          ; work         ;
;    |mux2to1_32:mux_w0|                    ; 32 (32)     ; 0 (0)                     ; 0 (0)         ; 0           ; 0    ; 0            ; 0       ; 0         ; 0    ; 0            ; 0 (0)        ; 0 (0)             ; 32 (32)          ; |key_expansion|mux2to1_32:mux_w0                                                           ; work         ;
;    |mux2to1_32:mux_w1|                    ; 32 (32)     ; 0 (0)                     ; 0 (0)         ; 0           ; 0    ; 0            ; 0       ; 0         ; 0    ; 0            ; 0 (0)        ; 0 (0)             ; 32 (32)          ; |key_expansion|mux2to1_32:mux_w1                                                           ; work         ;
;    |mux2to1_32:mux_w2|                    ; 32 (32)     ; 0 (0)                     ; 0 (0)         ; 0           ; 0    ; 0            ; 0       ; 0         ; 0    ; 0            ; 0 (0)        ; 0 (0)             ; 32 (32)          ; |key_expansion|mux2to1_32:mux_w2                                                           ; work         ;
;    |mux2to1_32:mux_w3|                    ; 8 (8)       ; 0 (0)                     ; 0 (0)         ; 0           ; 0    ; 0            ; 0       ; 0         ; 0    ; 0            ; 0 (0)        ; 0 (0)             ; 8 (8)            ; |key_expansion|mux2to1_32:mux_w3                                                           ; work         ;
;    |mux4to1_8:sbox_mux|                   ; 16 (16)     ; 0 (0)                     ; 0 (0)         ; 0           ; 0    ; 0            ; 0       ; 0         ; 0    ; 0            ; 16 (16)      ; 0 (0)             ; 0 (0)            ; |key_expansion|mux4to1_8:sbox_mux                                                          ; work         ;
;    |sbox_rom_sinc:AES_sbox|               ; 0 (0)       ; 0 (0)                     ; 0 (0)         ; 2048        ; 1    ; 0            ; 0       ; 0         ; 0    ; 0            ; 0 (0)        ; 0 (0)             ; 0 (0)            ; |key_expansion|sbox_rom_sinc:AES_sbox                                                      ; work         ;
;       |altsyncram:Mux7_rtl_0|             ; 0 (0)       ; 0 (0)                     ; 0 (0)         ; 2048        ; 1    ; 0            ; 0       ; 0         ; 0    ; 0            ; 0 (0)        ; 0 (0)             ; 0 (0)            ; |key_expansion|sbox_rom_sinc:AES_sbox|altsyncram:Mux7_rtl_0                                ; work         ;
;          |altsyncram_md11:auto_generated| ; 0 (0)       ; 0 (0)                     ; 0 (0)         ; 2048        ; 1    ; 0            ; 0       ; 0         ; 0    ; 0            ; 0 (0)        ; 0 (0)             ; 0 (0)            ; |key_expansion|sbox_rom_sinc:AES_sbox|altsyncram:Mux7_rtl_0|altsyncram_md11:auto_generated ; work         ;
;    |word_register:word_0|                 ; 32 (32)     ; 32 (32)                   ; 0 (0)         ; 0           ; 0    ; 0            ; 0       ; 0         ; 0    ; 0            ; 0 (0)        ; 0 (0)             ; 32 (32)          ; |key_expansion|word_register:word_0                                                        ; work         ;
;    |word_register:word_1|                 ; 32 (32)     ; 32 (32)                   ; 0 (0)         ; 0           ; 0    ; 0            ; 0       ; 0         ; 0    ; 0            ; 0 (0)        ; 0 (0)             ; 32 (32)          ; |key_expansion|word_register:word_1                                                        ; work         ;
;    |word_register:word_2|                 ; 32 (32)     ; 32 (32)                   ; 0 (0)         ; 0           ; 0    ; 0            ; 0       ; 0         ; 0    ; 0            ; 0 (0)        ; 0 (0)             ; 32 (32)          ; |key_expansion|word_register:word_2                                                        ; work         ;
;    |word_register:word_3|                 ; 32 (32)     ; 32 (32)                   ; 0 (0)         ; 0           ; 0    ; 0            ; 0       ; 0         ; 0    ; 0            ; 0 (0)        ; 0 (0)             ; 32 (32)          ; |key_expansion|word_register:word_3                                                        ; work         ;
+-------------------------------------------+-------------+---------------------------+---------------+-------------+------+--------------+---------+-----------+------+--------------+--------------+-------------------+------------------+--------------------------------------------------------------------------------------------+--------------+
Note: For table entries with two numbers listed, the numbers in parentheses indicate the number of resources of the given type used by the specific entity alone. The numbers listed outside of parentheses indicate the total resources of the given type used by the specific entity and all of its sub-entities in the hierarchy.


+------------------------------------------------------------------------------------------------+
; Delay Chain Summary                                                                            ;
+----------------+----------+---------------+---------------+-----------------------+-----+------+
; Name           ; Pin Type ; Pad to Core 0 ; Pad to Core 1 ; Pad to Input Register ; TCO ; TCOE ;
+----------------+----------+---------------+---------------+-----------------------+-----+------+
; key_word[0]    ; Output   ; --            ; --            ; --                    ; --  ; --   ;
; key_word[1]    ; Output   ; --            ; --            ; --                    ; --  ; --   ;
; key_word[2]    ; Output   ; --            ; --            ; --                    ; --  ; --   ;
; key_word[3]    ; Output   ; --            ; --            ; --                    ; --  ; --   ;
; key_word[4]    ; Output   ; --            ; --            ; --                    ; --  ; --   ;
; key_word[5]    ; Output   ; --            ; --            ; --                    ; --  ; --   ;
; key_word[6]    ; Output   ; --            ; --            ; --                    ; --  ; --   ;
; key_word[7]    ; Output   ; --            ; --            ; --                    ; --  ; --   ;
; key_word[8]    ; Output   ; --            ; --            ; --                    ; --  ; --   ;
; key_word[9]    ; Output   ; --            ; --            ; --                    ; --  ; --   ;
; key_word[10]   ; Output   ; --            ; --            ; --                    ; --  ; --   ;
; key_word[11]   ; Output   ; --            ; --            ; --                    ; --  ; --   ;
; key_word[12]   ; Output   ; --            ; --            ; --                    ; --  ; --   ;
; key_word[13]   ; Output   ; --            ; --            ; --                    ; --  ; --   ;
; key_word[14]   ; Output   ; --            ; --            ; --                    ; --  ; --   ;
; key_word[15]   ; Output   ; --            ; --            ; --                    ; --  ; --   ;
; key_word[16]   ; Output   ; --            ; --            ; --                    ; --  ; --   ;
; key_word[17]   ; Output   ; --            ; --            ; --                    ; --  ; --   ;
; key_word[18]   ; Output   ; --            ; --            ; --                    ; --  ; --   ;
; key_word[19]   ; Output   ; --            ; --            ; --                    ; --  ; --   ;
; key_word[20]   ; Output   ; --            ; --            ; --                    ; --  ; --   ;
; key_word[21]   ; Output   ; --            ; --            ; --                    ; --  ; --   ;
; key_word[22]   ; Output   ; --            ; --            ; --                    ; --  ; --   ;
; key_word[23]   ; Output   ; --            ; --            ; --                    ; --  ; --   ;
; key_word[24]   ; Output   ; --            ; --            ; --                    ; --  ; --   ;
; key_word[25]   ; Output   ; --            ; --            ; --                    ; --  ; --   ;
; key_word[26]   ; Output   ; --            ; --            ; --                    ; --  ; --   ;
; key_word[27]   ; Output   ; --            ; --            ; --                    ; --  ; --   ;
; key_word[28]   ; Output   ; --            ; --            ; --                    ; --  ; --   ;
; key_word[29]   ; Output   ; --            ; --            ; --                    ; --  ; --   ;
; key_word[30]   ; Output   ; --            ; --            ; --                    ; --  ; --   ;
; key_word[31]   ; Output   ; --            ; --            ; --                    ; --  ; --   ;
; rcon_out[0]    ; Output   ; --            ; --            ; --                    ; --  ; --   ;
; rcon_out[1]    ; Output   ; --            ; --            ; --                    ; --  ; --   ;
; rcon_out[2]    ; Output   ; --            ; --            ; --                    ; --  ; --   ;
; rcon_out[3]    ; Output   ; --            ; --            ; --                    ; --  ; --   ;
; rcon_out[4]    ; Output   ; --            ; --            ; --                    ; --  ; --   ;
; rcon_out[5]    ; Output   ; --            ; --            ; --                    ; --  ; --   ;
; rcon_out[6]    ; Output   ; --            ; --            ; --                    ; --  ; --   ;
; rcon_out[7]    ; Output   ; --            ; --            ; --                    ; --  ; --   ;
; rcon_out[8]    ; Output   ; --            ; --            ; --                    ; --  ; --   ;
; rcon_out[9]    ; Output   ; --            ; --            ; --                    ; --  ; --   ;
; rcon_out[10]   ; Output   ; --            ; --            ; --                    ; --  ; --   ;
; rcon_out[11]   ; Output   ; --            ; --            ; --                    ; --  ; --   ;
; rcon_out[12]   ; Output   ; --            ; --            ; --                    ; --  ; --   ;
; rcon_out[13]   ; Output   ; --            ; --            ; --                    ; --  ; --   ;
; rcon_out[14]   ; Output   ; --            ; --            ; --                    ; --  ; --   ;
; rcon_out[15]   ; Output   ; --            ; --            ; --                    ; --  ; --   ;
; rcon_out[16]   ; Output   ; --            ; --            ; --                    ; --  ; --   ;
; rcon_out[17]   ; Output   ; --            ; --            ; --                    ; --  ; --   ;
; rcon_out[18]   ; Output   ; --            ; --            ; --                    ; --  ; --   ;
; rcon_out[19]   ; Output   ; --            ; --            ; --                    ; --  ; --   ;
; rcon_out[20]   ; Output   ; --            ; --            ; --                    ; --  ; --   ;
; rcon_out[21]   ; Output   ; --            ; --            ; --                    ; --  ; --   ;
; rcon_out[22]   ; Output   ; --            ; --            ; --                    ; --  ; --   ;
; rcon_out[23]   ; Output   ; --            ; --            ; --                    ; --  ; --   ;
; rcon_out[24]   ; Output   ; --            ; --            ; --                    ; --  ; --   ;
; rcon_out[25]   ; Output   ; --            ; --            ; --                    ; --  ; --   ;
; rcon_out[26]   ; Output   ; --            ; --            ; --                    ; --  ; --   ;
; rcon_out[27]   ; Output   ; --            ; --            ; --                    ; --  ; --   ;
; rcon_out[28]   ; Output   ; --            ; --            ; --                    ; --  ; --   ;
; rcon_out[29]   ; Output   ; --            ; --            ; --                    ; --  ; --   ;
; rcon_out[30]   ; Output   ; --            ; --            ; --                    ; --  ; --   ;
; rcon_out[31]   ; Output   ; --            ; --            ; --                    ; --  ; --   ;
; aux_out[0]     ; Output   ; --            ; --            ; --                    ; --  ; --   ;
; aux_out[1]     ; Output   ; --            ; --            ; --                    ; --  ; --   ;
; aux_out[2]     ; Output   ; --            ; --            ; --                    ; --  ; --   ;
; aux_out[3]     ; Output   ; --            ; --            ; --                    ; --  ; --   ;
; aux_out[4]     ; Output   ; --            ; --            ; --                    ; --  ; --   ;
; aux_out[5]     ; Output   ; --            ; --            ; --                    ; --  ; --   ;
; aux_out[6]     ; Output   ; --            ; --            ; --                    ; --  ; --   ;
; aux_out[7]     ; Output   ; --            ; --            ; --                    ; --  ; --   ;
; aux_out[8]     ; Output   ; --            ; --            ; --                    ; --  ; --   ;
; aux_out[9]     ; Output   ; --            ; --            ; --                    ; --  ; --   ;
; aux_out[10]    ; Output   ; --            ; --            ; --                    ; --  ; --   ;
; aux_out[11]    ; Output   ; --            ; --            ; --                    ; --  ; --   ;
; aux_out[12]    ; Output   ; --            ; --            ; --                    ; --  ; --   ;
; aux_out[13]    ; Output   ; --            ; --            ; --                    ; --  ; --   ;
; aux_out[14]    ; Output   ; --            ; --            ; --                    ; --  ; --   ;
; aux_out[15]    ; Output   ; --            ; --            ; --                    ; --  ; --   ;
; aux_out[16]    ; Output   ; --            ; --            ; --                    ; --  ; --   ;
; aux_out[17]    ; Output   ; --            ; --            ; --                    ; --  ; --   ;
; aux_out[18]    ; Output   ; --            ; --            ; --                    ; --  ; --   ;
; aux_out[19]    ; Output   ; --            ; --            ; --                    ; --  ; --   ;
; aux_out[20]    ; Output   ; --            ; --            ; --                    ; --  ; --   ;
; aux_out[21]    ; Output   ; --            ; --            ; --                    ; --  ; --   ;
; aux_out[22]    ; Output   ; --            ; --            ; --                    ; --  ; --   ;
; aux_out[23]    ; Output   ; --            ; --            ; --                    ; --  ; --   ;
; aux_out[24]    ; Output   ; --            ; --            ; --                    ; --  ; --   ;
; aux_out[25]    ; Output   ; --            ; --            ; --                    ; --  ; --   ;
; aux_out[26]    ; Output   ; --            ; --            ; --                    ; --  ; --   ;
; aux_out[27]    ; Output   ; --            ; --            ; --                    ; --  ; --   ;
; aux_out[28]    ; Output   ; --            ; --            ; --                    ; --  ; --   ;
; aux_out[29]    ; Output   ; --            ; --            ; --                    ; --  ; --   ;
; aux_out[30]    ; Output   ; --            ; --            ; --                    ; --  ; --   ;
; aux_out[31]    ; Output   ; --            ; --            ; --                    ; --  ; --   ;
; state_out[0]   ; Output   ; --            ; --            ; --                    ; --  ; --   ;
; state_out[1]   ; Output   ; --            ; --            ; --                    ; --  ; --   ;
; state_out[2]   ; Output   ; --            ; --            ; --                    ; --  ; --   ;
; counter_out[0] ; Output   ; --            ; --            ; --                    ; --  ; --   ;
; counter_out[1] ; Output   ; --            ; --            ; --                    ; --  ; --   ;
; clk            ; Input    ; (0) 0 ps      ; --            ; --                    ; --  ; --   ;
; reset          ; Input    ; (0) 0 ps      ; --            ; --                    ; --  ; --   ;
+----------------+----------+---------------+---------------+-----------------------+-----+------+


+---------------------------------------------------+
; Pad To Core Delay Chain Fanout                    ;
+---------------------+-------------------+---------+
; Source Pin / Fanout ; Pad To Core Index ; Setting ;
+---------------------+-------------------+---------+
; clk                 ;                   ;         ;
; reset               ;                   ;         ;
+---------------------+-------------------+---------+


+----------------------------------------------------------------------------------------------------------------------------------------------------------+
; Control Signals                                                                                                                                          ;
+-------------------+-------------------+---------+-------------------------+--------+----------------------+------------------+---------------------------+
; Name              ; Location          ; Fan-Out ; Usage                   ; Global ; Global Resource Used ; Global Line Name ; Enable Signal Source Name ;
+-------------------+-------------------+---------+-------------------------+--------+----------------------+------------------+---------------------------+
; WideOr7           ; LCCOMB_X11_Y7_N6  ; 1       ; Clock enable            ; no     ; --                   ; --               ; --                        ;
; WideOr7~0         ; LCCOMB_X12_Y7_N16 ; 128     ; Clock enable            ; no     ; --                   ; --               ; --                        ;
; WideOr9~0         ; LCCOMB_X13_Y8_N30 ; 32      ; Sync. clear, Sync. load ; no     ; --                   ; --               ; --                        ;
; clk               ; PIN_E2            ; 184     ; Clock                   ; yes    ; Global Clock         ; GCLK4            ; --                        ;
; reset             ; PIN_E1            ; 15      ; Clock enable            ; no     ; --                   ; --               ; --                        ;
; reset             ; PIN_E1            ; 9       ; Async. clear            ; yes    ; Global Clock         ; GCLK2            ; --                        ;
; state.init_sub    ; FF_X10_Y7_N1      ; 12      ; Sync. load              ; no     ; --                   ; --               ; --                        ;
; state.sub_bytes_0 ; FF_X11_Y7_N15     ; 10      ; Clock enable            ; no     ; --                   ; --               ; --                        ;
; state.sub_bytes_1 ; FF_X11_Y7_N23     ; 13      ; Clock enable            ; no     ; --                   ; --               ; --                        ;
; state.sub_bytes_2 ; FF_X11_Y7_N9      ; 13      ; Clock enable            ; no     ; --                   ; --               ; --                        ;
; state.sub_bytes_3 ; FF_X11_Y7_N5      ; 11      ; Clock enable            ; no     ; --                   ; --               ; --                        ;
+-------------------+-------------------+---------+-------------------------+--------+----------------------+------------------+---------------------------+


+-----------------------------------------------------------------------------------------------------------------------------------------+
; Global & Other Fast Signals                                                                                                             ;
+-------+----------+---------+--------------------------------------+----------------------+------------------+---------------------------+
; Name  ; Location ; Fan-Out ; Fan-Out Using Intentional Clock Skew ; Global Resource Used ; Global Line Name ; Enable Signal Source Name ;
+-------+----------+---------+--------------------------------------+----------------------+------------------+---------------------------+
; clk   ; PIN_E2   ; 184     ; 32                                   ; Global Clock         ; GCLK4            ; --                        ;
; reset ; PIN_E1   ; 9       ; 0                                    ; Global Clock         ; GCLK2            ; --                        ;
+-------+----------+---------+--------------------------------------+----------------------+------------------+---------------------------+


+----------------------------------------------------------------------------------------------------+
; Non-Global High Fan-Out Signals                                                                    ;
+------------------------------------------------------------------------------------------+---------+
; Name                                                                                     ; Fan-Out ;
+------------------------------------------------------------------------------------------+---------+
; WideOr7~0                                                                                ; 128     ;
; state.start                                                                              ; 109     ;
; state.idle                                                                               ; 105     ;
; WideOr9~0                                                                                ; 32      ;
; WideOr12                                                                                 ; 32      ;
; reset~input                                                                              ; 14      ;
; state.sub_bytes_2                                                                        ; 13      ;
; state.sub_bytes_1                                                                        ; 13      ;
; sel_addr_sbox[0]                                                                         ; 12      ;
; WideOr8~1                                                                                ; 12      ;
; state.init_sub                                                                           ; 12      ;
; state.sub_bytes_3                                                                        ; 11      ;
; state.sub_bytes_0                                                                        ; 10      ;
; round[0]                                                                                 ; 8       ;
; state.shift_words                                                                        ; 8       ;
; round[2]                                                                                 ; 7       ;
; round[1]                                                                                 ; 7       ;
; Selector9~0                                                                              ; 5       ;
; Selector3~0                                                                              ; 4       ;
; Selector9~1                                                                              ; 4       ;
; round[3]                                                                                 ; 4       ;
; rcon~3                                                                                   ; 4       ;
; counter[0]                                                                               ; 4       ;
; state.end_round                                                                          ; 4       ;
; rcon[3][6]                                                                               ; 4       ;
; rcon[3][5]                                                                               ; 4       ;
; rcon[3][2]                                                                               ; 4       ;
; rcon[3][0]                                                                               ; 4       ;
; sbox_rom_sinc:AES_sbox|altsyncram:Mux7_rtl_0|altsyncram_md11:auto_generated|ram_block1a1 ; 4       ;
; sbox_rom_sinc:AES_sbox|altsyncram:Mux7_rtl_0|altsyncram_md11:auto_generated|ram_block1a2 ; 4       ;
; sbox_rom_sinc:AES_sbox|altsyncram:Mux7_rtl_0|altsyncram_md11:auto_generated|ram_block1a3 ; 4       ;
; sbox_rom_sinc:AES_sbox|altsyncram:Mux7_rtl_0|altsyncram_md11:auto_generated|ram_block1a4 ; 4       ;
; sbox_rom_sinc:AES_sbox|altsyncram:Mux7_rtl_0|altsyncram_md11:auto_generated|ram_block1a5 ; 4       ;
; sbox_rom_sinc:AES_sbox|altsyncram:Mux7_rtl_0|altsyncram_md11:auto_generated|ram_block1a6 ; 4       ;
; sbox_rom_sinc:AES_sbox|altsyncram:Mux7_rtl_0|altsyncram_md11:auto_generated|ram_block1a7 ; 4       ;
; sbox_rom_sinc:AES_sbox|altsyncram:Mux7_rtl_0|altsyncram_md11:auto_generated|ram_block1a0 ; 4       ;
; rcon[3][4]                                                                               ; 4       ;
; rcon[3][3]                                                                               ; 4       ;
; rcon[3][1]                                                                               ; 4       ;
; word_register:word_3|out3[7]                                                             ; 4       ;
; word_register:word_3|out3[6]                                                             ; 4       ;
; word_register:word_3|out3[5]                                                             ; 4       ;
; word_register:word_3|out3[4]                                                             ; 4       ;
; word_register:word_3|out3[3]                                                             ; 4       ;
; word_register:word_3|out3[2]                                                             ; 4       ;
; word_register:word_3|out3[1]                                                             ; 4       ;
; word_register:word_3|out3[0]                                                             ; 4       ;
; word_register:word_3|out2[7]                                                             ; 4       ;
; word_register:word_3|out2[6]                                                             ; 4       ;
; word_register:word_3|out2[5]                                                             ; 4       ;
; word_register:word_3|out2[4]                                                             ; 4       ;
; word_register:word_3|out2[3]                                                             ; 4       ;
; word_register:word_3|out2[2]                                                             ; 4       ;
; word_register:word_3|out2[1]                                                             ; 4       ;
; word_register:word_3|out2[0]                                                             ; 4       ;
; word_register:word_3|out1[7]                                                             ; 4       ;
; word_register:word_3|out1[6]                                                             ; 4       ;
; word_register:word_3|out1[5]                                                             ; 4       ;
; word_register:word_3|out1[4]                                                             ; 4       ;
; word_register:word_3|out1[3]                                                             ; 4       ;
; word_register:word_3|out1[2]                                                             ; 4       ;
; word_register:word_3|out1[1]                                                             ; 4       ;
; word_register:word_3|out1[0]                                                             ; 4       ;
; word_register:word_3|out0[7]                                                             ; 4       ;
; word_register:word_3|out0[6]                                                             ; 4       ;
; word_register:word_3|out0[5]                                                             ; 4       ;
; word_register:word_3|out0[4]                                                             ; 4       ;
; word_register:word_3|out0[3]                                                             ; 4       ;
; word_register:word_3|out0[2]                                                             ; 4       ;
; word_register:word_3|out0[1]                                                             ; 4       ;
; word_register:word_3|out0[0]                                                             ; 4       ;
; Equal2~0                                                                                 ; 3       ;
; counter[1]                                                                               ; 3       ;
; rcon[3][7]                                                                               ; 3       ;
; state~14                                                                                 ; 2       ;
; word_register:word_0|out3[7]                                                             ; 2       ;
; word_register:word_0|out3[6]                                                             ; 2       ;
; word_register:word_0|out3[5]                                                             ; 2       ;
; word_register:word_0|out3[4]                                                             ; 2       ;
; word_register:word_0|out3[3]                                                             ; 2       ;
; word_register:word_0|out3[2]                                                             ; 2       ;
; word_register:word_0|out3[1]                                                             ; 2       ;
; word_register:word_0|out3[0]                                                             ; 2       ;
; byte_register:aux_register_3|data_out[7]                                                 ; 2       ;
; byte_register:aux_register_3|data_out[6]                                                 ; 2       ;
; byte_register:aux_register_3|data_out[5]                                                 ; 2       ;
; byte_register:aux_register_3|data_out[4]                                                 ; 2       ;
; byte_register:aux_register_3|data_out[3]                                                 ; 2       ;
; byte_register:aux_register_3|data_out[2]                                                 ; 2       ;
; byte_register:aux_register_3|data_out[1]                                                 ; 2       ;
; byte_register:aux_register_3|data_out[0]                                                 ; 2       ;
; byte_register:aux_register_2|data_out[7]                                                 ; 2       ;
; byte_register:aux_register_2|data_out[6]                                                 ; 2       ;
; byte_register:aux_register_2|data_out[5]                                                 ; 2       ;
; byte_register:aux_register_2|data_out[4]                                                 ; 2       ;
; byte_register:aux_register_2|data_out[3]                                                 ; 2       ;
; byte_register:aux_register_2|data_out[2]                                                 ; 2       ;
; byte_register:aux_register_2|data_out[1]                                                 ; 2       ;
; byte_register:aux_register_2|data_out[0]                                                 ; 2       ;
; byte_register:aux_register_1|data_out[7]                                                 ; 2       ;
; byte_register:aux_register_1|data_out[6]                                                 ; 2       ;
; byte_register:aux_register_1|data_out[5]                                                 ; 2       ;
; byte_register:aux_register_1|data_out[4]                                                 ; 2       ;
; byte_register:aux_register_1|data_out[3]                                                 ; 2       ;
; byte_register:aux_register_1|data_out[2]                                                 ; 2       ;
; byte_register:aux_register_1|data_out[1]                                                 ; 2       ;
; byte_register:aux_register_1|data_out[0]                                                 ; 2       ;
; byte_register:aux_register_0|data_out[7]                                                 ; 2       ;
; byte_register:aux_register_0|data_out[6]                                                 ; 2       ;
; byte_register:aux_register_0|data_out[5]                                                 ; 2       ;
; byte_register:aux_register_0|data_out[4]                                                 ; 2       ;
; byte_register:aux_register_0|data_out[3]                                                 ; 2       ;
; byte_register:aux_register_0|data_out[2]                                                 ; 2       ;
; byte_register:aux_register_0|data_out[1]                                                 ; 2       ;
; byte_register:aux_register_0|data_out[0]                                                 ; 2       ;
; state.start~feeder                                                                       ; 1       ;
; state.init_sub~0                                                                         ; 1       ;
; Selector16~2                                                                             ; 1       ;
; mux2to1_32:mux_w2|y[31]~31                                                               ; 1       ;
; mux2to1_32:mux_w2|y[30]~30                                                               ; 1       ;
; mux2to1_32:mux_w2|y[29]~29                                                               ; 1       ;
; mux2to1_32:mux_w2|y[28]~28                                                               ; 1       ;
; mux2to1_32:mux_w2|y[27]~27                                                               ; 1       ;
; mux2to1_32:mux_w2|y[26]~26                                                               ; 1       ;
; mux2to1_32:mux_w2|y[25]~25                                                               ; 1       ;
; mux2to1_32:mux_w2|y[24]~24                                                               ; 1       ;
; mux2to1_32:mux_w2|y[23]~23                                                               ; 1       ;
; mux2to1_32:mux_w2|y[22]~22                                                               ; 1       ;
; mux2to1_32:mux_w2|y[21]~21                                                               ; 1       ;
; mux2to1_32:mux_w2|y[20]~20                                                               ; 1       ;
; mux2to1_32:mux_w2|y[19]~19                                                               ; 1       ;
; mux2to1_32:mux_w2|y[18]~18                                                               ; 1       ;
; mux2to1_32:mux_w2|y[17]~17                                                               ; 1       ;
; mux2to1_32:mux_w2|y[16]~16                                                               ; 1       ;
; mux2to1_32:mux_w2|y[15]~15                                                               ; 1       ;
; mux2to1_32:mux_w2|y[14]~14                                                               ; 1       ;
; mux2to1_32:mux_w2|y[13]~13                                                               ; 1       ;
; mux2to1_32:mux_w2|y[12]~12                                                               ; 1       ;
; mux2to1_32:mux_w2|y[11]~11                                                               ; 1       ;
; mux2to1_32:mux_w2|y[10]~10                                                               ; 1       ;
; mux2to1_32:mux_w2|y[9]~9                                                                 ; 1       ;
; mux2to1_32:mux_w2|y[8]~8                                                                 ; 1       ;
; mux2to1_32:mux_w2|y[7]~7                                                                 ; 1       ;
; mux2to1_32:mux_w2|y[6]~6                                                                 ; 1       ;
; mux2to1_32:mux_w2|y[5]~5                                                                 ; 1       ;
; mux2to1_32:mux_w2|y[4]~4                                                                 ; 1       ;
; mux2to1_32:mux_w2|y[3]~3                                                                 ; 1       ;
; mux2to1_32:mux_w2|y[2]~2                                                                 ; 1       ;
; mux2to1_32:mux_w2|y[1]~1                                                                 ; 1       ;
; mux2to1_32:mux_w2|y[0]~0                                                                 ; 1       ;
; mux2to1_32:mux_w1|y[31]~31                                                               ; 1       ;
; word_register:word_2|out3[7]                                                             ; 1       ;
; mux2to1_32:mux_w1|y[30]~30                                                               ; 1       ;
; word_register:word_2|out3[6]                                                             ; 1       ;
; mux2to1_32:mux_w1|y[29]~29                                                               ; 1       ;
; word_register:word_2|out3[5]                                                             ; 1       ;
; mux2to1_32:mux_w1|y[28]~28                                                               ; 1       ;
; word_register:word_2|out3[4]                                                             ; 1       ;
; mux2to1_32:mux_w1|y[27]~27                                                               ; 1       ;
; word_register:word_2|out3[3]                                                             ; 1       ;
; mux2to1_32:mux_w1|y[26]~26                                                               ; 1       ;
; word_register:word_2|out3[2]                                                             ; 1       ;
; mux2to1_32:mux_w1|y[25]~25                                                               ; 1       ;
; word_register:word_2|out3[1]                                                             ; 1       ;
; mux2to1_32:mux_w1|y[24]~24                                                               ; 1       ;
; word_register:word_2|out3[0]                                                             ; 1       ;
; mux2to1_32:mux_w1|y[23]~23                                                               ; 1       ;
; word_register:word_2|out2[7]                                                             ; 1       ;
; mux2to1_32:mux_w1|y[22]~22                                                               ; 1       ;
; word_register:word_2|out2[6]                                                             ; 1       ;
; mux2to1_32:mux_w1|y[21]~21                                                               ; 1       ;
; word_register:word_2|out2[5]                                                             ; 1       ;
; mux2to1_32:mux_w1|y[20]~20                                                               ; 1       ;
; word_register:word_2|out2[4]                                                             ; 1       ;
; mux2to1_32:mux_w1|y[19]~19                                                               ; 1       ;
; word_register:word_2|out2[3]                                                             ; 1       ;
; mux2to1_32:mux_w1|y[18]~18                                                               ; 1       ;
; word_register:word_2|out2[2]                                                             ; 1       ;
; mux2to1_32:mux_w1|y[17]~17                                                               ; 1       ;
; word_register:word_2|out2[1]                                                             ; 1       ;
; mux2to1_32:mux_w1|y[16]~16                                                               ; 1       ;
; word_register:word_2|out2[0]                                                             ; 1       ;
; mux2to1_32:mux_w1|y[15]~15                                                               ; 1       ;
; word_register:word_2|out1[7]                                                             ; 1       ;
; mux2to1_32:mux_w1|y[14]~14                                                               ; 1       ;
; word_register:word_2|out1[6]                                                             ; 1       ;
; mux2to1_32:mux_w1|y[13]~13                                                               ; 1       ;
; word_register:word_2|out1[5]                                                             ; 1       ;
; mux2to1_32:mux_w1|y[12]~12                                                               ; 1       ;
; word_register:word_2|out1[4]                                                             ; 1       ;
; mux2to1_32:mux_w1|y[11]~11                                                               ; 1       ;
; word_register:word_2|out1[3]                                                             ; 1       ;
; mux2to1_32:mux_w1|y[10]~10                                                               ; 1       ;
; word_register:word_2|out1[2]                                                             ; 1       ;
; mux2to1_32:mux_w1|y[9]~9                                                                 ; 1       ;
; word_register:word_2|out1[1]                                                             ; 1       ;
; mux2to1_32:mux_w1|y[8]~8                                                                 ; 1       ;
; word_register:word_2|out1[0]                                                             ; 1       ;
; mux2to1_32:mux_w1|y[7]~7                                                                 ; 1       ;
; word_register:word_2|out0[7]                                                             ; 1       ;
; mux2to1_32:mux_w1|y[6]~6                                                                 ; 1       ;
; word_register:word_2|out0[6]                                                             ; 1       ;
; mux2to1_32:mux_w1|y[5]~5                                                                 ; 1       ;
; word_register:word_2|out0[5]                                                             ; 1       ;
; mux2to1_32:mux_w1|y[4]~4                                                                 ; 1       ;
; word_register:word_2|out0[4]                                                             ; 1       ;
; mux2to1_32:mux_w1|y[3]~3                                                                 ; 1       ;
; word_register:word_2|out0[3]                                                             ; 1       ;
; mux2to1_32:mux_w1|y[2]~2                                                                 ; 1       ;
; word_register:word_2|out0[2]                                                             ; 1       ;
; mux2to1_32:mux_w1|y[1]~1                                                                 ; 1       ;
; word_register:word_2|out0[1]                                                             ; 1       ;
; mux2to1_32:mux_w1|y[0]~0                                                                 ; 1       ;
; word_register:word_2|out0[0]                                                             ; 1       ;
; mux4to1_8:sbox_mux|Mux0~1                                                                ; 1       ;
; mux4to1_8:sbox_mux|Mux0~0                                                                ; 1       ;
; mux4to1_8:sbox_mux|Mux1~1                                                                ; 1       ;
; mux4to1_8:sbox_mux|Mux1~0                                                                ; 1       ;
; mux4to1_8:sbox_mux|Mux2~1                                                                ; 1       ;
; mux4to1_8:sbox_mux|Mux2~0                                                                ; 1       ;
; mux4to1_8:sbox_mux|Mux3~1                                                                ; 1       ;
; mux4to1_8:sbox_mux|Mux3~0                                                                ; 1       ;
; mux4to1_8:sbox_mux|Mux4~1                                                                ; 1       ;
; mux4to1_8:sbox_mux|Mux4~0                                                                ; 1       ;
; mux4to1_8:sbox_mux|Mux5~1                                                                ; 1       ;
; mux4to1_8:sbox_mux|Mux5~0                                                                ; 1       ;
; mux4to1_8:sbox_mux|Mux6~1                                                                ; 1       ;
; mux4to1_8:sbox_mux|Mux6~0                                                                ; 1       ;
; mux4to1_8:sbox_mux|Mux7~1                                                                ; 1       ;
; mux4to1_8:sbox_mux|Mux7~0                                                                ; 1       ;
; WideOr7                                                                                  ; 1       ;
; Selector5~0                                                                              ; 1       ;
; Add1~0                                                                                   ; 1       ;
; Selector8~0                                                                              ; 1       ;
; Selector6~1                                                                              ; 1       ;
; Selector6~0                                                                              ; 1       ;
; Selector7~0                                                                              ; 1       ;
; mux2to1_32:mux_w0|y[31]~31                                                               ; 1       ;
; word_register:word_1|out3[7]                                                             ; 1       ;
; mux2to1_32:mux_w0|y[30]~30                                                               ; 1       ;
; word_register:word_1|out3[6]                                                             ; 1       ;
; mux2to1_32:mux_w0|y[29]~29                                                               ; 1       ;
; word_register:word_1|out3[5]                                                             ; 1       ;
; mux2to1_32:mux_w0|y[28]~28                                                               ; 1       ;
; word_register:word_1|out3[4]                                                             ; 1       ;
; mux2to1_32:mux_w0|y[27]~27                                                               ; 1       ;
; word_register:word_1|out3[3]                                                             ; 1       ;
; mux2to1_32:mux_w0|y[26]~26                                                               ; 1       ;
; word_register:word_1|out3[2]                                                             ; 1       ;
; mux2to1_32:mux_w0|y[25]~25                                                               ; 1       ;
; word_register:word_1|out3[1]                                                             ; 1       ;
; mux2to1_32:mux_w0|y[24]~24                                                               ; 1       ;
; word_register:word_1|out3[0]                                                             ; 1       ;
; mux2to1_32:mux_w0|y[23]~23                                                               ; 1       ;
; word_register:word_1|out2[7]                                                             ; 1       ;
; mux2to1_32:mux_w0|y[22]~22                                                               ; 1       ;
; word_register:word_1|out2[6]                                                             ; 1       ;
; mux2to1_32:mux_w0|y[21]~21                                                               ; 1       ;
; word_register:word_1|out2[5]                                                             ; 1       ;
; mux2to1_32:mux_w0|y[20]~20                                                               ; 1       ;
; word_register:word_1|out2[4]                                                             ; 1       ;
; mux2to1_32:mux_w0|y[19]~19                                                               ; 1       ;
; word_register:word_1|out2[3]                                                             ; 1       ;
; mux2to1_32:mux_w0|y[18]~18                                                               ; 1       ;
; word_register:word_1|out2[2]                                                             ; 1       ;
; mux2to1_32:mux_w0|y[17]~17                                                               ; 1       ;
; word_register:word_1|out2[1]                                                             ; 1       ;
; mux2to1_32:mux_w0|y[16]~16                                                               ; 1       ;
; word_register:word_1|out2[0]                                                             ; 1       ;
; mux2to1_32:mux_w0|y[15]~15                                                               ; 1       ;
; word_register:word_1|out1[7]                                                             ; 1       ;
; mux2to1_32:mux_w0|y[14]~14                                                               ; 1       ;
; word_register:word_1|out1[6]                                                             ; 1       ;
; mux2to1_32:mux_w0|y[13]~13                                                               ; 1       ;
; word_register:word_1|out1[5]                                                             ; 1       ;
; mux2to1_32:mux_w0|y[12]~12                                                               ; 1       ;
; word_register:word_1|out1[4]                                                             ; 1       ;
; mux2to1_32:mux_w0|y[11]~11                                                               ; 1       ;
; word_register:word_1|out1[3]                                                             ; 1       ;
; mux2to1_32:mux_w0|y[10]~10                                                               ; 1       ;
; word_register:word_1|out1[2]                                                             ; 1       ;
; mux2to1_32:mux_w0|y[9]~9                                                                 ; 1       ;
; word_register:word_1|out1[1]                                                             ; 1       ;
; mux2to1_32:mux_w0|y[8]~8                                                                 ; 1       ;
; word_register:word_1|out1[0]                                                             ; 1       ;
; mux2to1_32:mux_w0|y[7]~7                                                                 ; 1       ;
; word_register:word_1|out0[7]                                                             ; 1       ;
; mux2to1_32:mux_w0|y[6]~6                                                                 ; 1       ;
; word_register:word_1|out0[6]                                                             ; 1       ;
; mux2to1_32:mux_w0|y[5]~5                                                                 ; 1       ;
; word_register:word_1|out0[5]                                                             ; 1       ;
; mux2to1_32:mux_w0|y[4]~4                                                                 ; 1       ;
; word_register:word_1|out0[4]                                                             ; 1       ;
; mux2to1_32:mux_w0|y[3]~3                                                                 ; 1       ;
; word_register:word_1|out0[3]                                                             ; 1       ;
; mux2to1_32:mux_w0|y[2]~2                                                                 ; 1       ;
; word_register:word_1|out0[2]                                                             ; 1       ;
; mux2to1_32:mux_w0|y[1]~1                                                                 ; 1       ;
; word_register:word_1|out0[1]                                                             ; 1       ;
; mux2to1_32:mux_w0|y[0]~0                                                                 ; 1       ;
; word_register:word_1|out0[0]                                                             ; 1       ;
; Selector3~1                                                                              ; 1       ;
; Selector4~0                                                                              ; 1       ;
; Selector1~0                                                                              ; 1       ;
; state.idle~0                                                                             ; 1       ;
; state~13                                                                                 ; 1       ;
; Selector9~2                                                                              ; 1       ;
; Selector10~0                                                                             ; 1       ;
; Selector11~0                                                                             ; 1       ;
; Selector12~0                                                                             ; 1       ;
; Selector13~0                                                                             ; 1       ;
; Selector14~0                                                                             ; 1       ;
; Selector15~0                                                                             ; 1       ;
; mux2to1_32:mux_w3|y[31]~7                                                                ; 1       ;
; comb~7                                                                                   ; 1       ;
; mux2to1_32:mux_w3|y[30]~6                                                                ; 1       ;
; comb~6                                                                                   ; 1       ;
; mux2to1_32:mux_w3|y[29]~5                                                                ; 1       ;
; comb~5                                                                                   ; 1       ;
; mux2to1_32:mux_w3|y[28]~4                                                                ; 1       ;
; comb~4                                                                                   ; 1       ;
; mux2to1_32:mux_w3|y[27]~3                                                                ; 1       ;
; comb~3                                                                                   ; 1       ;
; mux2to1_32:mux_w3|y[26]~2                                                                ; 1       ;
; comb~2                                                                                   ; 1       ;
; mux2to1_32:mux_w3|y[25]~1                                                                ; 1       ;
; comb~1                                                                                   ; 1       ;
; mux2to1_32:mux_w3|y[24]~0                                                                ; 1       ;
; comb~0                                                                                   ; 1       ;
; mux2to1_32:mux_aux|y[23]~23                                                              ; 1       ;
; word_register:word_0|out2[7]                                                             ; 1       ;
; mux2to1_32:mux_aux|y[22]~22                                                              ; 1       ;
; word_register:word_0|out2[6]                                                             ; 1       ;
; mux2to1_32:mux_aux|y[21]~21                                                              ; 1       ;
; word_register:word_0|out2[5]                                                             ; 1       ;
; mux2to1_32:mux_aux|y[20]~20                                                              ; 1       ;
; word_register:word_0|out2[4]                                                             ; 1       ;
; mux2to1_32:mux_aux|y[19]~19                                                              ; 1       ;
; word_register:word_0|out2[3]                                                             ; 1       ;
; mux2to1_32:mux_aux|y[18]~18                                                              ; 1       ;
; word_register:word_0|out2[2]                                                             ; 1       ;
; mux2to1_32:mux_aux|y[17]~17                                                              ; 1       ;
; word_register:word_0|out2[1]                                                             ; 1       ;
; mux2to1_32:mux_aux|y[16]~16                                                              ; 1       ;
; word_register:word_0|out2[0]                                                             ; 1       ;
; mux2to1_32:mux_aux|y[15]~15                                                              ; 1       ;
; word_register:word_0|out1[7]                                                             ; 1       ;
; mux2to1_32:mux_aux|y[14]~14                                                              ; 1       ;
; word_register:word_0|out1[6]                                                             ; 1       ;
; mux2to1_32:mux_aux|y[13]~13                                                              ; 1       ;
; word_register:word_0|out1[5]                                                             ; 1       ;
; mux2to1_32:mux_aux|y[12]~12                                                              ; 1       ;
; word_register:word_0|out1[4]                                                             ; 1       ;
; mux2to1_32:mux_aux|y[11]~11                                                              ; 1       ;
; word_register:word_0|out1[3]                                                             ; 1       ;
; mux2to1_32:mux_aux|y[10]~10                                                              ; 1       ;
; word_register:word_0|out1[2]                                                             ; 1       ;
; mux2to1_32:mux_aux|y[9]~9                                                                ; 1       ;
; word_register:word_0|out1[1]                                                             ; 1       ;
; mux2to1_32:mux_aux|y[8]~8                                                                ; 1       ;
; word_register:word_0|out1[0]                                                             ; 1       ;
; mux2to1_32:mux_aux|y[7]~7                                                                ; 1       ;
; word_register:word_0|out0[7]                                                             ; 1       ;
; mux2to1_32:mux_aux|y[6]~6                                                                ; 1       ;
; word_register:word_0|out0[6]                                                             ; 1       ;
; mux2to1_32:mux_aux|y[5]~5                                                                ; 1       ;
; word_register:word_0|out0[5]                                                             ; 1       ;
; mux2to1_32:mux_aux|y[4]~4                                                                ; 1       ;
; word_register:word_0|out0[4]                                                             ; 1       ;
; mux2to1_32:mux_aux|y[3]~3                                                                ; 1       ;
; word_register:word_0|out0[3]                                                             ; 1       ;
; mux2to1_32:mux_aux|y[2]~2                                                                ; 1       ;
; word_register:word_0|out0[2]                                                             ; 1       ;
; mux2to1_32:mux_aux|y[1]~1                                                                ; 1       ;
; word_register:word_0|out0[1]                                                             ; 1       ;
; mux2to1_32:mux_aux|y[0]~0                                                                ; 1       ;
; word_register:word_0|out0[0]                                                             ; 1       ;
; WideOr8~0                                                                                ; 1       ;
; WideOr9                                                                                  ; 1       ;
; WideOr10~0                                                                               ; 1       ;
; rcon[3][4]~2                                                                             ; 1       ;
; rcon[3][3]~1                                                                             ; 1       ;
; rcon[3][1]~0                                                                             ; 1       ;
+------------------------------------------------------------------------------------------+---------+


+-------------------------------------------------------------------------------------------------------------------------------------------------------------------------------------------------------------------------------------------------------------------------------------------------------------------------------------------------------------------------------------------------------------------------------------------------------------------------------------------------------------------------------------------------------------------+
; Fitter RAM Summary                                                                                                                                                                                                                                                                                                                                                                                                                                                                                                                                                ;
+----------------------------------------------------------------------------------------+------+------+--------------+--------------+--------------+--------------+--------------+------------------------+-------------------------+------------------------+-------------------------+------+-----------------------------+-----------------------------+-----------------------------+-----------------------------+---------------------+------+------------------------------------+---------------+----------------------+-----------------+-----------------+
; Name                                                                                   ; Type ; Mode ; Clock Mode   ; Port A Depth ; Port A Width ; Port B Depth ; Port B Width ; Port A Input Registers ; Port A Output Registers ; Port B Input Registers ; Port B Output Registers ; Size ; Implementation Port A Depth ; Implementation Port A Width ; Implementation Port B Depth ; Implementation Port B Width ; Implementation Bits ; M9Ks ; MIF                                ; Location      ; Mixed Width RDW Mode ; Port A RDW Mode ; Port B RDW Mode ;
+----------------------------------------------------------------------------------------+------+------+--------------+--------------+--------------+--------------+--------------+------------------------+-------------------------+------------------------+-------------------------+------+-----------------------------+-----------------------------+-----------------------------+-----------------------------+---------------------+------+------------------------------------+---------------+----------------------+-----------------+-----------------+
; sbox_rom_sinc:AES_sbox|altsyncram:Mux7_rtl_0|altsyncram_md11:auto_generated|ALTSYNCRAM ; AUTO ; ROM  ; Single Clock ; 256          ; 8            ; --           ; --           ; yes                    ; no                      ; --                     ; --                      ; 2048 ; 256                         ; 8                           ; --                          ; --                          ; 2048                ; 1    ; key_expanse.key_expansion0.rtl.mif ; M9K_X15_Y7_N0 ; Don't care           ; Old data        ; Old data        ;
+----------------------------------------------------------------------------------------+------+------+--------------+--------------+--------------+--------------+--------------+------------------------+-------------------------+------------------------+-------------------------+------+-----------------------------+-----------------------------+-----------------------------+-----------------------------+---------------------+------+------------------------------------+---------------+----------------------+-----------------+-----------------+
Note: Fitter may spread logical memories into multiple blocks to improve timing. The actual required RAM blocks can be found in the Fitter Resource Usage section.


RAM content values are presented in the following format: (Binary) (Octal) (Decimal) (Hexadecimal) 
+------------------------------------------------------------------------------------------------------------------------------------------------------------------------------------------------------------------------------------------------------------------+
; |key_expansion|sbox_rom_sinc:AES_sbox|altsyncram:Mux7_rtl_0|altsyncram_md11:auto_generated|ALTSYNCRAM                                                                                                                                                            ;
+------------------------------------------------------------------------------------------------------------------------------------------------------------------------------------------------------------------------------------------------------------------+
;   Addr   ;              +0              ;              +1              ;              +2              ;              +3              ;              +4              ;              +5              ;              +6              ;              +7              ;
+----------+------------------------------+------------------------------+------------------------------+------------------------------+------------------------------+------------------------------+------------------------------+------------------------------+
;0;(01100011) (143) (99) (63)    ;(01111100) (174) (124) (7C)   ;(01110111) (167) (119) (77)   ;(01111011) (173) (123) (7B)   ;(11110010) (362) (242) (F2)   ;(01101011) (153) (107) (6B)   ;(01101111) (157) (111) (6F)   ;(11000101) (305) (197) (C5)   ;
;8;(00110000) (60) (48) (30)    ;(00000001) (1) (1) (01)   ;(01100111) (147) (103) (67)   ;(00101011) (53) (43) (2B)   ;(11111110) (376) (254) (FE)   ;(11010111) (327) (215) (D7)   ;(10101011) (253) (171) (AB)   ;(01110110) (166) (118) (76)   ;
;16;(11001010) (312) (202) (CA)    ;(10000010) (202) (130) (82)   ;(11001001) (311) (201) (C9)   ;(01111101) (175) (125) (7D)   ;(11111010) (372) (250) (FA)   ;(01011001) (131) (89) (59)   ;(01000111) (107) (71) (47)   ;(11110000) (360) (240) (F0)   ;
;24;(10101101) (255) (173) (AD)    ;(11010100) (324) (212) (D4)   ;(10100010) (242) (162) (A2)   ;(10101111) (257) (175) (AF)   ;(10011100) (234) (156) (9C)   ;(10100100) (244) (164) (A4)   ;(01110010) (162) (114) (72)   ;(11000000) (300) (192) (C0)   ;
;32;(10110111) (267) (183) (B7)    ;(11111101) (375) (253) (FD)   ;(10010011) (223) (147) (93)   ;(00100110) (46) (38) (26)   ;(00110110) (66) (54) (36)   ;(00111111) (77) (63) (3F)   ;(11110111) (367) (247) (F7)   ;(11001100) (314) (204) (CC)   ;
;40;(00110100) (64) (52) (34)    ;(10100101) (245) (165) (A5)   ;(11100101) (345) (229) (E5)   ;(11110001) (361) (241) (F1)   ;(01110001) (161) (113) (71)   ;(11011000) (330) (216) (D8)   ;(00110001) (61) (49) (31)   ;(00010101) (25) (21) (15)   ;
;48;(00000100) (4) (4) (04)    ;(11000111) (307) (199) (C7)   ;(00100011) (43) (35) (23)   ;(11000011) (303) (195) (C3)   ;(00011000) (30) (24) (18)   ;(10010110) (226) (150) (96)   ;(00000101) (5) (5) (05)   ;(10011010) (232) (154) (9A)   ;
;56;(00000111) (7) (7) (07)    ;(00010010) (22) (18) (12)   ;(10000000) (200) (128) (80)   ;(11100010) (342) (226) (E2)   ;(11101011) (353) (235) (EB)   ;(00100111) (47) (39) (27)   ;(10110010) (262) (178) (B2)   ;(01110101) (165) (117) (75)   ;
;64;(00001001) (11) (9) (09)    ;(10000011) (203) (131) (83)   ;(00101100) (54) (44) (2C)   ;(00011010) (32) (26) (1A)   ;(00011011) (33) (27) (1B)   ;(01101110) (156) (110) (6E)   ;(01011010) (132) (90) (5A)   ;(10100000) (240) (160) (A0)   ;
;72;(01010010) (122) (82) (52)    ;(00111011) (73) (59) (3B)   ;(11010110) (326) (214) (D6)   ;(10110011) (263) (179) (B3)   ;(00101001) (51) (41) (29)   ;(11100011) (343) (227) (E3)   ;(00101111) (57) (47) (2F)   ;(10000100) (204) (132) (84)   ;
;80;(01010011) (123) (83) (53)    ;(11010001) (321) (209) (D1)   ;(00000000) (0) (0) (00)   ;(11101101) (355) (237) (ED)   ;(00100000) (40) (32) (20)   ;(11111100) (374) (252) (FC)   ;(10110001) (261) (177) (B1)   ;(01011011) (133) (91) (5B)   ;
;88;(01101010) (152) (106) (6A)    ;(11001011) (313) (203) (CB)   ;(10111110) (276) (190) (BE)   ;(00111001) (71) (57) (39)   ;(01001010) (112) (74) (4A)   ;(01001100) (114) (76) (4C)   ;(01011000) (130) (88) (58)   ;(11001111) (317) (207) (CF)   ;
;96;(11010000) (320) (208) (D0)    ;(11101111) (357) (239) (EF)   ;(10101010) (252) (170) (AA)   ;(11111011) (373) (251) (FB)   ;(01000011) (103) (67) (43)   ;(01001101) (115) (77) (4D)   ;(00110011) (63) (51) (33)   ;(10000101) (205) (133) (85)   ;
;104;(01000101) (105) (69) (45)    ;(11111001) (371) (249) (F9)   ;(00000010) (2) (2) (02)   ;(01111111) (177) (127) (7F)   ;(01010000) (120) (80) (50)   ;(00111100) (74) (60) (3C)   ;(10011111) (237) (159) (9F)   ;(10101000) (250) (168) (A8)   ;
;112;(01010001) (121) (81) (51)    ;(10100011) (243) (163) (A3)   ;(01000000) (100) (64) (40)   ;(10001111) (217) (143) (8F)   ;(10010010) (222) (146) (92)   ;(10011101) (235) (157) (9D)   ;(00111000) (70) (56) (38)   ;(11110101) (365) (245) (F5)   ;
;120;(10111100) (274) (188) (BC)    ;(10110110) (266) (182) (B6)   ;(11011010) (332) (218) (DA)   ;(00100001) (41) (33) (21)   ;(00010000) (20) (16) (10)   ;(11111111) (377) (255) (FF)   ;(11110011) (363) (243) (F3)   ;(11010010) (322) (210) (D2)   ;
;128;(11001101) (315) (205) (CD)    ;(00001100) (14) (12) (0C)   ;(00010011) (23) (19) (13)   ;(11101100) (354) (236) (EC)   ;(01011111) (137) (95) (5F)   ;(10010111) (227) (151) (97)   ;(01000100) (104) (68) (44)   ;(00010111) (27) (23) (17)   ;
;136;(11000100) (304) (196) (C4)    ;(10100111) (247) (167) (A7)   ;(01111110) (176) (126) (7E)   ;(00111101) (75) (61) (3D)   ;(01100100) (144) (100) (64)   ;(01011101) (135) (93) (5D)   ;(00011001) (31) (25) (19)   ;(01110011) (163) (115) (73)   ;
;144;(01100000) (140) (96) (60)    ;(10000001) (201) (129) (81)   ;(01001111) (117) (79) (4F)   ;(11011100) (334) (220) (DC)   ;(00100010) (42) (34) (22)   ;(00101010) (52) (42) (2A)   ;(10010000) (220) (144) (90)   ;(10001000) (210) (136) (88)   ;
;152;(01000110) (106) (70) (46)    ;(11101110) (356) (238) (EE)   ;(10111000) (270) (184) (B8)   ;(00010100) (24) (20) (14)   ;(11011110) (336) (222) (DE)   ;(01011110) (136) (94) (5E)   ;(00001011) (13) (11) (0B)   ;(11011011) (333) (219) (DB)   ;
;160;(11100000) (340) (224) (E0)    ;(00110010) (62) (50) (32)   ;(00111010) (72) (58) (3A)   ;(00001010) (12) (10) (0A)   ;(01001001) (111) (73) (49)   ;(00000110) (6) (6) (06)   ;(00100100) (44) (36) (24)   ;(01011100) (134) (92) (5C)   ;
;168;(11000010) (302) (194) (C2)    ;(11010011) (323) (211) (D3)   ;(10101100) (254) (172) (AC)   ;(01100010) (142) (98) (62)   ;(10010001) (221) (145) (91)   ;(10010101) (225) (149) (95)   ;(11100100) (344) (228) (E4)   ;(01111001) (171) (121) (79)   ;
;176;(11100111) (347) (231) (E7)    ;(11001000) (310) (200) (C8)   ;(00110111) (67) (55) (37)   ;(01101101) (155) (109) (6D)   ;(10001101) (215) (141) (8D)   ;(11010101) (325) (213) (D5)   ;(01001110) (116) (78) (4E)   ;(10101001) (251) (169) (A9)   ;
;184;(01101100) (154) (108) (6C)    ;(01010110) (126) (86) (56)   ;(11110100) (364) (244) (F4)   ;(11101010) (352) (234) (EA)   ;(01100101) (145) (101) (65)   ;(01111010) (172) (122) (7A)   ;(10101110) (256) (174) (AE)   ;(00001000) (10) (8) (08)   ;
;192;(10111010) (272) (186) (BA)    ;(01111000) (170) (120) (78)   ;(00100101) (45) (37) (25)   ;(00101110) (56) (46) (2E)   ;(00011100) (34) (28) (1C)   ;(10100110) (246) (166) (A6)   ;(10110100) (264) (180) (B4)   ;(11000110) (306) (198) (C6)   ;
;200;(11101000) (350) (232) (E8)    ;(11011101) (335) (221) (DD)   ;(01110100) (164) (116) (74)   ;(00011111) (37) (31) (1F)   ;(01001011) (113) (75) (4B)   ;(10111101) (275) (189) (BD)   ;(10001011) (213) (139) (8B)   ;(10001010) (212) (138) (8A)   ;
;208;(01110000) (160) (112) (70)    ;(00111110) (76) (62) (3E)   ;(10110101) (265) (181) (B5)   ;(01100110) (146) (102) (66)   ;(01001000) (110) (72) (48)   ;(00000011) (3) (3) (03)   ;(11110110) (366) (246) (F6)   ;(00001110) (16) (14) (0E)   ;
;216;(01100001) (141) (97) (61)    ;(00110101) (65) (53) (35)   ;(01010111) (127) (87) (57)   ;(10111001) (271) (185) (B9)   ;(10000110) (206) (134) (86)   ;(11000001) (301) (193) (C1)   ;(00011101) (35) (29) (1D)   ;(10011110) (236) (158) (9E)   ;
;224;(11100001) (341) (225) (E1)    ;(11111000) (370) (248) (F8)   ;(10011000) (230) (152) (98)   ;(00010001) (21) (17) (11)   ;(01101001) (151) (105) (69)   ;(11011001) (331) (217) (D9)   ;(10001110) (216) (142) (8E)   ;(10010100) (224) (148) (94)   ;
;232;(10011011) (233) (155) (9B)    ;(00011110) (36) (30) (1E)   ;(10000111) (207) (135) (87)   ;(11101001) (351) (233) (E9)   ;(11001110) (316) (206) (CE)   ;(01010101) (125) (85) (55)   ;(00101000) (50) (40) (28)   ;(11011111) (337) (223) (DF)   ;
;240;(10001100) (214) (140) (8C)    ;(10100001) (241) (161) (A1)   ;(10001001) (211) (137) (89)   ;(00001101) (15) (13) (0D)   ;(10111111) (277) (191) (BF)   ;(11100110) (346) (230) (E6)   ;(01000010) (102) (66) (42)   ;(01101000) (150) (104) (68)   ;
;248;(01000001) (101) (65) (41)    ;(10011001) (231) (153) (99)   ;(00101101) (55) (45) (2D)   ;(00001111) (17) (15) (0F)   ;(10110000) (260) (176) (B0)   ;(01010100) (124) (84) (54)   ;(10111011) (273) (187) (BB)   ;(00010110) (26) (22) (16)   ;


+------------------------------------------------------+
; Other Routing Usage Summary                          ;
+-----------------------------+------------------------+
; Other Routing Resource Type ; Usage                  ;
+-----------------------------+------------------------+
; Block interconnects         ; 274 / 32,401 ( < 1 % ) ;
; C16 interconnects           ; 6 / 1,326 ( < 1 % )    ;
; C4 interconnects            ; 190 / 21,816 ( < 1 % ) ;
; Direct links                ; 49 / 32,401 ( < 1 % )  ;
; Global clocks               ; 2 / 10 ( 20 % )        ;
; Local interconnects         ; 157 / 10,320 ( 2 % )   ;
; R24 interconnects           ; 12 / 1,289 ( < 1 % )   ;
; R4 interconnects            ; 212 / 28,186 ( < 1 % ) ;
+-----------------------------+------------------------+


+----------------------------------------------------------------------------+
; LAB Logic Elements                                                         ;
+---------------------------------------------+------------------------------+
; Number of Logic Elements  (Average = 14.47) ; Number of LABs  (Total = 15) ;
+---------------------------------------------+------------------------------+
; 1                                           ; 0                            ;
; 2                                           ; 1                            ;
; 3                                           ; 0                            ;
; 4                                           ; 0                            ;
; 5                                           ; 0                            ;
; 6                                           ; 0                            ;
; 7                                           ; 0                            ;
; 8                                           ; 0                            ;
; 9                                           ; 1                            ;
; 10                                          ; 0                            ;
; 11                                          ; 0                            ;
; 12                                          ; 0                            ;
; 13                                          ; 0                            ;
; 14                                          ; 1                            ;
; 15                                          ; 0                            ;
; 16                                          ; 12                           ;
+---------------------------------------------+------------------------------+


+-------------------------------------------------------------------+
; LAB-wide Signals                                                  ;
+------------------------------------+------------------------------+
; LAB-wide Signals  (Average = 2.53) ; Number of LABs  (Total = 15) ;
+------------------------------------+------------------------------+
; 1 Async. clear                     ; 4                            ;
; 1 Clock                            ; 14                           ;
; 1 Clock enable                     ; 10                           ;
; 1 Sync. clear                      ; 3                            ;
; 1 Sync. load                       ; 5                            ;
; 2 Clock enables                    ; 2                            ;
+------------------------------------+------------------------------+


+-----------------------------------------------------------------------------+
; LAB Signals Sourced                                                         ;
+----------------------------------------------+------------------------------+
; Number of Signals Sourced  (Average = 26.67) ; Number of LABs  (Total = 15) ;
+----------------------------------------------+------------------------------+
; 0                                            ; 0                            ;
; 1                                            ; 0                            ;
; 2                                            ; 0                            ;
; 3                                            ; 1                            ;
; 4                                            ; 0                            ;
; 5                                            ; 0                            ;
; 6                                            ; 0                            ;
; 7                                            ; 0                            ;
; 8                                            ; 0                            ;
; 9                                            ; 0                            ;
; 10                                           ; 0                            ;
; 11                                           ; 0                            ;
; 12                                           ; 0                            ;
; 13                                           ; 0                            ;
; 14                                           ; 1                            ;
; 15                                           ; 0                            ;
; 16                                           ; 0                            ;
; 17                                           ; 1                            ;
; 18                                           ; 0                            ;
; 19                                           ; 0                            ;
; 20                                           ; 0                            ;
; 21                                           ; 0                            ;
; 22                                           ; 0                            ;
; 23                                           ; 0                            ;
; 24                                           ; 0                            ;
; 25                                           ; 0                            ;
; 26                                           ; 2                            ;
; 27                                           ; 0                            ;
; 28                                           ; 0                            ;
; 29                                           ; 1                            ;
; 30                                           ; 1                            ;
; 31                                           ; 1                            ;
; 32                                           ; 7                            ;
+----------------------------------------------+------------------------------+


+--------------------------------------------------------------------------------+
; LAB Signals Sourced Out                                                        ;
+-------------------------------------------------+------------------------------+
; Number of Signals Sourced Out  (Average = 8.47) ; Number of LABs  (Total = 15) ;
+-------------------------------------------------+------------------------------+
; 0                                               ; 0                            ;
; 1                                               ; 0                            ;
; 2                                               ; 1                            ;
; 3                                               ; 1                            ;
; 4                                               ; 4                            ;
; 5                                               ; 0                            ;
; 6                                               ; 1                            ;
; 7                                               ; 0                            ;
; 8                                               ; 3                            ;
; 9                                               ; 0                            ;
; 10                                              ; 1                            ;
; 11                                              ; 1                            ;
; 12                                              ; 0                            ;
; 13                                              ; 0                            ;
; 14                                              ; 0                            ;
; 15                                              ; 0                            ;
; 16                                              ; 1                            ;
; 17                                              ; 1                            ;
; 18                                              ; 0                            ;
; 19                                              ; 0                            ;
; 20                                              ; 0                            ;
; 21                                              ; 0                            ;
; 22                                              ; 1                            ;
+-------------------------------------------------+------------------------------+


+-----------------------------------------------------------------------------+
; LAB Distinct Inputs                                                         ;
+----------------------------------------------+------------------------------+
; Number of Distinct Inputs  (Average = 12.33) ; Number of LABs  (Total = 15) ;
+----------------------------------------------+------------------------------+
; 0                                            ; 0                            ;
; 1                                            ; 0                            ;
; 2                                            ; 0                            ;
; 3                                            ; 1                            ;
; 4                                            ; 0                            ;
; 5                                            ; 0                            ;
; 6                                            ; 0                            ;
; 7                                            ; 0                            ;
; 8                                            ; 0                            ;
; 9                                            ; 3                            ;
; 10                                           ; 6                            ;
; 11                                           ; 1                            ;
; 12                                           ; 0                            ;
; 13                                           ; 1                            ;
; 14                                           ; 0                            ;
; 15                                           ; 0                            ;
; 16                                           ; 1                            ;
; 17                                           ; 0                            ;
; 18                                           ; 0                            ;
; 19                                           ; 0                            ;
; 20                                           ; 0                            ;
; 21                                           ; 0                            ;
; 22                                           ; 0                            ;
; 23                                           ; 1                            ;
; 24                                           ; 0                            ;
; 25                                           ; 0                            ;
; 26                                           ; 0                            ;
; 27                                           ; 0                            ;
; 28                                           ; 0                            ;
; 29                                           ; 0                            ;
; 30                                           ; 0                            ;
; 31                                           ; 0                            ;
; 32                                           ; 1                            ;
+----------------------------------------------+------------------------------+


+------------------------------------------+
; I/O Rules Summary                        ;
+----------------------------------+-------+
; I/O Rules Statistic              ; Total ;
+----------------------------------+-------+
; Total I/O Rules                  ; 30    ;
; Number of I/O Rules Passed       ; 9     ;
; Number of I/O Rules Failed       ; 0     ;
; Number of I/O Rules Unchecked    ; 0     ;
; Number of I/O Rules Inapplicable ; 21    ;
+----------------------------------+-------+


+-----------------------------------------------------------------------------------------------------------------------------------------------------------------------------------------------------------------------------------------------------------------------------------------------------+
; I/O Rules Details                                                                                                                                                                                                                                                                                   ;
+--------------+-----------+-----------------------------------+------------------------------------------------------------------------------------------------------+----------+--------------------------------------------------------------------------+---------------------+-------------------+
; Status       ; ID        ; Category                          ; Rule Description                                                                                     ; Severity ; Information                                                              ; Area                ; Extra Information ;
+--------------+-----------+-----------------------------------+------------------------------------------------------------------------------------------------------+----------+--------------------------------------------------------------------------+---------------------+-------------------+
; Inapplicable ; IO_000001 ; Capacity Checks                   ; Number of pins in an I/O bank should not exceed the number of locations available.                   ; Critical ; No Location assignments found.                                           ; I/O                 ;                   ;
; Inapplicable ; IO_000002 ; Capacity Checks                   ; Number of clocks in an I/O bank should not exceed the number of clocks available.                    ; Critical ; No Global Signal assignments found.                                      ; I/O                 ;                   ;
; Inapplicable ; IO_000003 ; Capacity Checks                   ; Number of pins in a Vrefgroup should not exceed the number of locations available.                   ; Critical ; No Location assignments found.                                           ; I/O                 ;                   ;
; Inapplicable ; IO_000004 ; Voltage Compatibility Checks      ; The I/O bank should support the requested VCCIO.                                                     ; Critical ; No IOBANK_VCCIO assignments found.                                       ; I/O                 ;                   ;
; Inapplicable ; IO_000005 ; Voltage Compatibility Checks      ; The I/O bank should not have competing VREF values.                                                  ; Critical ; No VREF I/O Standard assignments found.                                  ; I/O                 ;                   ;
; Pass         ; IO_000006 ; Voltage Compatibility Checks      ; The I/O bank should not have competing VCCIO values.                                                 ; Critical ; 0 such failures found.                                                   ; I/O                 ;                   ;
; Inapplicable ; IO_000007 ; Valid Location Checks             ; Checks for unavailable locations.                                                                    ; Critical ; No Location assignments found.                                           ; I/O                 ;                   ;
; Inapplicable ; IO_000008 ; Valid Location Checks             ; Checks for reserved locations.                                                                       ; Critical ; No reserved LogicLock region found.                                      ; I/O                 ;                   ;
; Pass         ; IO_000009 ; I/O Properties Checks for One I/O ; The location should support the requested I/O standard.                                              ; Critical ; 0 such failures found.                                                   ; I/O                 ;                   ;
; Pass         ; IO_000010 ; I/O Properties Checks for One I/O ; The location should support the requested I/O direction.                                             ; Critical ; 0 such failures found.                                                   ; I/O                 ;                   ;
; Inapplicable ; IO_000011 ; I/O Properties Checks for One I/O ; The location should support the requested Current Strength.                                          ; Critical ; No Current Strength assignments found.                                   ; I/O                 ;                   ;
; Pass         ; IO_000012 ; I/O Properties Checks for One I/O ; The location should support the requested On Chip Termination value.                                 ; Critical ; 0 such failures found.                                                   ; I/O                 ;                   ;
; Inapplicable ; IO_000013 ; I/O Properties Checks for One I/O ; The location should support the requested Bus Hold value.                                            ; Critical ; No Enable Bus-Hold Circuitry assignments found.                          ; I/O                 ;                   ;
; Inapplicable ; IO_000014 ; I/O Properties Checks for One I/O ; The location should support the requested Weak Pull Up value.                                        ; Critical ; No Weak Pull-Up Resistor assignments found.                              ; I/O                 ;                   ;
; Pass         ; IO_000015 ; I/O Properties Checks for One I/O ; The location should support the requested PCI Clamp Diode.                                           ; Critical ; 0 such failures found.                                                   ; I/O                 ;                   ;
; Inapplicable ; IO_000018 ; I/O Properties Checks for One I/O ; The I/O standard should support the requested Current Strength.                                      ; Critical ; No Current Strength assignments found.                                   ; I/O                 ;                   ;
; Pass         ; IO_000019 ; I/O Properties Checks for One I/O ; The I/O standard should support the requested On Chip Termination value.                             ; Critical ; 0 such failures found.                                                   ; I/O                 ;                   ;
; Pass         ; IO_000020 ; I/O Properties Checks for One I/O ; The I/O standard should support the requested PCI Clamp Diode.                                       ; Critical ; 0 such failures found.                                                   ; I/O                 ;                   ;
; Inapplicable ; IO_000021 ; I/O Properties Checks for One I/O ; The I/O standard should support the requested Weak Pull Up value.                                    ; Critical ; No Weak Pull-Up Resistor assignments found.                              ; I/O                 ;                   ;
; Inapplicable ; IO_000022 ; I/O Properties Checks for One I/O ; The I/O standard should support the requested Bus Hold value.                                        ; Critical ; No Enable Bus-Hold Circuitry assignments found.                          ; I/O                 ;                   ;
; Inapplicable ; IO_000023 ; I/O Properties Checks for One I/O ; The I/O standard should support the Open Drain value.                                                ; Critical ; No open drain assignments found.                                         ; I/O                 ;                   ;
; Pass         ; IO_000024 ; I/O Properties Checks for One I/O ; The I/O direction should support the On Chip Termination value.                                      ; Critical ; 0 such failures found.                                                   ; I/O                 ;                   ;
; Inapplicable ; IO_000026 ; I/O Properties Checks for One I/O ; On Chip Termination and Current Strength should not be used at the same time.                        ; Critical ; No Current Strength assignments found.                                   ; I/O                 ;                   ;
; Inapplicable ; IO_000027 ; I/O Properties Checks for One I/O ; Weak Pull Up and Bus Hold should not be used at the same time.                                       ; Critical ; No Enable Bus-Hold Circuitry or Weak Pull-Up Resistor assignments found. ; I/O                 ;                   ;
; Inapplicable ; IO_000045 ; I/O Properties Checks for One I/O ; The I/O standard should support the requested Slew Rate value.                                       ; Critical ; No Slew Rate assignments found.                                          ; I/O                 ;                   ;
; Inapplicable ; IO_000046 ; I/O Properties Checks for One I/O ; The location should support the requested Slew Rate value.                                           ; Critical ; No Slew Rate assignments found.                                          ; I/O                 ;                   ;
; Inapplicable ; IO_000047 ; I/O Properties Checks for One I/O ; On Chip Termination and Slew Rate should not be used at the same time.                               ; Critical ; No Slew Rate assignments found.                                          ; I/O                 ;                   ;
; Pass         ; IO_000033 ; Electromigration Checks           ; Current density for consecutive I/Os should not exceed 240mA for row I/Os and 240mA for column I/Os. ; Critical ; 0 such failures found.                                                   ; I/O                 ;                   ;
; Inapplicable ; IO_000034 ; SI Related Distance Checks        ; Single-ended outputs should be 5 LAB row(s) away from a differential I/O.                            ; High     ; No Differential I/O Standard assignments found.                          ; I/O                 ;                   ;
; Inapplicable ; IO_000042 ; SI Related SSO Limit Checks       ; No more than 20 outputs are allowed in a VREF group when VREF is being read from.                    ; High     ; No VREF I/O Standard assignments found.                                  ; I/O                 ;                   ;
; ----         ; ----      ; Disclaimer                        ; OCT rules are checked but not reported.                                                              ; None     ; ----                                                                     ; On Chip Termination ;                   ;
+--------------+-----------+-----------------------------------+------------------------------------------------------------------------------------------------------+----------+--------------------------------------------------------------------------+---------------------+-------------------+


+--------------------------------------------------------------------------------------------------------------------------------------------------------------------------------------------------------------------------------------------------------------------------------------------------------------------------------------------------------------------------------------------------------------------------------------------------------------------------+
; I/O Rules Matrix                                                                                                                                                                                                                                                                                                                                                                                                                                                         ;
+--------------------+--------------+--------------+--------------+--------------+--------------+-----------+--------------+--------------+-----------+-----------+--------------+--------------+--------------+--------------+--------------+--------------+--------------+--------------+--------------+--------------+--------------+--------------+--------------+--------------+--------------+--------------+--------------+-----------+--------------+--------------+
; Pin/Rules          ; IO_000001    ; IO_000002    ; IO_000003    ; IO_000004    ; IO_000005    ; IO_000006 ; IO_000007    ; IO_000008    ; IO_000009 ; IO_000010 ; IO_000011    ; IO_000012    ; IO_000013    ; IO_000014    ; IO_000015    ; IO_000018    ; IO_000019    ; IO_000020    ; IO_000021    ; IO_000022    ; IO_000023    ; IO_000024    ; IO_000026    ; IO_000027    ; IO_000045    ; IO_000046    ; IO_000047    ; IO_000033 ; IO_000034    ; IO_000042    ;
+--------------------+--------------+--------------+--------------+--------------+--------------+-----------+--------------+--------------+-----------+-----------+--------------+--------------+--------------+--------------+--------------+--------------+--------------+--------------+--------------+--------------+--------------+--------------+--------------+--------------+--------------+--------------+--------------+-----------+--------------+--------------+
; Total Pass         ; 0            ; 0            ; 0            ; 0            ; 0            ; 103       ; 0            ; 0            ; 103       ; 103       ; 0            ; 101          ; 0            ; 0            ; 2            ; 0            ; 101          ; 2            ; 0            ; 0            ; 0            ; 101          ; 0            ; 0            ; 0            ; 0            ; 0            ; 103       ; 0            ; 0            ;
; Total Unchecked    ; 0            ; 0            ; 0            ; 0            ; 0            ; 0         ; 0            ; 0            ; 0         ; 0         ; 0            ; 0            ; 0            ; 0            ; 0            ; 0            ; 0            ; 0            ; 0            ; 0            ; 0            ; 0            ; 0            ; 0            ; 0            ; 0            ; 0            ; 0         ; 0            ; 0            ;
; Total Inapplicable ; 103          ; 103          ; 103          ; 103          ; 103          ; 0         ; 103          ; 103          ; 0         ; 0         ; 103          ; 2            ; 103          ; 103          ; 101          ; 103          ; 2            ; 101          ; 103          ; 103          ; 103          ; 2            ; 103          ; 103          ; 103          ; 103          ; 103          ; 0         ; 103          ; 103          ;
; Total Fail         ; 0            ; 0            ; 0            ; 0            ; 0            ; 0         ; 0            ; 0            ; 0         ; 0         ; 0            ; 0            ; 0            ; 0            ; 0            ; 0            ; 0            ; 0            ; 0            ; 0            ; 0            ; 0            ; 0            ; 0            ; 0            ; 0            ; 0            ; 0         ; 0            ; 0            ;
; key_word[0]        ; Inapplicable ; Inapplicable ; Inapplicable ; Inapplicable ; Inapplicable ; Pass      ; Inapplicable ; Inapplicable ; Pass      ; Pass      ; Inapplicable ; Pass         ; Inapplicable ; Inapplicable ; Inapplicable ; Inapplicable ; Pass         ; Inapplicable ; Inapplicable ; Inapplicable ; Inapplicable ; Pass         ; Inapplicable ; Inapplicable ; Inapplicable ; Inapplicable ; Inapplicable ; Pass      ; Inapplicable ; Inapplicable ;
; key_word[1]        ; Inapplicable ; Inapplicable ; Inapplicable ; Inapplicable ; Inapplicable ; Pass      ; Inapplicable ; Inapplicable ; Pass      ; Pass      ; Inapplicable ; Pass         ; Inapplicable ; Inapplicable ; Inapplicable ; Inapplicable ; Pass         ; Inapplicable ; Inapplicable ; Inapplicable ; Inapplicable ; Pass         ; Inapplicable ; Inapplicable ; Inapplicable ; Inapplicable ; Inapplicable ; Pass      ; Inapplicable ; Inapplicable ;
; key_word[2]        ; Inapplicable ; Inapplicable ; Inapplicable ; Inapplicable ; Inapplicable ; Pass      ; Inapplicable ; Inapplicable ; Pass      ; Pass      ; Inapplicable ; Pass         ; Inapplicable ; Inapplicable ; Inapplicable ; Inapplicable ; Pass         ; Inapplicable ; Inapplicable ; Inapplicable ; Inapplicable ; Pass         ; Inapplicable ; Inapplicable ; Inapplicable ; Inapplicable ; Inapplicable ; Pass      ; Inapplicable ; Inapplicable ;
; key_word[3]        ; Inapplicable ; Inapplicable ; Inapplicable ; Inapplicable ; Inapplicable ; Pass      ; Inapplicable ; Inapplicable ; Pass      ; Pass      ; Inapplicable ; Pass         ; Inapplicable ; Inapplicable ; Inapplicable ; Inapplicable ; Pass         ; Inapplicable ; Inapplicable ; Inapplicable ; Inapplicable ; Pass         ; Inapplicable ; Inapplicable ; Inapplicable ; Inapplicable ; Inapplicable ; Pass      ; Inapplicable ; Inapplicable ;
; key_word[4]        ; Inapplicable ; Inapplicable ; Inapplicable ; Inapplicable ; Inapplicable ; Pass      ; Inapplicable ; Inapplicable ; Pass      ; Pass      ; Inapplicable ; Pass         ; Inapplicable ; Inapplicable ; Inapplicable ; Inapplicable ; Pass         ; Inapplicable ; Inapplicable ; Inapplicable ; Inapplicable ; Pass         ; Inapplicable ; Inapplicable ; Inapplicable ; Inapplicable ; Inapplicable ; Pass      ; Inapplicable ; Inapplicable ;
; key_word[5]        ; Inapplicable ; Inapplicable ; Inapplicable ; Inapplicable ; Inapplicable ; Pass      ; Inapplicable ; Inapplicable ; Pass      ; Pass      ; Inapplicable ; Pass         ; Inapplicable ; Inapplicable ; Inapplicable ; Inapplicable ; Pass         ; Inapplicable ; Inapplicable ; Inapplicable ; Inapplicable ; Pass         ; Inapplicable ; Inapplicable ; Inapplicable ; Inapplicable ; Inapplicable ; Pass      ; Inapplicable ; Inapplicable ;
; key_word[6]        ; Inapplicable ; Inapplicable ; Inapplicable ; Inapplicable ; Inapplicable ; Pass      ; Inapplicable ; Inapplicable ; Pass      ; Pass      ; Inapplicable ; Pass         ; Inapplicable ; Inapplicable ; Inapplicable ; Inapplicable ; Pass         ; Inapplicable ; Inapplicable ; Inapplicable ; Inapplicable ; Pass         ; Inapplicable ; Inapplicable ; Inapplicable ; Inapplicable ; Inapplicable ; Pass      ; Inapplicable ; Inapplicable ;
; key_word[7]        ; Inapplicable ; Inapplicable ; Inapplicable ; Inapplicable ; Inapplicable ; Pass      ; Inapplicable ; Inapplicable ; Pass      ; Pass      ; Inapplicable ; Pass         ; Inapplicable ; Inapplicable ; Inapplicable ; Inapplicable ; Pass         ; Inapplicable ; Inapplicable ; Inapplicable ; Inapplicable ; Pass         ; Inapplicable ; Inapplicable ; Inapplicable ; Inapplicable ; Inapplicable ; Pass      ; Inapplicable ; Inapplicable ;
; key_word[8]        ; Inapplicable ; Inapplicable ; Inapplicable ; Inapplicable ; Inapplicable ; Pass      ; Inapplicable ; Inapplicable ; Pass      ; Pass      ; Inapplicable ; Pass         ; Inapplicable ; Inapplicable ; Inapplicable ; Inapplicable ; Pass         ; Inapplicable ; Inapplicable ; Inapplicable ; Inapplicable ; Pass         ; Inapplicable ; Inapplicable ; Inapplicable ; Inapplicable ; Inapplicable ; Pass      ; Inapplicable ; Inapplicable ;
; key_word[9]        ; Inapplicable ; Inapplicable ; Inapplicable ; Inapplicable ; Inapplicable ; Pass      ; Inapplicable ; Inapplicable ; Pass      ; Pass      ; Inapplicable ; Pass         ; Inapplicable ; Inapplicable ; Inapplicable ; Inapplicable ; Pass         ; Inapplicable ; Inapplicable ; Inapplicable ; Inapplicable ; Pass         ; Inapplicable ; Inapplicable ; Inapplicable ; Inapplicable ; Inapplicable ; Pass      ; Inapplicable ; Inapplicable ;
; key_word[10]       ; Inapplicable ; Inapplicable ; Inapplicable ; Inapplicable ; Inapplicable ; Pass      ; Inapplicable ; Inapplicable ; Pass      ; Pass      ; Inapplicable ; Pass         ; Inapplicable ; Inapplicable ; Inapplicable ; Inapplicable ; Pass         ; Inapplicable ; Inapplicable ; Inapplicable ; Inapplicable ; Pass         ; Inapplicable ; Inapplicable ; Inapplicable ; Inapplicable ; Inapplicable ; Pass      ; Inapplicable ; Inapplicable ;
; key_word[11]       ; Inapplicable ; Inapplicable ; Inapplicable ; Inapplicable ; Inapplicable ; Pass      ; Inapplicable ; Inapplicable ; Pass      ; Pass      ; Inapplicable ; Pass         ; Inapplicable ; Inapplicable ; Inapplicable ; Inapplicable ; Pass         ; Inapplicable ; Inapplicable ; Inapplicable ; Inapplicable ; Pass         ; Inapplicable ; Inapplicable ; Inapplicable ; Inapplicable ; Inapplicable ; Pass      ; Inapplicable ; Inapplicable ;
; key_word[12]       ; Inapplicable ; Inapplicable ; Inapplicable ; Inapplicable ; Inapplicable ; Pass      ; Inapplicable ; Inapplicable ; Pass      ; Pass      ; Inapplicable ; Pass         ; Inapplicable ; Inapplicable ; Inapplicable ; Inapplicable ; Pass         ; Inapplicable ; Inapplicable ; Inapplicable ; Inapplicable ; Pass         ; Inapplicable ; Inapplicable ; Inapplicable ; Inapplicable ; Inapplicable ; Pass      ; Inapplicable ; Inapplicable ;
; key_word[13]       ; Inapplicable ; Inapplicable ; Inapplicable ; Inapplicable ; Inapplicable ; Pass      ; Inapplicable ; Inapplicable ; Pass      ; Pass      ; Inapplicable ; Pass         ; Inapplicable ; Inapplicable ; Inapplicable ; Inapplicable ; Pass         ; Inapplicable ; Inapplicable ; Inapplicable ; Inapplicable ; Pass         ; Inapplicable ; Inapplicable ; Inapplicable ; Inapplicable ; Inapplicable ; Pass      ; Inapplicable ; Inapplicable ;
; key_word[14]       ; Inapplicable ; Inapplicable ; Inapplicable ; Inapplicable ; Inapplicable ; Pass      ; Inapplicable ; Inapplicable ; Pass      ; Pass      ; Inapplicable ; Pass         ; Inapplicable ; Inapplicable ; Inapplicable ; Inapplicable ; Pass         ; Inapplicable ; Inapplicable ; Inapplicable ; Inapplicable ; Pass         ; Inapplicable ; Inapplicable ; Inapplicable ; Inapplicable ; Inapplicable ; Pass      ; Inapplicable ; Inapplicable ;
; key_word[15]       ; Inapplicable ; Inapplicable ; Inapplicable ; Inapplicable ; Inapplicable ; Pass      ; Inapplicable ; Inapplicable ; Pass      ; Pass      ; Inapplicable ; Pass         ; Inapplicable ; Inapplicable ; Inapplicable ; Inapplicable ; Pass         ; Inapplicable ; Inapplicable ; Inapplicable ; Inapplicable ; Pass         ; Inapplicable ; Inapplicable ; Inapplicable ; Inapplicable ; Inapplicable ; Pass      ; Inapplicable ; Inapplicable ;
; key_word[16]       ; Inapplicable ; Inapplicable ; Inapplicable ; Inapplicable ; Inapplicable ; Pass      ; Inapplicable ; Inapplicable ; Pass      ; Pass      ; Inapplicable ; Pass         ; Inapplicable ; Inapplicable ; Inapplicable ; Inapplicable ; Pass         ; Inapplicable ; Inapplicable ; Inapplicable ; Inapplicable ; Pass         ; Inapplicable ; Inapplicable ; Inapplicable ; Inapplicable ; Inapplicable ; Pass      ; Inapplicable ; Inapplicable ;
; key_word[17]       ; Inapplicable ; Inapplicable ; Inapplicable ; Inapplicable ; Inapplicable ; Pass      ; Inapplicable ; Inapplicable ; Pass      ; Pass      ; Inapplicable ; Pass         ; Inapplicable ; Inapplicable ; Inapplicable ; Inapplicable ; Pass         ; Inapplicable ; Inapplicable ; Inapplicable ; Inapplicable ; Pass         ; Inapplicable ; Inapplicable ; Inapplicable ; Inapplicable ; Inapplicable ; Pass      ; Inapplicable ; Inapplicable ;
; key_word[18]       ; Inapplicable ; Inapplicable ; Inapplicable ; Inapplicable ; Inapplicable ; Pass      ; Inapplicable ; Inapplicable ; Pass      ; Pass      ; Inapplicable ; Pass         ; Inapplicable ; Inapplicable ; Inapplicable ; Inapplicable ; Pass         ; Inapplicable ; Inapplicable ; Inapplicable ; Inapplicable ; Pass         ; Inapplicable ; Inapplicable ; Inapplicable ; Inapplicable ; Inapplicable ; Pass      ; Inapplicable ; Inapplicable ;
; key_word[19]       ; Inapplicable ; Inapplicable ; Inapplicable ; Inapplicable ; Inapplicable ; Pass      ; Inapplicable ; Inapplicable ; Pass      ; Pass      ; Inapplicable ; Pass         ; Inapplicable ; Inapplicable ; Inapplicable ; Inapplicable ; Pass         ; Inapplicable ; Inapplicable ; Inapplicable ; Inapplicable ; Pass         ; Inapplicable ; Inapplicable ; Inapplicable ; Inapplicable ; Inapplicable ; Pass      ; Inapplicable ; Inapplicable ;
; key_word[20]       ; Inapplicable ; Inapplicable ; Inapplicable ; Inapplicable ; Inapplicable ; Pass      ; Inapplicable ; Inapplicable ; Pass      ; Pass      ; Inapplicable ; Pass         ; Inapplicable ; Inapplicable ; Inapplicable ; Inapplicable ; Pass         ; Inapplicable ; Inapplicable ; Inapplicable ; Inapplicable ; Pass         ; Inapplicable ; Inapplicable ; Inapplicable ; Inapplicable ; Inapplicable ; Pass      ; Inapplicable ; Inapplicable ;
; key_word[21]       ; Inapplicable ; Inapplicable ; Inapplicable ; Inapplicable ; Inapplicable ; Pass      ; Inapplicable ; Inapplicable ; Pass      ; Pass      ; Inapplicable ; Pass         ; Inapplicable ; Inapplicable ; Inapplicable ; Inapplicable ; Pass         ; Inapplicable ; Inapplicable ; Inapplicable ; Inapplicable ; Pass         ; Inapplicable ; Inapplicable ; Inapplicable ; Inapplicable ; Inapplicable ; Pass      ; Inapplicable ; Inapplicable ;
; key_word[22]       ; Inapplicable ; Inapplicable ; Inapplicable ; Inapplicable ; Inapplicable ; Pass      ; Inapplicable ; Inapplicable ; Pass      ; Pass      ; Inapplicable ; Pass         ; Inapplicable ; Inapplicable ; Inapplicable ; Inapplicable ; Pass         ; Inapplicable ; Inapplicable ; Inapplicable ; Inapplicable ; Pass         ; Inapplicable ; Inapplicable ; Inapplicable ; Inapplicable ; Inapplicable ; Pass      ; Inapplicable ; Inapplicable ;
; key_word[23]       ; Inapplicable ; Inapplicable ; Inapplicable ; Inapplicable ; Inapplicable ; Pass      ; Inapplicable ; Inapplicable ; Pass      ; Pass      ; Inapplicable ; Pass         ; Inapplicable ; Inapplicable ; Inapplicable ; Inapplicable ; Pass         ; Inapplicable ; Inapplicable ; Inapplicable ; Inapplicable ; Pass         ; Inapplicable ; Inapplicable ; Inapplicable ; Inapplicable ; Inapplicable ; Pass      ; Inapplicable ; Inapplicable ;
; key_word[24]       ; Inapplicable ; Inapplicable ; Inapplicable ; Inapplicable ; Inapplicable ; Pass      ; Inapplicable ; Inapplicable ; Pass      ; Pass      ; Inapplicable ; Pass         ; Inapplicable ; Inapplicable ; Inapplicable ; Inapplicable ; Pass         ; Inapplicable ; Inapplicable ; Inapplicable ; Inapplicable ; Pass         ; Inapplicable ; Inapplicable ; Inapplicable ; Inapplicable ; Inapplicable ; Pass      ; Inapplicable ; Inapplicable ;
; key_word[25]       ; Inapplicable ; Inapplicable ; Inapplicable ; Inapplicable ; Inapplicable ; Pass      ; Inapplicable ; Inapplicable ; Pass      ; Pass      ; Inapplicable ; Pass         ; Inapplicable ; Inapplicable ; Inapplicable ; Inapplicable ; Pass         ; Inapplicable ; Inapplicable ; Inapplicable ; Inapplicable ; Pass         ; Inapplicable ; Inapplicable ; Inapplicable ; Inapplicable ; Inapplicable ; Pass      ; Inapplicable ; Inapplicable ;
; key_word[26]       ; Inapplicable ; Inapplicable ; Inapplicable ; Inapplicable ; Inapplicable ; Pass      ; Inapplicable ; Inapplicable ; Pass      ; Pass      ; Inapplicable ; Pass         ; Inapplicable ; Inapplicable ; Inapplicable ; Inapplicable ; Pass         ; Inapplicable ; Inapplicable ; Inapplicable ; Inapplicable ; Pass         ; Inapplicable ; Inapplicable ; Inapplicable ; Inapplicable ; Inapplicable ; Pass      ; Inapplicable ; Inapplicable ;
; key_word[27]       ; Inapplicable ; Inapplicable ; Inapplicable ; Inapplicable ; Inapplicable ; Pass      ; Inapplicable ; Inapplicable ; Pass      ; Pass      ; Inapplicable ; Pass         ; Inapplicable ; Inapplicable ; Inapplicable ; Inapplicable ; Pass         ; Inapplicable ; Inapplicable ; Inapplicable ; Inapplicable ; Pass         ; Inapplicable ; Inapplicable ; Inapplicable ; Inapplicable ; Inapplicable ; Pass      ; Inapplicable ; Inapplicable ;
; key_word[28]       ; Inapplicable ; Inapplicable ; Inapplicable ; Inapplicable ; Inapplicable ; Pass      ; Inapplicable ; Inapplicable ; Pass      ; Pass      ; Inapplicable ; Pass         ; Inapplicable ; Inapplicable ; Inapplicable ; Inapplicable ; Pass         ; Inapplicable ; Inapplicable ; Inapplicable ; Inapplicable ; Pass         ; Inapplicable ; Inapplicable ; Inapplicable ; Inapplicable ; Inapplicable ; Pass      ; Inapplicable ; Inapplicable ;
; key_word[29]       ; Inapplicable ; Inapplicable ; Inapplicable ; Inapplicable ; Inapplicable ; Pass      ; Inapplicable ; Inapplicable ; Pass      ; Pass      ; Inapplicable ; Pass         ; Inapplicable ; Inapplicable ; Inapplicable ; Inapplicable ; Pass         ; Inapplicable ; Inapplicable ; Inapplicable ; Inapplicable ; Pass         ; Inapplicable ; Inapplicable ; Inapplicable ; Inapplicable ; Inapplicable ; Pass      ; Inapplicable ; Inapplicable ;
; key_word[30]       ; Inapplicable ; Inapplicable ; Inapplicable ; Inapplicable ; Inapplicable ; Pass      ; Inapplicable ; Inapplicable ; Pass      ; Pass      ; Inapplicable ; Pass         ; Inapplicable ; Inapplicable ; Inapplicable ; Inapplicable ; Pass         ; Inapplicable ; Inapplicable ; Inapplicable ; Inapplicable ; Pass         ; Inapplicable ; Inapplicable ; Inapplicable ; Inapplicable ; Inapplicable ; Pass      ; Inapplicable ; Inapplicable ;
; key_word[31]       ; Inapplicable ; Inapplicable ; Inapplicable ; Inapplicable ; Inapplicable ; Pass      ; Inapplicable ; Inapplicable ; Pass      ; Pass      ; Inapplicable ; Pass         ; Inapplicable ; Inapplicable ; Inapplicable ; Inapplicable ; Pass         ; Inapplicable ; Inapplicable ; Inapplicable ; Inapplicable ; Pass         ; Inapplicable ; Inapplicable ; Inapplicable ; Inapplicable ; Inapplicable ; Pass      ; Inapplicable ; Inapplicable ;
; rcon_out[0]        ; Inapplicable ; Inapplicable ; Inapplicable ; Inapplicable ; Inapplicable ; Pass      ; Inapplicable ; Inapplicable ; Pass      ; Pass      ; Inapplicable ; Pass         ; Inapplicable ; Inapplicable ; Inapplicable ; Inapplicable ; Pass         ; Inapplicable ; Inapplicable ; Inapplicable ; Inapplicable ; Pass         ; Inapplicable ; Inapplicable ; Inapplicable ; Inapplicable ; Inapplicable ; Pass      ; Inapplicable ; Inapplicable ;
; rcon_out[1]        ; Inapplicable ; Inapplicable ; Inapplicable ; Inapplicable ; Inapplicable ; Pass      ; Inapplicable ; Inapplicable ; Pass      ; Pass      ; Inapplicable ; Pass         ; Inapplicable ; Inapplicable ; Inapplicable ; Inapplicable ; Pass         ; Inapplicable ; Inapplicable ; Inapplicable ; Inapplicable ; Pass         ; Inapplicable ; Inapplicable ; Inapplicable ; Inapplicable ; Inapplicable ; Pass      ; Inapplicable ; Inapplicable ;
; rcon_out[2]        ; Inapplicable ; Inapplicable ; Inapplicable ; Inapplicable ; Inapplicable ; Pass      ; Inapplicable ; Inapplicable ; Pass      ; Pass      ; Inapplicable ; Pass         ; Inapplicable ; Inapplicable ; Inapplicable ; Inapplicable ; Pass         ; Inapplicable ; Inapplicable ; Inapplicable ; Inapplicable ; Pass         ; Inapplicable ; Inapplicable ; Inapplicable ; Inapplicable ; Inapplicable ; Pass      ; Inapplicable ; Inapplicable ;
; rcon_out[3]        ; Inapplicable ; Inapplicable ; Inapplicable ; Inapplicable ; Inapplicable ; Pass      ; Inapplicable ; Inapplicable ; Pass      ; Pass      ; Inapplicable ; Pass         ; Inapplicable ; Inapplicable ; Inapplicable ; Inapplicable ; Pass         ; Inapplicable ; Inapplicable ; Inapplicable ; Inapplicable ; Pass         ; Inapplicable ; Inapplicable ; Inapplicable ; Inapplicable ; Inapplicable ; Pass      ; Inapplicable ; Inapplicable ;
; rcon_out[4]        ; Inapplicable ; Inapplicable ; Inapplicable ; Inapplicable ; Inapplicable ; Pass      ; Inapplicable ; Inapplicable ; Pass      ; Pass      ; Inapplicable ; Pass         ; Inapplicable ; Inapplicable ; Inapplicable ; Inapplicable ; Pass         ; Inapplicable ; Inapplicable ; Inapplicable ; Inapplicable ; Pass         ; Inapplicable ; Inapplicable ; Inapplicable ; Inapplicable ; Inapplicable ; Pass      ; Inapplicable ; Inapplicable ;
; rcon_out[5]        ; Inapplicable ; Inapplicable ; Inapplicable ; Inapplicable ; Inapplicable ; Pass      ; Inapplicable ; Inapplicable ; Pass      ; Pass      ; Inapplicable ; Pass         ; Inapplicable ; Inapplicable ; Inapplicable ; Inapplicable ; Pass         ; Inapplicable ; Inapplicable ; Inapplicable ; Inapplicable ; Pass         ; Inapplicable ; Inapplicable ; Inapplicable ; Inapplicable ; Inapplicable ; Pass      ; Inapplicable ; Inapplicable ;
; rcon_out[6]        ; Inapplicable ; Inapplicable ; Inapplicable ; Inapplicable ; Inapplicable ; Pass      ; Inapplicable ; Inapplicable ; Pass      ; Pass      ; Inapplicable ; Pass         ; Inapplicable ; Inapplicable ; Inapplicable ; Inapplicable ; Pass         ; Inapplicable ; Inapplicable ; Inapplicable ; Inapplicable ; Pass         ; Inapplicable ; Inapplicable ; Inapplicable ; Inapplicable ; Inapplicable ; Pass      ; Inapplicable ; Inapplicable ;
; rcon_out[7]        ; Inapplicable ; Inapplicable ; Inapplicable ; Inapplicable ; Inapplicable ; Pass      ; Inapplicable ; Inapplicable ; Pass      ; Pass      ; Inapplicable ; Pass         ; Inapplicable ; Inapplicable ; Inapplicable ; Inapplicable ; Pass         ; Inapplicable ; Inapplicable ; Inapplicable ; Inapplicable ; Pass         ; Inapplicable ; Inapplicable ; Inapplicable ; Inapplicable ; Inapplicable ; Pass      ; Inapplicable ; Inapplicable ;
; rcon_out[8]        ; Inapplicable ; Inapplicable ; Inapplicable ; Inapplicable ; Inapplicable ; Pass      ; Inapplicable ; Inapplicable ; Pass      ; Pass      ; Inapplicable ; Pass         ; Inapplicable ; Inapplicable ; Inapplicable ; Inapplicable ; Pass         ; Inapplicable ; Inapplicable ; Inapplicable ; Inapplicable ; Pass         ; Inapplicable ; Inapplicable ; Inapplicable ; Inapplicable ; Inapplicable ; Pass      ; Inapplicable ; Inapplicable ;
; rcon_out[9]        ; Inapplicable ; Inapplicable ; Inapplicable ; Inapplicable ; Inapplicable ; Pass      ; Inapplicable ; Inapplicable ; Pass      ; Pass      ; Inapplicable ; Pass         ; Inapplicable ; Inapplicable ; Inapplicable ; Inapplicable ; Pass         ; Inapplicable ; Inapplicable ; Inapplicable ; Inapplicable ; Pass         ; Inapplicable ; Inapplicable ; Inapplicable ; Inapplicable ; Inapplicable ; Pass      ; Inapplicable ; Inapplicable ;
; rcon_out[10]       ; Inapplicable ; Inapplicable ; Inapplicable ; Inapplicable ; Inapplicable ; Pass      ; Inapplicable ; Inapplicable ; Pass      ; Pass      ; Inapplicable ; Pass         ; Inapplicable ; Inapplicable ; Inapplicable ; Inapplicable ; Pass         ; Inapplicable ; Inapplicable ; Inapplicable ; Inapplicable ; Pass         ; Inapplicable ; Inapplicable ; Inapplicable ; Inapplicable ; Inapplicable ; Pass      ; Inapplicable ; Inapplicable ;
; rcon_out[11]       ; Inapplicable ; Inapplicable ; Inapplicable ; Inapplicable ; Inapplicable ; Pass      ; Inapplicable ; Inapplicable ; Pass      ; Pass      ; Inapplicable ; Pass         ; Inapplicable ; Inapplicable ; Inapplicable ; Inapplicable ; Pass         ; Inapplicable ; Inapplicable ; Inapplicable ; Inapplicable ; Pass         ; Inapplicable ; Inapplicable ; Inapplicable ; Inapplicable ; Inapplicable ; Pass      ; Inapplicable ; Inapplicable ;
; rcon_out[12]       ; Inapplicable ; Inapplicable ; Inapplicable ; Inapplicable ; Inapplicable ; Pass      ; Inapplicable ; Inapplicable ; Pass      ; Pass      ; Inapplicable ; Pass         ; Inapplicable ; Inapplicable ; Inapplicable ; Inapplicable ; Pass         ; Inapplicable ; Inapplicable ; Inapplicable ; Inapplicable ; Pass         ; Inapplicable ; Inapplicable ; Inapplicable ; Inapplicable ; Inapplicable ; Pass      ; Inapplicable ; Inapplicable ;
; rcon_out[13]       ; Inapplicable ; Inapplicable ; Inapplicable ; Inapplicable ; Inapplicable ; Pass      ; Inapplicable ; Inapplicable ; Pass      ; Pass      ; Inapplicable ; Pass         ; Inapplicable ; Inapplicable ; Inapplicable ; Inapplicable ; Pass         ; Inapplicable ; Inapplicable ; Inapplicable ; Inapplicable ; Pass         ; Inapplicable ; Inapplicable ; Inapplicable ; Inapplicable ; Inapplicable ; Pass      ; Inapplicable ; Inapplicable ;
; rcon_out[14]       ; Inapplicable ; Inapplicable ; Inapplicable ; Inapplicable ; Inapplicable ; Pass      ; Inapplicable ; Inapplicable ; Pass      ; Pass      ; Inapplicable ; Pass         ; Inapplicable ; Inapplicable ; Inapplicable ; Inapplicable ; Pass         ; Inapplicable ; Inapplicable ; Inapplicable ; Inapplicable ; Pass         ; Inapplicable ; Inapplicable ; Inapplicable ; Inapplicable ; Inapplicable ; Pass      ; Inapplicable ; Inapplicable ;
; rcon_out[15]       ; Inapplicable ; Inapplicable ; Inapplicable ; Inapplicable ; Inapplicable ; Pass      ; Inapplicable ; Inapplicable ; Pass      ; Pass      ; Inapplicable ; Pass         ; Inapplicable ; Inapplicable ; Inapplicable ; Inapplicable ; Pass         ; Inapplicable ; Inapplicable ; Inapplicable ; Inapplicable ; Pass         ; Inapplicable ; Inapplicable ; Inapplicable ; Inapplicable ; Inapplicable ; Pass      ; Inapplicable ; Inapplicable ;
; rcon_out[16]       ; Inapplicable ; Inapplicable ; Inapplicable ; Inapplicable ; Inapplicable ; Pass      ; Inapplicable ; Inapplicable ; Pass      ; Pass      ; Inapplicable ; Pass         ; Inapplicable ; Inapplicable ; Inapplicable ; Inapplicable ; Pass         ; Inapplicable ; Inapplicable ; Inapplicable ; Inapplicable ; Pass         ; Inapplicable ; Inapplicable ; Inapplicable ; Inapplicable ; Inapplicable ; Pass      ; Inapplicable ; Inapplicable ;
; rcon_out[17]       ; Inapplicable ; Inapplicable ; Inapplicable ; Inapplicable ; Inapplicable ; Pass      ; Inapplicable ; Inapplicable ; Pass      ; Pass      ; Inapplicable ; Pass         ; Inapplicable ; Inapplicable ; Inapplicable ; Inapplicable ; Pass         ; Inapplicable ; Inapplicable ; Inapplicable ; Inapplicable ; Pass         ; Inapplicable ; Inapplicable ; Inapplicable ; Inapplicable ; Inapplicable ; Pass      ; Inapplicable ; Inapplicable ;
; rcon_out[18]       ; Inapplicable ; Inapplicable ; Inapplicable ; Inapplicable ; Inapplicable ; Pass      ; Inapplicable ; Inapplicable ; Pass      ; Pass      ; Inapplicable ; Pass         ; Inapplicable ; Inapplicable ; Inapplicable ; Inapplicable ; Pass         ; Inapplicable ; Inapplicable ; Inapplicable ; Inapplicable ; Pass         ; Inapplicable ; Inapplicable ; Inapplicable ; Inapplicable ; Inapplicable ; Pass      ; Inapplicable ; Inapplicable ;
; rcon_out[19]       ; Inapplicable ; Inapplicable ; Inapplicable ; Inapplicable ; Inapplicable ; Pass      ; Inapplicable ; Inapplicable ; Pass      ; Pass      ; Inapplicable ; Pass         ; Inapplicable ; Inapplicable ; Inapplicable ; Inapplicable ; Pass         ; Inapplicable ; Inapplicable ; Inapplicable ; Inapplicable ; Pass         ; Inapplicable ; Inapplicable ; Inapplicable ; Inapplicable ; Inapplicable ; Pass      ; Inapplicable ; Inapplicable ;
; rcon_out[20]       ; Inapplicable ; Inapplicable ; Inapplicable ; Inapplicable ; Inapplicable ; Pass      ; Inapplicable ; Inapplicable ; Pass      ; Pass      ; Inapplicable ; Pass         ; Inapplicable ; Inapplicable ; Inapplicable ; Inapplicable ; Pass         ; Inapplicable ; Inapplicable ; Inapplicable ; Inapplicable ; Pass         ; Inapplicable ; Inapplicable ; Inapplicable ; Inapplicable ; Inapplicable ; Pass      ; Inapplicable ; Inapplicable ;
; rcon_out[21]       ; Inapplicable ; Inapplicable ; Inapplicable ; Inapplicable ; Inapplicable ; Pass      ; Inapplicable ; Inapplicable ; Pass      ; Pass      ; Inapplicable ; Pass         ; Inapplicable ; Inapplicable ; Inapplicable ; Inapplicable ; Pass         ; Inapplicable ; Inapplicable ; Inapplicable ; Inapplicable ; Pass         ; Inapplicable ; Inapplicable ; Inapplicable ; Inapplicable ; Inapplicable ; Pass      ; Inapplicable ; Inapplicable ;
; rcon_out[22]       ; Inapplicable ; Inapplicable ; Inapplicable ; Inapplicable ; Inapplicable ; Pass      ; Inapplicable ; Inapplicable ; Pass      ; Pass      ; Inapplicable ; Pass         ; Inapplicable ; Inapplicable ; Inapplicable ; Inapplicable ; Pass         ; Inapplicable ; Inapplicable ; Inapplicable ; Inapplicable ; Pass         ; Inapplicable ; Inapplicable ; Inapplicable ; Inapplicable ; Inapplicable ; Pass      ; Inapplicable ; Inapplicable ;
; rcon_out[23]       ; Inapplicable ; Inapplicable ; Inapplicable ; Inapplicable ; Inapplicable ; Pass      ; Inapplicable ; Inapplicable ; Pass      ; Pass      ; Inapplicable ; Pass         ; Inapplicable ; Inapplicable ; Inapplicable ; Inapplicable ; Pass         ; Inapplicable ; Inapplicable ; Inapplicable ; Inapplicable ; Pass         ; Inapplicable ; Inapplicable ; Inapplicable ; Inapplicable ; Inapplicable ; Pass      ; Inapplicable ; Inapplicable ;
; rcon_out[24]       ; Inapplicable ; Inapplicable ; Inapplicable ; Inapplicable ; Inapplicable ; Pass      ; Inapplicable ; Inapplicable ; Pass      ; Pass      ; Inapplicable ; Pass         ; Inapplicable ; Inapplicable ; Inapplicable ; Inapplicable ; Pass         ; Inapplicable ; Inapplicable ; Inapplicable ; Inapplicable ; Pass         ; Inapplicable ; Inapplicable ; Inapplicable ; Inapplicable ; Inapplicable ; Pass      ; Inapplicable ; Inapplicable ;
; rcon_out[25]       ; Inapplicable ; Inapplicable ; Inapplicable ; Inapplicable ; Inapplicable ; Pass      ; Inapplicable ; Inapplicable ; Pass      ; Pass      ; Inapplicable ; Pass         ; Inapplicable ; Inapplicable ; Inapplicable ; Inapplicable ; Pass         ; Inapplicable ; Inapplicable ; Inapplicable ; Inapplicable ; Pass         ; Inapplicable ; Inapplicable ; Inapplicable ; Inapplicable ; Inapplicable ; Pass      ; Inapplicable ; Inapplicable ;
; rcon_out[26]       ; Inapplicable ; Inapplicable ; Inapplicable ; Inapplicable ; Inapplicable ; Pass      ; Inapplicable ; Inapplicable ; Pass      ; Pass      ; Inapplicable ; Pass         ; Inapplicable ; Inapplicable ; Inapplicable ; Inapplicable ; Pass         ; Inapplicable ; Inapplicable ; Inapplicable ; Inapplicable ; Pass         ; Inapplicable ; Inapplicable ; Inapplicable ; Inapplicable ; Inapplicable ; Pass      ; Inapplicable ; Inapplicable ;
; rcon_out[27]       ; Inapplicable ; Inapplicable ; Inapplicable ; Inapplicable ; Inapplicable ; Pass      ; Inapplicable ; Inapplicable ; Pass      ; Pass      ; Inapplicable ; Pass         ; Inapplicable ; Inapplicable ; Inapplicable ; Inapplicable ; Pass         ; Inapplicable ; Inapplicable ; Inapplicable ; Inapplicable ; Pass         ; Inapplicable ; Inapplicable ; Inapplicable ; Inapplicable ; Inapplicable ; Pass      ; Inapplicable ; Inapplicable ;
; rcon_out[28]       ; Inapplicable ; Inapplicable ; Inapplicable ; Inapplicable ; Inapplicable ; Pass      ; Inapplicable ; Inapplicable ; Pass      ; Pass      ; Inapplicable ; Pass         ; Inapplicable ; Inapplicable ; Inapplicable ; Inapplicable ; Pass         ; Inapplicable ; Inapplicable ; Inapplicable ; Inapplicable ; Pass         ; Inapplicable ; Inapplicable ; Inapplicable ; Inapplicable ; Inapplicable ; Pass      ; Inapplicable ; Inapplicable ;
; rcon_out[29]       ; Inapplicable ; Inapplicable ; Inapplicable ; Inapplicable ; Inapplicable ; Pass      ; Inapplicable ; Inapplicable ; Pass      ; Pass      ; Inapplicable ; Pass         ; Inapplicable ; Inapplicable ; Inapplicable ; Inapplicable ; Pass         ; Inapplicable ; Inapplicable ; Inapplicable ; Inapplicable ; Pass         ; Inapplicable ; Inapplicable ; Inapplicable ; Inapplicable ; Inapplicable ; Pass      ; Inapplicable ; Inapplicable ;
; rcon_out[30]       ; Inapplicable ; Inapplicable ; Inapplicable ; Inapplicable ; Inapplicable ; Pass      ; Inapplicable ; Inapplicable ; Pass      ; Pass      ; Inapplicable ; Pass         ; Inapplicable ; Inapplicable ; Inapplicable ; Inapplicable ; Pass         ; Inapplicable ; Inapplicable ; Inapplicable ; Inapplicable ; Pass         ; Inapplicable ; Inapplicable ; Inapplicable ; Inapplicable ; Inapplicable ; Pass      ; Inapplicable ; Inapplicable ;
; rcon_out[31]       ; Inapplicable ; Inapplicable ; Inapplicable ; Inapplicable ; Inapplicable ; Pass      ; Inapplicable ; Inapplicable ; Pass      ; Pass      ; Inapplicable ; Pass         ; Inapplicable ; Inapplicable ; Inapplicable ; Inapplicable ; Pass         ; Inapplicable ; Inapplicable ; Inapplicable ; Inapplicable ; Pass         ; Inapplicable ; Inapplicable ; Inapplicable ; Inapplicable ; Inapplicable ; Pass      ; Inapplicable ; Inapplicable ;
; aux_out[0]         ; Inapplicable ; Inapplicable ; Inapplicable ; Inapplicable ; Inapplicable ; Pass      ; Inapplicable ; Inapplicable ; Pass      ; Pass      ; Inapplicable ; Pass         ; Inapplicable ; Inapplicable ; Inapplicable ; Inapplicable ; Pass         ; Inapplicable ; Inapplicable ; Inapplicable ; Inapplicable ; Pass         ; Inapplicable ; Inapplicable ; Inapplicable ; Inapplicable ; Inapplicable ; Pass      ; Inapplicable ; Inapplicable ;
; aux_out[1]         ; Inapplicable ; Inapplicable ; Inapplicable ; Inapplicable ; Inapplicable ; Pass      ; Inapplicable ; Inapplicable ; Pass      ; Pass      ; Inapplicable ; Pass         ; Inapplicable ; Inapplicable ; Inapplicable ; Inapplicable ; Pass         ; Inapplicable ; Inapplicable ; Inapplicable ; Inapplicable ; Pass         ; Inapplicable ; Inapplicable ; Inapplicable ; Inapplicable ; Inapplicable ; Pass      ; Inapplicable ; Inapplicable ;
; aux_out[2]         ; Inapplicable ; Inapplicable ; Inapplicable ; Inapplicable ; Inapplicable ; Pass      ; Inapplicable ; Inapplicable ; Pass      ; Pass      ; Inapplicable ; Pass         ; Inapplicable ; Inapplicable ; Inapplicable ; Inapplicable ; Pass         ; Inapplicable ; Inapplicable ; Inapplicable ; Inapplicable ; Pass         ; Inapplicable ; Inapplicable ; Inapplicable ; Inapplicable ; Inapplicable ; Pass      ; Inapplicable ; Inapplicable ;
; aux_out[3]         ; Inapplicable ; Inapplicable ; Inapplicable ; Inapplicable ; Inapplicable ; Pass      ; Inapplicable ; Inapplicable ; Pass      ; Pass      ; Inapplicable ; Pass         ; Inapplicable ; Inapplicable ; Inapplicable ; Inapplicable ; Pass         ; Inapplicable ; Inapplicable ; Inapplicable ; Inapplicable ; Pass         ; Inapplicable ; Inapplicable ; Inapplicable ; Inapplicable ; Inapplicable ; Pass      ; Inapplicable ; Inapplicable ;
; aux_out[4]         ; Inapplicable ; Inapplicable ; Inapplicable ; Inapplicable ; Inapplicable ; Pass      ; Inapplicable ; Inapplicable ; Pass      ; Pass      ; Inapplicable ; Pass         ; Inapplicable ; Inapplicable ; Inapplicable ; Inapplicable ; Pass         ; Inapplicable ; Inapplicable ; Inapplicable ; Inapplicable ; Pass         ; Inapplicable ; Inapplicable ; Inapplicable ; Inapplicable ; Inapplicable ; Pass      ; Inapplicable ; Inapplicable ;
; aux_out[5]         ; Inapplicable ; Inapplicable ; Inapplicable ; Inapplicable ; Inapplicable ; Pass      ; Inapplicable ; Inapplicable ; Pass      ; Pass      ; Inapplicable ; Pass         ; Inapplicable ; Inapplicable ; Inapplicable ; Inapplicable ; Pass         ; Inapplicable ; Inapplicable ; Inapplicable ; Inapplicable ; Pass         ; Inapplicable ; Inapplicable ; Inapplicable ; Inapplicable ; Inapplicable ; Pass      ; Inapplicable ; Inapplicable ;
; aux_out[6]         ; Inapplicable ; Inapplicable ; Inapplicable ; Inapplicable ; Inapplicable ; Pass      ; Inapplicable ; Inapplicable ; Pass      ; Pass      ; Inapplicable ; Pass         ; Inapplicable ; Inapplicable ; Inapplicable ; Inapplicable ; Pass         ; Inapplicable ; Inapplicable ; Inapplicable ; Inapplicable ; Pass         ; Inapplicable ; Inapplicable ; Inapplicable ; Inapplicable ; Inapplicable ; Pass      ; Inapplicable ; Inapplicable ;
; aux_out[7]         ; Inapplicable ; Inapplicable ; Inapplicable ; Inapplicable ; Inapplicable ; Pass      ; Inapplicable ; Inapplicable ; Pass      ; Pass      ; Inapplicable ; Pass         ; Inapplicable ; Inapplicable ; Inapplicable ; Inapplicable ; Pass         ; Inapplicable ; Inapplicable ; Inapplicable ; Inapplicable ; Pass         ; Inapplicable ; Inapplicable ; Inapplicable ; Inapplicable ; Inapplicable ; Pass      ; Inapplicable ; Inapplicable ;
; aux_out[8]         ; Inapplicable ; Inapplicable ; Inapplicable ; Inapplicable ; Inapplicable ; Pass      ; Inapplicable ; Inapplicable ; Pass      ; Pass      ; Inapplicable ; Pass         ; Inapplicable ; Inapplicable ; Inapplicable ; Inapplicable ; Pass         ; Inapplicable ; Inapplicable ; Inapplicable ; Inapplicable ; Pass         ; Inapplicable ; Inapplicable ; Inapplicable ; Inapplicable ; Inapplicable ; Pass      ; Inapplicable ; Inapplicable ;
; aux_out[9]         ; Inapplicable ; Inapplicable ; Inapplicable ; Inapplicable ; Inapplicable ; Pass      ; Inapplicable ; Inapplicable ; Pass      ; Pass      ; Inapplicable ; Pass         ; Inapplicable ; Inapplicable ; Inapplicable ; Inapplicable ; Pass         ; Inapplicable ; Inapplicable ; Inapplicable ; Inapplicable ; Pass         ; Inapplicable ; Inapplicable ; Inapplicable ; Inapplicable ; Inapplicable ; Pass      ; Inapplicable ; Inapplicable ;
; aux_out[10]        ; Inapplicable ; Inapplicable ; Inapplicable ; Inapplicable ; Inapplicable ; Pass      ; Inapplicable ; Inapplicable ; Pass      ; Pass      ; Inapplicable ; Pass         ; Inapplicable ; Inapplicable ; Inapplicable ; Inapplicable ; Pass         ; Inapplicable ; Inapplicable ; Inapplicable ; Inapplicable ; Pass         ; Inapplicable ; Inapplicable ; Inapplicable ; Inapplicable ; Inapplicable ; Pass      ; Inapplicable ; Inapplicable ;
; aux_out[11]        ; Inapplicable ; Inapplicable ; Inapplicable ; Inapplicable ; Inapplicable ; Pass      ; Inapplicable ; Inapplicable ; Pass      ; Pass      ; Inapplicable ; Pass         ; Inapplicable ; Inapplicable ; Inapplicable ; Inapplicable ; Pass         ; Inapplicable ; Inapplicable ; Inapplicable ; Inapplicable ; Pass         ; Inapplicable ; Inapplicable ; Inapplicable ; Inapplicable ; Inapplicable ; Pass      ; Inapplicable ; Inapplicable ;
; aux_out[12]        ; Inapplicable ; Inapplicable ; Inapplicable ; Inapplicable ; Inapplicable ; Pass      ; Inapplicable ; Inapplicable ; Pass      ; Pass      ; Inapplicable ; Pass         ; Inapplicable ; Inapplicable ; Inapplicable ; Inapplicable ; Pass         ; Inapplicable ; Inapplicable ; Inapplicable ; Inapplicable ; Pass         ; Inapplicable ; Inapplicable ; Inapplicable ; Inapplicable ; Inapplicable ; Pass      ; Inapplicable ; Inapplicable ;
; aux_out[13]        ; Inapplicable ; Inapplicable ; Inapplicable ; Inapplicable ; Inapplicable ; Pass      ; Inapplicable ; Inapplicable ; Pass      ; Pass      ; Inapplicable ; Pass         ; Inapplicable ; Inapplicable ; Inapplicable ; Inapplicable ; Pass         ; Inapplicable ; Inapplicable ; Inapplicable ; Inapplicable ; Pass         ; Inapplicable ; Inapplicable ; Inapplicable ; Inapplicable ; Inapplicable ; Pass      ; Inapplicable ; Inapplicable ;
; aux_out[14]        ; Inapplicable ; Inapplicable ; Inapplicable ; Inapplicable ; Inapplicable ; Pass      ; Inapplicable ; Inapplicable ; Pass      ; Pass      ; Inapplicable ; Pass         ; Inapplicable ; Inapplicable ; Inapplicable ; Inapplicable ; Pass         ; Inapplicable ; Inapplicable ; Inapplicable ; Inapplicable ; Pass         ; Inapplicable ; Inapplicable ; Inapplicable ; Inapplicable ; Inapplicable ; Pass      ; Inapplicable ; Inapplicable ;
; aux_out[15]        ; Inapplicable ; Inapplicable ; Inapplicable ; Inapplicable ; Inapplicable ; Pass      ; Inapplicable ; Inapplicable ; Pass      ; Pass      ; Inapplicable ; Pass         ; Inapplicable ; Inapplicable ; Inapplicable ; Inapplicable ; Pass         ; Inapplicable ; Inapplicable ; Inapplicable ; Inapplicable ; Pass         ; Inapplicable ; Inapplicable ; Inapplicable ; Inapplicable ; Inapplicable ; Pass      ; Inapplicable ; Inapplicable ;
; aux_out[16]        ; Inapplicable ; Inapplicable ; Inapplicable ; Inapplicable ; Inapplicable ; Pass      ; Inapplicable ; Inapplicable ; Pass      ; Pass      ; Inapplicable ; Pass         ; Inapplicable ; Inapplicable ; Inapplicable ; Inapplicable ; Pass         ; Inapplicable ; Inapplicable ; Inapplicable ; Inapplicable ; Pass         ; Inapplicable ; Inapplicable ; Inapplicable ; Inapplicable ; Inapplicable ; Pass      ; Inapplicable ; Inapplicable ;
; aux_out[17]        ; Inapplicable ; Inapplicable ; Inapplicable ; Inapplicable ; Inapplicable ; Pass      ; Inapplicable ; Inapplicable ; Pass      ; Pass      ; Inapplicable ; Pass         ; Inapplicable ; Inapplicable ; Inapplicable ; Inapplicable ; Pass         ; Inapplicable ; Inapplicable ; Inapplicable ; Inapplicable ; Pass         ; Inapplicable ; Inapplicable ; Inapplicable ; Inapplicable ; Inapplicable ; Pass      ; Inapplicable ; Inapplicable ;
; aux_out[18]        ; Inapplicable ; Inapplicable ; Inapplicable ; Inapplicable ; Inapplicable ; Pass      ; Inapplicable ; Inapplicable ; Pass      ; Pass      ; Inapplicable ; Pass         ; Inapplicable ; Inapplicable ; Inapplicable ; Inapplicable ; Pass         ; Inapplicable ; Inapplicable ; Inapplicable ; Inapplicable ; Pass         ; Inapplicable ; Inapplicable ; Inapplicable ; Inapplicable ; Inapplicable ; Pass      ; Inapplicable ; Inapplicable ;
; aux_out[19]        ; Inapplicable ; Inapplicable ; Inapplicable ; Inapplicable ; Inapplicable ; Pass      ; Inapplicable ; Inapplicable ; Pass      ; Pass      ; Inapplicable ; Pass         ; Inapplicable ; Inapplicable ; Inapplicable ; Inapplicable ; Pass         ; Inapplicable ; Inapplicable ; Inapplicable ; Inapplicable ; Pass         ; Inapplicable ; Inapplicable ; Inapplicable ; Inapplicable ; Inapplicable ; Pass      ; Inapplicable ; Inapplicable ;
; aux_out[20]        ; Inapplicable ; Inapplicable ; Inapplicable ; Inapplicable ; Inapplicable ; Pass      ; Inapplicable ; Inapplicable ; Pass      ; Pass      ; Inapplicable ; Pass         ; Inapplicable ; Inapplicable ; Inapplicable ; Inapplicable ; Pass         ; Inapplicable ; Inapplicable ; Inapplicable ; Inapplicable ; Pass         ; Inapplicable ; Inapplicable ; Inapplicable ; Inapplicable ; Inapplicable ; Pass      ; Inapplicable ; Inapplicable ;
; aux_out[21]        ; Inapplicable ; Inapplicable ; Inapplicable ; Inapplicable ; Inapplicable ; Pass      ; Inapplicable ; Inapplicable ; Pass      ; Pass      ; Inapplicable ; Pass         ; Inapplicable ; Inapplicable ; Inapplicable ; Inapplicable ; Pass         ; Inapplicable ; Inapplicable ; Inapplicable ; Inapplicable ; Pass         ; Inapplicable ; Inapplicable ; Inapplicable ; Inapplicable ; Inapplicable ; Pass      ; Inapplicable ; Inapplicable ;
; aux_out[22]        ; Inapplicable ; Inapplicable ; Inapplicable ; Inapplicable ; Inapplicable ; Pass      ; Inapplicable ; Inapplicable ; Pass      ; Pass      ; Inapplicable ; Pass         ; Inapplicable ; Inapplicable ; Inapplicable ; Inapplicable ; Pass         ; Inapplicable ; Inapplicable ; Inapplicable ; Inapplicable ; Pass         ; Inapplicable ; Inapplicable ; Inapplicable ; Inapplicable ; Inapplicable ; Pass      ; Inapplicable ; Inapplicable ;
; aux_out[23]        ; Inapplicable ; Inapplicable ; Inapplicable ; Inapplicable ; Inapplicable ; Pass      ; Inapplicable ; Inapplicable ; Pass      ; Pass      ; Inapplicable ; Pass         ; Inapplicable ; Inapplicable ; Inapplicable ; Inapplicable ; Pass         ; Inapplicable ; Inapplicable ; Inapplicable ; Inapplicable ; Pass         ; Inapplicable ; Inapplicable ; Inapplicable ; Inapplicable ; Inapplicable ; Pass      ; Inapplicable ; Inapplicable ;
; aux_out[24]        ; Inapplicable ; Inapplicable ; Inapplicable ; Inapplicable ; Inapplicable ; Pass      ; Inapplicable ; Inapplicable ; Pass      ; Pass      ; Inapplicable ; Pass         ; Inapplicable ; Inapplicable ; Inapplicable ; Inapplicable ; Pass         ; Inapplicable ; Inapplicable ; Inapplicable ; Inapplicable ; Pass         ; Inapplicable ; Inapplicable ; Inapplicable ; Inapplicable ; Inapplicable ; Pass      ; Inapplicable ; Inapplicable ;
; aux_out[25]        ; Inapplicable ; Inapplicable ; Inapplicable ; Inapplicable ; Inapplicable ; Pass      ; Inapplicable ; Inapplicable ; Pass      ; Pass      ; Inapplicable ; Pass         ; Inapplicable ; Inapplicable ; Inapplicable ; Inapplicable ; Pass         ; Inapplicable ; Inapplicable ; Inapplicable ; Inapplicable ; Pass         ; Inapplicable ; Inapplicable ; Inapplicable ; Inapplicable ; Inapplicable ; Pass      ; Inapplicable ; Inapplicable ;
; aux_out[26]        ; Inapplicable ; Inapplicable ; Inapplicable ; Inapplicable ; Inapplicable ; Pass      ; Inapplicable ; Inapplicable ; Pass      ; Pass      ; Inapplicable ; Pass         ; Inapplicable ; Inapplicable ; Inapplicable ; Inapplicable ; Pass         ; Inapplicable ; Inapplicable ; Inapplicable ; Inapplicable ; Pass         ; Inapplicable ; Inapplicable ; Inapplicable ; Inapplicable ; Inapplicable ; Pass      ; Inapplicable ; Inapplicable ;
; aux_out[27]        ; Inapplicable ; Inapplicable ; Inapplicable ; Inapplicable ; Inapplicable ; Pass      ; Inapplicable ; Inapplicable ; Pass      ; Pass      ; Inapplicable ; Pass         ; Inapplicable ; Inapplicable ; Inapplicable ; Inapplicable ; Pass         ; Inapplicable ; Inapplicable ; Inapplicable ; Inapplicable ; Pass         ; Inapplicable ; Inapplicable ; Inapplicable ; Inapplicable ; Inapplicable ; Pass      ; Inapplicable ; Inapplicable ;
; aux_out[28]        ; Inapplicable ; Inapplicable ; Inapplicable ; Inapplicable ; Inapplicable ; Pass      ; Inapplicable ; Inapplicable ; Pass      ; Pass      ; Inapplicable ; Pass         ; Inapplicable ; Inapplicable ; Inapplicable ; Inapplicable ; Pass         ; Inapplicable ; Inapplicable ; Inapplicable ; Inapplicable ; Pass         ; Inapplicable ; Inapplicable ; Inapplicable ; Inapplicable ; Inapplicable ; Pass      ; Inapplicable ; Inapplicable ;
; aux_out[29]        ; Inapplicable ; Inapplicable ; Inapplicable ; Inapplicable ; Inapplicable ; Pass      ; Inapplicable ; Inapplicable ; Pass      ; Pass      ; Inapplicable ; Pass         ; Inapplicable ; Inapplicable ; Inapplicable ; Inapplicable ; Pass         ; Inapplicable ; Inapplicable ; Inapplicable ; Inapplicable ; Pass         ; Inapplicable ; Inapplicable ; Inapplicable ; Inapplicable ; Inapplicable ; Pass      ; Inapplicable ; Inapplicable ;
; aux_out[30]        ; Inapplicable ; Inapplicable ; Inapplicable ; Inapplicable ; Inapplicable ; Pass      ; Inapplicable ; Inapplicable ; Pass      ; Pass      ; Inapplicable ; Pass         ; Inapplicable ; Inapplicable ; Inapplicable ; Inapplicable ; Pass         ; Inapplicable ; Inapplicable ; Inapplicable ; Inapplicable ; Pass         ; Inapplicable ; Inapplicable ; Inapplicable ; Inapplicable ; Inapplicable ; Pass      ; Inapplicable ; Inapplicable ;
; aux_out[31]        ; Inapplicable ; Inapplicable ; Inapplicable ; Inapplicable ; Inapplicable ; Pass      ; Inapplicable ; Inapplicable ; Pass      ; Pass      ; Inapplicable ; Pass         ; Inapplicable ; Inapplicable ; Inapplicable ; Inapplicable ; Pass         ; Inapplicable ; Inapplicable ; Inapplicable ; Inapplicable ; Pass         ; Inapplicable ; Inapplicable ; Inapplicable ; Inapplicable ; Inapplicable ; Pass      ; Inapplicable ; Inapplicable ;
; state_out[0]       ; Inapplicable ; Inapplicable ; Inapplicable ; Inapplicable ; Inapplicable ; Pass      ; Inapplicable ; Inapplicable ; Pass      ; Pass      ; Inapplicable ; Pass         ; Inapplicable ; Inapplicable ; Inapplicable ; Inapplicable ; Pass         ; Inapplicable ; Inapplicable ; Inapplicable ; Inapplicable ; Pass         ; Inapplicable ; Inapplicable ; Inapplicable ; Inapplicable ; Inapplicable ; Pass      ; Inapplicable ; Inapplicable ;
; state_out[1]       ; Inapplicable ; Inapplicable ; Inapplicable ; Inapplicable ; Inapplicable ; Pass      ; Inapplicable ; Inapplicable ; Pass      ; Pass      ; Inapplicable ; Pass         ; Inapplicable ; Inapplicable ; Inapplicable ; Inapplicable ; Pass         ; Inapplicable ; Inapplicable ; Inapplicable ; Inapplicable ; Pass         ; Inapplicable ; Inapplicable ; Inapplicable ; Inapplicable ; Inapplicable ; Pass      ; Inapplicable ; Inapplicable ;
; state_out[2]       ; Inapplicable ; Inapplicable ; Inapplicable ; Inapplicable ; Inapplicable ; Pass      ; Inapplicable ; Inapplicable ; Pass      ; Pass      ; Inapplicable ; Pass         ; Inapplicable ; Inapplicable ; Inapplicable ; Inapplicable ; Pass         ; Inapplicable ; Inapplicable ; Inapplicable ; Inapplicable ; Pass         ; Inapplicable ; Inapplicable ; Inapplicable ; Inapplicable ; Inapplicable ; Pass      ; Inapplicable ; Inapplicable ;
; counter_out[0]     ; Inapplicable ; Inapplicable ; Inapplicable ; Inapplicable ; Inapplicable ; Pass      ; Inapplicable ; Inapplicable ; Pass      ; Pass      ; Inapplicable ; Pass         ; Inapplicable ; Inapplicable ; Inapplicable ; Inapplicable ; Pass         ; Inapplicable ; Inapplicable ; Inapplicable ; Inapplicable ; Pass         ; Inapplicable ; Inapplicable ; Inapplicable ; Inapplicable ; Inapplicable ; Pass      ; Inapplicable ; Inapplicable ;
; counter_out[1]     ; Inapplicable ; Inapplicable ; Inapplicable ; Inapplicable ; Inapplicable ; Pass      ; Inapplicable ; Inapplicable ; Pass      ; Pass      ; Inapplicable ; Pass         ; Inapplicable ; Inapplicable ; Inapplicable ; Inapplicable ; Pass         ; Inapplicable ; Inapplicable ; Inapplicable ; Inapplicable ; Pass         ; Inapplicable ; Inapplicable ; Inapplicable ; Inapplicable ; Inapplicable ; Pass      ; Inapplicable ; Inapplicable ;
; clk                ; Inapplicable ; Inapplicable ; Inapplicable ; Inapplicable ; Inapplicable ; Pass      ; Inapplicable ; Inapplicable ; Pass      ; Pass      ; Inapplicable ; Inapplicable ; Inapplicable ; Inapplicable ; Pass         ; Inapplicable ; Inapplicable ; Pass         ; Inapplicable ; Inapplicable ; Inapplicable ; Inapplicable ; Inapplicable ; Inapplicable ; Inapplicable ; Inapplicable ; Inapplicable ; Pass      ; Inapplicable ; Inapplicable ;
; reset              ; Inapplicable ; Inapplicable ; Inapplicable ; Inapplicable ; Inapplicable ; Pass      ; Inapplicable ; Inapplicable ; Pass      ; Pass      ; Inapplicable ; Inapplicable ; Inapplicable ; Inapplicable ; Pass         ; Inapplicable ; Inapplicable ; Pass         ; Inapplicable ; Inapplicable ; Inapplicable ; Inapplicable ; Inapplicable ; Inapplicable ; Inapplicable ; Inapplicable ; Inapplicable ; Pass      ; Inapplicable ; Inapplicable ;
+--------------------+--------------+--------------+--------------+--------------+--------------+-----------+--------------+--------------+-----------+-----------+--------------+--------------+--------------+--------------+--------------+--------------+--------------+--------------+--------------+--------------+--------------+--------------+--------------+--------------+--------------+--------------+--------------+-----------+--------------+--------------+


+---------------------------------------------------------------------------------------------+
; Fitter Device Options                                                                       ;
+------------------------------------------------------------------+--------------------------+
; Option                                                           ; Setting                  ;
+------------------------------------------------------------------+--------------------------+
; Enable user-supplied start-up clock (CLKUSR)                     ; Off                      ;
; Enable device-wide reset (DEV_CLRn)                              ; Off                      ;
; Enable device-wide output enable (DEV_OE)                        ; Off                      ;
; Enable INIT_DONE output                                          ; Off                      ;
; Configuration scheme                                             ; Active Serial            ;
; Error detection CRC                                              ; Off                      ;
; Enable open drain on CRC_ERROR pin                               ; Off                      ;
; Enable input tri-state on active configuration pins in user mode ; Off                      ;
; Configuration Voltage Level                                      ; Auto                     ;
; Force Configuration Voltage Level                                ; Off                      ;
; nCEO                                                             ; As output driving ground ;
; Data[0]                                                          ; As input tri-stated      ;
; Data[1]/ASDO                                                     ; As input tri-stated      ;
; Data[7..2]                                                       ; Unreserved               ;
; FLASH_nCE/nCSO                                                   ; As input tri-stated      ;
; Other Active Parallel pins                                       ; Unreserved               ;
; DCLK                                                             ; As output driving ground ;
; Base pin-out file on sameframe device                            ; Off                      ;
+------------------------------------------------------------------+--------------------------+


+------------------------------------+
; Operating Settings and Conditions  ;
+---------------------------+--------+
; Setting                   ; Value  ;
+---------------------------+--------+
; Nominal Core Voltage      ; 1.20 V ;
; Low Junction Temperature  ; 0 °C   ;
; High Junction Temperature ; 85 °C  ;
+---------------------------+--------+


+-----------------+
; Fitter Messages ;
+-----------------+
Warning (20028): Parallel compilation is not licensed and has been disabled
Info (119004): Automatically selected device EP3C5F256C6 for design key_expanse
Info (21076): High junction temperature operating condition is not set. Assuming a default value of '85'.
Info (21076): Low junction temperature operating condition is not set. Assuming a default value of '0'.
Info (171003): Fitter is performing an Auto Fit compilation, which may decrease Fitter effort to reduce compilation time
Warning (292013): Feature LogicLock is only available with a valid subscription license. You can purchase a software subscription to gain full access to this feature.
Info (176444): Device migration not selected. If you intend to use device migration later, you may need to change the pin assignments as they may be incompatible with other devices
    Info (176445): Device EP3C10F256C6 is compatible
    Info (176445): Device EP3C16F256C6 is compatible
    Info (176445): Device EP3C25F256C6 is compatible
Info (169124): Fitter converted 5 user pins into dedicated programming pins
    Info (169125): Pin ~ALTERA_ASDO_DATA1~ is reserved at location C1
    Info (169125): Pin ~ALTERA_FLASH_nCE_nCSO~ is reserved at location D2
    Info (169125): Pin ~ALTERA_DCLK~ is reserved at location H1
    Info (169125): Pin ~ALTERA_DATA0~ is reserved at location H2
    Info (169125): Pin ~ALTERA_nCEO~ is reserved at location F16
Warning (15714): Some pins have incomplete I/O assignments. Refer to the I/O Assignment Warnings report for details
Info (176045): Design uses memory blocks. Violating setup or hold times of memory block address registers for either read or write operations could cause memory contents to be corrupted. Make sure that all memory block address registers meet the setup and hold time requirements.
Critical Warning (169085): No exact pin location assignment(s) for 103 pins of 103 total pins
    Info (169086): Pin key_word[0] not assigned to an exact location on the device
    Info (169086): Pin key_word[1] not assigned to an exact location on the device
    Info (169086): Pin key_word[2] not assigned to an exact location on the device
    Info (169086): Pin key_word[3] not assigned to an exact location on the device
    Info (169086): Pin key_word[4] not assigned to an exact location on the device
    Info (169086): Pin key_word[5] not assigned to an exact location on the device
    Info (169086): Pin key_word[6] not assigned to an exact location on the device
    Info (169086): Pin key_word[7] not assigned to an exact location on the device
    Info (169086): Pin key_word[8] not assigned to an exact location on the device
    Info (169086): Pin key_word[9] not assigned to an exact location on the device
    Info (169086): Pin key_word[10] not assigned to an exact location on the device
    Info (169086): Pin key_word[11] not assigned to an exact location on the device
    Info (169086): Pin key_word[12] not assigned to an exact location on the device
    Info (169086): Pin key_word[13] not assigned to an exact location on the device
    Info (169086): Pin key_word[14] not assigned to an exact location on the device
    Info (169086): Pin key_word[15] not assigned to an exact location on the device
    Info (169086): Pin key_word[16] not assigned to an exact location on the device
    Info (169086): Pin key_word[17] not assigned to an exact location on the device
    Info (169086): Pin key_word[18] not assigned to an exact location on the device
    Info (169086): Pin key_word[19] not assigned to an exact location on the device
    Info (169086): Pin key_word[20] not assigned to an exact location on the device
    Info (169086): Pin key_word[21] not assigned to an exact location on the device
    Info (169086): Pin key_word[22] not assigned to an exact location on the device
    Info (169086): Pin key_word[23] not assigned to an exact location on the device
    Info (169086): Pin key_word[24] not assigned to an exact location on the device
    Info (169086): Pin key_word[25] not assigned to an exact location on the device
    Info (169086): Pin key_word[26] not assigned to an exact location on the device
    Info (169086): Pin key_word[27] not assigned to an exact location on the device
    Info (169086): Pin key_word[28] not assigned to an exact location on the device
    Info (169086): Pin key_word[29] not assigned to an exact location on the device
    Info (169086): Pin key_word[30] not assigned to an exact location on the device
    Info (169086): Pin key_word[31] not assigned to an exact location on the device
    Info (169086): Pin rcon_out[0] not assigned to an exact location on the device
    Info (169086): Pin rcon_out[1] not assigned to an exact location on the device
    Info (169086): Pin rcon_out[2] not assigned to an exact location on the device
    Info (169086): Pin rcon_out[3] not assigned to an exact location on the device
    Info (169086): Pin rcon_out[4] not assigned to an exact location on the device
    Info (169086): Pin rcon_out[5] not assigned to an exact location on the device
    Info (169086): Pin rcon_out[6] not assigned to an exact location on the device
    Info (169086): Pin rcon_out[7] not assigned to an exact location on the device
    Info (169086): Pin rcon_out[8] not assigned to an exact location on the device
    Info (169086): Pin rcon_out[9] not assigned to an exact location on the device
    Info (169086): Pin rcon_out[10] not assigned to an exact location on the device
    Info (169086): Pin rcon_out[11] not assigned to an exact location on the device
    Info (169086): Pin rcon_out[12] not assigned to an exact location on the device
    Info (169086): Pin rcon_out[13] not assigned to an exact location on the device
    Info (169086): Pin rcon_out[14] not assigned to an exact location on the device
    Info (169086): Pin rcon_out[15] not assigned to an exact location on the device
    Info (169086): Pin rcon_out[16] not assigned to an exact location on the device
    Info (169086): Pin rcon_out[17] not assigned to an exact location on the device
    Info (169086): Pin rcon_out[18] not assigned to an exact location on the device
    Info (169086): Pin rcon_out[19] not assigned to an exact location on the device
    Info (169086): Pin rcon_out[20] not assigned to an exact location on the device
    Info (169086): Pin rcon_out[21] not assigned to an exact location on the device
    Info (169086): Pin rcon_out[22] not assigned to an exact location on the device
    Info (169086): Pin rcon_out[23] not assigned to an exact location on the device
    Info (169086): Pin rcon_out[24] not assigned to an exact location on the device
    Info (169086): Pin rcon_out[25] not assigned to an exact location on the device
    Info (169086): Pin rcon_out[26] not assigned to an exact location on the device
    Info (169086): Pin rcon_out[27] not assigned to an exact location on the device
    Info (169086): Pin rcon_out[28] not assigned to an exact location on the device
    Info (169086): Pin rcon_out[29] not assigned to an exact location on the device
    Info (169086): Pin rcon_out[30] not assigned to an exact location on the device
    Info (169086): Pin rcon_out[31] not assigned to an exact location on the device
    Info (169086): Pin aux_out[0] not assigned to an exact location on the device
    Info (169086): Pin aux_out[1] not assigned to an exact location on the device
    Info (169086): Pin aux_out[2] not assigned to an exact location on the device
    Info (169086): Pin aux_out[3] not assigned to an exact location on the device
    Info (169086): Pin aux_out[4] not assigned to an exact location on the device
    Info (169086): Pin aux_out[5] not assigned to an exact location on the device
    Info (169086): Pin aux_out[6] not assigned to an exact location on the device
    Info (169086): Pin aux_out[7] not assigned to an exact location on the device
    Info (169086): Pin aux_out[8] not assigned to an exact location on the device
    Info (169086): Pin aux_out[9] not assigned to an exact location on the device
    Info (169086): Pin aux_out[10] not assigned to an exact location on the device
    Info (169086): Pin aux_out[11] not assigned to an exact location on the device
    Info (169086): Pin aux_out[12] not assigned to an exact location on the device
    Info (169086): Pin aux_out[13] not assigned to an exact location on the device
    Info (169086): Pin aux_out[14] not assigned to an exact location on the device
    Info (169086): Pin aux_out[15] not assigned to an exact location on the device
    Info (169086): Pin aux_out[16] not assigned to an exact location on the device
    Info (169086): Pin aux_out[17] not assigned to an exact location on the device
    Info (169086): Pin aux_out[18] not assigned to an exact location on the device
    Info (169086): Pin aux_out[19] not assigned to an exact location on the device
    Info (169086): Pin aux_out[20] not assigned to an exact location on the device
    Info (169086): Pin aux_out[21] not assigned to an exact location on the device
    Info (169086): Pin aux_out[22] not assigned to an exact location on the device
    Info (169086): Pin aux_out[23] not assigned to an exact location on the device
    Info (169086): Pin aux_out[24] not assigned to an exact location on the device
    Info (169086): Pin aux_out[25] not assigned to an exact location on the device
    Info (169086): Pin aux_out[26] not assigned to an exact location on the device
    Info (169086): Pin aux_out[27] not assigned to an exact location on the device
    Info (169086): Pin aux_out[28] not assigned to an exact location on the device
    Info (169086): Pin aux_out[29] not assigned to an exact location on the device
    Info (169086): Pin aux_out[30] not assigned to an exact location on the device
    Info (169086): Pin aux_out[31] not assigned to an exact location on the device
    Info (169086): Pin state_out[0] not assigned to an exact location on the device
    Info (169086): Pin state_out[1] not assigned to an exact location on the device
    Info (169086): Pin state_out[2] not assigned to an exact location on the device
    Info (169086): Pin counter_out[0] not assigned to an exact location on the device
    Info (169086): Pin counter_out[1] not assigned to an exact location on the device
    Info (169086): Pin clk not assigned to an exact location on the device
    Info (169086): Pin reset not assigned to an exact location on the device
Critical Warning (332012): Synopsys Design Constraints File file not found: 'key_expanse.sdc'. A Synopsys Design Constraints File is required by the TimeQuest Timing Analyzer to get proper timing constraints. Without it, the Compiler will not properly optimize the design.
Info (332144): No user constrained base clocks found in the design
Info (332143): No user constrained clock uncertainty found in the design. Calling "derive_clock_uncertainty"
Info (332154): The derive_clock_uncertainty command did not apply clock uncertainty to any clock-to-clock transfers.
Info (332130): Timing requirements not specified -- quality metrics such as performance may be sacrificed to reduce compilation time.
Info (176353): Automatically promoted node clk~input (placed in PIN E2 (CLK0, DIFFCLK_0p))
    Info (176355): Automatically promoted destinations to use location or clock signal Global Clock CLKCTRL_G4
Info (176353): Automatically promoted node reset~input (placed in PIN E1 (CLK1, DIFFCLK_0n))
    Info (176355): Automatically promoted destinations to use location or clock signal Global Clock CLKCTRL_G2
    Info (176356): Following destination nodes may be non-global or may not use global or regional clocks
        Info (176357): Destination node rcon[3][0]
        Info (176357): Destination node rcon[3][2]
        Info (176357): Destination node rcon[3][5]
        Info (176357): Destination node rcon[3][6]
        Info (176357): Destination node rcon[3][7]
        Info (176357): Destination node counter[0]
        Info (176357): Destination node counter[1]
        Info (176357): Destination node round[2]
        Info (176357): Destination node round[1]
        Info (176357): Destination node round[0]
        Info (176358): Non-global destination nodes limited to 10 nodes
Info (176233): Starting register packing
Info (176235): Finished register packing
    Extra Info (176219): No registers were packed into other blocks
Info (176214): Statistics of I/O pins that need to be placed that use the same VCCIO and VREF, before I/O pin placement
    Info (176211): Number of I/O pins in group: 101 (unused VREF, 2.5V VCCIO, 0 input, 101 output, 0 bidirectional)
        Info (176212): I/O standards used: 2.5 V.
Info (176215): I/O bank details before I/O pin placement
    Info (176214): Statistics of I/O banks
        Info (176213): I/O bank number 1 does not use VREF pins and has undetermined VCCIO pins. 6 total pin(s) used --  12 pins available
        Info (176213): I/O bank number 2 does not use VREF pins and has undetermined VCCIO pins. 0 total pin(s) used --  19 pins available
        Info (176213): I/O bank number 3 does not use VREF pins and has undetermined VCCIO pins. 0 total pin(s) used --  26 pins available
        Info (176213): I/O bank number 4 does not use VREF pins and has undetermined VCCIO pins. 0 total pin(s) used --  27 pins available
        Info (176213): I/O bank number 5 does not use VREF pins and has undetermined VCCIO pins. 0 total pin(s) used --  25 pins available
        Info (176213): I/O bank number 6 does not use VREF pins and has undetermined VCCIO pins. 1 total pin(s) used --  15 pins available
        Info (176213): I/O bank number 7 does not use VREF pins and has undetermined VCCIO pins. 0 total pin(s) used --  26 pins available
        Info (176213): I/O bank number 8 does not use VREF pins and has undetermined VCCIO pins. 0 total pin(s) used --  26 pins available
Info (171121): Fitter preparation operations ending: elapsed time is 00:00:02
Info (170189): Fitter placement preparation operations beginning
Info (170190): Fitter placement preparation operations ending: elapsed time is 00:00:00
Info (170191): Fitter placement operations beginning
Info (170137): Fitter placement was successful
Info (170192): Fitter placement operations ending: elapsed time is 00:00:01
Info (170193): Fitter routing operations beginning
Info (170195): Router estimated average interconnect usage is 0% of the available device resources
    Info (170196): Router estimated peak interconnect usage is 2% of the available device resources in the region that extends from location X11_Y0 to location X22_Y11
Info (170194): Fitter routing operations ending: elapsed time is 00:00:01
Info (170199): The Fitter performed an Auto Fit compilation.  Optimizations were skipped to reduce compilation time.
    Info (170201): Optimizations that may affect the design's routability were skipped
Info (11888): Total time spent on timing analysis during the Fitter is 0.25 seconds.
Info (334003): Started post-fitting delay annotation
Info (334004): Delay annotation completed successfully
Info (334003): Started post-fitting delay annotation
Info (334004): Delay annotation completed successfully
Info (11218): Fitter post-fit operations ending: elapsed time is 00:00:00
Info (144001): Generated suppressed messages file C:/Users/User/Documents/GitHub/Proyecto_Final_AES/expansor de clave_V2/output_files/key_expanse.fit.smsg
Info: Quartus II 64-Bit Fitter was successful. 0 errors, 5 warnings
    Info: Peak virtual memory: 4901 megabytes
    Info: Processing ended: Mon Mar 23 14:05:30 2026
    Info: Elapsed time: 00:00:07
    Info: Total CPU time (on all processors): 00:00:06


+----------------------------+
; Fitter Suppressed Messages ;
+----------------------------+
The suppressed messages can be found in C:/Users/User/Documents/GitHub/Proyecto_Final_AES/expansor de clave_V2/output_files/key_expanse.fit.smsg.


