TimeQuest Timing Analyzer report for key_expanse
Mon Mar 23 14:05:35 2026
Quartus II 64-Bit Version 13.0.1 Build 232 06/12/2013 Service Pack 1 SJ Web Edition


---------------------
; Table of Contents ;
---------------------
  1. Legal Notice
  2. TimeQuest Timing Analyzer Summary
  3. Parallel Compilation
  4. Clocks
  5. Slow 1200mV 85C Model Fmax Summary
  6. Timing Closure Recommendations
  7. Slow 1200mV 85C Model Setup Summary
  8. Slow 1200mV 85C Model Hold Summary
  9. Slow 1200mV 85C Model Recovery Summary
 10. Slow 1200mV 85C Model Removal Summary
 11. Slow 1200mV 85C Model Minimum Pulse Width Summary
 12. Slow 1200mV 85C Model Setup: 'clk'
 13. Slow 1200mV 85C Model Hold: 'clk'
 14. Slow 1200mV 85C Model Minimum Pulse Width: 'clk'
 15. Setup Times
 16. Hold Times
 17. Clock to Output Times
 18. Minimum Clock to Output Times
 19. Slow 1200mV 85C Model Metastability Report
 20. Slow 1200mV 0C Model Fmax Summary
 21. Slow 1200mV 0C Model Setup Summary
 22. Slow 1200mV 0C Model Hold Summary
 23. Slow 1200mV 0C Model Recovery Summary
 24. Slow 1200mV 0C Model Removal Summary
 25. Slow 1200mV 0C Model Minimum Pulse Width Summary
 26. Slow 1200mV 0C Model Setup: 'clk'
 27. Slow 1200mV 0C Model Hold: 'clk'
 28. Slow 1200mV 0C Model Minimum Pulse Width: 'clk'
 29. Setup Times
 30. Hold Times
 31. Clock to Output Times
 32. Minimum Clock to Output Times
 33. Slow 1200mV 0C Model Metastability Report
 34. Fast 1200mV 0C Model Setup Summary
 35. Fast 1200mV 0C Model Hold Summary
 36. Fast 1200mV 0C Model Recovery Summary
 37. Fast 1200mV 0C Model Removal Summary
 38. Fast 1200mV 0C Model Minimum Pulse Width Summary
 39. Fast 1200mV 0C Model Setup: 'clk'
 40. Fast 1200mV 0C Model Hold: 'clk'
 41. Fast 1200mV 0C Model Minimum Pulse Width: 'clk'
 42. Setup Times
 43. Hold Times
 44. Clock to Output Times
 45. Minimum Clock to Output Times
 46. Fast 1200mV 0C Model Metastability Report
 47. Multicorner Timing Analysis Summary
 48. Setup Times
 49. Hold Times
 50. Clock to Output Times
 51. Minimum Clock to Output Times
 52. Board Trace Model Assignments
 53. Input Transition Times
 54. Slow Corner Signal Integrity Metrics
 55. Fast Corner Signal Integrity Metrics
 56. Setup Transfers
 57. Hold Transfers
 58. Report TCCS
 59. Report RSKM
 60. Unconstrained Paths
 61. TimeQuest Timing Analyzer Messages



----------------
; Legal Notice ;
----------------
Copyright (C) 1991-2013 Altera Corporation
Your use of Altera Corporation's design tools, logic functions 
and other software and tools, and its AMPP partner logic 
functions, and any output files from any of the foregoing 
(including device programming or simulation files), and any 
associated documentation or information are expressly subject 
to the terms and conditions of the Altera Program License 
Subscription Agreement, Altera MegaCore Function License 
Agreement, or other applicable license agreement, including, 
without limitation, that your use is for the sole purpose of 
programming logic devices manufactured by Altera and sold by 
Altera or its authorized distributors.  Please refer to the 
applicable agreement for further details.



+----------------------------------------------------------------------------------------+
; TimeQuest Timing Analyzer Summary                                                      ;
+--------------------+-------------------------------------------------------------------+
; Quartus II Version ; Version 13.0.1 Build 232 06/12/2013 Service Pack 1 SJ Web Edition ;
; Revision Name      ; key_expanse                                                       ;
; Device Family      ; Cyclone III                                                       ;
; Device Name        ; EP3C5F256C6                                                       ;
; Timing Models      ; Final                                                             ;
; Delay Model        ; Combined                                                          ;
; Rise/Fall Delays   ; Enabled                                                           ;
+--------------------+-------------------------------------------------------------------+


Parallel compilation was disabled, but you have multiple processors available. Enable parallel compilation to reduce compilation time.
+-------------------------------------+
; Parallel Compilation                ;
+----------------------------+--------+
; Processors                 ; Number ;
+----------------------------+--------+
; Number detected on machine ; 12     ;
; Maximum allowed            ; 1      ;
+----------------------------+--------+


+---------------------------------------------------------------------------------------------------------------------------------------------------------------------------------+
; Clocks                                                                                                                                                                          ;
+------------+------+--------+------------+-------+-------+------------+-----------+-------------+-------+--------+-----------+------------+----------+--------+--------+---------+
; Clock Name ; Type ; Period ; Frequency  ; Rise  ; Fall  ; Duty Cycle ; Divide by ; Multiply by ; Phase ; Offset ; Edge List ; Edge Shift ; Inverted ; Master ; Source ; Targets ;
+------------+------+--------+------------+-------+-------+------------+-----------+-------------+-------+--------+-----------+------------+----------+--------+--------+---------+
; clk        ; Base ; 1.000  ; 1000.0 MHz ; 0.000 ; 0.500 ;            ;           ;             ;       ;        ;           ;            ;          ;        ;        ; { clk } ;
+------------+------+--------+------------+-------+-------+------------+-----------+-------------+-------+--------+-----------+------------+----------+--------+--------+---------+


+----------------------------------------------------------------------------------------------------------+
; Slow 1200mV 85C Model Fmax Summary                                                                       ;
+-----------+-----------------+------------+---------------------------------------------------------------+
; Fmax      ; Restricted Fmax ; Clock Name ; Note                                                          ;
+-----------+-----------------+------------+---------------------------------------------------------------+
; 258.6 MHz ; 250.0 MHz       ; clk        ; limit due to minimum period restriction (max I/O toggle rate) ;
+-----------+-----------------+------------+---------------------------------------------------------------+
This panel reports FMAX for every clock in the design, regardless of the user-specified clock periods.  FMAX is only computed for paths where the source and destination registers or ports are driven by the same clock.  Paths of different clocks, including generated clocks, are ignored.  For paths between a clock and its inversion, FMAX is computed as if the rising and falling edges are scaled along with FMAX, such that the duty cycle (in terms of a percentage) is maintained. Altera recommends that you always use clock constraints and other slack reports for sign-off analysis.


----------------------------------
; Timing Closure Recommendations ;
----------------------------------
HTML report is unavailable in plain text report export.


+-------------------------------------+
; Slow 1200mV 85C Model Setup Summary ;
+-------+--------+--------------------+
; Clock ; Slack  ; End Point TNS      ;
+-------+--------+--------------------+
; clk   ; -2.867 ; -305.126           ;
+-------+--------+--------------------+


+------------------------------------+
; Slow 1200mV 85C Model Hold Summary ;
+-------+-------+--------------------+
; Clock ; Slack ; End Point TNS      ;
+-------+-------+--------------------+
; clk   ; 0.356 ; 0.000              ;
+-------+-------+--------------------+


------------------------------------------
; Slow 1200mV 85C Model Recovery Summary ;
------------------------------------------
No paths to report.


-----------------------------------------
; Slow 1200mV 85C Model Removal Summary ;
-----------------------------------------
No paths to report.


+---------------------------------------------------+
; Slow 1200mV 85C Model Minimum Pulse Width Summary ;
+-------+--------+----------------------------------+
; Clock ; Slack  ; End Point TNS                    ;
+-------+--------+----------------------------------+
; clk   ; -3.000 ; -188.174                         ;
+-------+--------+----------------------------------+


+----------------------------------------------------------------------------------------------------------------------------------------------------------------------------------------------------------------------------------------------------------------------------------------------------------+
; Slow 1200mV 85C Model Setup: 'clk'                                                                                                                                                                                                                                                                       ;
+--------+-------------------------------------------------------------------------------------------------------------+-------------------------------------------------------------------------------------------------------------+--------------+-------------+--------------+------------+------------+
; Slack  ; From Node                                                                                                   ; To Node                                                                                                     ; Launch Clock ; Latch Clock ; Relationship ; Clock Skew ; Data Delay ;
+--------+-------------------------------------------------------------------------------------------------------------+-------------------------------------------------------------------------------------------------------------+--------------+-------------+--------------+------------+------------+
; -2.867 ; sbox_rom_sinc:AES_sbox|altsyncram:Mux7_rtl_0|altsyncram_md11:auto_generated|ram_block1a0~porta_address_reg0 ; byte_register:aux_register_3|data_out[5]                                                                    ; clk          ; clk         ; 1.000        ; -0.045     ; 3.817      ;
; -2.860 ; sbox_rom_sinc:AES_sbox|altsyncram:Mux7_rtl_0|altsyncram_md11:auto_generated|ram_block1a0~porta_address_reg0 ; byte_register:aux_register_3|data_out[0]                                                                    ; clk          ; clk         ; 1.000        ; -0.045     ; 3.810      ;
; -2.783 ; sbox_rom_sinc:AES_sbox|altsyncram:Mux7_rtl_0|altsyncram_md11:auto_generated|ram_block1a0~porta_address_reg0 ; byte_register:aux_register_1|data_out[5]                                                                    ; clk          ; clk         ; 1.000        ; -0.048     ; 3.730      ;
; -2.758 ; sbox_rom_sinc:AES_sbox|altsyncram:Mux7_rtl_0|altsyncram_md11:auto_generated|ram_block1a0~porta_address_reg0 ; byte_register:aux_register_1|data_out[0]                                                                    ; clk          ; clk         ; 1.000        ; -0.048     ; 3.705      ;
; -2.751 ; sbox_rom_sinc:AES_sbox|altsyncram:Mux7_rtl_0|altsyncram_md11:auto_generated|ram_block1a0~porta_address_reg0 ; byte_register:aux_register_0|data_out[5]                                                                    ; clk          ; clk         ; 1.000        ; -0.020     ; 3.726      ;
; -2.746 ; sbox_rom_sinc:AES_sbox|altsyncram:Mux7_rtl_0|altsyncram_md11:auto_generated|ram_block1a0~porta_address_reg0 ; byte_register:aux_register_1|data_out[7]                                                                    ; clk          ; clk         ; 1.000        ; -0.048     ; 3.693      ;
; -2.730 ; sbox_rom_sinc:AES_sbox|altsyncram:Mux7_rtl_0|altsyncram_md11:auto_generated|ram_block1a0~porta_address_reg0 ; byte_register:aux_register_0|data_out[0]                                                                    ; clk          ; clk         ; 1.000        ; -0.020     ; 3.705      ;
; -2.719 ; sbox_rom_sinc:AES_sbox|altsyncram:Mux7_rtl_0|altsyncram_md11:auto_generated|ram_block1a0~porta_address_reg0 ; byte_register:aux_register_0|data_out[7]                                                                    ; clk          ; clk         ; 1.000        ; -0.020     ; 3.694      ;
; -2.680 ; sbox_rom_sinc:AES_sbox|altsyncram:Mux7_rtl_0|altsyncram_md11:auto_generated|ram_block1a0~porta_address_reg0 ; byte_register:aux_register_1|data_out[1]                                                                    ; clk          ; clk         ; 1.000        ; -0.048     ; 3.627      ;
; -2.664 ; sbox_rom_sinc:AES_sbox|altsyncram:Mux7_rtl_0|altsyncram_md11:auto_generated|ram_block1a0~porta_address_reg0 ; byte_register:aux_register_1|data_out[2]                                                                    ; clk          ; clk         ; 1.000        ; -0.048     ; 3.611      ;
; -2.652 ; sbox_rom_sinc:AES_sbox|altsyncram:Mux7_rtl_0|altsyncram_md11:auto_generated|ram_block1a0~porta_address_reg0 ; byte_register:aux_register_1|data_out[4]                                                                    ; clk          ; clk         ; 1.000        ; -0.048     ; 3.599      ;
; -2.652 ; sbox_rom_sinc:AES_sbox|altsyncram:Mux7_rtl_0|altsyncram_md11:auto_generated|ram_block1a0~porta_address_reg0 ; byte_register:aux_register_0|data_out[1]                                                                    ; clk          ; clk         ; 1.000        ; -0.020     ; 3.627      ;
; -2.639 ; sbox_rom_sinc:AES_sbox|altsyncram:Mux7_rtl_0|altsyncram_md11:auto_generated|ram_block1a0~porta_address_reg0 ; byte_register:aux_register_0|data_out[2]                                                                    ; clk          ; clk         ; 1.000        ; -0.020     ; 3.614      ;
; -2.636 ; sbox_rom_sinc:AES_sbox|altsyncram:Mux7_rtl_0|altsyncram_md11:auto_generated|ram_block1a0~porta_address_reg0 ; byte_register:aux_register_1|data_out[3]                                                                    ; clk          ; clk         ; 1.000        ; -0.048     ; 3.583      ;
; -2.633 ; sbox_rom_sinc:AES_sbox|altsyncram:Mux7_rtl_0|altsyncram_md11:auto_generated|ram_block1a0~porta_address_reg0 ; byte_register:aux_register_3|data_out[1]                                                                    ; clk          ; clk         ; 1.000        ; -0.045     ; 3.583      ;
; -2.620 ; sbox_rom_sinc:AES_sbox|altsyncram:Mux7_rtl_0|altsyncram_md11:auto_generated|ram_block1a0~porta_address_reg0 ; byte_register:aux_register_0|data_out[4]                                                                    ; clk          ; clk         ; 1.000        ; -0.020     ; 3.595      ;
; -2.612 ; sbox_rom_sinc:AES_sbox|altsyncram:Mux7_rtl_0|altsyncram_md11:auto_generated|ram_block1a0~porta_address_reg0 ; byte_register:aux_register_3|data_out[4]                                                                    ; clk          ; clk         ; 1.000        ; -0.045     ; 3.562      ;
; -2.609 ; sbox_rom_sinc:AES_sbox|altsyncram:Mux7_rtl_0|altsyncram_md11:auto_generated|ram_block1a0~porta_address_reg0 ; byte_register:aux_register_1|data_out[6]                                                                    ; clk          ; clk         ; 1.000        ; -0.048     ; 3.556      ;
; -2.608 ; sbox_rom_sinc:AES_sbox|altsyncram:Mux7_rtl_0|altsyncram_md11:auto_generated|ram_block1a0~porta_address_reg0 ; byte_register:aux_register_0|data_out[3]                                                                    ; clk          ; clk         ; 1.000        ; -0.020     ; 3.583      ;
; -2.582 ; sbox_rom_sinc:AES_sbox|altsyncram:Mux7_rtl_0|altsyncram_md11:auto_generated|ram_block1a0~porta_address_reg0 ; byte_register:aux_register_0|data_out[6]                                                                    ; clk          ; clk         ; 1.000        ; -0.020     ; 3.557      ;
; -2.474 ; sbox_rom_sinc:AES_sbox|altsyncram:Mux7_rtl_0|altsyncram_md11:auto_generated|ram_block1a0~porta_address_reg0 ; byte_register:aux_register_3|data_out[6]                                                                    ; clk          ; clk         ; 1.000        ; -0.045     ; 3.424      ;
; -2.471 ; sbox_rom_sinc:AES_sbox|altsyncram:Mux7_rtl_0|altsyncram_md11:auto_generated|ram_block1a0~porta_address_reg0 ; byte_register:aux_register_3|data_out[7]                                                                    ; clk          ; clk         ; 1.000        ; -0.045     ; 3.421      ;
; -2.452 ; sbox_rom_sinc:AES_sbox|altsyncram:Mux7_rtl_0|altsyncram_md11:auto_generated|ram_block1a0~porta_address_reg0 ; byte_register:aux_register_3|data_out[2]                                                                    ; clk          ; clk         ; 1.000        ; -0.045     ; 3.402      ;
; -2.441 ; sbox_rom_sinc:AES_sbox|altsyncram:Mux7_rtl_0|altsyncram_md11:auto_generated|ram_block1a0~porta_address_reg0 ; byte_register:aux_register_2|data_out[7]                                                                    ; clk          ; clk         ; 1.000        ; -0.017     ; 3.419      ;
; -2.439 ; sbox_rom_sinc:AES_sbox|altsyncram:Mux7_rtl_0|altsyncram_md11:auto_generated|ram_block1a0~porta_address_reg0 ; byte_register:aux_register_2|data_out[6]                                                                    ; clk          ; clk         ; 1.000        ; -0.017     ; 3.417      ;
; -2.418 ; sbox_rom_sinc:AES_sbox|altsyncram:Mux7_rtl_0|altsyncram_md11:auto_generated|ram_block1a0~porta_address_reg0 ; byte_register:aux_register_2|data_out[2]                                                                    ; clk          ; clk         ; 1.000        ; -0.017     ; 3.396      ;
; -2.377 ; state.sub_bytes_1                                                                                           ; sbox_rom_sinc:AES_sbox|altsyncram:Mux7_rtl_0|altsyncram_md11:auto_generated|ram_block1a0~porta_address_reg0 ; clk          ; clk         ; 1.000        ; 0.248      ; 3.653      ;
; -2.326 ; sbox_rom_sinc:AES_sbox|altsyncram:Mux7_rtl_0|altsyncram_md11:auto_generated|ram_block1a0~porta_address_reg0 ; byte_register:aux_register_3|data_out[3]                                                                    ; clk          ; clk         ; 1.000        ; -0.045     ; 3.276      ;
; -2.294 ; sbox_rom_sinc:AES_sbox|altsyncram:Mux7_rtl_0|altsyncram_md11:auto_generated|ram_block1a0~porta_address_reg0 ; byte_register:aux_register_2|data_out[3]                                                                    ; clk          ; clk         ; 1.000        ; -0.017     ; 3.272      ;
; -2.294 ; sbox_rom_sinc:AES_sbox|altsyncram:Mux7_rtl_0|altsyncram_md11:auto_generated|ram_block1a0~porta_address_reg0 ; byte_register:aux_register_2|data_out[1]                                                                    ; clk          ; clk         ; 1.000        ; -0.017     ; 3.272      ;
; -2.291 ; sbox_rom_sinc:AES_sbox|altsyncram:Mux7_rtl_0|altsyncram_md11:auto_generated|ram_block1a0~porta_address_reg0 ; byte_register:aux_register_2|data_out[5]                                                                    ; clk          ; clk         ; 1.000        ; -0.017     ; 3.269      ;
; -2.272 ; sbox_rom_sinc:AES_sbox|altsyncram:Mux7_rtl_0|altsyncram_md11:auto_generated|ram_block1a0~porta_address_reg0 ; byte_register:aux_register_2|data_out[4]                                                                    ; clk          ; clk         ; 1.000        ; -0.017     ; 3.250      ;
; -2.269 ; sbox_rom_sinc:AES_sbox|altsyncram:Mux7_rtl_0|altsyncram_md11:auto_generated|ram_block1a0~porta_address_reg0 ; byte_register:aux_register_2|data_out[0]                                                                    ; clk          ; clk         ; 1.000        ; -0.017     ; 3.247      ;
; -2.172 ; state.sub_bytes_2                                                                                           ; sbox_rom_sinc:AES_sbox|altsyncram:Mux7_rtl_0|altsyncram_md11:auto_generated|ram_block1a0~porta_address_reg0 ; clk          ; clk         ; 1.000        ; 0.248      ; 3.448      ;
; -2.012 ; state.sub_bytes_0                                                                                           ; sbox_rom_sinc:AES_sbox|altsyncram:Mux7_rtl_0|altsyncram_md11:auto_generated|ram_block1a0~porta_address_reg0 ; clk          ; clk         ; 1.000        ; 0.248      ; 3.288      ;
; -1.879 ; word_register:word_3|out3[5]                                                                                ; sbox_rom_sinc:AES_sbox|altsyncram:Mux7_rtl_0|altsyncram_md11:auto_generated|ram_block1a0~porta_address_reg0 ; clk          ; clk         ; 1.000        ; 0.249      ; 3.156      ;
; -1.827 ; state.start                                                                                                 ; word_register:word_2|out0[5]                                                                                ; clk          ; clk         ; 1.000        ; -0.071     ; 2.751      ;
; -1.827 ; state.start                                                                                                 ; word_register:word_1|out0[5]                                                                                ; clk          ; clk         ; 1.000        ; -0.071     ; 2.751      ;
; -1.827 ; state.start                                                                                                 ; word_register:word_0|out0[5]                                                                                ; clk          ; clk         ; 1.000        ; -0.071     ; 2.751      ;
; -1.827 ; state.start                                                                                                 ; word_register:word_3|out0[5]                                                                                ; clk          ; clk         ; 1.000        ; -0.071     ; 2.751      ;
; -1.827 ; state.start                                                                                                 ; word_register:word_2|out0[4]                                                                                ; clk          ; clk         ; 1.000        ; -0.071     ; 2.751      ;
; -1.827 ; state.start                                                                                                 ; word_register:word_1|out0[4]                                                                                ; clk          ; clk         ; 1.000        ; -0.071     ; 2.751      ;
; -1.827 ; state.start                                                                                                 ; word_register:word_0|out0[4]                                                                                ; clk          ; clk         ; 1.000        ; -0.071     ; 2.751      ;
; -1.827 ; state.start                                                                                                 ; word_register:word_3|out0[4]                                                                                ; clk          ; clk         ; 1.000        ; -0.071     ; 2.751      ;
; -1.827 ; state.start                                                                                                 ; word_register:word_2|out1[0]                                                                                ; clk          ; clk         ; 1.000        ; -0.071     ; 2.751      ;
; -1.827 ; state.start                                                                                                 ; word_register:word_1|out1[0]                                                                                ; clk          ; clk         ; 1.000        ; -0.071     ; 2.751      ;
; -1.827 ; state.start                                                                                                 ; word_register:word_0|out1[0]                                                                                ; clk          ; clk         ; 1.000        ; -0.071     ; 2.751      ;
; -1.827 ; state.start                                                                                                 ; word_register:word_3|out1[0]                                                                                ; clk          ; clk         ; 1.000        ; -0.071     ; 2.751      ;
; -1.827 ; state.start                                                                                                 ; word_register:word_2|out2[0]                                                                                ; clk          ; clk         ; 1.000        ; -0.071     ; 2.751      ;
; -1.827 ; state.start                                                                                                 ; word_register:word_1|out2[0]                                                                                ; clk          ; clk         ; 1.000        ; -0.071     ; 2.751      ;
; -1.827 ; state.start                                                                                                 ; word_register:word_0|out2[0]                                                                                ; clk          ; clk         ; 1.000        ; -0.071     ; 2.751      ;
; -1.827 ; state.start                                                                                                 ; word_register:word_3|out2[0]                                                                                ; clk          ; clk         ; 1.000        ; -0.071     ; 2.751      ;
; -1.787 ; state.start                                                                                                 ; word_register:word_2|out1[6]                                                                                ; clk          ; clk         ; 1.000        ; -0.064     ; 2.718      ;
; -1.787 ; state.start                                                                                                 ; word_register:word_1|out1[6]                                                                                ; clk          ; clk         ; 1.000        ; -0.064     ; 2.718      ;
; -1.787 ; state.start                                                                                                 ; word_register:word_0|out1[6]                                                                                ; clk          ; clk         ; 1.000        ; -0.064     ; 2.718      ;
; -1.787 ; state.start                                                                                                 ; word_register:word_3|out1[6]                                                                                ; clk          ; clk         ; 1.000        ; -0.064     ; 2.718      ;
; -1.787 ; state.start                                                                                                 ; word_register:word_2|out2[6]                                                                                ; clk          ; clk         ; 1.000        ; -0.064     ; 2.718      ;
; -1.787 ; state.start                                                                                                 ; word_register:word_1|out2[6]                                                                                ; clk          ; clk         ; 1.000        ; -0.064     ; 2.718      ;
; -1.787 ; state.start                                                                                                 ; word_register:word_0|out2[6]                                                                                ; clk          ; clk         ; 1.000        ; -0.064     ; 2.718      ;
; -1.787 ; state.start                                                                                                 ; word_register:word_3|out2[6]                                                                                ; clk          ; clk         ; 1.000        ; -0.064     ; 2.718      ;
; -1.787 ; state.start                                                                                                 ; word_register:word_2|out0[3]                                                                                ; clk          ; clk         ; 1.000        ; -0.064     ; 2.718      ;
; -1.787 ; state.start                                                                                                 ; word_register:word_1|out0[3]                                                                                ; clk          ; clk         ; 1.000        ; -0.064     ; 2.718      ;
; -1.787 ; state.start                                                                                                 ; word_register:word_0|out0[3]                                                                                ; clk          ; clk         ; 1.000        ; -0.064     ; 2.718      ;
; -1.787 ; state.start                                                                                                 ; word_register:word_3|out0[3]                                                                                ; clk          ; clk         ; 1.000        ; -0.064     ; 2.718      ;
; -1.787 ; state.start                                                                                                 ; word_register:word_2|out0[2]                                                                                ; clk          ; clk         ; 1.000        ; -0.064     ; 2.718      ;
; -1.787 ; state.start                                                                                                 ; word_register:word_1|out0[2]                                                                                ; clk          ; clk         ; 1.000        ; -0.064     ; 2.718      ;
; -1.787 ; state.start                                                                                                 ; word_register:word_0|out0[2]                                                                                ; clk          ; clk         ; 1.000        ; -0.064     ; 2.718      ;
; -1.787 ; state.start                                                                                                 ; word_register:word_3|out0[2]                                                                                ; clk          ; clk         ; 1.000        ; -0.064     ; 2.718      ;
; -1.780 ; state.start                                                                                                 ; word_register:word_3|out2[2]                                                                                ; clk          ; clk         ; 1.000        ; -0.063     ; 2.712      ;
; -1.780 ; state.start                                                                                                 ; word_register:word_3|out1[2]                                                                                ; clk          ; clk         ; 1.000        ; -0.063     ; 2.712      ;
; -1.780 ; state.start                                                                                                 ; word_register:word_3|out1[1]                                                                                ; clk          ; clk         ; 1.000        ; -0.063     ; 2.712      ;
; -1.780 ; state.start                                                                                                 ; word_register:word_3|out2[1]                                                                                ; clk          ; clk         ; 1.000        ; -0.063     ; 2.712      ;
; -1.764 ; state.start                                                                                                 ; word_register:word_2|out1[4]                                                                                ; clk          ; clk         ; 1.000        ; -0.063     ; 2.696      ;
; -1.764 ; state.start                                                                                                 ; word_register:word_1|out1[4]                                                                                ; clk          ; clk         ; 1.000        ; -0.063     ; 2.696      ;
; -1.764 ; state.start                                                                                                 ; word_register:word_0|out1[4]                                                                                ; clk          ; clk         ; 1.000        ; -0.063     ; 2.696      ;
; -1.764 ; state.start                                                                                                 ; word_register:word_3|out1[4]                                                                                ; clk          ; clk         ; 1.000        ; -0.063     ; 2.696      ;
; -1.764 ; state.start                                                                                                 ; word_register:word_2|out2[4]                                                                                ; clk          ; clk         ; 1.000        ; -0.063     ; 2.696      ;
; -1.764 ; state.start                                                                                                 ; word_register:word_1|out2[4]                                                                                ; clk          ; clk         ; 1.000        ; -0.063     ; 2.696      ;
; -1.764 ; state.start                                                                                                 ; word_register:word_0|out2[4]                                                                                ; clk          ; clk         ; 1.000        ; -0.063     ; 2.696      ;
; -1.764 ; state.start                                                                                                 ; word_register:word_3|out2[4]                                                                                ; clk          ; clk         ; 1.000        ; -0.063     ; 2.696      ;
; -1.754 ; state.start                                                                                                 ; word_register:word_2|out2[2]                                                                                ; clk          ; clk         ; 1.000        ; -0.063     ; 2.686      ;
; -1.754 ; state.start                                                                                                 ; word_register:word_1|out2[2]                                                                                ; clk          ; clk         ; 1.000        ; -0.063     ; 2.686      ;
; -1.754 ; state.start                                                                                                 ; word_register:word_0|out2[2]                                                                                ; clk          ; clk         ; 1.000        ; -0.063     ; 2.686      ;
; -1.754 ; state.start                                                                                                 ; word_register:word_2|out1[2]                                                                                ; clk          ; clk         ; 1.000        ; -0.063     ; 2.686      ;
; -1.754 ; state.start                                                                                                 ; word_register:word_1|out1[2]                                                                                ; clk          ; clk         ; 1.000        ; -0.063     ; 2.686      ;
; -1.754 ; state.start                                                                                                 ; word_register:word_0|out1[2]                                                                                ; clk          ; clk         ; 1.000        ; -0.063     ; 2.686      ;
; -1.754 ; state.start                                                                                                 ; word_register:word_2|out1[1]                                                                                ; clk          ; clk         ; 1.000        ; -0.063     ; 2.686      ;
; -1.754 ; state.start                                                                                                 ; word_register:word_1|out1[1]                                                                                ; clk          ; clk         ; 1.000        ; -0.063     ; 2.686      ;
; -1.754 ; state.start                                                                                                 ; word_register:word_0|out1[1]                                                                                ; clk          ; clk         ; 1.000        ; -0.063     ; 2.686      ;
; -1.754 ; state.start                                                                                                 ; word_register:word_2|out2[1]                                                                                ; clk          ; clk         ; 1.000        ; -0.063     ; 2.686      ;
; -1.754 ; state.start                                                                                                 ; word_register:word_1|out2[1]                                                                                ; clk          ; clk         ; 1.000        ; -0.063     ; 2.686      ;
; -1.754 ; state.start                                                                                                 ; word_register:word_0|out2[1]                                                                                ; clk          ; clk         ; 1.000        ; -0.063     ; 2.686      ;
; -1.748 ; word_register:word_3|out1[1]                                                                                ; sbox_rom_sinc:AES_sbox|altsyncram:Mux7_rtl_0|altsyncram_md11:auto_generated|ram_block1a0~porta_address_reg0 ; clk          ; clk         ; 1.000        ; 0.246      ; 3.022      ;
; -1.725 ; state.start                                                                                                 ; word_register:word_3|out2[7]                                                                                ; clk          ; clk         ; 1.000        ; -0.065     ; 2.655      ;
; -1.725 ; state.start                                                                                                 ; word_register:word_3|out2[3]                                                                                ; clk          ; clk         ; 1.000        ; -0.065     ; 2.655      ;
; -1.725 ; state.start                                                                                                 ; word_register:word_3|out3[0]                                                                                ; clk          ; clk         ; 1.000        ; -0.065     ; 2.655      ;
; -1.675 ; state.start                                                                                                 ; word_register:word_3|out0[7]                                                                                ; clk          ; clk         ; 1.000        ; -0.073     ; 2.597      ;
; -1.675 ; state.start                                                                                                 ; word_register:word_3|out0[6]                                                                                ; clk          ; clk         ; 1.000        ; -0.073     ; 2.597      ;
; -1.675 ; state.start                                                                                                 ; word_register:word_3|out0[1]                                                                                ; clk          ; clk         ; 1.000        ; -0.073     ; 2.597      ;
; -1.675 ; state.start                                                                                                 ; word_register:word_3|out0[0]                                                                                ; clk          ; clk         ; 1.000        ; -0.073     ; 2.597      ;
+--------+-------------------------------------------------------------------------------------------------------------+-------------------------------------------------------------------------------------------------------------+--------------+-------------+--------------+------------+------------+


+-------------------------------------------------------------------------------------------------------------------------------------------+
; Slow 1200mV 85C Model Hold: 'clk'                                                                                                         ;
+-------+------------------------------+------------------------------+--------------+-------------+--------------+------------+------------+
; Slack ; From Node                    ; To Node                      ; Launch Clock ; Latch Clock ; Relationship ; Clock Skew ; Data Delay ;
+-------+------------------------------+------------------------------+--------------+-------------+--------------+------------+------------+
; 0.356 ; counter[0]                   ; counter[0]                   ; clk          ; clk         ; 0.000        ; 0.064      ; 0.577      ;
; 0.356 ; counter[1]                   ; counter[1]                   ; clk          ; clk         ; 0.000        ; 0.064      ; 0.577      ;
; 0.356 ; round[1]                     ; round[1]                     ; clk          ; clk         ; 0.000        ; 0.064      ; 0.577      ;
; 0.356 ; round[2]                     ; round[2]                     ; clk          ; clk         ; 0.000        ; 0.064      ; 0.577      ;
; 0.356 ; round[3]                     ; round[3]                     ; clk          ; clk         ; 0.000        ; 0.064      ; 0.577      ;
; 0.356 ; word_register:word_3|out1[7] ; word_register:word_3|out1[7] ; clk          ; clk         ; 0.000        ; 0.064      ; 0.577      ;
; 0.356 ; word_register:word_3|out3[7] ; word_register:word_3|out3[7] ; clk          ; clk         ; 0.000        ; 0.064      ; 0.577      ;
; 0.356 ; word_register:word_3|out1[6] ; word_register:word_3|out1[6] ; clk          ; clk         ; 0.000        ; 0.064      ; 0.577      ;
; 0.356 ; word_register:word_3|out2[6] ; word_register:word_3|out2[6] ; clk          ; clk         ; 0.000        ; 0.064      ; 0.577      ;
; 0.356 ; word_register:word_3|out3[6] ; word_register:word_3|out3[6] ; clk          ; clk         ; 0.000        ; 0.064      ; 0.577      ;
; 0.356 ; word_register:word_3|out1[5] ; word_register:word_3|out1[5] ; clk          ; clk         ; 0.000        ; 0.064      ; 0.577      ;
; 0.356 ; word_register:word_3|out3[5] ; word_register:word_3|out3[5] ; clk          ; clk         ; 0.000        ; 0.064      ; 0.577      ;
; 0.356 ; word_register:word_3|out0[5] ; word_register:word_3|out0[5] ; clk          ; clk         ; 0.000        ; 0.064      ; 0.577      ;
; 0.356 ; word_register:word_3|out2[5] ; word_register:word_3|out2[5] ; clk          ; clk         ; 0.000        ; 0.064      ; 0.577      ;
; 0.356 ; word_register:word_3|out3[4] ; word_register:word_3|out3[4] ; clk          ; clk         ; 0.000        ; 0.064      ; 0.577      ;
; 0.356 ; word_register:word_3|out0[4] ; word_register:word_3|out0[4] ; clk          ; clk         ; 0.000        ; 0.064      ; 0.577      ;
; 0.356 ; word_register:word_3|out1[4] ; word_register:word_3|out1[4] ; clk          ; clk         ; 0.000        ; 0.064      ; 0.577      ;
; 0.356 ; word_register:word_3|out2[4] ; word_register:word_3|out2[4] ; clk          ; clk         ; 0.000        ; 0.064      ; 0.577      ;
; 0.356 ; word_register:word_3|out0[3] ; word_register:word_3|out0[3] ; clk          ; clk         ; 0.000        ; 0.064      ; 0.577      ;
; 0.356 ; word_register:word_3|out2[2] ; word_register:word_3|out2[2] ; clk          ; clk         ; 0.000        ; 0.064      ; 0.577      ;
; 0.356 ; word_register:word_3|out1[2] ; word_register:word_3|out1[2] ; clk          ; clk         ; 0.000        ; 0.064      ; 0.577      ;
; 0.356 ; word_register:word_3|out0[2] ; word_register:word_3|out0[2] ; clk          ; clk         ; 0.000        ; 0.064      ; 0.577      ;
; 0.356 ; word_register:word_3|out3[2] ; word_register:word_3|out3[2] ; clk          ; clk         ; 0.000        ; 0.064      ; 0.577      ;
; 0.356 ; word_register:word_3|out3[1] ; word_register:word_3|out3[1] ; clk          ; clk         ; 0.000        ; 0.064      ; 0.577      ;
; 0.356 ; word_register:word_3|out1[1] ; word_register:word_3|out1[1] ; clk          ; clk         ; 0.000        ; 0.064      ; 0.577      ;
; 0.356 ; word_register:word_3|out2[1] ; word_register:word_3|out2[1] ; clk          ; clk         ; 0.000        ; 0.064      ; 0.577      ;
; 0.356 ; word_register:word_3|out1[0] ; word_register:word_3|out1[0] ; clk          ; clk         ; 0.000        ; 0.064      ; 0.577      ;
; 0.356 ; word_register:word_3|out2[0] ; word_register:word_3|out2[0] ; clk          ; clk         ; 0.000        ; 0.064      ; 0.577      ;
; 0.357 ; state.idle                   ; state.idle                   ; clk          ; clk         ; 0.000        ; 0.063      ; 0.577      ;
; 0.357 ; round[0]                     ; round[0]                     ; clk          ; clk         ; 0.000        ; 0.063      ; 0.577      ;
; 0.357 ; state.shift_words            ; state.shift_words            ; clk          ; clk         ; 0.000        ; 0.063      ; 0.577      ;
; 0.357 ; rcon[3][0]                   ; rcon[3][0]                   ; clk          ; clk         ; 0.000        ; 0.063      ; 0.577      ;
; 0.357 ; rcon[3][2]                   ; rcon[3][2]                   ; clk          ; clk         ; 0.000        ; 0.063      ; 0.577      ;
; 0.357 ; rcon[3][5]                   ; rcon[3][5]                   ; clk          ; clk         ; 0.000        ; 0.063      ; 0.577      ;
; 0.357 ; rcon[3][6]                   ; rcon[3][6]                   ; clk          ; clk         ; 0.000        ; 0.063      ; 0.577      ;
; 0.357 ; rcon[3][7]                   ; rcon[3][7]                   ; clk          ; clk         ; 0.000        ; 0.063      ; 0.577      ;
; 0.357 ; word_register:word_3|out0[7] ; word_register:word_3|out0[7] ; clk          ; clk         ; 0.000        ; 0.063      ; 0.577      ;
; 0.357 ; word_register:word_3|out2[7] ; word_register:word_3|out2[7] ; clk          ; clk         ; 0.000        ; 0.063      ; 0.577      ;
; 0.357 ; word_register:word_3|out0[6] ; word_register:word_3|out0[6] ; clk          ; clk         ; 0.000        ; 0.063      ; 0.577      ;
; 0.357 ; word_register:word_3|out1[3] ; word_register:word_3|out1[3] ; clk          ; clk         ; 0.000        ; 0.063      ; 0.577      ;
; 0.357 ; word_register:word_3|out3[3] ; word_register:word_3|out3[3] ; clk          ; clk         ; 0.000        ; 0.063      ; 0.577      ;
; 0.357 ; word_register:word_3|out2[3] ; word_register:word_3|out2[3] ; clk          ; clk         ; 0.000        ; 0.063      ; 0.577      ;
; 0.357 ; word_register:word_3|out0[1] ; word_register:word_3|out0[1] ; clk          ; clk         ; 0.000        ; 0.063      ; 0.577      ;
; 0.357 ; word_register:word_3|out3[0] ; word_register:word_3|out3[0] ; clk          ; clk         ; 0.000        ; 0.063      ; 0.577      ;
; 0.357 ; word_register:word_3|out0[0] ; word_register:word_3|out0[0] ; clk          ; clk         ; 0.000        ; 0.063      ; 0.577      ;
; 0.368 ; word_register:word_0|out0[4] ; word_register:word_3|out0[4] ; clk          ; clk         ; 0.000        ; 0.064      ; 0.589      ;
; 0.369 ; word_register:word_0|out0[1] ; word_register:word_3|out0[1] ; clk          ; clk         ; 0.000        ; 0.063      ; 0.589      ;
; 0.370 ; word_register:word_0|out0[6] ; word_register:word_3|out0[6] ; clk          ; clk         ; 0.000        ; 0.063      ; 0.590      ;
; 0.370 ; word_register:word_0|out0[0] ; word_register:word_3|out0[0] ; clk          ; clk         ; 0.000        ; 0.063      ; 0.590      ;
; 0.371 ; word_register:word_2|out3[6] ; word_register:word_1|out3[6] ; clk          ; clk         ; 0.000        ; 0.064      ; 0.592      ;
; 0.371 ; word_register:word_2|out2[0] ; word_register:word_1|out2[0] ; clk          ; clk         ; 0.000        ; 0.064      ; 0.592      ;
; 0.372 ; word_register:word_1|out1[7] ; word_register:word_0|out1[7] ; clk          ; clk         ; 0.000        ; 0.063      ; 0.592      ;
; 0.372 ; word_register:word_1|out3[6] ; word_register:word_0|out3[6] ; clk          ; clk         ; 0.000        ; 0.064      ; 0.593      ;
; 0.372 ; word_register:word_2|out3[5] ; word_register:word_1|out3[5] ; clk          ; clk         ; 0.000        ; 0.064      ; 0.593      ;
; 0.372 ; word_register:word_1|out3[5] ; word_register:word_0|out3[5] ; clk          ; clk         ; 0.000        ; 0.064      ; 0.593      ;
; 0.372 ; word_register:word_2|out0[5] ; word_register:word_1|out0[5] ; clk          ; clk         ; 0.000        ; 0.064      ; 0.593      ;
; 0.372 ; word_register:word_2|out2[5] ; word_register:word_1|out2[5] ; clk          ; clk         ; 0.000        ; 0.064      ; 0.593      ;
; 0.372 ; word_register:word_2|out3[4] ; word_register:word_1|out3[4] ; clk          ; clk         ; 0.000        ; 0.064      ; 0.593      ;
; 0.372 ; word_register:word_1|out3[4] ; word_register:word_0|out3[4] ; clk          ; clk         ; 0.000        ; 0.064      ; 0.593      ;
; 0.372 ; word_register:word_2|out0[4] ; word_register:word_1|out0[4] ; clk          ; clk         ; 0.000        ; 0.064      ; 0.593      ;
; 0.372 ; word_register:word_1|out0[4] ; word_register:word_0|out0[4] ; clk          ; clk         ; 0.000        ; 0.064      ; 0.593      ;
; 0.372 ; word_register:word_2|out3[3] ; word_register:word_1|out3[3] ; clk          ; clk         ; 0.000        ; 0.063      ; 0.592      ;
; 0.372 ; word_register:word_2|out2[2] ; word_register:word_1|out2[2] ; clk          ; clk         ; 0.000        ; 0.064      ; 0.593      ;
; 0.372 ; word_register:word_2|out3[2] ; word_register:word_1|out3[2] ; clk          ; clk         ; 0.000        ; 0.064      ; 0.593      ;
; 0.372 ; word_register:word_2|out2[1] ; word_register:word_1|out2[1] ; clk          ; clk         ; 0.000        ; 0.064      ; 0.593      ;
; 0.373 ; word_register:word_1|out0[0] ; word_register:word_0|out0[0] ; clk          ; clk         ; 0.000        ; 0.063      ; 0.593      ;
; 0.373 ; word_register:word_2|out3[7] ; word_register:word_1|out3[7] ; clk          ; clk         ; 0.000        ; 0.063      ; 0.593      ;
; 0.373 ; word_register:word_2|out0[1] ; word_register:word_1|out0[1] ; clk          ; clk         ; 0.000        ; 0.063      ; 0.593      ;
; 0.373 ; word_register:word_2|out3[1] ; word_register:word_1|out3[1] ; clk          ; clk         ; 0.000        ; 0.064      ; 0.594      ;
; 0.373 ; word_register:word_1|out1[0] ; word_register:word_0|out1[0] ; clk          ; clk         ; 0.000        ; 0.064      ; 0.594      ;
; 0.373 ; word_register:word_1|out2[0] ; word_register:word_0|out2[0] ; clk          ; clk         ; 0.000        ; 0.064      ; 0.594      ;
; 0.374 ; word_register:word_2|out0[0] ; word_register:word_1|out0[0] ; clk          ; clk         ; 0.000        ; 0.063      ; 0.594      ;
; 0.374 ; word_register:word_2|out0[7] ; word_register:word_1|out0[7] ; clk          ; clk         ; 0.000        ; 0.063      ; 0.594      ;
; 0.374 ; word_register:word_2|out0[6] ; word_register:word_1|out0[6] ; clk          ; clk         ; 0.000        ; 0.063      ; 0.594      ;
; 0.374 ; word_register:word_1|out1[5] ; word_register:word_0|out1[5] ; clk          ; clk         ; 0.000        ; 0.064      ; 0.595      ;
; 0.374 ; word_register:word_1|out1[1] ; word_register:word_0|out1[1] ; clk          ; clk         ; 0.000        ; 0.064      ; 0.595      ;
; 0.374 ; word_register:word_2|out1[0] ; word_register:word_1|out1[0] ; clk          ; clk         ; 0.000        ; 0.064      ; 0.595      ;
; 0.391 ; word_register:word_3|out3[1] ; word_register:word_2|out3[1] ; clk          ; clk         ; 0.000        ; 0.064      ; 0.612      ;
; 0.391 ; word_register:word_3|out1[1] ; word_register:word_2|out1[1] ; clk          ; clk         ; 0.000        ; 0.064      ; 0.612      ;
; 0.392 ; word_register:word_3|out1[5] ; word_register:word_2|out1[5] ; clk          ; clk         ; 0.000        ; 0.064      ; 0.613      ;
; 0.392 ; word_register:word_3|out2[5] ; word_register:word_2|out2[5] ; clk          ; clk         ; 0.000        ; 0.064      ; 0.613      ;
; 0.393 ; word_register:word_3|out2[7] ; word_register:word_2|out2[7] ; clk          ; clk         ; 0.000        ; 0.063      ; 0.613      ;
; 0.393 ; word_register:word_3|out0[5] ; word_register:word_2|out0[5] ; clk          ; clk         ; 0.000        ; 0.064      ; 0.614      ;
; 0.394 ; word_register:word_3|out3[2] ; word_register:word_2|out3[2] ; clk          ; clk         ; 0.000        ; 0.064      ; 0.615      ;
; 0.394 ; word_register:word_3|out0[1] ; word_register:word_2|out0[1] ; clk          ; clk         ; 0.000        ; 0.063      ; 0.614      ;
; 0.394 ; word_register:word_3|out1[0] ; word_register:word_2|out1[0] ; clk          ; clk         ; 0.000        ; 0.064      ; 0.615      ;
; 0.395 ; word_register:word_3|out0[0] ; word_register:word_2|out0[0] ; clk          ; clk         ; 0.000        ; 0.063      ; 0.615      ;
; 0.395 ; word_register:word_3|out3[0] ; word_register:word_2|out3[0] ; clk          ; clk         ; 0.000        ; 0.063      ; 0.615      ;
; 0.398 ; word_register:word_3|out1[3] ; word_register:word_2|out1[3] ; clk          ; clk         ; 0.000        ; 0.063      ; 0.618      ;
; 0.400 ; word_register:word_3|out3[3] ; word_register:word_2|out3[3] ; clk          ; clk         ; 0.000        ; 0.063      ; 0.620      ;
; 0.415 ; state.init_sub               ; round[0]                     ; clk          ; clk         ; 0.000        ; 0.063      ; 0.635      ;
; 0.416 ; state.init_sub               ; rcon[3][0]                   ; clk          ; clk         ; 0.000        ; 0.063      ; 0.636      ;
; 0.469 ; state.idle                   ; word_register:word_1|out3[0] ; clk          ; clk         ; 0.000        ; 0.063      ; 0.689      ;
; 0.473 ; state.idle                   ; word_register:word_0|out2[7] ; clk          ; clk         ; 0.000        ; 0.063      ; 0.693      ;
; 0.473 ; state.idle                   ; word_register:word_0|out3[0] ; clk          ; clk         ; 0.000        ; 0.063      ; 0.693      ;
; 0.474 ; state.idle                   ; word_register:word_2|out2[3] ; clk          ; clk         ; 0.000        ; 0.063      ; 0.694      ;
; 0.475 ; state.idle                   ; word_register:word_1|out2[7] ; clk          ; clk         ; 0.000        ; 0.063      ; 0.695      ;
; 0.475 ; word_register:word_2|out1[5] ; word_register:word_1|out1[5] ; clk          ; clk         ; 0.000        ; 0.064      ; 0.696      ;
; 0.475 ; state.idle                   ; word_register:word_0|out2[3] ; clk          ; clk         ; 0.000        ; 0.063      ; 0.695      ;
; 0.476 ; state.idle                   ; word_register:word_1|out2[3] ; clk          ; clk         ; 0.000        ; 0.063      ; 0.696      ;
+-------+------------------------------+------------------------------+--------------+-------------+--------------+------------+------------+


+----------------------------------------------------------------------------------------------------------------------------------------------------------------------------------------+
; Slow 1200mV 85C Model Minimum Pulse Width: 'clk'                                                                                                                                       ;
+--------+--------------+----------------+------------+-------+------------+-------------------------------------------------------------------------------------------------------------+
; Slack  ; Actual Width ; Required Width ; Type       ; Clock ; Clock Edge ; Target                                                                                                      ;
+--------+--------------+----------------+------------+-------+------------+-------------------------------------------------------------------------------------------------------------+
; -3.000 ; 1.000        ; 4.000          ; Port Rate  ; clk   ; Rise       ; clk                                                                                                         ;
; -2.174 ; 1.000        ; 3.174          ; Min Period ; clk   ; Rise       ; sbox_rom_sinc:AES_sbox|altsyncram:Mux7_rtl_0|altsyncram_md11:auto_generated|ram_block1a0~porta_address_reg0 ;
; -1.000 ; 1.000        ; 2.000          ; Min Period ; clk   ; Rise       ; byte_register:aux_register_0|data_out[0]                                                                    ;
; -1.000 ; 1.000        ; 2.000          ; Min Period ; clk   ; Rise       ; byte_register:aux_register_0|data_out[1]                                                                    ;
; -1.000 ; 1.000        ; 2.000          ; Min Period ; clk   ; Rise       ; byte_register:aux_register_0|data_out[2]                                                                    ;
; -1.000 ; 1.000        ; 2.000          ; Min Period ; clk   ; Rise       ; byte_register:aux_register_0|data_out[3]                                                                    ;
; -1.000 ; 1.000        ; 2.000          ; Min Period ; clk   ; Rise       ; byte_register:aux_register_0|data_out[4]                                                                    ;
; -1.000 ; 1.000        ; 2.000          ; Min Period ; clk   ; Rise       ; byte_register:aux_register_0|data_out[5]                                                                    ;
; -1.000 ; 1.000        ; 2.000          ; Min Period ; clk   ; Rise       ; byte_register:aux_register_0|data_out[6]                                                                    ;
; -1.000 ; 1.000        ; 2.000          ; Min Period ; clk   ; Rise       ; byte_register:aux_register_0|data_out[7]                                                                    ;
; -1.000 ; 1.000        ; 2.000          ; Min Period ; clk   ; Rise       ; byte_register:aux_register_1|data_out[0]                                                                    ;
; -1.000 ; 1.000        ; 2.000          ; Min Period ; clk   ; Rise       ; byte_register:aux_register_1|data_out[1]                                                                    ;
; -1.000 ; 1.000        ; 2.000          ; Min Period ; clk   ; Rise       ; byte_register:aux_register_1|data_out[2]                                                                    ;
; -1.000 ; 1.000        ; 2.000          ; Min Period ; clk   ; Rise       ; byte_register:aux_register_1|data_out[3]                                                                    ;
; -1.000 ; 1.000        ; 2.000          ; Min Period ; clk   ; Rise       ; byte_register:aux_register_1|data_out[4]                                                                    ;
; -1.000 ; 1.000        ; 2.000          ; Min Period ; clk   ; Rise       ; byte_register:aux_register_1|data_out[5]                                                                    ;
; -1.000 ; 1.000        ; 2.000          ; Min Period ; clk   ; Rise       ; byte_register:aux_register_1|data_out[6]                                                                    ;
; -1.000 ; 1.000        ; 2.000          ; Min Period ; clk   ; Rise       ; byte_register:aux_register_1|data_out[7]                                                                    ;
; -1.000 ; 1.000        ; 2.000          ; Min Period ; clk   ; Rise       ; byte_register:aux_register_2|data_out[0]                                                                    ;
; -1.000 ; 1.000        ; 2.000          ; Min Period ; clk   ; Rise       ; byte_register:aux_register_2|data_out[1]                                                                    ;
; -1.000 ; 1.000        ; 2.000          ; Min Period ; clk   ; Rise       ; byte_register:aux_register_2|data_out[2]                                                                    ;
; -1.000 ; 1.000        ; 2.000          ; Min Period ; clk   ; Rise       ; byte_register:aux_register_2|data_out[3]                                                                    ;
; -1.000 ; 1.000        ; 2.000          ; Min Period ; clk   ; Rise       ; byte_register:aux_register_2|data_out[4]                                                                    ;
; -1.000 ; 1.000        ; 2.000          ; Min Period ; clk   ; Rise       ; byte_register:aux_register_2|data_out[5]                                                                    ;
; -1.000 ; 1.000        ; 2.000          ; Min Period ; clk   ; Rise       ; byte_register:aux_register_2|data_out[6]                                                                    ;
; -1.000 ; 1.000        ; 2.000          ; Min Period ; clk   ; Rise       ; byte_register:aux_register_2|data_out[7]                                                                    ;
; -1.000 ; 1.000        ; 2.000          ; Min Period ; clk   ; Rise       ; byte_register:aux_register_3|data_out[0]                                                                    ;
; -1.000 ; 1.000        ; 2.000          ; Min Period ; clk   ; Rise       ; byte_register:aux_register_3|data_out[1]                                                                    ;
; -1.000 ; 1.000        ; 2.000          ; Min Period ; clk   ; Rise       ; byte_register:aux_register_3|data_out[2]                                                                    ;
; -1.000 ; 1.000        ; 2.000          ; Min Period ; clk   ; Rise       ; byte_register:aux_register_3|data_out[3]                                                                    ;
; -1.000 ; 1.000        ; 2.000          ; Min Period ; clk   ; Rise       ; byte_register:aux_register_3|data_out[4]                                                                    ;
; -1.000 ; 1.000        ; 2.000          ; Min Period ; clk   ; Rise       ; byte_register:aux_register_3|data_out[5]                                                                    ;
; -1.000 ; 1.000        ; 2.000          ; Min Period ; clk   ; Rise       ; byte_register:aux_register_3|data_out[6]                                                                    ;
; -1.000 ; 1.000        ; 2.000          ; Min Period ; clk   ; Rise       ; byte_register:aux_register_3|data_out[7]                                                                    ;
; -1.000 ; 1.000        ; 2.000          ; Min Period ; clk   ; Rise       ; counter[0]                                                                                                  ;
; -1.000 ; 1.000        ; 2.000          ; Min Period ; clk   ; Rise       ; counter[1]                                                                                                  ;
; -1.000 ; 1.000        ; 2.000          ; Min Period ; clk   ; Rise       ; rcon[3][0]                                                                                                  ;
; -1.000 ; 1.000        ; 2.000          ; Min Period ; clk   ; Rise       ; rcon[3][1]                                                                                                  ;
; -1.000 ; 1.000        ; 2.000          ; Min Period ; clk   ; Rise       ; rcon[3][2]                                                                                                  ;
; -1.000 ; 1.000        ; 2.000          ; Min Period ; clk   ; Rise       ; rcon[3][3]                                                                                                  ;
; -1.000 ; 1.000        ; 2.000          ; Min Period ; clk   ; Rise       ; rcon[3][4]                                                                                                  ;
; -1.000 ; 1.000        ; 2.000          ; Min Period ; clk   ; Rise       ; rcon[3][5]                                                                                                  ;
; -1.000 ; 1.000        ; 2.000          ; Min Period ; clk   ; Rise       ; rcon[3][6]                                                                                                  ;
; -1.000 ; 1.000        ; 2.000          ; Min Period ; clk   ; Rise       ; rcon[3][7]                                                                                                  ;
; -1.000 ; 1.000        ; 2.000          ; Min Period ; clk   ; Rise       ; round[0]                                                                                                    ;
; -1.000 ; 1.000        ; 2.000          ; Min Period ; clk   ; Rise       ; round[1]                                                                                                    ;
; -1.000 ; 1.000        ; 2.000          ; Min Period ; clk   ; Rise       ; round[2]                                                                                                    ;
; -1.000 ; 1.000        ; 2.000          ; Min Period ; clk   ; Rise       ; round[3]                                                                                                    ;
; -1.000 ; 1.000        ; 2.000          ; Min Period ; clk   ; Rise       ; state.end_round                                                                                             ;
; -1.000 ; 1.000        ; 2.000          ; Min Period ; clk   ; Rise       ; state.idle                                                                                                  ;
; -1.000 ; 1.000        ; 2.000          ; Min Period ; clk   ; Rise       ; state.init_sub                                                                                              ;
; -1.000 ; 1.000        ; 2.000          ; Min Period ; clk   ; Rise       ; state.shift_words                                                                                           ;
; -1.000 ; 1.000        ; 2.000          ; Min Period ; clk   ; Rise       ; state.start                                                                                                 ;
; -1.000 ; 1.000        ; 2.000          ; Min Period ; clk   ; Rise       ; state.sub_bytes_0                                                                                           ;
; -1.000 ; 1.000        ; 2.000          ; Min Period ; clk   ; Rise       ; state.sub_bytes_1                                                                                           ;
; -1.000 ; 1.000        ; 2.000          ; Min Period ; clk   ; Rise       ; state.sub_bytes_2                                                                                           ;
; -1.000 ; 1.000        ; 2.000          ; Min Period ; clk   ; Rise       ; state.sub_bytes_3                                                                                           ;
; -1.000 ; 1.000        ; 2.000          ; Min Period ; clk   ; Rise       ; word_register:word_0|out0[0]                                                                                ;
; -1.000 ; 1.000        ; 2.000          ; Min Period ; clk   ; Rise       ; word_register:word_0|out0[1]                                                                                ;
; -1.000 ; 1.000        ; 2.000          ; Min Period ; clk   ; Rise       ; word_register:word_0|out0[2]                                                                                ;
; -1.000 ; 1.000        ; 2.000          ; Min Period ; clk   ; Rise       ; word_register:word_0|out0[3]                                                                                ;
; -1.000 ; 1.000        ; 2.000          ; Min Period ; clk   ; Rise       ; word_register:word_0|out0[4]                                                                                ;
; -1.000 ; 1.000        ; 2.000          ; Min Period ; clk   ; Rise       ; word_register:word_0|out0[5]                                                                                ;
; -1.000 ; 1.000        ; 2.000          ; Min Period ; clk   ; Rise       ; word_register:word_0|out0[6]                                                                                ;
; -1.000 ; 1.000        ; 2.000          ; Min Period ; clk   ; Rise       ; word_register:word_0|out0[7]                                                                                ;
; -1.000 ; 1.000        ; 2.000          ; Min Period ; clk   ; Rise       ; word_register:word_0|out1[0]                                                                                ;
; -1.000 ; 1.000        ; 2.000          ; Min Period ; clk   ; Rise       ; word_register:word_0|out1[1]                                                                                ;
; -1.000 ; 1.000        ; 2.000          ; Min Period ; clk   ; Rise       ; word_register:word_0|out1[2]                                                                                ;
; -1.000 ; 1.000        ; 2.000          ; Min Period ; clk   ; Rise       ; word_register:word_0|out1[3]                                                                                ;
; -1.000 ; 1.000        ; 2.000          ; Min Period ; clk   ; Rise       ; word_register:word_0|out1[4]                                                                                ;
; -1.000 ; 1.000        ; 2.000          ; Min Period ; clk   ; Rise       ; word_register:word_0|out1[5]                                                                                ;
; -1.000 ; 1.000        ; 2.000          ; Min Period ; clk   ; Rise       ; word_register:word_0|out1[6]                                                                                ;
; -1.000 ; 1.000        ; 2.000          ; Min Period ; clk   ; Rise       ; word_register:word_0|out1[7]                                                                                ;
; -1.000 ; 1.000        ; 2.000          ; Min Period ; clk   ; Rise       ; word_register:word_0|out2[0]                                                                                ;
; -1.000 ; 1.000        ; 2.000          ; Min Period ; clk   ; Rise       ; word_register:word_0|out2[1]                                                                                ;
; -1.000 ; 1.000        ; 2.000          ; Min Period ; clk   ; Rise       ; word_register:word_0|out2[2]                                                                                ;
; -1.000 ; 1.000        ; 2.000          ; Min Period ; clk   ; Rise       ; word_register:word_0|out2[3]                                                                                ;
; -1.000 ; 1.000        ; 2.000          ; Min Period ; clk   ; Rise       ; word_register:word_0|out2[4]                                                                                ;
; -1.000 ; 1.000        ; 2.000          ; Min Period ; clk   ; Rise       ; word_register:word_0|out2[5]                                                                                ;
; -1.000 ; 1.000        ; 2.000          ; Min Period ; clk   ; Rise       ; word_register:word_0|out2[6]                                                                                ;
; -1.000 ; 1.000        ; 2.000          ; Min Period ; clk   ; Rise       ; word_register:word_0|out2[7]                                                                                ;
; -1.000 ; 1.000        ; 2.000          ; Min Period ; clk   ; Rise       ; word_register:word_0|out3[0]                                                                                ;
; -1.000 ; 1.000        ; 2.000          ; Min Period ; clk   ; Rise       ; word_register:word_0|out3[1]                                                                                ;
; -1.000 ; 1.000        ; 2.000          ; Min Period ; clk   ; Rise       ; word_register:word_0|out3[2]                                                                                ;
; -1.000 ; 1.000        ; 2.000          ; Min Period ; clk   ; Rise       ; word_register:word_0|out3[3]                                                                                ;
; -1.000 ; 1.000        ; 2.000          ; Min Period ; clk   ; Rise       ; word_register:word_0|out3[4]                                                                                ;
; -1.000 ; 1.000        ; 2.000          ; Min Period ; clk   ; Rise       ; word_register:word_0|out3[5]                                                                                ;
; -1.000 ; 1.000        ; 2.000          ; Min Period ; clk   ; Rise       ; word_register:word_0|out3[6]                                                                                ;
; -1.000 ; 1.000        ; 2.000          ; Min Period ; clk   ; Rise       ; word_register:word_0|out3[7]                                                                                ;
; -1.000 ; 1.000        ; 2.000          ; Min Period ; clk   ; Rise       ; word_register:word_1|out0[0]                                                                                ;
; -1.000 ; 1.000        ; 2.000          ; Min Period ; clk   ; Rise       ; word_register:word_1|out0[1]                                                                                ;
; -1.000 ; 1.000        ; 2.000          ; Min Period ; clk   ; Rise       ; word_register:word_1|out0[2]                                                                                ;
; -1.000 ; 1.000        ; 2.000          ; Min Period ; clk   ; Rise       ; word_register:word_1|out0[3]                                                                                ;
; -1.000 ; 1.000        ; 2.000          ; Min Period ; clk   ; Rise       ; word_register:word_1|out0[4]                                                                                ;
; -1.000 ; 1.000        ; 2.000          ; Min Period ; clk   ; Rise       ; word_register:word_1|out0[5]                                                                                ;
; -1.000 ; 1.000        ; 2.000          ; Min Period ; clk   ; Rise       ; word_register:word_1|out0[6]                                                                                ;
; -1.000 ; 1.000        ; 2.000          ; Min Period ; clk   ; Rise       ; word_register:word_1|out0[7]                                                                                ;
; -1.000 ; 1.000        ; 2.000          ; Min Period ; clk   ; Rise       ; word_register:word_1|out1[0]                                                                                ;
; -1.000 ; 1.000        ; 2.000          ; Min Period ; clk   ; Rise       ; word_register:word_1|out1[1]                                                                                ;
; -1.000 ; 1.000        ; 2.000          ; Min Period ; clk   ; Rise       ; word_register:word_1|out1[2]                                                                                ;
+--------+--------------+----------------+------------+-------+------------+-------------------------------------------------------------------------------------------------------------+


+-----------------------------------------------------------------------+
; Setup Times                                                           ;
+-----------+------------+-------+-------+------------+-----------------+
; Data Port ; Clock Port ; Rise  ; Fall  ; Clock Edge ; Clock Reference ;
+-----------+------------+-------+-------+------------+-----------------+
; reset     ; clk        ; 0.160 ; 0.288 ; Rise       ; clk             ;
+-----------+------------+-------+-------+------------+-----------------+


+------------------------------------------------------------------------+
; Hold Times                                                             ;
+-----------+------------+-------+--------+------------+-----------------+
; Data Port ; Clock Port ; Rise  ; Fall   ; Clock Edge ; Clock Reference ;
+-----------+------------+-------+--------+------------+-----------------+
; reset     ; clk        ; 0.037 ; -0.102 ; Rise       ; clk             ;
+-----------+------------+-------+--------+------------+-----------------+


+-----------------------------------------------------------------------------+
; Clock to Output Times                                                       ;
+-----------------+------------+-------+-------+------------+-----------------+
; Data Port       ; Clock Port ; Rise  ; Fall  ; Clock Edge ; Clock Reference ;
+-----------------+------------+-------+-------+------------+-----------------+
; aux_out[*]      ; clk        ; 7.575 ; 7.718 ; Rise       ; clk             ;
;  aux_out[0]     ; clk        ; 6.275 ; 6.291 ; Rise       ; clk             ;
;  aux_out[1]     ; clk        ; 7.062 ; 7.192 ; Rise       ; clk             ;
;  aux_out[2]     ; clk        ; 5.912 ; 5.926 ; Rise       ; clk             ;
;  aux_out[3]     ; clk        ; 6.009 ; 6.023 ; Rise       ; clk             ;
;  aux_out[4]     ; clk        ; 6.343 ; 6.416 ; Rise       ; clk             ;
;  aux_out[5]     ; clk        ; 5.550 ; 5.583 ; Rise       ; clk             ;
;  aux_out[6]     ; clk        ; 6.229 ; 6.232 ; Rise       ; clk             ;
;  aux_out[7]     ; clk        ; 5.911 ; 5.996 ; Rise       ; clk             ;
;  aux_out[8]     ; clk        ; 5.537 ; 5.580 ; Rise       ; clk             ;
;  aux_out[9]     ; clk        ; 6.433 ; 6.518 ; Rise       ; clk             ;
;  aux_out[10]    ; clk        ; 5.990 ; 6.018 ; Rise       ; clk             ;
;  aux_out[11]    ; clk        ; 5.482 ; 5.521 ; Rise       ; clk             ;
;  aux_out[12]    ; clk        ; 7.575 ; 7.718 ; Rise       ; clk             ;
;  aux_out[13]    ; clk        ; 6.356 ; 6.394 ; Rise       ; clk             ;
;  aux_out[14]    ; clk        ; 6.246 ; 6.263 ; Rise       ; clk             ;
;  aux_out[15]    ; clk        ; 6.283 ; 6.377 ; Rise       ; clk             ;
;  aux_out[16]    ; clk        ; 6.623 ; 6.641 ; Rise       ; clk             ;
;  aux_out[17]    ; clk        ; 6.478 ; 6.520 ; Rise       ; clk             ;
;  aux_out[18]    ; clk        ; 5.917 ; 5.957 ; Rise       ; clk             ;
;  aux_out[19]    ; clk        ; 5.545 ; 5.586 ; Rise       ; clk             ;
;  aux_out[20]    ; clk        ; 6.503 ; 6.580 ; Rise       ; clk             ;
;  aux_out[21]    ; clk        ; 6.506 ; 6.551 ; Rise       ; clk             ;
;  aux_out[22]    ; clk        ; 6.341 ; 6.409 ; Rise       ; clk             ;
;  aux_out[23]    ; clk        ; 5.949 ; 6.011 ; Rise       ; clk             ;
;  aux_out[24]    ; clk        ; 6.459 ; 6.546 ; Rise       ; clk             ;
;  aux_out[25]    ; clk        ; 5.870 ; 5.961 ; Rise       ; clk             ;
;  aux_out[26]    ; clk        ; 6.061 ; 6.097 ; Rise       ; clk             ;
;  aux_out[27]    ; clk        ; 6.113 ; 6.137 ; Rise       ; clk             ;
;  aux_out[28]    ; clk        ; 6.090 ; 6.165 ; Rise       ; clk             ;
;  aux_out[29]    ; clk        ; 6.214 ; 6.239 ; Rise       ; clk             ;
;  aux_out[30]    ; clk        ; 6.071 ; 6.087 ; Rise       ; clk             ;
;  aux_out[31]    ; clk        ; 6.032 ; 6.078 ; Rise       ; clk             ;
; counter_out[*]  ; clk        ; 5.607 ; 5.594 ; Rise       ; clk             ;
;  counter_out[0] ; clk        ; 5.358 ; 5.390 ; Rise       ; clk             ;
;  counter_out[1] ; clk        ; 5.607 ; 5.594 ; Rise       ; clk             ;
; key_word[*]     ; clk        ; 7.082 ; 7.270 ; Rise       ; clk             ;
;  key_word[0]    ; clk        ; 5.571 ; 5.646 ; Rise       ; clk             ;
;  key_word[1]    ; clk        ; 5.905 ; 5.990 ; Rise       ; clk             ;
;  key_word[2]    ; clk        ; 7.082 ; 7.270 ; Rise       ; clk             ;
;  key_word[3]    ; clk        ; 5.785 ; 5.888 ; Rise       ; clk             ;
;  key_word[4]    ; clk        ; 5.675 ; 5.694 ; Rise       ; clk             ;
;  key_word[5]    ; clk        ; 5.665 ; 5.680 ; Rise       ; clk             ;
;  key_word[6]    ; clk        ; 6.063 ; 6.148 ; Rise       ; clk             ;
;  key_word[7]    ; clk        ; 5.933 ; 5.939 ; Rise       ; clk             ;
;  key_word[8]    ; clk        ; 5.654 ; 5.694 ; Rise       ; clk             ;
;  key_word[9]    ; clk        ; 5.403 ; 5.454 ; Rise       ; clk             ;
;  key_word[10]   ; clk        ; 5.345 ; 5.382 ; Rise       ; clk             ;
;  key_word[11]   ; clk        ; 5.200 ; 5.236 ; Rise       ; clk             ;
;  key_word[12]   ; clk        ; 5.249 ; 5.301 ; Rise       ; clk             ;
;  key_word[13]   ; clk        ; 5.787 ; 5.894 ; Rise       ; clk             ;
;  key_word[14]   ; clk        ; 5.461 ; 5.517 ; Rise       ; clk             ;
;  key_word[15]   ; clk        ; 5.215 ; 5.243 ; Rise       ; clk             ;
;  key_word[16]   ; clk        ; 5.508 ; 5.554 ; Rise       ; clk             ;
;  key_word[17]   ; clk        ; 5.980 ; 6.043 ; Rise       ; clk             ;
;  key_word[18]   ; clk        ; 5.779 ; 5.879 ; Rise       ; clk             ;
;  key_word[19]   ; clk        ; 5.190 ; 5.233 ; Rise       ; clk             ;
;  key_word[20]   ; clk        ; 5.810 ; 5.904 ; Rise       ; clk             ;
;  key_word[21]   ; clk        ; 5.739 ; 5.821 ; Rise       ; clk             ;
;  key_word[22]   ; clk        ; 5.638 ; 5.665 ; Rise       ; clk             ;
;  key_word[23]   ; clk        ; 6.517 ; 6.600 ; Rise       ; clk             ;
;  key_word[24]   ; clk        ; 5.661 ; 5.687 ; Rise       ; clk             ;
;  key_word[25]   ; clk        ; 5.649 ; 5.699 ; Rise       ; clk             ;
;  key_word[26]   ; clk        ; 5.812 ; 5.875 ; Rise       ; clk             ;
;  key_word[27]   ; clk        ; 5.204 ; 5.263 ; Rise       ; clk             ;
;  key_word[28]   ; clk        ; 5.723 ; 5.768 ; Rise       ; clk             ;
;  key_word[29]   ; clk        ; 5.212 ; 5.255 ; Rise       ; clk             ;
;  key_word[30]   ; clk        ; 5.306 ; 5.373 ; Rise       ; clk             ;
;  key_word[31]   ; clk        ; 5.470 ; 5.487 ; Rise       ; clk             ;
; rcon_out[*]     ; clk        ; 6.538 ; 6.645 ; Rise       ; clk             ;
;  rcon_out[24]   ; clk        ; 5.221 ; 5.263 ; Rise       ; clk             ;
;  rcon_out[25]   ; clk        ; 5.623 ; 5.619 ; Rise       ; clk             ;
;  rcon_out[26]   ; clk        ; 5.916 ; 5.943 ; Rise       ; clk             ;
;  rcon_out[27]   ; clk        ; 5.360 ; 5.356 ; Rise       ; clk             ;
;  rcon_out[28]   ; clk        ; 6.538 ; 6.645 ; Rise       ; clk             ;
;  rcon_out[29]   ; clk        ; 5.373 ; 5.385 ; Rise       ; clk             ;
;  rcon_out[30]   ; clk        ; 5.193 ; 5.230 ; Rise       ; clk             ;
;  rcon_out[31]   ; clk        ; 5.182 ; 5.222 ; Rise       ; clk             ;
; state_out[*]    ; clk        ; 6.686 ; 6.650 ; Rise       ; clk             ;
;  state_out[0]   ; clk        ; 6.686 ; 6.633 ; Rise       ; clk             ;
;  state_out[1]   ; clk        ; 6.590 ; 6.650 ; Rise       ; clk             ;
;  state_out[2]   ; clk        ; 5.847 ; 5.928 ; Rise       ; clk             ;
+-----------------+------------+-------+-------+------------+-----------------+


+-----------------------------------------------------------------------------+
; Minimum Clock to Output Times                                               ;
+-----------------+------------+-------+-------+------------+-----------------+
; Data Port       ; Clock Port ; Rise  ; Fall  ; Clock Edge ; Clock Reference ;
+-----------------+------------+-------+-------+------------+-----------------+
; aux_out[*]      ; clk        ; 5.360 ; 5.397 ; Rise       ; clk             ;
;  aux_out[0]     ; clk        ; 6.121 ; 6.137 ; Rise       ; clk             ;
;  aux_out[1]     ; clk        ; 6.927 ; 7.055 ; Rise       ; clk             ;
;  aux_out[2]     ; clk        ; 5.773 ; 5.786 ; Rise       ; clk             ;
;  aux_out[3]     ; clk        ; 5.866 ; 5.879 ; Rise       ; clk             ;
;  aux_out[4]     ; clk        ; 6.188 ; 6.256 ; Rise       ; clk             ;
;  aux_out[5]     ; clk        ; 5.426 ; 5.457 ; Rise       ; clk             ;
;  aux_out[6]     ; clk        ; 6.080 ; 6.083 ; Rise       ; clk             ;
;  aux_out[7]     ; clk        ; 5.773 ; 5.854 ; Rise       ; clk             ;
;  aux_out[8]     ; clk        ; 5.413 ; 5.454 ; Rise       ; clk             ;
;  aux_out[9]     ; clk        ; 6.273 ; 6.355 ; Rise       ; clk             ;
;  aux_out[10]    ; clk        ; 5.848 ; 5.874 ; Rise       ; clk             ;
;  aux_out[11]    ; clk        ; 5.360 ; 5.397 ; Rise       ; clk             ;
;  aux_out[12]    ; clk        ; 7.421 ; 7.561 ; Rise       ; clk             ;
;  aux_out[13]    ; clk        ; 6.202 ; 6.239 ; Rise       ; clk             ;
;  aux_out[14]    ; clk        ; 6.097 ; 6.112 ; Rise       ; clk             ;
;  aux_out[15]    ; clk        ; 6.130 ; 6.219 ; Rise       ; clk             ;
;  aux_out[16]    ; clk        ; 6.458 ; 6.475 ; Rise       ; clk             ;
;  aux_out[17]    ; clk        ; 6.317 ; 6.356 ; Rise       ; clk             ;
;  aux_out[18]    ; clk        ; 5.777 ; 5.816 ; Rise       ; clk             ;
;  aux_out[19]    ; clk        ; 5.422 ; 5.460 ; Rise       ; clk             ;
;  aux_out[20]    ; clk        ; 6.341 ; 6.414 ; Rise       ; clk             ;
;  aux_out[21]    ; clk        ; 6.342 ; 6.385 ; Rise       ; clk             ;
;  aux_out[22]    ; clk        ; 6.185 ; 6.250 ; Rise       ; clk             ;
;  aux_out[23]    ; clk        ; 5.812 ; 5.871 ; Rise       ; clk             ;
;  aux_out[24]    ; clk        ; 6.298 ; 6.381 ; Rise       ; clk             ;
;  aux_out[25]    ; clk        ; 5.733 ; 5.819 ; Rise       ; clk             ;
;  aux_out[26]    ; clk        ; 5.915 ; 5.949 ; Rise       ; clk             ;
;  aux_out[27]    ; clk        ; 5.967 ; 5.989 ; Rise       ; clk             ;
;  aux_out[28]    ; clk        ; 5.944 ; 6.016 ; Rise       ; clk             ;
;  aux_out[29]    ; clk        ; 6.064 ; 6.087 ; Rise       ; clk             ;
;  aux_out[30]    ; clk        ; 5.926 ; 5.941 ; Rise       ; clk             ;
;  aux_out[31]    ; clk        ; 5.889 ; 5.932 ; Rise       ; clk             ;
; counter_out[*]  ; clk        ; 5.243 ; 5.274 ; Rise       ; clk             ;
;  counter_out[0] ; clk        ; 5.243 ; 5.274 ; Rise       ; clk             ;
;  counter_out[1] ; clk        ; 5.480 ; 5.467 ; Rise       ; clk             ;
; key_word[*]     ; clk        ; 5.080 ; 5.121 ; Rise       ; clk             ;
;  key_word[0]    ; clk        ; 5.446 ; 5.517 ; Rise       ; clk             ;
;  key_word[1]    ; clk        ; 5.767 ; 5.847 ; Rise       ; clk             ;
;  key_word[2]    ; clk        ; 6.947 ; 7.130 ; Rise       ; clk             ;
;  key_word[3]    ; clk        ; 5.651 ; 5.750 ; Rise       ; clk             ;
;  key_word[4]    ; clk        ; 5.545 ; 5.563 ; Rise       ; clk             ;
;  key_word[5]    ; clk        ; 5.538 ; 5.552 ; Rise       ; clk             ;
;  key_word[6]    ; clk        ; 5.918 ; 5.999 ; Rise       ; clk             ;
;  key_word[7]    ; clk        ; 5.794 ; 5.799 ; Rise       ; clk             ;
;  key_word[8]    ; clk        ; 5.527 ; 5.565 ; Rise       ; clk             ;
;  key_word[9]    ; clk        ; 5.284 ; 5.333 ; Rise       ; clk             ;
;  key_word[10]   ; clk        ; 5.227 ; 5.262 ; Rise       ; clk             ;
;  key_word[11]   ; clk        ; 5.093 ; 5.126 ; Rise       ; clk             ;
;  key_word[12]   ; clk        ; 5.137 ; 5.186 ; Rise       ; clk             ;
;  key_word[13]   ; clk        ; 5.653 ; 5.755 ; Rise       ; clk             ;
;  key_word[14]   ; clk        ; 5.341 ; 5.394 ; Rise       ; clk             ;
;  key_word[15]   ; clk        ; 5.104 ; 5.130 ; Rise       ; clk             ;
;  key_word[16]   ; clk        ; 5.388 ; 5.431 ; Rise       ; clk             ;
;  key_word[17]   ; clk        ; 5.838 ; 5.898 ; Rise       ; clk             ;
;  key_word[18]   ; clk        ; 5.645 ; 5.741 ; Rise       ; clk             ;
;  key_word[19]   ; clk        ; 5.080 ; 5.121 ; Rise       ; clk             ;
;  key_word[20]   ; clk        ; 5.675 ; 5.764 ; Rise       ; clk             ;
;  key_word[21]   ; clk        ; 5.606 ; 5.685 ; Rise       ; clk             ;
;  key_word[22]   ; clk        ; 5.513 ; 5.539 ; Rise       ; clk             ;
;  key_word[23]   ; clk        ; 6.354 ; 6.433 ; Rise       ; clk             ;
;  key_word[24]   ; clk        ; 5.536 ; 5.560 ; Rise       ; clk             ;
;  key_word[25]   ; clk        ; 5.519 ; 5.566 ; Rise       ; clk             ;
;  key_word[26]   ; clk        ; 5.677 ; 5.737 ; Rise       ; clk             ;
;  key_word[27]   ; clk        ; 5.094 ; 5.150 ; Rise       ; clk             ;
;  key_word[28]   ; clk        ; 5.592 ; 5.633 ; Rise       ; clk             ;
;  key_word[29]   ; clk        ; 5.100 ; 5.142 ; Rise       ; clk             ;
;  key_word[30]   ; clk        ; 5.190 ; 5.254 ; Rise       ; clk             ;
;  key_word[31]   ; clk        ; 5.351 ; 5.366 ; Rise       ; clk             ;
; rcon_out[*]     ; clk        ; 5.073 ; 5.111 ; Rise       ; clk             ;
;  rcon_out[24]   ; clk        ; 5.111 ; 5.151 ; Rise       ; clk             ;
;  rcon_out[25]   ; clk        ; 5.497 ; 5.492 ; Rise       ; clk             ;
;  rcon_out[26]   ; clk        ; 5.777 ; 5.803 ; Rise       ; clk             ;
;  rcon_out[27]   ; clk        ; 5.243 ; 5.239 ; Rise       ; clk             ;
;  rcon_out[28]   ; clk        ; 6.425 ; 6.530 ; Rise       ; clk             ;
;  rcon_out[29]   ; clk        ; 5.259 ; 5.271 ; Rise       ; clk             ;
;  rcon_out[30]   ; clk        ; 5.084 ; 5.119 ; Rise       ; clk             ;
;  rcon_out[31]   ; clk        ; 5.073 ; 5.111 ; Rise       ; clk             ;
; state_out[*]    ; clk        ; 5.330 ; 5.339 ; Rise       ; clk             ;
;  state_out[0]   ; clk        ; 5.330 ; 5.339 ; Rise       ; clk             ;
;  state_out[1]   ; clk        ; 5.974 ; 5.953 ; Rise       ; clk             ;
;  state_out[2]   ; clk        ; 5.378 ; 5.393 ; Rise       ; clk             ;
+-----------------+------------+-------+-------+------------+-----------------+


----------------------------------------------
; Slow 1200mV 85C Model Metastability Report ;
----------------------------------------------
No synchronizer chains to report.


+-----------------------------------------------------------------------------------------------------------+
; Slow 1200mV 0C Model Fmax Summary                                                                         ;
+------------+-----------------+------------+---------------------------------------------------------------+
; Fmax       ; Restricted Fmax ; Clock Name ; Note                                                          ;
+------------+-----------------+------------+---------------------------------------------------------------+
; 285.96 MHz ; 250.0 MHz       ; clk        ; limit due to minimum period restriction (max I/O toggle rate) ;
+------------+-----------------+------------+---------------------------------------------------------------+
This panel reports FMAX for every clock in the design, regardless of the user-specified clock periods.  FMAX is only computed for paths where the source and destination registers or ports are driven by the same clock.  Paths of different clocks, including generated clocks, are ignored.  For paths between a clock and its inversion, FMAX is computed as if the rising and falling edges are scaled along with FMAX, such that the duty cycle (in terms of a percentage) is maintained. Altera recommends that you always use clock constraints and other slack reports for sign-off analysis.


+------------------------------------+
; Slow 1200mV 0C Model Setup Summary ;
+-------+--------+-------------------+
; Clock ; Slack  ; End Point TNS     ;
+-------+--------+-------------------+
; clk   ; -2.497 ; -258.496          ;
+-------+--------+-------------------+


+-----------------------------------+
; Slow 1200mV 0C Model Hold Summary ;
+-------+-------+-------------------+
; Clock ; Slack ; End Point TNS     ;
+-------+-------+-------------------+
; clk   ; 0.310 ; 0.000             ;
+-------+-------+-------------------+


-----------------------------------------
; Slow 1200mV 0C Model Recovery Summary ;
-----------------------------------------
No paths to report.


----------------------------------------
; Slow 1200mV 0C Model Removal Summary ;
----------------------------------------
No paths to report.


+--------------------------------------------------+
; Slow 1200mV 0C Model Minimum Pulse Width Summary ;
+-------+--------+---------------------------------+
; Clock ; Slack  ; End Point TNS                   ;
+-------+--------+---------------------------------+
; clk   ; -3.000 ; -188.174                        ;
+-------+--------+---------------------------------+


+----------------------------------------------------------------------------------------------------------------------------------------------------------------------------------------------------------------------------------------------------------------------------------------------------------+
; Slow 1200mV 0C Model Setup: 'clk'                                                                                                                                                                                                                                                                        ;
+--------+-------------------------------------------------------------------------------------------------------------+-------------------------------------------------------------------------------------------------------------+--------------+-------------+--------------+------------+------------+
; Slack  ; From Node                                                                                                   ; To Node                                                                                                     ; Launch Clock ; Latch Clock ; Relationship ; Clock Skew ; Data Delay ;
+--------+-------------------------------------------------------------------------------------------------------------+-------------------------------------------------------------------------------------------------------------+--------------+-------------+--------------+------------+------------+
; -2.497 ; sbox_rom_sinc:AES_sbox|altsyncram:Mux7_rtl_0|altsyncram_md11:auto_generated|ram_block1a0~porta_address_reg0 ; byte_register:aux_register_3|data_out[5]                                                                    ; clk          ; clk         ; 1.000        ; -0.036     ; 3.456      ;
; -2.497 ; sbox_rom_sinc:AES_sbox|altsyncram:Mux7_rtl_0|altsyncram_md11:auto_generated|ram_block1a0~porta_address_reg0 ; byte_register:aux_register_3|data_out[0]                                                                    ; clk          ; clk         ; 1.000        ; -0.036     ; 3.456      ;
; -2.394 ; sbox_rom_sinc:AES_sbox|altsyncram:Mux7_rtl_0|altsyncram_md11:auto_generated|ram_block1a0~porta_address_reg0 ; byte_register:aux_register_1|data_out[5]                                                                    ; clk          ; clk         ; 1.000        ; -0.038     ; 3.351      ;
; -2.388 ; sbox_rom_sinc:AES_sbox|altsyncram:Mux7_rtl_0|altsyncram_md11:auto_generated|ram_block1a0~porta_address_reg0 ; byte_register:aux_register_1|data_out[7]                                                                    ; clk          ; clk         ; 1.000        ; -0.038     ; 3.345      ;
; -2.369 ; sbox_rom_sinc:AES_sbox|altsyncram:Mux7_rtl_0|altsyncram_md11:auto_generated|ram_block1a0~porta_address_reg0 ; byte_register:aux_register_1|data_out[0]                                                                    ; clk          ; clk         ; 1.000        ; -0.038     ; 3.326      ;
; -2.363 ; sbox_rom_sinc:AES_sbox|altsyncram:Mux7_rtl_0|altsyncram_md11:auto_generated|ram_block1a0~porta_address_reg0 ; byte_register:aux_register_0|data_out[5]                                                                    ; clk          ; clk         ; 1.000        ; -0.011     ; 3.347      ;
; -2.360 ; sbox_rom_sinc:AES_sbox|altsyncram:Mux7_rtl_0|altsyncram_md11:auto_generated|ram_block1a0~porta_address_reg0 ; byte_register:aux_register_0|data_out[7]                                                                    ; clk          ; clk         ; 1.000        ; -0.011     ; 3.344      ;
; -2.343 ; sbox_rom_sinc:AES_sbox|altsyncram:Mux7_rtl_0|altsyncram_md11:auto_generated|ram_block1a0~porta_address_reg0 ; byte_register:aux_register_0|data_out[0]                                                                    ; clk          ; clk         ; 1.000        ; -0.011     ; 3.327      ;
; -2.301 ; sbox_rom_sinc:AES_sbox|altsyncram:Mux7_rtl_0|altsyncram_md11:auto_generated|ram_block1a0~porta_address_reg0 ; byte_register:aux_register_1|data_out[1]                                                                    ; clk          ; clk         ; 1.000        ; -0.038     ; 3.258      ;
; -2.288 ; sbox_rom_sinc:AES_sbox|altsyncram:Mux7_rtl_0|altsyncram_md11:auto_generated|ram_block1a0~porta_address_reg0 ; byte_register:aux_register_1|data_out[2]                                                                    ; clk          ; clk         ; 1.000        ; -0.038     ; 3.245      ;
; -2.283 ; sbox_rom_sinc:AES_sbox|altsyncram:Mux7_rtl_0|altsyncram_md11:auto_generated|ram_block1a0~porta_address_reg0 ; byte_register:aux_register_3|data_out[1]                                                                    ; clk          ; clk         ; 1.000        ; -0.036     ; 3.242      ;
; -2.280 ; sbox_rom_sinc:AES_sbox|altsyncram:Mux7_rtl_0|altsyncram_md11:auto_generated|ram_block1a0~porta_address_reg0 ; byte_register:aux_register_1|data_out[4]                                                                    ; clk          ; clk         ; 1.000        ; -0.038     ; 3.237      ;
; -2.273 ; sbox_rom_sinc:AES_sbox|altsyncram:Mux7_rtl_0|altsyncram_md11:auto_generated|ram_block1a0~porta_address_reg0 ; byte_register:aux_register_0|data_out[1]                                                                    ; clk          ; clk         ; 1.000        ; -0.011     ; 3.257      ;
; -2.266 ; sbox_rom_sinc:AES_sbox|altsyncram:Mux7_rtl_0|altsyncram_md11:auto_generated|ram_block1a0~porta_address_reg0 ; byte_register:aux_register_1|data_out[3]                                                                    ; clk          ; clk         ; 1.000        ; -0.038     ; 3.223      ;
; -2.262 ; sbox_rom_sinc:AES_sbox|altsyncram:Mux7_rtl_0|altsyncram_md11:auto_generated|ram_block1a0~porta_address_reg0 ; byte_register:aux_register_0|data_out[2]                                                                    ; clk          ; clk         ; 1.000        ; -0.011     ; 3.246      ;
; -2.254 ; sbox_rom_sinc:AES_sbox|altsyncram:Mux7_rtl_0|altsyncram_md11:auto_generated|ram_block1a0~porta_address_reg0 ; byte_register:aux_register_1|data_out[6]                                                                    ; clk          ; clk         ; 1.000        ; -0.038     ; 3.211      ;
; -2.253 ; sbox_rom_sinc:AES_sbox|altsyncram:Mux7_rtl_0|altsyncram_md11:auto_generated|ram_block1a0~porta_address_reg0 ; byte_register:aux_register_3|data_out[4]                                                                    ; clk          ; clk         ; 1.000        ; -0.036     ; 3.212      ;
; -2.250 ; sbox_rom_sinc:AES_sbox|altsyncram:Mux7_rtl_0|altsyncram_md11:auto_generated|ram_block1a0~porta_address_reg0 ; byte_register:aux_register_0|data_out[4]                                                                    ; clk          ; clk         ; 1.000        ; -0.011     ; 3.234      ;
; -2.240 ; sbox_rom_sinc:AES_sbox|altsyncram:Mux7_rtl_0|altsyncram_md11:auto_generated|ram_block1a0~porta_address_reg0 ; byte_register:aux_register_0|data_out[3]                                                                    ; clk          ; clk         ; 1.000        ; -0.011     ; 3.224      ;
; -2.227 ; sbox_rom_sinc:AES_sbox|altsyncram:Mux7_rtl_0|altsyncram_md11:auto_generated|ram_block1a0~porta_address_reg0 ; byte_register:aux_register_0|data_out[6]                                                                    ; clk          ; clk         ; 1.000        ; -0.011     ; 3.211      ;
; -2.118 ; sbox_rom_sinc:AES_sbox|altsyncram:Mux7_rtl_0|altsyncram_md11:auto_generated|ram_block1a0~porta_address_reg0 ; byte_register:aux_register_3|data_out[6]                                                                    ; clk          ; clk         ; 1.000        ; -0.036     ; 3.077      ;
; -2.109 ; sbox_rom_sinc:AES_sbox|altsyncram:Mux7_rtl_0|altsyncram_md11:auto_generated|ram_block1a0~porta_address_reg0 ; byte_register:aux_register_3|data_out[7]                                                                    ; clk          ; clk         ; 1.000        ; -0.036     ; 3.068      ;
; -2.097 ; sbox_rom_sinc:AES_sbox|altsyncram:Mux7_rtl_0|altsyncram_md11:auto_generated|ram_block1a0~porta_address_reg0 ; byte_register:aux_register_3|data_out[2]                                                                    ; clk          ; clk         ; 1.000        ; -0.036     ; 3.056      ;
; -2.079 ; sbox_rom_sinc:AES_sbox|altsyncram:Mux7_rtl_0|altsyncram_md11:auto_generated|ram_block1a0~porta_address_reg0 ; byte_register:aux_register_2|data_out[7]                                                                    ; clk          ; clk         ; 1.000        ; -0.008     ; 3.066      ;
; -2.078 ; state.sub_bytes_1                                                                                           ; sbox_rom_sinc:AES_sbox|altsyncram:Mux7_rtl_0|altsyncram_md11:auto_generated|ram_block1a0~porta_address_reg0 ; clk          ; clk         ; 1.000        ; 0.215      ; 3.313      ;
; -2.076 ; sbox_rom_sinc:AES_sbox|altsyncram:Mux7_rtl_0|altsyncram_md11:auto_generated|ram_block1a0~porta_address_reg0 ; byte_register:aux_register_2|data_out[6]                                                                    ; clk          ; clk         ; 1.000        ; -0.008     ; 3.063      ;
; -2.059 ; sbox_rom_sinc:AES_sbox|altsyncram:Mux7_rtl_0|altsyncram_md11:auto_generated|ram_block1a0~porta_address_reg0 ; byte_register:aux_register_2|data_out[2]                                                                    ; clk          ; clk         ; 1.000        ; -0.008     ; 3.046      ;
; -1.990 ; sbox_rom_sinc:AES_sbox|altsyncram:Mux7_rtl_0|altsyncram_md11:auto_generated|ram_block1a0~porta_address_reg0 ; byte_register:aux_register_3|data_out[3]                                                                    ; clk          ; clk         ; 1.000        ; -0.036     ; 2.949      ;
; -1.964 ; sbox_rom_sinc:AES_sbox|altsyncram:Mux7_rtl_0|altsyncram_md11:auto_generated|ram_block1a0~porta_address_reg0 ; byte_register:aux_register_2|data_out[1]                                                                    ; clk          ; clk         ; 1.000        ; -0.008     ; 2.951      ;
; -1.961 ; sbox_rom_sinc:AES_sbox|altsyncram:Mux7_rtl_0|altsyncram_md11:auto_generated|ram_block1a0~porta_address_reg0 ; byte_register:aux_register_2|data_out[5]                                                                    ; clk          ; clk         ; 1.000        ; -0.008     ; 2.948      ;
; -1.960 ; sbox_rom_sinc:AES_sbox|altsyncram:Mux7_rtl_0|altsyncram_md11:auto_generated|ram_block1a0~porta_address_reg0 ; byte_register:aux_register_2|data_out[3]                                                                    ; clk          ; clk         ; 1.000        ; -0.008     ; 2.947      ;
; -1.945 ; sbox_rom_sinc:AES_sbox|altsyncram:Mux7_rtl_0|altsyncram_md11:auto_generated|ram_block1a0~porta_address_reg0 ; byte_register:aux_register_2|data_out[4]                                                                    ; clk          ; clk         ; 1.000        ; -0.008     ; 2.932      ;
; -1.943 ; sbox_rom_sinc:AES_sbox|altsyncram:Mux7_rtl_0|altsyncram_md11:auto_generated|ram_block1a0~porta_address_reg0 ; byte_register:aux_register_2|data_out[0]                                                                    ; clk          ; clk         ; 1.000        ; -0.008     ; 2.930      ;
; -1.890 ; state.sub_bytes_2                                                                                           ; sbox_rom_sinc:AES_sbox|altsyncram:Mux7_rtl_0|altsyncram_md11:auto_generated|ram_block1a0~porta_address_reg0 ; clk          ; clk         ; 1.000        ; 0.215      ; 3.125      ;
; -1.704 ; state.sub_bytes_0                                                                                           ; sbox_rom_sinc:AES_sbox|altsyncram:Mux7_rtl_0|altsyncram_md11:auto_generated|ram_block1a0~porta_address_reg0 ; clk          ; clk         ; 1.000        ; 0.215      ; 2.939      ;
; -1.605 ; word_register:word_3|out3[5]                                                                                ; sbox_rom_sinc:AES_sbox|altsyncram:Mux7_rtl_0|altsyncram_md11:auto_generated|ram_block1a0~porta_address_reg0 ; clk          ; clk         ; 1.000        ; 0.216      ; 2.841      ;
; -1.572 ; state.start                                                                                                 ; word_register:word_2|out0[5]                                                                                ; clk          ; clk         ; 1.000        ; -0.064     ; 2.503      ;
; -1.572 ; state.start                                                                                                 ; word_register:word_1|out0[5]                                                                                ; clk          ; clk         ; 1.000        ; -0.064     ; 2.503      ;
; -1.572 ; state.start                                                                                                 ; word_register:word_0|out0[5]                                                                                ; clk          ; clk         ; 1.000        ; -0.064     ; 2.503      ;
; -1.572 ; state.start                                                                                                 ; word_register:word_3|out0[5]                                                                                ; clk          ; clk         ; 1.000        ; -0.064     ; 2.503      ;
; -1.572 ; state.start                                                                                                 ; word_register:word_2|out0[4]                                                                                ; clk          ; clk         ; 1.000        ; -0.064     ; 2.503      ;
; -1.572 ; state.start                                                                                                 ; word_register:word_1|out0[4]                                                                                ; clk          ; clk         ; 1.000        ; -0.064     ; 2.503      ;
; -1.572 ; state.start                                                                                                 ; word_register:word_0|out0[4]                                                                                ; clk          ; clk         ; 1.000        ; -0.064     ; 2.503      ;
; -1.572 ; state.start                                                                                                 ; word_register:word_3|out0[4]                                                                                ; clk          ; clk         ; 1.000        ; -0.064     ; 2.503      ;
; -1.572 ; state.start                                                                                                 ; word_register:word_2|out1[0]                                                                                ; clk          ; clk         ; 1.000        ; -0.064     ; 2.503      ;
; -1.572 ; state.start                                                                                                 ; word_register:word_1|out1[0]                                                                                ; clk          ; clk         ; 1.000        ; -0.064     ; 2.503      ;
; -1.572 ; state.start                                                                                                 ; word_register:word_0|out1[0]                                                                                ; clk          ; clk         ; 1.000        ; -0.064     ; 2.503      ;
; -1.572 ; state.start                                                                                                 ; word_register:word_3|out1[0]                                                                                ; clk          ; clk         ; 1.000        ; -0.064     ; 2.503      ;
; -1.572 ; state.start                                                                                                 ; word_register:word_2|out2[0]                                                                                ; clk          ; clk         ; 1.000        ; -0.064     ; 2.503      ;
; -1.572 ; state.start                                                                                                 ; word_register:word_1|out2[0]                                                                                ; clk          ; clk         ; 1.000        ; -0.064     ; 2.503      ;
; -1.572 ; state.start                                                                                                 ; word_register:word_0|out2[0]                                                                                ; clk          ; clk         ; 1.000        ; -0.064     ; 2.503      ;
; -1.572 ; state.start                                                                                                 ; word_register:word_3|out2[0]                                                                                ; clk          ; clk         ; 1.000        ; -0.064     ; 2.503      ;
; -1.532 ; state.start                                                                                                 ; word_register:word_2|out1[6]                                                                                ; clk          ; clk         ; 1.000        ; -0.057     ; 2.470      ;
; -1.532 ; state.start                                                                                                 ; word_register:word_1|out1[6]                                                                                ; clk          ; clk         ; 1.000        ; -0.057     ; 2.470      ;
; -1.532 ; state.start                                                                                                 ; word_register:word_0|out1[6]                                                                                ; clk          ; clk         ; 1.000        ; -0.057     ; 2.470      ;
; -1.532 ; state.start                                                                                                 ; word_register:word_3|out1[6]                                                                                ; clk          ; clk         ; 1.000        ; -0.057     ; 2.470      ;
; -1.532 ; state.start                                                                                                 ; word_register:word_2|out2[6]                                                                                ; clk          ; clk         ; 1.000        ; -0.057     ; 2.470      ;
; -1.532 ; state.start                                                                                                 ; word_register:word_1|out2[6]                                                                                ; clk          ; clk         ; 1.000        ; -0.057     ; 2.470      ;
; -1.532 ; state.start                                                                                                 ; word_register:word_0|out2[6]                                                                                ; clk          ; clk         ; 1.000        ; -0.057     ; 2.470      ;
; -1.532 ; state.start                                                                                                 ; word_register:word_3|out2[6]                                                                                ; clk          ; clk         ; 1.000        ; -0.057     ; 2.470      ;
; -1.532 ; state.start                                                                                                 ; word_register:word_2|out0[3]                                                                                ; clk          ; clk         ; 1.000        ; -0.057     ; 2.470      ;
; -1.532 ; state.start                                                                                                 ; word_register:word_1|out0[3]                                                                                ; clk          ; clk         ; 1.000        ; -0.057     ; 2.470      ;
; -1.532 ; state.start                                                                                                 ; word_register:word_0|out0[3]                                                                                ; clk          ; clk         ; 1.000        ; -0.057     ; 2.470      ;
; -1.532 ; state.start                                                                                                 ; word_register:word_3|out0[3]                                                                                ; clk          ; clk         ; 1.000        ; -0.057     ; 2.470      ;
; -1.532 ; state.start                                                                                                 ; word_register:word_2|out0[2]                                                                                ; clk          ; clk         ; 1.000        ; -0.057     ; 2.470      ;
; -1.532 ; state.start                                                                                                 ; word_register:word_1|out0[2]                                                                                ; clk          ; clk         ; 1.000        ; -0.057     ; 2.470      ;
; -1.532 ; state.start                                                                                                 ; word_register:word_0|out0[2]                                                                                ; clk          ; clk         ; 1.000        ; -0.057     ; 2.470      ;
; -1.532 ; state.start                                                                                                 ; word_register:word_3|out0[2]                                                                                ; clk          ; clk         ; 1.000        ; -0.057     ; 2.470      ;
; -1.514 ; state.start                                                                                                 ; word_register:word_3|out2[2]                                                                                ; clk          ; clk         ; 1.000        ; -0.056     ; 2.453      ;
; -1.514 ; state.start                                                                                                 ; word_register:word_3|out1[2]                                                                                ; clk          ; clk         ; 1.000        ; -0.056     ; 2.453      ;
; -1.514 ; state.start                                                                                                 ; word_register:word_3|out1[1]                                                                                ; clk          ; clk         ; 1.000        ; -0.056     ; 2.453      ;
; -1.514 ; state.start                                                                                                 ; word_register:word_3|out2[1]                                                                                ; clk          ; clk         ; 1.000        ; -0.056     ; 2.453      ;
; -1.512 ; state.start                                                                                                 ; word_register:word_2|out1[4]                                                                                ; clk          ; clk         ; 1.000        ; -0.056     ; 2.451      ;
; -1.512 ; state.start                                                                                                 ; word_register:word_1|out1[4]                                                                                ; clk          ; clk         ; 1.000        ; -0.056     ; 2.451      ;
; -1.512 ; state.start                                                                                                 ; word_register:word_0|out1[4]                                                                                ; clk          ; clk         ; 1.000        ; -0.056     ; 2.451      ;
; -1.512 ; state.start                                                                                                 ; word_register:word_3|out1[4]                                                                                ; clk          ; clk         ; 1.000        ; -0.056     ; 2.451      ;
; -1.512 ; state.start                                                                                                 ; word_register:word_2|out2[4]                                                                                ; clk          ; clk         ; 1.000        ; -0.056     ; 2.451      ;
; -1.512 ; state.start                                                                                                 ; word_register:word_1|out2[4]                                                                                ; clk          ; clk         ; 1.000        ; -0.056     ; 2.451      ;
; -1.512 ; state.start                                                                                                 ; word_register:word_0|out2[4]                                                                                ; clk          ; clk         ; 1.000        ; -0.056     ; 2.451      ;
; -1.512 ; state.start                                                                                                 ; word_register:word_3|out2[4]                                                                                ; clk          ; clk         ; 1.000        ; -0.056     ; 2.451      ;
; -1.497 ; state.start                                                                                                 ; word_register:word_2|out2[2]                                                                                ; clk          ; clk         ; 1.000        ; -0.056     ; 2.436      ;
; -1.497 ; state.start                                                                                                 ; word_register:word_1|out2[2]                                                                                ; clk          ; clk         ; 1.000        ; -0.056     ; 2.436      ;
; -1.497 ; state.start                                                                                                 ; word_register:word_0|out2[2]                                                                                ; clk          ; clk         ; 1.000        ; -0.056     ; 2.436      ;
; -1.497 ; state.start                                                                                                 ; word_register:word_2|out1[2]                                                                                ; clk          ; clk         ; 1.000        ; -0.056     ; 2.436      ;
; -1.497 ; state.start                                                                                                 ; word_register:word_1|out1[2]                                                                                ; clk          ; clk         ; 1.000        ; -0.056     ; 2.436      ;
; -1.497 ; state.start                                                                                                 ; word_register:word_0|out1[2]                                                                                ; clk          ; clk         ; 1.000        ; -0.056     ; 2.436      ;
; -1.497 ; state.start                                                                                                 ; word_register:word_2|out1[1]                                                                                ; clk          ; clk         ; 1.000        ; -0.056     ; 2.436      ;
; -1.497 ; state.start                                                                                                 ; word_register:word_1|out1[1]                                                                                ; clk          ; clk         ; 1.000        ; -0.056     ; 2.436      ;
; -1.497 ; state.start                                                                                                 ; word_register:word_0|out1[1]                                                                                ; clk          ; clk         ; 1.000        ; -0.056     ; 2.436      ;
; -1.497 ; state.start                                                                                                 ; word_register:word_2|out2[1]                                                                                ; clk          ; clk         ; 1.000        ; -0.056     ; 2.436      ;
; -1.497 ; state.start                                                                                                 ; word_register:word_1|out2[1]                                                                                ; clk          ; clk         ; 1.000        ; -0.056     ; 2.436      ;
; -1.497 ; state.start                                                                                                 ; word_register:word_0|out2[1]                                                                                ; clk          ; clk         ; 1.000        ; -0.056     ; 2.436      ;
; -1.466 ; state.start                                                                                                 ; word_register:word_3|out2[7]                                                                                ; clk          ; clk         ; 1.000        ; -0.059     ; 2.402      ;
; -1.466 ; state.start                                                                                                 ; word_register:word_3|out2[3]                                                                                ; clk          ; clk         ; 1.000        ; -0.059     ; 2.402      ;
; -1.466 ; state.start                                                                                                 ; word_register:word_3|out3[0]                                                                                ; clk          ; clk         ; 1.000        ; -0.059     ; 2.402      ;
; -1.464 ; word_register:word_3|out1[1]                                                                                ; sbox_rom_sinc:AES_sbox|altsyncram:Mux7_rtl_0|altsyncram_md11:auto_generated|ram_block1a0~porta_address_reg0 ; clk          ; clk         ; 1.000        ; 0.212      ; 2.696      ;
; -1.410 ; state.start                                                                                                 ; word_register:word_3|out0[7]                                                                                ; clk          ; clk         ; 1.000        ; -0.067     ; 2.338      ;
; -1.410 ; state.start                                                                                                 ; word_register:word_3|out0[6]                                                                                ; clk          ; clk         ; 1.000        ; -0.067     ; 2.338      ;
; -1.410 ; state.start                                                                                                 ; word_register:word_3|out0[1]                                                                                ; clk          ; clk         ; 1.000        ; -0.067     ; 2.338      ;
; -1.410 ; state.start                                                                                                 ; word_register:word_3|out0[0]                                                                                ; clk          ; clk         ; 1.000        ; -0.067     ; 2.338      ;
+--------+-------------------------------------------------------------------------------------------------------------+-------------------------------------------------------------------------------------------------------------+--------------+-------------+--------------+------------+------------+


+-------------------------------------------------------------------------------------------------------------------------------------------+
; Slow 1200mV 0C Model Hold: 'clk'                                                                                                          ;
+-------+------------------------------+------------------------------+--------------+-------------+--------------+------------+------------+
; Slack ; From Node                    ; To Node                      ; Launch Clock ; Latch Clock ; Relationship ; Clock Skew ; Data Delay ;
+-------+------------------------------+------------------------------+--------------+-------------+--------------+------------+------------+
; 0.310 ; state.idle                   ; state.idle                   ; clk          ; clk         ; 0.000        ; 0.057      ; 0.511      ;
; 0.310 ; round[0]                     ; round[0]                     ; clk          ; clk         ; 0.000        ; 0.057      ; 0.511      ;
; 0.310 ; state.shift_words            ; state.shift_words            ; clk          ; clk         ; 0.000        ; 0.057      ; 0.511      ;
; 0.310 ; word_register:word_3|out1[7] ; word_register:word_3|out1[7] ; clk          ; clk         ; 0.000        ; 0.057      ; 0.511      ;
; 0.310 ; rcon[3][0]                   ; rcon[3][0]                   ; clk          ; clk         ; 0.000        ; 0.057      ; 0.511      ;
; 0.310 ; rcon[3][2]                   ; rcon[3][2]                   ; clk          ; clk         ; 0.000        ; 0.057      ; 0.511      ;
; 0.310 ; rcon[3][5]                   ; rcon[3][5]                   ; clk          ; clk         ; 0.000        ; 0.057      ; 0.511      ;
; 0.310 ; rcon[3][6]                   ; rcon[3][6]                   ; clk          ; clk         ; 0.000        ; 0.057      ; 0.511      ;
; 0.310 ; rcon[3][7]                   ; rcon[3][7]                   ; clk          ; clk         ; 0.000        ; 0.057      ; 0.511      ;
; 0.310 ; word_register:word_3|out3[7] ; word_register:word_3|out3[7] ; clk          ; clk         ; 0.000        ; 0.057      ; 0.511      ;
; 0.310 ; word_register:word_3|out0[7] ; word_register:word_3|out0[7] ; clk          ; clk         ; 0.000        ; 0.057      ; 0.511      ;
; 0.310 ; word_register:word_3|out2[7] ; word_register:word_3|out2[7] ; clk          ; clk         ; 0.000        ; 0.057      ; 0.511      ;
; 0.310 ; word_register:word_3|out1[6] ; word_register:word_3|out1[6] ; clk          ; clk         ; 0.000        ; 0.057      ; 0.511      ;
; 0.310 ; word_register:word_3|out2[6] ; word_register:word_3|out2[6] ; clk          ; clk         ; 0.000        ; 0.057      ; 0.511      ;
; 0.310 ; word_register:word_3|out3[6] ; word_register:word_3|out3[6] ; clk          ; clk         ; 0.000        ; 0.057      ; 0.511      ;
; 0.310 ; word_register:word_3|out0[6] ; word_register:word_3|out0[6] ; clk          ; clk         ; 0.000        ; 0.057      ; 0.511      ;
; 0.310 ; word_register:word_3|out1[5] ; word_register:word_3|out1[5] ; clk          ; clk         ; 0.000        ; 0.057      ; 0.511      ;
; 0.310 ; word_register:word_3|out3[5] ; word_register:word_3|out3[5] ; clk          ; clk         ; 0.000        ; 0.057      ; 0.511      ;
; 0.310 ; word_register:word_3|out0[5] ; word_register:word_3|out0[5] ; clk          ; clk         ; 0.000        ; 0.057      ; 0.511      ;
; 0.310 ; word_register:word_3|out2[5] ; word_register:word_3|out2[5] ; clk          ; clk         ; 0.000        ; 0.057      ; 0.511      ;
; 0.310 ; word_register:word_3|out3[4] ; word_register:word_3|out3[4] ; clk          ; clk         ; 0.000        ; 0.057      ; 0.511      ;
; 0.310 ; word_register:word_3|out0[4] ; word_register:word_3|out0[4] ; clk          ; clk         ; 0.000        ; 0.057      ; 0.511      ;
; 0.310 ; word_register:word_3|out1[4] ; word_register:word_3|out1[4] ; clk          ; clk         ; 0.000        ; 0.057      ; 0.511      ;
; 0.310 ; word_register:word_3|out2[4] ; word_register:word_3|out2[4] ; clk          ; clk         ; 0.000        ; 0.057      ; 0.511      ;
; 0.310 ; word_register:word_3|out0[3] ; word_register:word_3|out0[3] ; clk          ; clk         ; 0.000        ; 0.057      ; 0.511      ;
; 0.310 ; word_register:word_3|out2[3] ; word_register:word_3|out2[3] ; clk          ; clk         ; 0.000        ; 0.057      ; 0.511      ;
; 0.310 ; word_register:word_3|out2[2] ; word_register:word_3|out2[2] ; clk          ; clk         ; 0.000        ; 0.057      ; 0.511      ;
; 0.310 ; word_register:word_3|out1[2] ; word_register:word_3|out1[2] ; clk          ; clk         ; 0.000        ; 0.057      ; 0.511      ;
; 0.310 ; word_register:word_3|out0[2] ; word_register:word_3|out0[2] ; clk          ; clk         ; 0.000        ; 0.057      ; 0.511      ;
; 0.310 ; word_register:word_3|out3[2] ; word_register:word_3|out3[2] ; clk          ; clk         ; 0.000        ; 0.057      ; 0.511      ;
; 0.310 ; word_register:word_3|out0[1] ; word_register:word_3|out0[1] ; clk          ; clk         ; 0.000        ; 0.057      ; 0.511      ;
; 0.310 ; word_register:word_3|out3[1] ; word_register:word_3|out3[1] ; clk          ; clk         ; 0.000        ; 0.057      ; 0.511      ;
; 0.310 ; word_register:word_3|out1[1] ; word_register:word_3|out1[1] ; clk          ; clk         ; 0.000        ; 0.057      ; 0.511      ;
; 0.310 ; word_register:word_3|out2[1] ; word_register:word_3|out2[1] ; clk          ; clk         ; 0.000        ; 0.057      ; 0.511      ;
; 0.310 ; word_register:word_3|out1[0] ; word_register:word_3|out1[0] ; clk          ; clk         ; 0.000        ; 0.057      ; 0.511      ;
; 0.310 ; word_register:word_3|out3[0] ; word_register:word_3|out3[0] ; clk          ; clk         ; 0.000        ; 0.057      ; 0.511      ;
; 0.310 ; word_register:word_3|out2[0] ; word_register:word_3|out2[0] ; clk          ; clk         ; 0.000        ; 0.057      ; 0.511      ;
; 0.310 ; word_register:word_3|out0[0] ; word_register:word_3|out0[0] ; clk          ; clk         ; 0.000        ; 0.057      ; 0.511      ;
; 0.311 ; counter[0]                   ; counter[0]                   ; clk          ; clk         ; 0.000        ; 0.056      ; 0.511      ;
; 0.311 ; counter[1]                   ; counter[1]                   ; clk          ; clk         ; 0.000        ; 0.056      ; 0.511      ;
; 0.311 ; round[1]                     ; round[1]                     ; clk          ; clk         ; 0.000        ; 0.056      ; 0.511      ;
; 0.311 ; round[2]                     ; round[2]                     ; clk          ; clk         ; 0.000        ; 0.056      ; 0.511      ;
; 0.311 ; round[3]                     ; round[3]                     ; clk          ; clk         ; 0.000        ; 0.056      ; 0.511      ;
; 0.311 ; word_register:word_3|out1[3] ; word_register:word_3|out1[3] ; clk          ; clk         ; 0.000        ; 0.056      ; 0.511      ;
; 0.311 ; word_register:word_3|out3[3] ; word_register:word_3|out3[3] ; clk          ; clk         ; 0.000        ; 0.056      ; 0.511      ;
; 0.327 ; word_register:word_0|out0[4] ; word_register:word_3|out0[4] ; clk          ; clk         ; 0.000        ; 0.057      ; 0.528      ;
; 0.327 ; word_register:word_0|out0[1] ; word_register:word_3|out0[1] ; clk          ; clk         ; 0.000        ; 0.057      ; 0.528      ;
; 0.328 ; word_register:word_0|out0[6] ; word_register:word_3|out0[6] ; clk          ; clk         ; 0.000        ; 0.057      ; 0.529      ;
; 0.329 ; word_register:word_0|out0[0] ; word_register:word_3|out0[0] ; clk          ; clk         ; 0.000        ; 0.057      ; 0.530      ;
; 0.336 ; word_register:word_2|out3[6] ; word_register:word_1|out3[6] ; clk          ; clk         ; 0.000        ; 0.057      ; 0.537      ;
; 0.337 ; word_register:word_1|out1[7] ; word_register:word_0|out1[7] ; clk          ; clk         ; 0.000        ; 0.056      ; 0.537      ;
; 0.337 ; word_register:word_1|out3[4] ; word_register:word_0|out3[4] ; clk          ; clk         ; 0.000        ; 0.057      ; 0.538      ;
; 0.337 ; word_register:word_2|out0[1] ; word_register:word_1|out0[1] ; clk          ; clk         ; 0.000        ; 0.057      ; 0.538      ;
; 0.337 ; word_register:word_2|out2[1] ; word_register:word_1|out2[1] ; clk          ; clk         ; 0.000        ; 0.057      ; 0.538      ;
; 0.337 ; word_register:word_2|out2[0] ; word_register:word_1|out2[0] ; clk          ; clk         ; 0.000        ; 0.057      ; 0.538      ;
; 0.338 ; word_register:word_2|out0[0] ; word_register:word_1|out0[0] ; clk          ; clk         ; 0.000        ; 0.057      ; 0.539      ;
; 0.338 ; word_register:word_1|out0[0] ; word_register:word_0|out0[0] ; clk          ; clk         ; 0.000        ; 0.057      ; 0.539      ;
; 0.338 ; word_register:word_2|out3[7] ; word_register:word_1|out3[7] ; clk          ; clk         ; 0.000        ; 0.056      ; 0.538      ;
; 0.338 ; word_register:word_2|out0[7] ; word_register:word_1|out0[7] ; clk          ; clk         ; 0.000        ; 0.057      ; 0.539      ;
; 0.338 ; word_register:word_1|out3[6] ; word_register:word_0|out3[6] ; clk          ; clk         ; 0.000        ; 0.057      ; 0.539      ;
; 0.338 ; word_register:word_2|out3[5] ; word_register:word_1|out3[5] ; clk          ; clk         ; 0.000        ; 0.057      ; 0.539      ;
; 0.338 ; word_register:word_1|out3[5] ; word_register:word_0|out3[5] ; clk          ; clk         ; 0.000        ; 0.057      ; 0.539      ;
; 0.338 ; word_register:word_2|out0[5] ; word_register:word_1|out0[5] ; clk          ; clk         ; 0.000        ; 0.057      ; 0.539      ;
; 0.338 ; word_register:word_2|out2[5] ; word_register:word_1|out2[5] ; clk          ; clk         ; 0.000        ; 0.057      ; 0.539      ;
; 0.338 ; word_register:word_2|out3[4] ; word_register:word_1|out3[4] ; clk          ; clk         ; 0.000        ; 0.057      ; 0.539      ;
; 0.338 ; word_register:word_2|out0[4] ; word_register:word_1|out0[4] ; clk          ; clk         ; 0.000        ; 0.057      ; 0.539      ;
; 0.338 ; word_register:word_1|out0[4] ; word_register:word_0|out0[4] ; clk          ; clk         ; 0.000        ; 0.057      ; 0.539      ;
; 0.338 ; word_register:word_2|out3[3] ; word_register:word_1|out3[3] ; clk          ; clk         ; 0.000        ; 0.056      ; 0.538      ;
; 0.338 ; word_register:word_2|out2[2] ; word_register:word_1|out2[2] ; clk          ; clk         ; 0.000        ; 0.057      ; 0.539      ;
; 0.338 ; word_register:word_2|out3[2] ; word_register:word_1|out3[2] ; clk          ; clk         ; 0.000        ; 0.057      ; 0.539      ;
; 0.338 ; word_register:word_1|out1[0] ; word_register:word_0|out1[0] ; clk          ; clk         ; 0.000        ; 0.057      ; 0.539      ;
; 0.338 ; word_register:word_1|out2[0] ; word_register:word_0|out2[0] ; clk          ; clk         ; 0.000        ; 0.057      ; 0.539      ;
; 0.339 ; word_register:word_2|out0[6] ; word_register:word_1|out0[6] ; clk          ; clk         ; 0.000        ; 0.057      ; 0.540      ;
; 0.339 ; word_register:word_1|out1[5] ; word_register:word_0|out1[5] ; clk          ; clk         ; 0.000        ; 0.057      ; 0.540      ;
; 0.339 ; word_register:word_2|out3[1] ; word_register:word_1|out3[1] ; clk          ; clk         ; 0.000        ; 0.057      ; 0.540      ;
; 0.339 ; word_register:word_2|out1[0] ; word_register:word_1|out1[0] ; clk          ; clk         ; 0.000        ; 0.057      ; 0.540      ;
; 0.340 ; word_register:word_1|out1[1] ; word_register:word_0|out1[1] ; clk          ; clk         ; 0.000        ; 0.057      ; 0.541      ;
; 0.354 ; word_register:word_3|out3[1] ; word_register:word_2|out3[1] ; clk          ; clk         ; 0.000        ; 0.057      ; 0.555      ;
; 0.355 ; word_register:word_3|out1[5] ; word_register:word_2|out1[5] ; clk          ; clk         ; 0.000        ; 0.057      ; 0.556      ;
; 0.355 ; word_register:word_3|out2[5] ; word_register:word_2|out2[5] ; clk          ; clk         ; 0.000        ; 0.057      ; 0.556      ;
; 0.355 ; word_register:word_3|out1[1] ; word_register:word_2|out1[1] ; clk          ; clk         ; 0.000        ; 0.057      ; 0.556      ;
; 0.356 ; word_register:word_3|out2[7] ; word_register:word_2|out2[7] ; clk          ; clk         ; 0.000        ; 0.057      ; 0.557      ;
; 0.356 ; word_register:word_3|out0[5] ; word_register:word_2|out0[5] ; clk          ; clk         ; 0.000        ; 0.057      ; 0.557      ;
; 0.356 ; word_register:word_3|out0[1] ; word_register:word_2|out0[1] ; clk          ; clk         ; 0.000        ; 0.057      ; 0.557      ;
; 0.357 ; word_register:word_3|out0[0] ; word_register:word_2|out0[0] ; clk          ; clk         ; 0.000        ; 0.057      ; 0.558      ;
; 0.357 ; word_register:word_3|out3[2] ; word_register:word_2|out3[2] ; clk          ; clk         ; 0.000        ; 0.057      ; 0.558      ;
; 0.357 ; word_register:word_3|out1[0] ; word_register:word_2|out1[0] ; clk          ; clk         ; 0.000        ; 0.057      ; 0.558      ;
; 0.357 ; word_register:word_3|out3[0] ; word_register:word_2|out3[0] ; clk          ; clk         ; 0.000        ; 0.057      ; 0.558      ;
; 0.361 ; word_register:word_3|out1[3] ; word_register:word_2|out1[3] ; clk          ; clk         ; 0.000        ; 0.056      ; 0.561      ;
; 0.361 ; word_register:word_3|out3[3] ; word_register:word_2|out3[3] ; clk          ; clk         ; 0.000        ; 0.056      ; 0.561      ;
; 0.369 ; state.init_sub               ; round[0]                     ; clk          ; clk         ; 0.000        ; 0.057      ; 0.570      ;
; 0.370 ; state.init_sub               ; rcon[3][0]                   ; clk          ; clk         ; 0.000        ; 0.057      ; 0.571      ;
; 0.419 ; state.idle                   ; word_register:word_1|out3[0] ; clk          ; clk         ; 0.000        ; 0.057      ; 0.620      ;
; 0.423 ; state.idle                   ; word_register:word_0|out2[7] ; clk          ; clk         ; 0.000        ; 0.057      ; 0.624      ;
; 0.424 ; state.idle                   ; word_register:word_2|out2[3] ; clk          ; clk         ; 0.000        ; 0.057      ; 0.625      ;
; 0.429 ; word_register:word_2|out1[5] ; word_register:word_1|out1[5] ; clk          ; clk         ; 0.000        ; 0.057      ; 0.630      ;
; 0.429 ; state.idle                   ; word_register:word_0|out3[0] ; clk          ; clk         ; 0.000        ; 0.057      ; 0.630      ;
; 0.430 ; word_register:word_1|out0[7] ; word_register:word_0|out0[7] ; clk          ; clk         ; 0.000        ; 0.057      ; 0.631      ;
; 0.430 ; word_register:word_1|out0[1] ; word_register:word_0|out0[1] ; clk          ; clk         ; 0.000        ; 0.057      ; 0.631      ;
; 0.430 ; word_register:word_1|out3[1] ; word_register:word_0|out3[1] ; clk          ; clk         ; 0.000        ; 0.057      ; 0.631      ;
+-------+------------------------------+------------------------------+--------------+-------------+--------------+------------+------------+


+----------------------------------------------------------------------------------------------------------------------------------------------------------------------------------------+
; Slow 1200mV 0C Model Minimum Pulse Width: 'clk'                                                                                                                                        ;
+--------+--------------+----------------+------------+-------+------------+-------------------------------------------------------------------------------------------------------------+
; Slack  ; Actual Width ; Required Width ; Type       ; Clock ; Clock Edge ; Target                                                                                                      ;
+--------+--------------+----------------+------------+-------+------------+-------------------------------------------------------------------------------------------------------------+
; -3.000 ; 1.000        ; 4.000          ; Port Rate  ; clk   ; Rise       ; clk                                                                                                         ;
; -2.174 ; 1.000        ; 3.174          ; Min Period ; clk   ; Rise       ; sbox_rom_sinc:AES_sbox|altsyncram:Mux7_rtl_0|altsyncram_md11:auto_generated|ram_block1a0~porta_address_reg0 ;
; -1.000 ; 1.000        ; 2.000          ; Min Period ; clk   ; Rise       ; byte_register:aux_register_0|data_out[0]                                                                    ;
; -1.000 ; 1.000        ; 2.000          ; Min Period ; clk   ; Rise       ; byte_register:aux_register_0|data_out[1]                                                                    ;
; -1.000 ; 1.000        ; 2.000          ; Min Period ; clk   ; Rise       ; byte_register:aux_register_0|data_out[2]                                                                    ;
; -1.000 ; 1.000        ; 2.000          ; Min Period ; clk   ; Rise       ; byte_register:aux_register_0|data_out[3]                                                                    ;
; -1.000 ; 1.000        ; 2.000          ; Min Period ; clk   ; Rise       ; byte_register:aux_register_0|data_out[4]                                                                    ;
; -1.000 ; 1.000        ; 2.000          ; Min Period ; clk   ; Rise       ; byte_register:aux_register_0|data_out[5]                                                                    ;
; -1.000 ; 1.000        ; 2.000          ; Min Period ; clk   ; Rise       ; byte_register:aux_register_0|data_out[6]                                                                    ;
; -1.000 ; 1.000        ; 2.000          ; Min Period ; clk   ; Rise       ; byte_register:aux_register_0|data_out[7]                                                                    ;
; -1.000 ; 1.000        ; 2.000          ; Min Period ; clk   ; Rise       ; byte_register:aux_register_1|data_out[0]                                                                    ;
; -1.000 ; 1.000        ; 2.000          ; Min Period ; clk   ; Rise       ; byte_register:aux_register_1|data_out[1]                                                                    ;
; -1.000 ; 1.000        ; 2.000          ; Min Period ; clk   ; Rise       ; byte_register:aux_register_1|data_out[2]                                                                    ;
; -1.000 ; 1.000        ; 2.000          ; Min Period ; clk   ; Rise       ; byte_register:aux_register_1|data_out[3]                                                                    ;
; -1.000 ; 1.000        ; 2.000          ; Min Period ; clk   ; Rise       ; byte_register:aux_register_1|data_out[4]                                                                    ;
; -1.000 ; 1.000        ; 2.000          ; Min Period ; clk   ; Rise       ; byte_register:aux_register_1|data_out[5]                                                                    ;
; -1.000 ; 1.000        ; 2.000          ; Min Period ; clk   ; Rise       ; byte_register:aux_register_1|data_out[6]                                                                    ;
; -1.000 ; 1.000        ; 2.000          ; Min Period ; clk   ; Rise       ; byte_register:aux_register_1|data_out[7]                                                                    ;
; -1.000 ; 1.000        ; 2.000          ; Min Period ; clk   ; Rise       ; byte_register:aux_register_2|data_out[0]                                                                    ;
; -1.000 ; 1.000        ; 2.000          ; Min Period ; clk   ; Rise       ; byte_register:aux_register_2|data_out[1]                                                                    ;
; -1.000 ; 1.000        ; 2.000          ; Min Period ; clk   ; Rise       ; byte_register:aux_register_2|data_out[2]                                                                    ;
; -1.000 ; 1.000        ; 2.000          ; Min Period ; clk   ; Rise       ; byte_register:aux_register_2|data_out[3]                                                                    ;
; -1.000 ; 1.000        ; 2.000          ; Min Period ; clk   ; Rise       ; byte_register:aux_register_2|data_out[4]                                                                    ;
; -1.000 ; 1.000        ; 2.000          ; Min Period ; clk   ; Rise       ; byte_register:aux_register_2|data_out[5]                                                                    ;
; -1.000 ; 1.000        ; 2.000          ; Min Period ; clk   ; Rise       ; byte_register:aux_register_2|data_out[6]                                                                    ;
; -1.000 ; 1.000        ; 2.000          ; Min Period ; clk   ; Rise       ; byte_register:aux_register_2|data_out[7]                                                                    ;
; -1.000 ; 1.000        ; 2.000          ; Min Period ; clk   ; Rise       ; byte_register:aux_register_3|data_out[0]                                                                    ;
; -1.000 ; 1.000        ; 2.000          ; Min Period ; clk   ; Rise       ; byte_register:aux_register_3|data_out[1]                                                                    ;
; -1.000 ; 1.000        ; 2.000          ; Min Period ; clk   ; Rise       ; byte_register:aux_register_3|data_out[2]                                                                    ;
; -1.000 ; 1.000        ; 2.000          ; Min Period ; clk   ; Rise       ; byte_register:aux_register_3|data_out[3]                                                                    ;
; -1.000 ; 1.000        ; 2.000          ; Min Period ; clk   ; Rise       ; byte_register:aux_register_3|data_out[4]                                                                    ;
; -1.000 ; 1.000        ; 2.000          ; Min Period ; clk   ; Rise       ; byte_register:aux_register_3|data_out[5]                                                                    ;
; -1.000 ; 1.000        ; 2.000          ; Min Period ; clk   ; Rise       ; byte_register:aux_register_3|data_out[6]                                                                    ;
; -1.000 ; 1.000        ; 2.000          ; Min Period ; clk   ; Rise       ; byte_register:aux_register_3|data_out[7]                                                                    ;
; -1.000 ; 1.000        ; 2.000          ; Min Period ; clk   ; Rise       ; counter[0]                                                                                                  ;
; -1.000 ; 1.000        ; 2.000          ; Min Period ; clk   ; Rise       ; counter[1]                                                                                                  ;
; -1.000 ; 1.000        ; 2.000          ; Min Period ; clk   ; Rise       ; rcon[3][0]                                                                                                  ;
; -1.000 ; 1.000        ; 2.000          ; Min Period ; clk   ; Rise       ; rcon[3][1]                                                                                                  ;
; -1.000 ; 1.000        ; 2.000          ; Min Period ; clk   ; Rise       ; rcon[3][2]                                                                                                  ;
; -1.000 ; 1.000        ; 2.000          ; Min Period ; clk   ; Rise       ; rcon[3][3]                                                                                                  ;
; -1.000 ; 1.000        ; 2.000          ; Min Period ; clk   ; Rise       ; rcon[3][4]                                                                                                  ;
; -1.000 ; 1.000        ; 2.000          ; Min Period ; clk   ; Rise       ; rcon[3][5]                                                                                                  ;
; -1.000 ; 1.000        ; 2.000          ; Min Period ; clk   ; Rise       ; rcon[3][6]                                                                                                  ;
; -1.000 ; 1.000        ; 2.000          ; Min Period ; clk   ; Rise       ; rcon[3][7]                                                                                                  ;
; -1.000 ; 1.000        ; 2.000          ; Min Period ; clk   ; Rise       ; round[0]                                                                                                    ;
; -1.000 ; 1.000        ; 2.000          ; Min Period ; clk   ; Rise       ; round[1]                                                                                                    ;
; -1.000 ; 1.000        ; 2.000          ; Min Period ; clk   ; Rise       ; round[2]                                                                                                    ;
; -1.000 ; 1.000        ; 2.000          ; Min Period ; clk   ; Rise       ; round[3]                                                                                                    ;
; -1.000 ; 1.000        ; 2.000          ; Min Period ; clk   ; Rise       ; state.end_round                                                                                             ;
; -1.000 ; 1.000        ; 2.000          ; Min Period ; clk   ; Rise       ; state.idle                                                                                                  ;
; -1.000 ; 1.000        ; 2.000          ; Min Period ; clk   ; Rise       ; state.init_sub                                                                                              ;
; -1.000 ; 1.000        ; 2.000          ; Min Period ; clk   ; Rise       ; state.shift_words                                                                                           ;
; -1.000 ; 1.000        ; 2.000          ; Min Period ; clk   ; Rise       ; state.start                                                                                                 ;
; -1.000 ; 1.000        ; 2.000          ; Min Period ; clk   ; Rise       ; state.sub_bytes_0                                                                                           ;
; -1.000 ; 1.000        ; 2.000          ; Min Period ; clk   ; Rise       ; state.sub_bytes_1                                                                                           ;
; -1.000 ; 1.000        ; 2.000          ; Min Period ; clk   ; Rise       ; state.sub_bytes_2                                                                                           ;
; -1.000 ; 1.000        ; 2.000          ; Min Period ; clk   ; Rise       ; state.sub_bytes_3                                                                                           ;
; -1.000 ; 1.000        ; 2.000          ; Min Period ; clk   ; Rise       ; word_register:word_0|out0[0]                                                                                ;
; -1.000 ; 1.000        ; 2.000          ; Min Period ; clk   ; Rise       ; word_register:word_0|out0[1]                                                                                ;
; -1.000 ; 1.000        ; 2.000          ; Min Period ; clk   ; Rise       ; word_register:word_0|out0[2]                                                                                ;
; -1.000 ; 1.000        ; 2.000          ; Min Period ; clk   ; Rise       ; word_register:word_0|out0[3]                                                                                ;
; -1.000 ; 1.000        ; 2.000          ; Min Period ; clk   ; Rise       ; word_register:word_0|out0[4]                                                                                ;
; -1.000 ; 1.000        ; 2.000          ; Min Period ; clk   ; Rise       ; word_register:word_0|out0[5]                                                                                ;
; -1.000 ; 1.000        ; 2.000          ; Min Period ; clk   ; Rise       ; word_register:word_0|out0[6]                                                                                ;
; -1.000 ; 1.000        ; 2.000          ; Min Period ; clk   ; Rise       ; word_register:word_0|out0[7]                                                                                ;
; -1.000 ; 1.000        ; 2.000          ; Min Period ; clk   ; Rise       ; word_register:word_0|out1[0]                                                                                ;
; -1.000 ; 1.000        ; 2.000          ; Min Period ; clk   ; Rise       ; word_register:word_0|out1[1]                                                                                ;
; -1.000 ; 1.000        ; 2.000          ; Min Period ; clk   ; Rise       ; word_register:word_0|out1[2]                                                                                ;
; -1.000 ; 1.000        ; 2.000          ; Min Period ; clk   ; Rise       ; word_register:word_0|out1[3]                                                                                ;
; -1.000 ; 1.000        ; 2.000          ; Min Period ; clk   ; Rise       ; word_register:word_0|out1[4]                                                                                ;
; -1.000 ; 1.000        ; 2.000          ; Min Period ; clk   ; Rise       ; word_register:word_0|out1[5]                                                                                ;
; -1.000 ; 1.000        ; 2.000          ; Min Period ; clk   ; Rise       ; word_register:word_0|out1[6]                                                                                ;
; -1.000 ; 1.000        ; 2.000          ; Min Period ; clk   ; Rise       ; word_register:word_0|out1[7]                                                                                ;
; -1.000 ; 1.000        ; 2.000          ; Min Period ; clk   ; Rise       ; word_register:word_0|out2[0]                                                                                ;
; -1.000 ; 1.000        ; 2.000          ; Min Period ; clk   ; Rise       ; word_register:word_0|out2[1]                                                                                ;
; -1.000 ; 1.000        ; 2.000          ; Min Period ; clk   ; Rise       ; word_register:word_0|out2[2]                                                                                ;
; -1.000 ; 1.000        ; 2.000          ; Min Period ; clk   ; Rise       ; word_register:word_0|out2[3]                                                                                ;
; -1.000 ; 1.000        ; 2.000          ; Min Period ; clk   ; Rise       ; word_register:word_0|out2[4]                                                                                ;
; -1.000 ; 1.000        ; 2.000          ; Min Period ; clk   ; Rise       ; word_register:word_0|out2[5]                                                                                ;
; -1.000 ; 1.000        ; 2.000          ; Min Period ; clk   ; Rise       ; word_register:word_0|out2[6]                                                                                ;
; -1.000 ; 1.000        ; 2.000          ; Min Period ; clk   ; Rise       ; word_register:word_0|out2[7]                                                                                ;
; -1.000 ; 1.000        ; 2.000          ; Min Period ; clk   ; Rise       ; word_register:word_0|out3[0]                                                                                ;
; -1.000 ; 1.000        ; 2.000          ; Min Period ; clk   ; Rise       ; word_register:word_0|out3[1]                                                                                ;
; -1.000 ; 1.000        ; 2.000          ; Min Period ; clk   ; Rise       ; word_register:word_0|out3[2]                                                                                ;
; -1.000 ; 1.000        ; 2.000          ; Min Period ; clk   ; Rise       ; word_register:word_0|out3[3]                                                                                ;
; -1.000 ; 1.000        ; 2.000          ; Min Period ; clk   ; Rise       ; word_register:word_0|out3[4]                                                                                ;
; -1.000 ; 1.000        ; 2.000          ; Min Period ; clk   ; Rise       ; word_register:word_0|out3[5]                                                                                ;
; -1.000 ; 1.000        ; 2.000          ; Min Period ; clk   ; Rise       ; word_register:word_0|out3[6]                                                                                ;
; -1.000 ; 1.000        ; 2.000          ; Min Period ; clk   ; Rise       ; word_register:word_0|out3[7]                                                                                ;
; -1.000 ; 1.000        ; 2.000          ; Min Period ; clk   ; Rise       ; word_register:word_1|out0[0]                                                                                ;
; -1.000 ; 1.000        ; 2.000          ; Min Period ; clk   ; Rise       ; word_register:word_1|out0[1]                                                                                ;
; -1.000 ; 1.000        ; 2.000          ; Min Period ; clk   ; Rise       ; word_register:word_1|out0[2]                                                                                ;
; -1.000 ; 1.000        ; 2.000          ; Min Period ; clk   ; Rise       ; word_register:word_1|out0[3]                                                                                ;
; -1.000 ; 1.000        ; 2.000          ; Min Period ; clk   ; Rise       ; word_register:word_1|out0[4]                                                                                ;
; -1.000 ; 1.000        ; 2.000          ; Min Period ; clk   ; Rise       ; word_register:word_1|out0[5]                                                                                ;
; -1.000 ; 1.000        ; 2.000          ; Min Period ; clk   ; Rise       ; word_register:word_1|out0[6]                                                                                ;
; -1.000 ; 1.000        ; 2.000          ; Min Period ; clk   ; Rise       ; word_register:word_1|out0[7]                                                                                ;
; -1.000 ; 1.000        ; 2.000          ; Min Period ; clk   ; Rise       ; word_register:word_1|out1[0]                                                                                ;
; -1.000 ; 1.000        ; 2.000          ; Min Period ; clk   ; Rise       ; word_register:word_1|out1[1]                                                                                ;
; -1.000 ; 1.000        ; 2.000          ; Min Period ; clk   ; Rise       ; word_register:word_1|out1[2]                                                                                ;
+--------+--------------+----------------+------------+-------+------------+-------------------------------------------------------------------------------------------------------------+


+-----------------------------------------------------------------------+
; Setup Times                                                           ;
+-----------+------------+-------+-------+------------+-----------------+
; Data Port ; Clock Port ; Rise  ; Fall  ; Clock Edge ; Clock Reference ;
+-----------+------------+-------+-------+------------+-----------------+
; reset     ; clk        ; 0.178 ; 0.332 ; Rise       ; clk             ;
+-----------+------------+-------+-------+------------+-----------------+


+------------------------------------------------------------------------+
; Hold Times                                                             ;
+-----------+------------+-------+--------+------------+-----------------+
; Data Port ; Clock Port ; Rise  ; Fall   ; Clock Edge ; Clock Reference ;
+-----------+------------+-------+--------+------------+-----------------+
; reset     ; clk        ; 0.019 ; -0.153 ; Rise       ; clk             ;
+-----------+------------+-------+--------+------------+-----------------+


+-----------------------------------------------------------------------------+
; Clock to Output Times                                                       ;
+-----------------+------------+-------+-------+------------+-----------------+
; Data Port       ; Clock Port ; Rise  ; Fall  ; Clock Edge ; Clock Reference ;
+-----------------+------------+-------+-------+------------+-----------------+
; aux_out[*]      ; clk        ; 7.223 ; 7.296 ; Rise       ; clk             ;
;  aux_out[0]     ; clk        ; 5.926 ; 5.885 ; Rise       ; clk             ;
;  aux_out[1]     ; clk        ; 6.756 ; 6.840 ; Rise       ; clk             ;
;  aux_out[2]     ; clk        ; 5.594 ; 5.585 ; Rise       ; clk             ;
;  aux_out[3]     ; clk        ; 5.680 ; 5.665 ; Rise       ; clk             ;
;  aux_out[4]     ; clk        ; 5.991 ; 6.009 ; Rise       ; clk             ;
;  aux_out[5]     ; clk        ; 5.260 ; 5.266 ; Rise       ; clk             ;
;  aux_out[6]     ; clk        ; 5.902 ; 5.841 ; Rise       ; clk             ;
;  aux_out[7]     ; clk        ; 5.597 ; 5.639 ; Rise       ; clk             ;
;  aux_out[8]     ; clk        ; 5.242 ; 5.256 ; Rise       ; clk             ;
;  aux_out[9]     ; clk        ; 6.072 ; 6.089 ; Rise       ; clk             ;
;  aux_out[10]    ; clk        ; 5.671 ; 5.659 ; Rise       ; clk             ;
;  aux_out[11]    ; clk        ; 5.192 ; 5.202 ; Rise       ; clk             ;
;  aux_out[12]    ; clk        ; 7.223 ; 7.296 ; Rise       ; clk             ;
;  aux_out[13]    ; clk        ; 6.012 ; 5.981 ; Rise       ; clk             ;
;  aux_out[14]    ; clk        ; 5.919 ; 5.886 ; Rise       ; clk             ;
;  aux_out[15]    ; clk        ; 5.931 ; 5.939 ; Rise       ; clk             ;
;  aux_out[16]    ; clk        ; 6.254 ; 6.211 ; Rise       ; clk             ;
;  aux_out[17]    ; clk        ; 6.136 ; 6.105 ; Rise       ; clk             ;
;  aux_out[18]    ; clk        ; 5.609 ; 5.580 ; Rise       ; clk             ;
;  aux_out[19]    ; clk        ; 5.251 ; 5.261 ; Rise       ; clk             ;
;  aux_out[20]    ; clk        ; 6.145 ; 6.136 ; Rise       ; clk             ;
;  aux_out[21]    ; clk        ; 6.144 ; 6.114 ; Rise       ; clk             ;
;  aux_out[22]    ; clk        ; 5.996 ; 6.002 ; Rise       ; clk             ;
;  aux_out[23]    ; clk        ; 5.637 ; 5.649 ; Rise       ; clk             ;
;  aux_out[24]    ; clk        ; 6.105 ; 6.129 ; Rise       ; clk             ;
;  aux_out[25]    ; clk        ; 5.554 ; 5.606 ; Rise       ; clk             ;
;  aux_out[26]    ; clk        ; 5.730 ; 5.730 ; Rise       ; clk             ;
;  aux_out[27]    ; clk        ; 5.773 ; 5.758 ; Rise       ; clk             ;
;  aux_out[28]    ; clk        ; 5.767 ; 5.780 ; Rise       ; clk             ;
;  aux_out[29]    ; clk        ; 5.876 ; 5.861 ; Rise       ; clk             ;
;  aux_out[30]    ; clk        ; 5.741 ; 5.742 ; Rise       ; clk             ;
;  aux_out[31]    ; clk        ; 5.706 ; 5.719 ; Rise       ; clk             ;
; counter_out[*]  ; clk        ; 5.325 ; 5.296 ; Rise       ; clk             ;
;  counter_out[0] ; clk        ; 5.109 ; 5.072 ; Rise       ; clk             ;
;  counter_out[1] ; clk        ; 5.325 ; 5.296 ; Rise       ; clk             ;
; key_word[*]     ; clk        ; 6.773 ; 6.881 ; Rise       ; clk             ;
;  key_word[0]    ; clk        ; 5.281 ; 5.325 ; Rise       ; clk             ;
;  key_word[1]    ; clk        ; 5.591 ; 5.587 ; Rise       ; clk             ;
;  key_word[2]    ; clk        ; 6.773 ; 6.881 ; Rise       ; clk             ;
;  key_word[3]    ; clk        ; 5.477 ; 5.507 ; Rise       ; clk             ;
;  key_word[4]    ; clk        ; 5.380 ; 5.382 ; Rise       ; clk             ;
;  key_word[5]    ; clk        ; 5.393 ; 5.353 ; Rise       ; clk             ;
;  key_word[6]    ; clk        ; 5.739 ; 5.742 ; Rise       ; clk             ;
;  key_word[7]    ; clk        ; 5.615 ; 5.586 ; Rise       ; clk             ;
;  key_word[8]    ; clk        ; 5.387 ; 5.354 ; Rise       ; clk             ;
;  key_word[9]    ; clk        ; 5.130 ; 5.130 ; Rise       ; clk             ;
;  key_word[10]   ; clk        ; 5.084 ; 5.076 ; Rise       ; clk             ;
;  key_word[11]   ; clk        ; 4.952 ; 4.945 ; Rise       ; clk             ;
;  key_word[12]   ; clk        ; 4.992 ; 4.995 ; Rise       ; clk             ;
;  key_word[13]   ; clk        ; 5.484 ; 5.516 ; Rise       ; clk             ;
;  key_word[14]   ; clk        ; 5.187 ; 5.186 ; Rise       ; clk             ;
;  key_word[15]   ; clk        ; 4.952 ; 4.983 ; Rise       ; clk             ;
;  key_word[16]   ; clk        ; 5.230 ; 5.221 ; Rise       ; clk             ;
;  key_word[17]   ; clk        ; 5.658 ; 5.662 ; Rise       ; clk             ;
;  key_word[18]   ; clk        ; 5.473 ; 5.495 ; Rise       ; clk             ;
;  key_word[19]   ; clk        ; 4.926 ; 4.942 ; Rise       ; clk             ;
;  key_word[20]   ; clk        ; 5.503 ; 5.542 ; Rise       ; clk             ;
;  key_word[21]   ; clk        ; 5.433 ; 5.465 ; Rise       ; clk             ;
;  key_word[22]   ; clk        ; 5.367 ; 5.340 ; Rise       ; clk             ;
;  key_word[23]   ; clk        ; 6.153 ; 6.139 ; Rise       ; clk             ;
;  key_word[24]   ; clk        ; 5.386 ; 5.355 ; Rise       ; clk             ;
;  key_word[25]   ; clk        ; 5.358 ; 5.342 ; Rise       ; clk             ;
;  key_word[26]   ; clk        ; 5.502 ; 5.537 ; Rise       ; clk             ;
;  key_word[27]   ; clk        ; 4.941 ; 4.953 ; Rise       ; clk             ;
;  key_word[28]   ; clk        ; 5.424 ; 5.412 ; Rise       ; clk             ;
;  key_word[29]   ; clk        ; 4.953 ; 4.967 ; Rise       ; clk             ;
;  key_word[30]   ; clk        ; 5.040 ; 5.075 ; Rise       ; clk             ;
;  key_word[31]   ; clk        ; 5.220 ; 5.169 ; Rise       ; clk             ;
; rcon_out[*]     ; clk        ; 6.290 ; 6.340 ; Rise       ; clk             ;
;  rcon_out[24]   ; clk        ; 4.956 ; 4.974 ; Rise       ; clk             ;
;  rcon_out[25]   ; clk        ; 5.342 ; 5.317 ; Rise       ; clk             ;
;  rcon_out[26]   ; clk        ; 5.602 ; 5.568 ; Rise       ; clk             ;
;  rcon_out[27]   ; clk        ; 5.092 ; 5.064 ; Rise       ; clk             ;
;  rcon_out[28]   ; clk        ; 6.290 ; 6.340 ; Rise       ; clk             ;
;  rcon_out[29]   ; clk        ; 5.125 ; 5.084 ; Rise       ; clk             ;
;  rcon_out[30]   ; clk        ; 4.932 ; 4.948 ; Rise       ; clk             ;
;  rcon_out[31]   ; clk        ; 4.922 ; 4.940 ; Rise       ; clk             ;
; state_out[*]    ; clk        ; 6.257 ; 6.264 ; Rise       ; clk             ;
;  state_out[0]   ; clk        ; 6.257 ; 6.259 ; Rise       ; clk             ;
;  state_out[1]   ; clk        ; 6.184 ; 6.264 ; Rise       ; clk             ;
;  state_out[2]   ; clk        ; 5.541 ; 5.544 ; Rise       ; clk             ;
+-----------------+------------+-------+-------+------------+-----------------+


+-----------------------------------------------------------------------------+
; Minimum Clock to Output Times                                               ;
+-----------------+------------+-------+-------+------------+-----------------+
; Data Port       ; Clock Port ; Rise  ; Fall  ; Clock Edge ; Clock Reference ;
+-----------------+------------+-------+-------+------------+-----------------+
; aux_out[*]      ; clk        ; 5.083 ; 5.092 ; Rise       ; clk             ;
;  aux_out[0]     ; clk        ; 5.786 ; 5.748 ; Rise       ; clk             ;
;  aux_out[1]     ; clk        ; 6.635 ; 6.718 ; Rise       ; clk             ;
;  aux_out[2]     ; clk        ; 5.469 ; 5.460 ; Rise       ; clk             ;
;  aux_out[3]     ; clk        ; 5.552 ; 5.537 ; Rise       ; clk             ;
;  aux_out[4]     ; clk        ; 5.850 ; 5.867 ; Rise       ; clk             ;
;  aux_out[5]     ; clk        ; 5.148 ; 5.154 ; Rise       ; clk             ;
;  aux_out[6]     ; clk        ; 5.767 ; 5.709 ; Rise       ; clk             ;
;  aux_out[7]     ; clk        ; 5.472 ; 5.512 ; Rise       ; clk             ;
;  aux_out[8]     ; clk        ; 5.131 ; 5.143 ; Rise       ; clk             ;
;  aux_out[9]     ; clk        ; 5.927 ; 5.944 ; Rise       ; clk             ;
;  aux_out[10]    ; clk        ; 5.543 ; 5.531 ; Rise       ; clk             ;
;  aux_out[11]    ; clk        ; 5.083 ; 5.092 ; Rise       ; clk             ;
;  aux_out[12]    ; clk        ; 7.085 ; 7.157 ; Rise       ; clk             ;
;  aux_out[13]    ; clk        ; 5.873 ; 5.843 ; Rise       ; clk             ;
;  aux_out[14]    ; clk        ; 5.783 ; 5.752 ; Rise       ; clk             ;
;  aux_out[15]    ; clk        ; 5.793 ; 5.800 ; Rise       ; clk             ;
;  aux_out[16]    ; clk        ; 6.105 ; 6.064 ; Rise       ; clk             ;
;  aux_out[17]    ; clk        ; 5.989 ; 5.958 ; Rise       ; clk             ;
;  aux_out[18]    ; clk        ; 5.483 ; 5.454 ; Rise       ; clk             ;
;  aux_out[19]    ; clk        ; 5.140 ; 5.149 ; Rise       ; clk             ;
;  aux_out[20]    ; clk        ; 5.999 ; 5.989 ; Rise       ; clk             ;
;  aux_out[21]    ; clk        ; 5.996 ; 5.967 ; Rise       ; clk             ;
;  aux_out[22]    ; clk        ; 5.855 ; 5.861 ; Rise       ; clk             ;
;  aux_out[23]    ; clk        ; 5.513 ; 5.524 ; Rise       ; clk             ;
;  aux_out[24]    ; clk        ; 5.958 ; 5.981 ; Rise       ; clk             ;
;  aux_out[25]    ; clk        ; 5.429 ; 5.479 ; Rise       ; clk             ;
;  aux_out[26]    ; clk        ; 5.598 ; 5.597 ; Rise       ; clk             ;
;  aux_out[27]    ; clk        ; 5.640 ; 5.625 ; Rise       ; clk             ;
;  aux_out[28]    ; clk        ; 5.635 ; 5.646 ; Rise       ; clk             ;
;  aux_out[29]    ; clk        ; 5.739 ; 5.724 ; Rise       ; clk             ;
;  aux_out[30]    ; clk        ; 5.609 ; 5.609 ; Rise       ; clk             ;
;  aux_out[31]    ; clk        ; 5.576 ; 5.588 ; Rise       ; clk             ;
; counter_out[*]  ; clk        ; 5.007 ; 4.971 ; Rise       ; clk             ;
;  counter_out[0] ; clk        ; 5.007 ; 4.971 ; Rise       ; clk             ;
;  counter_out[1] ; clk        ; 5.211 ; 5.183 ; Rise       ; clk             ;
; key_word[*]     ; clk        ; 4.828 ; 4.842 ; Rise       ; clk             ;
;  key_word[0]    ; clk        ; 5.168 ; 5.210 ; Rise       ; clk             ;
;  key_word[1]    ; clk        ; 5.465 ; 5.461 ; Rise       ; clk             ;
;  key_word[2]    ; clk        ; 6.652 ; 6.758 ; Rise       ; clk             ;
;  key_word[3]    ; clk        ; 5.356 ; 5.385 ; Rise       ; clk             ;
;  key_word[4]    ; clk        ; 5.263 ; 5.265 ; Rise       ; clk             ;
;  key_word[5]    ; clk        ; 5.278 ; 5.239 ; Rise       ; clk             ;
;  key_word[6]    ; clk        ; 5.607 ; 5.609 ; Rise       ; clk             ;
;  key_word[7]    ; clk        ; 5.489 ; 5.461 ; Rise       ; clk             ;
;  key_word[8]    ; clk        ; 5.272 ; 5.241 ; Rise       ; clk             ;
;  key_word[9]    ; clk        ; 5.023 ; 5.023 ; Rise       ; clk             ;
;  key_word[10]   ; clk        ; 4.978 ; 4.970 ; Rise       ; clk             ;
;  key_word[11]   ; clk        ; 4.856 ; 4.849 ; Rise       ; clk             ;
;  key_word[12]   ; clk        ; 4.891 ; 4.893 ; Rise       ; clk             ;
;  key_word[13]   ; clk        ; 5.363 ; 5.393 ; Rise       ; clk             ;
;  key_word[14]   ; clk        ; 5.079 ; 5.077 ; Rise       ; clk             ;
;  key_word[15]   ; clk        ; 4.853 ; 4.882 ; Rise       ; clk             ;
;  key_word[16]   ; clk        ; 5.122 ; 5.112 ; Rise       ; clk             ;
;  key_word[17]   ; clk        ; 5.530 ; 5.534 ; Rise       ; clk             ;
;  key_word[18]   ; clk        ; 5.353 ; 5.373 ; Rise       ; clk             ;
;  key_word[19]   ; clk        ; 4.828 ; 4.842 ; Rise       ; clk             ;
;  key_word[20]   ; clk        ; 5.381 ; 5.418 ; Rise       ; clk             ;
;  key_word[21]   ; clk        ; 5.314 ; 5.344 ; Rise       ; clk             ;
;  key_word[22]   ; clk        ; 5.254 ; 5.228 ; Rise       ; clk             ;
;  key_word[23]   ; clk        ; 6.006 ; 5.991 ; Rise       ; clk             ;
;  key_word[24]   ; clk        ; 5.272 ; 5.242 ; Rise       ; clk             ;
;  key_word[25]   ; clk        ; 5.240 ; 5.225 ; Rise       ; clk             ;
;  key_word[26]   ; clk        ; 5.380 ; 5.414 ; Rise       ; clk             ;
;  key_word[27]   ; clk        ; 4.843 ; 4.854 ; Rise       ; clk             ;
;  key_word[28]   ; clk        ; 5.305 ; 5.293 ; Rise       ; clk             ;
;  key_word[29]   ; clk        ; 4.854 ; 4.866 ; Rise       ; clk             ;
;  key_word[30]   ; clk        ; 4.937 ; 4.969 ; Rise       ; clk             ;
;  key_word[31]   ; clk        ; 5.112 ; 5.063 ; Rise       ; clk             ;
; rcon_out[*]     ; clk        ; 4.824 ; 4.841 ; Rise       ; clk             ;
;  rcon_out[24]   ; clk        ; 4.857 ; 4.873 ; Rise       ; clk             ;
;  rcon_out[25]   ; clk        ; 5.227 ; 5.203 ; Rise       ; clk             ;
;  rcon_out[26]   ; clk        ; 5.476 ; 5.443 ; Rise       ; clk             ;
;  rcon_out[27]   ; clk        ; 4.987 ; 4.958 ; Rise       ; clk             ;
;  rcon_out[28]   ; clk        ; 6.187 ; 6.238 ; Rise       ; clk             ;
;  rcon_out[29]   ; clk        ; 5.021 ; 4.982 ; Rise       ; clk             ;
;  rcon_out[30]   ; clk        ; 4.834 ; 4.848 ; Rise       ; clk             ;
;  rcon_out[31]   ; clk        ; 4.824 ; 4.841 ; Rise       ; clk             ;
; state_out[*]    ; clk        ; 5.027 ; 5.059 ; Rise       ; clk             ;
;  state_out[0]   ; clk        ; 5.027 ; 5.059 ; Rise       ; clk             ;
;  state_out[1]   ; clk        ; 5.613 ; 5.667 ; Rise       ; clk             ;
;  state_out[2]   ; clk        ; 5.094 ; 5.066 ; Rise       ; clk             ;
+-----------------+------------+-------+-------+------------+-----------------+


---------------------------------------------
; Slow 1200mV 0C Model Metastability Report ;
---------------------------------------------
No synchronizer chains to report.


+------------------------------------+
; Fast 1200mV 0C Model Setup Summary ;
+-------+--------+-------------------+
; Clock ; Slack  ; End Point TNS     ;
+-------+--------+-------------------+
; clk   ; -0.961 ; -88.583           ;
+-------+--------+-------------------+


+-----------------------------------+
; Fast 1200mV 0C Model Hold Summary ;
+-------+-------+-------------------+
; Clock ; Slack ; End Point TNS     ;
+-------+-------+-------------------+
; clk   ; 0.186 ; 0.000             ;
+-------+-------+-------------------+


-----------------------------------------
; Fast 1200mV 0C Model Recovery Summary ;
-----------------------------------------
No paths to report.


----------------------------------------
; Fast 1200mV 0C Model Removal Summary ;
----------------------------------------
No paths to report.


+--------------------------------------------------+
; Fast 1200mV 0C Model Minimum Pulse Width Summary ;
+-------+--------+---------------------------------+
; Clock ; Slack  ; End Point TNS                   ;
+-------+--------+---------------------------------+
; clk   ; -3.000 ; -198.999                        ;
+-------+--------+---------------------------------+


+----------------------------------------------------------------------------------------------------------------------------------------------------------------------------------------------------------------------------------------------------------------------------------------------------------+
; Fast 1200mV 0C Model Setup: 'clk'                                                                                                                                                                                                                                                                        ;
+--------+-------------------------------------------------------------------------------------------------------------+-------------------------------------------------------------------------------------------------------------+--------------+-------------+--------------+------------+------------+
; Slack  ; From Node                                                                                                   ; To Node                                                                                                     ; Launch Clock ; Latch Clock ; Relationship ; Clock Skew ; Data Delay ;
+--------+-------------------------------------------------------------------------------------------------------------+-------------------------------------------------------------------------------------------------------------+--------------+-------------+--------------+------------+------------+
; -0.961 ; state.sub_bytes_1                                                                                           ; sbox_rom_sinc:AES_sbox|altsyncram:Mux7_rtl_0|altsyncram_md11:auto_generated|ram_block1a0~porta_address_reg0 ; clk          ; clk         ; 1.000        ; 0.134      ; 2.104      ;
; -0.953 ; sbox_rom_sinc:AES_sbox|altsyncram:Mux7_rtl_0|altsyncram_md11:auto_generated|ram_block1a0~porta_address_reg0 ; byte_register:aux_register_3|data_out[0]                                                                    ; clk          ; clk         ; 1.000        ; -0.036     ; 1.904      ;
; -0.951 ; sbox_rom_sinc:AES_sbox|altsyncram:Mux7_rtl_0|altsyncram_md11:auto_generated|ram_block1a0~porta_address_reg0 ; byte_register:aux_register_3|data_out[5]                                                                    ; clk          ; clk         ; 1.000        ; -0.036     ; 1.902      ;
; -0.949 ; sbox_rom_sinc:AES_sbox|altsyncram:Mux7_rtl_0|altsyncram_md11:auto_generated|ram_block1a0~porta_address_reg0 ; byte_register:aux_register_1|data_out[5]                                                                    ; clk          ; clk         ; 1.000        ; -0.041     ; 1.895      ;
; -0.933 ; sbox_rom_sinc:AES_sbox|altsyncram:Mux7_rtl_0|altsyncram_md11:auto_generated|ram_block1a0~porta_address_reg0 ; byte_register:aux_register_1|data_out[0]                                                                    ; clk          ; clk         ; 1.000        ; -0.041     ; 1.879      ;
; -0.932 ; sbox_rom_sinc:AES_sbox|altsyncram:Mux7_rtl_0|altsyncram_md11:auto_generated|ram_block1a0~porta_address_reg0 ; byte_register:aux_register_0|data_out[5]                                                                    ; clk          ; clk         ; 1.000        ; -0.027     ; 1.892      ;
; -0.927 ; sbox_rom_sinc:AES_sbox|altsyncram:Mux7_rtl_0|altsyncram_md11:auto_generated|ram_block1a0~porta_address_reg0 ; byte_register:aux_register_1|data_out[7]                                                                    ; clk          ; clk         ; 1.000        ; -0.041     ; 1.873      ;
; -0.920 ; sbox_rom_sinc:AES_sbox|altsyncram:Mux7_rtl_0|altsyncram_md11:auto_generated|ram_block1a0~porta_address_reg0 ; byte_register:aux_register_0|data_out[0]                                                                    ; clk          ; clk         ; 1.000        ; -0.027     ; 1.880      ;
; -0.914 ; sbox_rom_sinc:AES_sbox|altsyncram:Mux7_rtl_0|altsyncram_md11:auto_generated|ram_block1a0~porta_address_reg0 ; byte_register:aux_register_0|data_out[7]                                                                    ; clk          ; clk         ; 1.000        ; -0.027     ; 1.874      ;
; -0.897 ; sbox_rom_sinc:AES_sbox|altsyncram:Mux7_rtl_0|altsyncram_md11:auto_generated|ram_block1a0~porta_address_reg0 ; byte_register:aux_register_1|data_out[1]                                                                    ; clk          ; clk         ; 1.000        ; -0.041     ; 1.843      ;
; -0.890 ; sbox_rom_sinc:AES_sbox|altsyncram:Mux7_rtl_0|altsyncram_md11:auto_generated|ram_block1a0~porta_address_reg0 ; byte_register:aux_register_1|data_out[2]                                                                    ; clk          ; clk         ; 1.000        ; -0.041     ; 1.836      ;
; -0.883 ; sbox_rom_sinc:AES_sbox|altsyncram:Mux7_rtl_0|altsyncram_md11:auto_generated|ram_block1a0~porta_address_reg0 ; byte_register:aux_register_0|data_out[1]                                                                    ; clk          ; clk         ; 1.000        ; -0.027     ; 1.843      ;
; -0.880 ; sbox_rom_sinc:AES_sbox|altsyncram:Mux7_rtl_0|altsyncram_md11:auto_generated|ram_block1a0~porta_address_reg0 ; byte_register:aux_register_1|data_out[4]                                                                    ; clk          ; clk         ; 1.000        ; -0.041     ; 1.826      ;
; -0.878 ; sbox_rom_sinc:AES_sbox|altsyncram:Mux7_rtl_0|altsyncram_md11:auto_generated|ram_block1a0~porta_address_reg0 ; byte_register:aux_register_0|data_out[2]                                                                    ; clk          ; clk         ; 1.000        ; -0.027     ; 1.838      ;
; -0.869 ; sbox_rom_sinc:AES_sbox|altsyncram:Mux7_rtl_0|altsyncram_md11:auto_generated|ram_block1a0~porta_address_reg0 ; byte_register:aux_register_1|data_out[3]                                                                    ; clk          ; clk         ; 1.000        ; -0.041     ; 1.815      ;
; -0.863 ; sbox_rom_sinc:AES_sbox|altsyncram:Mux7_rtl_0|altsyncram_md11:auto_generated|ram_block1a0~porta_address_reg0 ; byte_register:aux_register_0|data_out[4]                                                                    ; clk          ; clk         ; 1.000        ; -0.027     ; 1.823      ;
; -0.855 ; sbox_rom_sinc:AES_sbox|altsyncram:Mux7_rtl_0|altsyncram_md11:auto_generated|ram_block1a0~porta_address_reg0 ; byte_register:aux_register_0|data_out[3]                                                                    ; clk          ; clk         ; 1.000        ; -0.027     ; 1.815      ;
; -0.852 ; sbox_rom_sinc:AES_sbox|altsyncram:Mux7_rtl_0|altsyncram_md11:auto_generated|ram_block1a0~porta_address_reg0 ; byte_register:aux_register_1|data_out[6]                                                                    ; clk          ; clk         ; 1.000        ; -0.041     ; 1.798      ;
; -0.851 ; state.sub_bytes_2                                                                                           ; sbox_rom_sinc:AES_sbox|altsyncram:Mux7_rtl_0|altsyncram_md11:auto_generated|ram_block1a0~porta_address_reg0 ; clk          ; clk         ; 1.000        ; 0.134      ; 1.994      ;
; -0.840 ; sbox_rom_sinc:AES_sbox|altsyncram:Mux7_rtl_0|altsyncram_md11:auto_generated|ram_block1a0~porta_address_reg0 ; byte_register:aux_register_0|data_out[6]                                                                    ; clk          ; clk         ; 1.000        ; -0.027     ; 1.800      ;
; -0.827 ; sbox_rom_sinc:AES_sbox|altsyncram:Mux7_rtl_0|altsyncram_md11:auto_generated|ram_block1a0~porta_address_reg0 ; byte_register:aux_register_3|data_out[1]                                                                    ; clk          ; clk         ; 1.000        ; -0.036     ; 1.778      ;
; -0.818 ; sbox_rom_sinc:AES_sbox|altsyncram:Mux7_rtl_0|altsyncram_md11:auto_generated|ram_block1a0~porta_address_reg0 ; byte_register:aux_register_3|data_out[4]                                                                    ; clk          ; clk         ; 1.000        ; -0.036     ; 1.769      ;
; -0.757 ; state.sub_bytes_0                                                                                           ; sbox_rom_sinc:AES_sbox|altsyncram:Mux7_rtl_0|altsyncram_md11:auto_generated|ram_block1a0~porta_address_reg0 ; clk          ; clk         ; 1.000        ; 0.134      ; 1.900      ;
; -0.745 ; sbox_rom_sinc:AES_sbox|altsyncram:Mux7_rtl_0|altsyncram_md11:auto_generated|ram_block1a0~porta_address_reg0 ; byte_register:aux_register_3|data_out[7]                                                                    ; clk          ; clk         ; 1.000        ; -0.036     ; 1.696      ;
; -0.733 ; sbox_rom_sinc:AES_sbox|altsyncram:Mux7_rtl_0|altsyncram_md11:auto_generated|ram_block1a0~porta_address_reg0 ; byte_register:aux_register_3|data_out[6]                                                                    ; clk          ; clk         ; 1.000        ; -0.036     ; 1.684      ;
; -0.729 ; sbox_rom_sinc:AES_sbox|altsyncram:Mux7_rtl_0|altsyncram_md11:auto_generated|ram_block1a0~porta_address_reg0 ; byte_register:aux_register_2|data_out[7]                                                                    ; clk          ; clk         ; 1.000        ; -0.021     ; 1.695      ;
; -0.728 ; sbox_rom_sinc:AES_sbox|altsyncram:Mux7_rtl_0|altsyncram_md11:auto_generated|ram_block1a0~porta_address_reg0 ; byte_register:aux_register_2|data_out[6]                                                                    ; clk          ; clk         ; 1.000        ; -0.021     ; 1.694      ;
; -0.722 ; sbox_rom_sinc:AES_sbox|altsyncram:Mux7_rtl_0|altsyncram_md11:auto_generated|ram_block1a0~porta_address_reg0 ; byte_register:aux_register_3|data_out[2]                                                                    ; clk          ; clk         ; 1.000        ; -0.036     ; 1.673      ;
; -0.714 ; sbox_rom_sinc:AES_sbox|altsyncram:Mux7_rtl_0|altsyncram_md11:auto_generated|ram_block1a0~porta_address_reg0 ; byte_register:aux_register_2|data_out[2]                                                                    ; clk          ; clk         ; 1.000        ; -0.021     ; 1.680      ;
; -0.694 ; word_register:word_3|out3[5]                                                                                ; sbox_rom_sinc:AES_sbox|altsyncram:Mux7_rtl_0|altsyncram_md11:auto_generated|ram_block1a0~porta_address_reg0 ; clk          ; clk         ; 1.000        ; 0.135      ; 1.838      ;
; -0.667 ; sbox_rom_sinc:AES_sbox|altsyncram:Mux7_rtl_0|altsyncram_md11:auto_generated|ram_block1a0~porta_address_reg0 ; byte_register:aux_register_3|data_out[3]                                                                    ; clk          ; clk         ; 1.000        ; -0.036     ; 1.618      ;
; -0.652 ; sbox_rom_sinc:AES_sbox|altsyncram:Mux7_rtl_0|altsyncram_md11:auto_generated|ram_block1a0~porta_address_reg0 ; byte_register:aux_register_2|data_out[1]                                                                    ; clk          ; clk         ; 1.000        ; -0.021     ; 1.618      ;
; -0.649 ; sbox_rom_sinc:AES_sbox|altsyncram:Mux7_rtl_0|altsyncram_md11:auto_generated|ram_block1a0~porta_address_reg0 ; byte_register:aux_register_2|data_out[5]                                                                    ; clk          ; clk         ; 1.000        ; -0.021     ; 1.615      ;
; -0.648 ; sbox_rom_sinc:AES_sbox|altsyncram:Mux7_rtl_0|altsyncram_md11:auto_generated|ram_block1a0~porta_address_reg0 ; byte_register:aux_register_2|data_out[3]                                                                    ; clk          ; clk         ; 1.000        ; -0.021     ; 1.614      ;
; -0.638 ; sbox_rom_sinc:AES_sbox|altsyncram:Mux7_rtl_0|altsyncram_md11:auto_generated|ram_block1a0~porta_address_reg0 ; byte_register:aux_register_2|data_out[4]                                                                    ; clk          ; clk         ; 1.000        ; -0.021     ; 1.604      ;
; -0.636 ; sbox_rom_sinc:AES_sbox|altsyncram:Mux7_rtl_0|altsyncram_md11:auto_generated|ram_block1a0~porta_address_reg0 ; byte_register:aux_register_2|data_out[0]                                                                    ; clk          ; clk         ; 1.000        ; -0.021     ; 1.602      ;
; -0.606 ; word_register:word_3|out1[1]                                                                                ; sbox_rom_sinc:AES_sbox|altsyncram:Mux7_rtl_0|altsyncram_md11:auto_generated|ram_block1a0~porta_address_reg0 ; clk          ; clk         ; 1.000        ; 0.131      ; 1.746      ;
; -0.601 ; state.start                                                                                                 ; word_register:word_2|out0[5]                                                                                ; clk          ; clk         ; 1.000        ; -0.046     ; 1.542      ;
; -0.601 ; state.start                                                                                                 ; word_register:word_1|out0[5]                                                                                ; clk          ; clk         ; 1.000        ; -0.046     ; 1.542      ;
; -0.601 ; state.start                                                                                                 ; word_register:word_0|out0[5]                                                                                ; clk          ; clk         ; 1.000        ; -0.046     ; 1.542      ;
; -0.601 ; state.start                                                                                                 ; word_register:word_3|out0[5]                                                                                ; clk          ; clk         ; 1.000        ; -0.046     ; 1.542      ;
; -0.601 ; state.start                                                                                                 ; word_register:word_2|out0[4]                                                                                ; clk          ; clk         ; 1.000        ; -0.046     ; 1.542      ;
; -0.601 ; state.start                                                                                                 ; word_register:word_1|out0[4]                                                                                ; clk          ; clk         ; 1.000        ; -0.046     ; 1.542      ;
; -0.601 ; state.start                                                                                                 ; word_register:word_0|out0[4]                                                                                ; clk          ; clk         ; 1.000        ; -0.046     ; 1.542      ;
; -0.601 ; state.start                                                                                                 ; word_register:word_3|out0[4]                                                                                ; clk          ; clk         ; 1.000        ; -0.046     ; 1.542      ;
; -0.601 ; state.start                                                                                                 ; word_register:word_2|out1[0]                                                                                ; clk          ; clk         ; 1.000        ; -0.046     ; 1.542      ;
; -0.601 ; state.start                                                                                                 ; word_register:word_1|out1[0]                                                                                ; clk          ; clk         ; 1.000        ; -0.046     ; 1.542      ;
; -0.601 ; state.start                                                                                                 ; word_register:word_0|out1[0]                                                                                ; clk          ; clk         ; 1.000        ; -0.046     ; 1.542      ;
; -0.601 ; state.start                                                                                                 ; word_register:word_3|out1[0]                                                                                ; clk          ; clk         ; 1.000        ; -0.046     ; 1.542      ;
; -0.601 ; state.start                                                                                                 ; word_register:word_2|out2[0]                                                                                ; clk          ; clk         ; 1.000        ; -0.046     ; 1.542      ;
; -0.601 ; state.start                                                                                                 ; word_register:word_1|out2[0]                                                                                ; clk          ; clk         ; 1.000        ; -0.046     ; 1.542      ;
; -0.601 ; state.start                                                                                                 ; word_register:word_0|out2[0]                                                                                ; clk          ; clk         ; 1.000        ; -0.046     ; 1.542      ;
; -0.601 ; state.start                                                                                                 ; word_register:word_3|out2[0]                                                                                ; clk          ; clk         ; 1.000        ; -0.046     ; 1.542      ;
; -0.560 ; state.start                                                                                                 ; word_register:word_3|out2[2]                                                                                ; clk          ; clk         ; 1.000        ; -0.036     ; 1.511      ;
; -0.560 ; state.start                                                                                                 ; word_register:word_3|out1[2]                                                                                ; clk          ; clk         ; 1.000        ; -0.036     ; 1.511      ;
; -0.560 ; state.start                                                                                                 ; word_register:word_3|out1[1]                                                                                ; clk          ; clk         ; 1.000        ; -0.036     ; 1.511      ;
; -0.560 ; state.start                                                                                                 ; word_register:word_3|out2[1]                                                                                ; clk          ; clk         ; 1.000        ; -0.036     ; 1.511      ;
; -0.559 ; state.start                                                                                                 ; word_register:word_2|out1[6]                                                                                ; clk          ; clk         ; 1.000        ; -0.037     ; 1.509      ;
; -0.559 ; state.start                                                                                                 ; word_register:word_1|out1[6]                                                                                ; clk          ; clk         ; 1.000        ; -0.037     ; 1.509      ;
; -0.559 ; state.start                                                                                                 ; word_register:word_0|out1[6]                                                                                ; clk          ; clk         ; 1.000        ; -0.037     ; 1.509      ;
; -0.559 ; state.start                                                                                                 ; word_register:word_3|out1[6]                                                                                ; clk          ; clk         ; 1.000        ; -0.037     ; 1.509      ;
; -0.559 ; state.start                                                                                                 ; word_register:word_2|out2[6]                                                                                ; clk          ; clk         ; 1.000        ; -0.037     ; 1.509      ;
; -0.559 ; state.start                                                                                                 ; word_register:word_1|out2[6]                                                                                ; clk          ; clk         ; 1.000        ; -0.037     ; 1.509      ;
; -0.559 ; state.start                                                                                                 ; word_register:word_0|out2[6]                                                                                ; clk          ; clk         ; 1.000        ; -0.037     ; 1.509      ;
; -0.559 ; state.start                                                                                                 ; word_register:word_3|out2[6]                                                                                ; clk          ; clk         ; 1.000        ; -0.037     ; 1.509      ;
; -0.559 ; state.start                                                                                                 ; word_register:word_2|out0[3]                                                                                ; clk          ; clk         ; 1.000        ; -0.037     ; 1.509      ;
; -0.559 ; state.start                                                                                                 ; word_register:word_1|out0[3]                                                                                ; clk          ; clk         ; 1.000        ; -0.037     ; 1.509      ;
; -0.559 ; state.start                                                                                                 ; word_register:word_0|out0[3]                                                                                ; clk          ; clk         ; 1.000        ; -0.037     ; 1.509      ;
; -0.559 ; state.start                                                                                                 ; word_register:word_3|out0[3]                                                                                ; clk          ; clk         ; 1.000        ; -0.037     ; 1.509      ;
; -0.559 ; state.start                                                                                                 ; word_register:word_2|out0[2]                                                                                ; clk          ; clk         ; 1.000        ; -0.037     ; 1.509      ;
; -0.559 ; state.start                                                                                                 ; word_register:word_1|out0[2]                                                                                ; clk          ; clk         ; 1.000        ; -0.037     ; 1.509      ;
; -0.559 ; state.start                                                                                                 ; word_register:word_0|out0[2]                                                                                ; clk          ; clk         ; 1.000        ; -0.037     ; 1.509      ;
; -0.559 ; state.start                                                                                                 ; word_register:word_3|out0[2]                                                                                ; clk          ; clk         ; 1.000        ; -0.037     ; 1.509      ;
; -0.556 ; state.start                                                                                                 ; word_register:word_2|out1[4]                                                                                ; clk          ; clk         ; 1.000        ; -0.037     ; 1.506      ;
; -0.556 ; state.start                                                                                                 ; word_register:word_1|out1[4]                                                                                ; clk          ; clk         ; 1.000        ; -0.037     ; 1.506      ;
; -0.556 ; state.start                                                                                                 ; word_register:word_0|out1[4]                                                                                ; clk          ; clk         ; 1.000        ; -0.037     ; 1.506      ;
; -0.556 ; state.start                                                                                                 ; word_register:word_3|out1[4]                                                                                ; clk          ; clk         ; 1.000        ; -0.037     ; 1.506      ;
; -0.556 ; state.start                                                                                                 ; word_register:word_2|out2[4]                                                                                ; clk          ; clk         ; 1.000        ; -0.037     ; 1.506      ;
; -0.556 ; state.start                                                                                                 ; word_register:word_1|out2[4]                                                                                ; clk          ; clk         ; 1.000        ; -0.037     ; 1.506      ;
; -0.556 ; state.start                                                                                                 ; word_register:word_0|out2[4]                                                                                ; clk          ; clk         ; 1.000        ; -0.037     ; 1.506      ;
; -0.556 ; state.start                                                                                                 ; word_register:word_3|out2[4]                                                                                ; clk          ; clk         ; 1.000        ; -0.037     ; 1.506      ;
; -0.545 ; state.start                                                                                                 ; word_register:word_2|out2[2]                                                                                ; clk          ; clk         ; 1.000        ; -0.036     ; 1.496      ;
; -0.545 ; state.start                                                                                                 ; word_register:word_1|out2[2]                                                                                ; clk          ; clk         ; 1.000        ; -0.036     ; 1.496      ;
; -0.545 ; state.start                                                                                                 ; word_register:word_0|out2[2]                                                                                ; clk          ; clk         ; 1.000        ; -0.036     ; 1.496      ;
; -0.545 ; state.start                                                                                                 ; word_register:word_2|out1[2]                                                                                ; clk          ; clk         ; 1.000        ; -0.036     ; 1.496      ;
; -0.545 ; state.start                                                                                                 ; word_register:word_1|out1[2]                                                                                ; clk          ; clk         ; 1.000        ; -0.036     ; 1.496      ;
; -0.545 ; state.start                                                                                                 ; word_register:word_0|out1[2]                                                                                ; clk          ; clk         ; 1.000        ; -0.036     ; 1.496      ;
; -0.545 ; state.start                                                                                                 ; word_register:word_2|out1[1]                                                                                ; clk          ; clk         ; 1.000        ; -0.036     ; 1.496      ;
; -0.545 ; state.start                                                                                                 ; word_register:word_1|out1[1]                                                                                ; clk          ; clk         ; 1.000        ; -0.036     ; 1.496      ;
; -0.545 ; state.start                                                                                                 ; word_register:word_0|out1[1]                                                                                ; clk          ; clk         ; 1.000        ; -0.036     ; 1.496      ;
; -0.545 ; state.start                                                                                                 ; word_register:word_2|out2[1]                                                                                ; clk          ; clk         ; 1.000        ; -0.036     ; 1.496      ;
; -0.545 ; state.start                                                                                                 ; word_register:word_1|out2[1]                                                                                ; clk          ; clk         ; 1.000        ; -0.036     ; 1.496      ;
; -0.545 ; state.start                                                                                                 ; word_register:word_0|out2[1]                                                                                ; clk          ; clk         ; 1.000        ; -0.036     ; 1.496      ;
; -0.533 ; state.start                                                                                                 ; word_register:word_3|out2[7]                                                                                ; clk          ; clk         ; 1.000        ; -0.039     ; 1.481      ;
; -0.533 ; state.start                                                                                                 ; word_register:word_3|out2[3]                                                                                ; clk          ; clk         ; 1.000        ; -0.039     ; 1.481      ;
; -0.533 ; state.start                                                                                                 ; word_register:word_3|out3[0]                                                                                ; clk          ; clk         ; 1.000        ; -0.039     ; 1.481      ;
; -0.517 ; state.start                                                                                                 ; word_register:word_3|out0[7]                                                                                ; clk          ; clk         ; 1.000        ; -0.049     ; 1.455      ;
; -0.517 ; state.start                                                                                                 ; word_register:word_3|out0[6]                                                                                ; clk          ; clk         ; 1.000        ; -0.049     ; 1.455      ;
; -0.517 ; state.start                                                                                                 ; word_register:word_3|out0[1]                                                                                ; clk          ; clk         ; 1.000        ; -0.049     ; 1.455      ;
; -0.517 ; state.start                                                                                                 ; word_register:word_3|out0[0]                                                                                ; clk          ; clk         ; 1.000        ; -0.049     ; 1.455      ;
+--------+-------------------------------------------------------------------------------------------------------------+-------------------------------------------------------------------------------------------------------------+--------------+-------------+--------------+------------+------------+


+-------------------------------------------------------------------------------------------------------------------------------------------+
; Fast 1200mV 0C Model Hold: 'clk'                                                                                                          ;
+-------+------------------------------+------------------------------+--------------+-------------+--------------+------------+------------+
; Slack ; From Node                    ; To Node                      ; Launch Clock ; Latch Clock ; Relationship ; Clock Skew ; Data Delay ;
+-------+------------------------------+------------------------------+--------------+-------------+--------------+------------+------------+
; 0.186 ; state.idle                   ; state.idle                   ; clk          ; clk         ; 0.000        ; 0.037      ; 0.307      ;
; 0.186 ; round[0]                     ; round[0]                     ; clk          ; clk         ; 0.000        ; 0.037      ; 0.307      ;
; 0.186 ; state.shift_words            ; state.shift_words            ; clk          ; clk         ; 0.000        ; 0.037      ; 0.307      ;
; 0.186 ; rcon[3][0]                   ; rcon[3][0]                   ; clk          ; clk         ; 0.000        ; 0.037      ; 0.307      ;
; 0.186 ; rcon[3][2]                   ; rcon[3][2]                   ; clk          ; clk         ; 0.000        ; 0.037      ; 0.307      ;
; 0.186 ; rcon[3][5]                   ; rcon[3][5]                   ; clk          ; clk         ; 0.000        ; 0.037      ; 0.307      ;
; 0.186 ; rcon[3][6]                   ; rcon[3][6]                   ; clk          ; clk         ; 0.000        ; 0.037      ; 0.307      ;
; 0.186 ; rcon[3][7]                   ; rcon[3][7]                   ; clk          ; clk         ; 0.000        ; 0.037      ; 0.307      ;
; 0.186 ; word_register:word_3|out2[7] ; word_register:word_3|out2[7] ; clk          ; clk         ; 0.000        ; 0.037      ; 0.307      ;
; 0.186 ; word_register:word_3|out1[4] ; word_register:word_3|out1[4] ; clk          ; clk         ; 0.000        ; 0.037      ; 0.307      ;
; 0.186 ; word_register:word_3|out2[4] ; word_register:word_3|out2[4] ; clk          ; clk         ; 0.000        ; 0.037      ; 0.307      ;
; 0.186 ; word_register:word_3|out1[3] ; word_register:word_3|out1[3] ; clk          ; clk         ; 0.000        ; 0.037      ; 0.307      ;
; 0.186 ; word_register:word_3|out3[3] ; word_register:word_3|out3[3] ; clk          ; clk         ; 0.000        ; 0.037      ; 0.307      ;
; 0.186 ; word_register:word_3|out2[3] ; word_register:word_3|out2[3] ; clk          ; clk         ; 0.000        ; 0.037      ; 0.307      ;
; 0.186 ; word_register:word_3|out2[2] ; word_register:word_3|out2[2] ; clk          ; clk         ; 0.000        ; 0.037      ; 0.307      ;
; 0.186 ; word_register:word_3|out1[2] ; word_register:word_3|out1[2] ; clk          ; clk         ; 0.000        ; 0.037      ; 0.307      ;
; 0.186 ; word_register:word_3|out1[1] ; word_register:word_3|out1[1] ; clk          ; clk         ; 0.000        ; 0.037      ; 0.307      ;
; 0.186 ; word_register:word_3|out2[1] ; word_register:word_3|out2[1] ; clk          ; clk         ; 0.000        ; 0.037      ; 0.307      ;
; 0.186 ; word_register:word_3|out3[0] ; word_register:word_3|out3[0] ; clk          ; clk         ; 0.000        ; 0.037      ; 0.307      ;
; 0.187 ; counter[0]                   ; counter[0]                   ; clk          ; clk         ; 0.000        ; 0.036      ; 0.307      ;
; 0.187 ; counter[1]                   ; counter[1]                   ; clk          ; clk         ; 0.000        ; 0.036      ; 0.307      ;
; 0.187 ; round[1]                     ; round[1]                     ; clk          ; clk         ; 0.000        ; 0.036      ; 0.307      ;
; 0.187 ; round[2]                     ; round[2]                     ; clk          ; clk         ; 0.000        ; 0.036      ; 0.307      ;
; 0.187 ; round[3]                     ; round[3]                     ; clk          ; clk         ; 0.000        ; 0.036      ; 0.307      ;
; 0.187 ; word_register:word_3|out1[7] ; word_register:word_3|out1[7] ; clk          ; clk         ; 0.000        ; 0.036      ; 0.307      ;
; 0.187 ; word_register:word_3|out3[7] ; word_register:word_3|out3[7] ; clk          ; clk         ; 0.000        ; 0.036      ; 0.307      ;
; 0.187 ; word_register:word_3|out0[7] ; word_register:word_3|out0[7] ; clk          ; clk         ; 0.000        ; 0.036      ; 0.307      ;
; 0.187 ; word_register:word_3|out1[6] ; word_register:word_3|out1[6] ; clk          ; clk         ; 0.000        ; 0.036      ; 0.307      ;
; 0.187 ; word_register:word_3|out2[6] ; word_register:word_3|out2[6] ; clk          ; clk         ; 0.000        ; 0.036      ; 0.307      ;
; 0.187 ; word_register:word_3|out3[6] ; word_register:word_3|out3[6] ; clk          ; clk         ; 0.000        ; 0.036      ; 0.307      ;
; 0.187 ; word_register:word_3|out0[6] ; word_register:word_3|out0[6] ; clk          ; clk         ; 0.000        ; 0.036      ; 0.307      ;
; 0.187 ; word_register:word_3|out1[5] ; word_register:word_3|out1[5] ; clk          ; clk         ; 0.000        ; 0.036      ; 0.307      ;
; 0.187 ; word_register:word_3|out3[5] ; word_register:word_3|out3[5] ; clk          ; clk         ; 0.000        ; 0.036      ; 0.307      ;
; 0.187 ; word_register:word_3|out0[5] ; word_register:word_3|out0[5] ; clk          ; clk         ; 0.000        ; 0.036      ; 0.307      ;
; 0.187 ; word_register:word_3|out2[5] ; word_register:word_3|out2[5] ; clk          ; clk         ; 0.000        ; 0.036      ; 0.307      ;
; 0.187 ; word_register:word_3|out3[4] ; word_register:word_3|out3[4] ; clk          ; clk         ; 0.000        ; 0.036      ; 0.307      ;
; 0.187 ; word_register:word_3|out0[4] ; word_register:word_3|out0[4] ; clk          ; clk         ; 0.000        ; 0.036      ; 0.307      ;
; 0.187 ; word_register:word_3|out0[3] ; word_register:word_3|out0[3] ; clk          ; clk         ; 0.000        ; 0.036      ; 0.307      ;
; 0.187 ; word_register:word_3|out0[2] ; word_register:word_3|out0[2] ; clk          ; clk         ; 0.000        ; 0.036      ; 0.307      ;
; 0.187 ; word_register:word_3|out3[2] ; word_register:word_3|out3[2] ; clk          ; clk         ; 0.000        ; 0.036      ; 0.307      ;
; 0.187 ; word_register:word_3|out0[1] ; word_register:word_3|out0[1] ; clk          ; clk         ; 0.000        ; 0.036      ; 0.307      ;
; 0.187 ; word_register:word_3|out3[1] ; word_register:word_3|out3[1] ; clk          ; clk         ; 0.000        ; 0.036      ; 0.307      ;
; 0.187 ; word_register:word_3|out1[0] ; word_register:word_3|out1[0] ; clk          ; clk         ; 0.000        ; 0.036      ; 0.307      ;
; 0.187 ; word_register:word_3|out2[0] ; word_register:word_3|out2[0] ; clk          ; clk         ; 0.000        ; 0.036      ; 0.307      ;
; 0.187 ; word_register:word_3|out0[0] ; word_register:word_3|out0[0] ; clk          ; clk         ; 0.000        ; 0.036      ; 0.307      ;
; 0.192 ; word_register:word_1|out1[7] ; word_register:word_0|out1[7] ; clk          ; clk         ; 0.000        ; 0.037      ; 0.313      ;
; 0.193 ; word_register:word_2|out3[7] ; word_register:word_1|out3[7] ; clk          ; clk         ; 0.000        ; 0.037      ; 0.314      ;
; 0.193 ; word_register:word_2|out3[6] ; word_register:word_1|out3[6] ; clk          ; clk         ; 0.000        ; 0.036      ; 0.313      ;
; 0.193 ; word_register:word_2|out3[3] ; word_register:word_1|out3[3] ; clk          ; clk         ; 0.000        ; 0.037      ; 0.314      ;
; 0.193 ; word_register:word_0|out0[4] ; word_register:word_3|out0[4] ; clk          ; clk         ; 0.000        ; 0.036      ; 0.313      ;
; 0.193 ; word_register:word_0|out0[1] ; word_register:word_3|out0[1] ; clk          ; clk         ; 0.000        ; 0.036      ; 0.313      ;
; 0.194 ; word_register:word_1|out0[0] ; word_register:word_0|out0[0] ; clk          ; clk         ; 0.000        ; 0.036      ; 0.314      ;
; 0.194 ; word_register:word_1|out3[6] ; word_register:word_0|out3[6] ; clk          ; clk         ; 0.000        ; 0.036      ; 0.314      ;
; 0.194 ; word_register:word_2|out3[5] ; word_register:word_1|out3[5] ; clk          ; clk         ; 0.000        ; 0.036      ; 0.314      ;
; 0.194 ; word_register:word_1|out3[5] ; word_register:word_0|out3[5] ; clk          ; clk         ; 0.000        ; 0.036      ; 0.314      ;
; 0.194 ; word_register:word_2|out0[5] ; word_register:word_1|out0[5] ; clk          ; clk         ; 0.000        ; 0.036      ; 0.314      ;
; 0.194 ; word_register:word_2|out2[5] ; word_register:word_1|out2[5] ; clk          ; clk         ; 0.000        ; 0.036      ; 0.314      ;
; 0.194 ; word_register:word_2|out3[4] ; word_register:word_1|out3[4] ; clk          ; clk         ; 0.000        ; 0.036      ; 0.314      ;
; 0.194 ; word_register:word_1|out3[4] ; word_register:word_0|out3[4] ; clk          ; clk         ; 0.000        ; 0.036      ; 0.314      ;
; 0.194 ; word_register:word_2|out0[4] ; word_register:word_1|out0[4] ; clk          ; clk         ; 0.000        ; 0.036      ; 0.314      ;
; 0.194 ; word_register:word_1|out0[4] ; word_register:word_0|out0[4] ; clk          ; clk         ; 0.000        ; 0.036      ; 0.314      ;
; 0.194 ; word_register:word_2|out2[2] ; word_register:word_1|out2[2] ; clk          ; clk         ; 0.000        ; 0.037      ; 0.315      ;
; 0.194 ; word_register:word_2|out0[1] ; word_register:word_1|out0[1] ; clk          ; clk         ; 0.000        ; 0.036      ; 0.314      ;
; 0.194 ; word_register:word_2|out2[1] ; word_register:word_1|out2[1] ; clk          ; clk         ; 0.000        ; 0.037      ; 0.315      ;
; 0.194 ; word_register:word_2|out2[0] ; word_register:word_1|out2[0] ; clk          ; clk         ; 0.000        ; 0.036      ; 0.314      ;
; 0.194 ; word_register:word_1|out2[0] ; word_register:word_0|out2[0] ; clk          ; clk         ; 0.000        ; 0.036      ; 0.314      ;
; 0.195 ; word_register:word_2|out0[0] ; word_register:word_1|out0[0] ; clk          ; clk         ; 0.000        ; 0.036      ; 0.315      ;
; 0.195 ; word_register:word_2|out0[7] ; word_register:word_1|out0[7] ; clk          ; clk         ; 0.000        ; 0.036      ; 0.315      ;
; 0.195 ; word_register:word_1|out1[0] ; word_register:word_0|out1[0] ; clk          ; clk         ; 0.000        ; 0.036      ; 0.315      ;
; 0.195 ; word_register:word_0|out0[6] ; word_register:word_3|out0[6] ; clk          ; clk         ; 0.000        ; 0.036      ; 0.315      ;
; 0.195 ; word_register:word_0|out0[0] ; word_register:word_3|out0[0] ; clk          ; clk         ; 0.000        ; 0.036      ; 0.315      ;
; 0.196 ; word_register:word_2|out0[6] ; word_register:word_1|out0[6] ; clk          ; clk         ; 0.000        ; 0.036      ; 0.316      ;
; 0.196 ; word_register:word_1|out1[5] ; word_register:word_0|out1[5] ; clk          ; clk         ; 0.000        ; 0.036      ; 0.316      ;
; 0.196 ; word_register:word_2|out3[2] ; word_register:word_1|out3[2] ; clk          ; clk         ; 0.000        ; 0.036      ; 0.316      ;
; 0.196 ; word_register:word_2|out3[1] ; word_register:word_1|out3[1] ; clk          ; clk         ; 0.000        ; 0.036      ; 0.316      ;
; 0.196 ; word_register:word_1|out1[1] ; word_register:word_0|out1[1] ; clk          ; clk         ; 0.000        ; 0.037      ; 0.317      ;
; 0.196 ; word_register:word_2|out1[0] ; word_register:word_1|out1[0] ; clk          ; clk         ; 0.000        ; 0.036      ; 0.316      ;
; 0.204 ; word_register:word_3|out1[1] ; word_register:word_2|out1[1] ; clk          ; clk         ; 0.000        ; 0.037      ; 0.325      ;
; 0.205 ; word_register:word_3|out3[1] ; word_register:word_2|out3[1] ; clk          ; clk         ; 0.000        ; 0.036      ; 0.325      ;
; 0.206 ; word_register:word_3|out2[7] ; word_register:word_2|out2[7] ; clk          ; clk         ; 0.000        ; 0.037      ; 0.327      ;
; 0.206 ; word_register:word_3|out0[5] ; word_register:word_2|out0[5] ; clk          ; clk         ; 0.000        ; 0.036      ; 0.326      ;
; 0.206 ; word_register:word_3|out2[5] ; word_register:word_2|out2[5] ; clk          ; clk         ; 0.000        ; 0.036      ; 0.326      ;
; 0.207 ; word_register:word_3|out1[5] ; word_register:word_2|out1[5] ; clk          ; clk         ; 0.000        ; 0.036      ; 0.327      ;
; 0.207 ; word_register:word_3|out1[3] ; word_register:word_2|out1[3] ; clk          ; clk         ; 0.000        ; 0.037      ; 0.328      ;
; 0.207 ; word_register:word_3|out0[1] ; word_register:word_2|out0[1] ; clk          ; clk         ; 0.000        ; 0.036      ; 0.327      ;
; 0.207 ; word_register:word_3|out3[0] ; word_register:word_2|out3[0] ; clk          ; clk         ; 0.000        ; 0.037      ; 0.328      ;
; 0.208 ; word_register:word_3|out0[0] ; word_register:word_2|out0[0] ; clk          ; clk         ; 0.000        ; 0.036      ; 0.328      ;
; 0.208 ; word_register:word_3|out3[2] ; word_register:word_2|out3[2] ; clk          ; clk         ; 0.000        ; 0.036      ; 0.328      ;
; 0.208 ; word_register:word_3|out1[0] ; word_register:word_2|out1[0] ; clk          ; clk         ; 0.000        ; 0.036      ; 0.328      ;
; 0.209 ; word_register:word_3|out3[3] ; word_register:word_2|out3[3] ; clk          ; clk         ; 0.000        ; 0.037      ; 0.330      ;
; 0.219 ; state.init_sub               ; round[0]                     ; clk          ; clk         ; 0.000        ; 0.037      ; 0.340      ;
; 0.220 ; state.init_sub               ; rcon[3][0]                   ; clk          ; clk         ; 0.000        ; 0.037      ; 0.341      ;
; 0.250 ; state.idle                   ; word_register:word_0|out3[0] ; clk          ; clk         ; 0.000        ; 0.037      ; 0.371      ;
; 0.251 ; word_register:word_2|out1[2] ; word_register:word_1|out1[2] ; clk          ; clk         ; 0.000        ; 0.037      ; 0.372      ;
; 0.252 ; word_register:word_2|out1[5] ; word_register:word_1|out1[5] ; clk          ; clk         ; 0.000        ; 0.036      ; 0.372      ;
; 0.252 ; word_register:word_1|out2[2] ; word_register:word_0|out2[2] ; clk          ; clk         ; 0.000        ; 0.037      ; 0.373      ;
; 0.252 ; word_register:word_1|out2[1] ; word_register:word_0|out2[1] ; clk          ; clk         ; 0.000        ; 0.037      ; 0.373      ;
; 0.253 ; state.idle                   ; word_register:word_0|out2[3] ; clk          ; clk         ; 0.000        ; 0.037      ; 0.374      ;
; 0.253 ; word_register:word_1|out3[1] ; word_register:word_0|out3[1] ; clk          ; clk         ; 0.000        ; 0.036      ; 0.373      ;
; 0.254 ; word_register:word_1|out0[7] ; word_register:word_0|out0[7] ; clk          ; clk         ; 0.000        ; 0.036      ; 0.374      ;
+-------+------------------------------+------------------------------+--------------+-------------+--------------+------------+------------+


+----------------------------------------------------------------------------------------------------------------------------------------------------------------------------------------+
; Fast 1200mV 0C Model Minimum Pulse Width: 'clk'                                                                                                                                        ;
+--------+--------------+----------------+------------+-------+------------+-------------------------------------------------------------------------------------------------------------+
; Slack  ; Actual Width ; Required Width ; Type       ; Clock ; Clock Edge ; Target                                                                                                      ;
+--------+--------------+----------------+------------+-------+------------+-------------------------------------------------------------------------------------------------------------+
; -3.000 ; 1.000        ; 4.000          ; Port Rate  ; clk   ; Rise       ; clk                                                                                                         ;
; -1.000 ; 1.000        ; 2.000          ; Min Period ; clk   ; Rise       ; byte_register:aux_register_0|data_out[0]                                                                    ;
; -1.000 ; 1.000        ; 2.000          ; Min Period ; clk   ; Rise       ; byte_register:aux_register_0|data_out[1]                                                                    ;
; -1.000 ; 1.000        ; 2.000          ; Min Period ; clk   ; Rise       ; byte_register:aux_register_0|data_out[2]                                                                    ;
; -1.000 ; 1.000        ; 2.000          ; Min Period ; clk   ; Rise       ; byte_register:aux_register_0|data_out[3]                                                                    ;
; -1.000 ; 1.000        ; 2.000          ; Min Period ; clk   ; Rise       ; byte_register:aux_register_0|data_out[4]                                                                    ;
; -1.000 ; 1.000        ; 2.000          ; Min Period ; clk   ; Rise       ; byte_register:aux_register_0|data_out[5]                                                                    ;
; -1.000 ; 1.000        ; 2.000          ; Min Period ; clk   ; Rise       ; byte_register:aux_register_0|data_out[6]                                                                    ;
; -1.000 ; 1.000        ; 2.000          ; Min Period ; clk   ; Rise       ; byte_register:aux_register_0|data_out[7]                                                                    ;
; -1.000 ; 1.000        ; 2.000          ; Min Period ; clk   ; Rise       ; byte_register:aux_register_1|data_out[0]                                                                    ;
; -1.000 ; 1.000        ; 2.000          ; Min Period ; clk   ; Rise       ; byte_register:aux_register_1|data_out[1]                                                                    ;
; -1.000 ; 1.000        ; 2.000          ; Min Period ; clk   ; Rise       ; byte_register:aux_register_1|data_out[2]                                                                    ;
; -1.000 ; 1.000        ; 2.000          ; Min Period ; clk   ; Rise       ; byte_register:aux_register_1|data_out[3]                                                                    ;
; -1.000 ; 1.000        ; 2.000          ; Min Period ; clk   ; Rise       ; byte_register:aux_register_1|data_out[4]                                                                    ;
; -1.000 ; 1.000        ; 2.000          ; Min Period ; clk   ; Rise       ; byte_register:aux_register_1|data_out[5]                                                                    ;
; -1.000 ; 1.000        ; 2.000          ; Min Period ; clk   ; Rise       ; byte_register:aux_register_1|data_out[6]                                                                    ;
; -1.000 ; 1.000        ; 2.000          ; Min Period ; clk   ; Rise       ; byte_register:aux_register_1|data_out[7]                                                                    ;
; -1.000 ; 1.000        ; 2.000          ; Min Period ; clk   ; Rise       ; byte_register:aux_register_2|data_out[0]                                                                    ;
; -1.000 ; 1.000        ; 2.000          ; Min Period ; clk   ; Rise       ; byte_register:aux_register_2|data_out[1]                                                                    ;
; -1.000 ; 1.000        ; 2.000          ; Min Period ; clk   ; Rise       ; byte_register:aux_register_2|data_out[2]                                                                    ;
; -1.000 ; 1.000        ; 2.000          ; Min Period ; clk   ; Rise       ; byte_register:aux_register_2|data_out[3]                                                                    ;
; -1.000 ; 1.000        ; 2.000          ; Min Period ; clk   ; Rise       ; byte_register:aux_register_2|data_out[4]                                                                    ;
; -1.000 ; 1.000        ; 2.000          ; Min Period ; clk   ; Rise       ; byte_register:aux_register_2|data_out[5]                                                                    ;
; -1.000 ; 1.000        ; 2.000          ; Min Period ; clk   ; Rise       ; byte_register:aux_register_2|data_out[6]                                                                    ;
; -1.000 ; 1.000        ; 2.000          ; Min Period ; clk   ; Rise       ; byte_register:aux_register_2|data_out[7]                                                                    ;
; -1.000 ; 1.000        ; 2.000          ; Min Period ; clk   ; Rise       ; byte_register:aux_register_3|data_out[0]                                                                    ;
; -1.000 ; 1.000        ; 2.000          ; Min Period ; clk   ; Rise       ; byte_register:aux_register_3|data_out[1]                                                                    ;
; -1.000 ; 1.000        ; 2.000          ; Min Period ; clk   ; Rise       ; byte_register:aux_register_3|data_out[2]                                                                    ;
; -1.000 ; 1.000        ; 2.000          ; Min Period ; clk   ; Rise       ; byte_register:aux_register_3|data_out[3]                                                                    ;
; -1.000 ; 1.000        ; 2.000          ; Min Period ; clk   ; Rise       ; byte_register:aux_register_3|data_out[4]                                                                    ;
; -1.000 ; 1.000        ; 2.000          ; Min Period ; clk   ; Rise       ; byte_register:aux_register_3|data_out[5]                                                                    ;
; -1.000 ; 1.000        ; 2.000          ; Min Period ; clk   ; Rise       ; byte_register:aux_register_3|data_out[6]                                                                    ;
; -1.000 ; 1.000        ; 2.000          ; Min Period ; clk   ; Rise       ; byte_register:aux_register_3|data_out[7]                                                                    ;
; -1.000 ; 1.000        ; 2.000          ; Min Period ; clk   ; Rise       ; counter[0]                                                                                                  ;
; -1.000 ; 1.000        ; 2.000          ; Min Period ; clk   ; Rise       ; counter[1]                                                                                                  ;
; -1.000 ; 1.000        ; 2.000          ; Min Period ; clk   ; Rise       ; rcon[3][0]                                                                                                  ;
; -1.000 ; 1.000        ; 2.000          ; Min Period ; clk   ; Rise       ; rcon[3][1]                                                                                                  ;
; -1.000 ; 1.000        ; 2.000          ; Min Period ; clk   ; Rise       ; rcon[3][2]                                                                                                  ;
; -1.000 ; 1.000        ; 2.000          ; Min Period ; clk   ; Rise       ; rcon[3][3]                                                                                                  ;
; -1.000 ; 1.000        ; 2.000          ; Min Period ; clk   ; Rise       ; rcon[3][4]                                                                                                  ;
; -1.000 ; 1.000        ; 2.000          ; Min Period ; clk   ; Rise       ; rcon[3][5]                                                                                                  ;
; -1.000 ; 1.000        ; 2.000          ; Min Period ; clk   ; Rise       ; rcon[3][6]                                                                                                  ;
; -1.000 ; 1.000        ; 2.000          ; Min Period ; clk   ; Rise       ; rcon[3][7]                                                                                                  ;
; -1.000 ; 1.000        ; 2.000          ; Min Period ; clk   ; Rise       ; round[0]                                                                                                    ;
; -1.000 ; 1.000        ; 2.000          ; Min Period ; clk   ; Rise       ; round[1]                                                                                                    ;
; -1.000 ; 1.000        ; 2.000          ; Min Period ; clk   ; Rise       ; round[2]                                                                                                    ;
; -1.000 ; 1.000        ; 2.000          ; Min Period ; clk   ; Rise       ; round[3]                                                                                                    ;
; -1.000 ; 1.000        ; 2.000          ; Min Period ; clk   ; Rise       ; sbox_rom_sinc:AES_sbox|altsyncram:Mux7_rtl_0|altsyncram_md11:auto_generated|ram_block1a0~porta_address_reg0 ;
; -1.000 ; 1.000        ; 2.000          ; Min Period ; clk   ; Rise       ; state.end_round                                                                                             ;
; -1.000 ; 1.000        ; 2.000          ; Min Period ; clk   ; Rise       ; state.idle                                                                                                  ;
; -1.000 ; 1.000        ; 2.000          ; Min Period ; clk   ; Rise       ; state.init_sub                                                                                              ;
; -1.000 ; 1.000        ; 2.000          ; Min Period ; clk   ; Rise       ; state.shift_words                                                                                           ;
; -1.000 ; 1.000        ; 2.000          ; Min Period ; clk   ; Rise       ; state.start                                                                                                 ;
; -1.000 ; 1.000        ; 2.000          ; Min Period ; clk   ; Rise       ; state.sub_bytes_0                                                                                           ;
; -1.000 ; 1.000        ; 2.000          ; Min Period ; clk   ; Rise       ; state.sub_bytes_1                                                                                           ;
; -1.000 ; 1.000        ; 2.000          ; Min Period ; clk   ; Rise       ; state.sub_bytes_2                                                                                           ;
; -1.000 ; 1.000        ; 2.000          ; Min Period ; clk   ; Rise       ; state.sub_bytes_3                                                                                           ;
; -1.000 ; 1.000        ; 2.000          ; Min Period ; clk   ; Rise       ; word_register:word_0|out0[0]                                                                                ;
; -1.000 ; 1.000        ; 2.000          ; Min Period ; clk   ; Rise       ; word_register:word_0|out0[1]                                                                                ;
; -1.000 ; 1.000        ; 2.000          ; Min Period ; clk   ; Rise       ; word_register:word_0|out0[2]                                                                                ;
; -1.000 ; 1.000        ; 2.000          ; Min Period ; clk   ; Rise       ; word_register:word_0|out0[3]                                                                                ;
; -1.000 ; 1.000        ; 2.000          ; Min Period ; clk   ; Rise       ; word_register:word_0|out0[4]                                                                                ;
; -1.000 ; 1.000        ; 2.000          ; Min Period ; clk   ; Rise       ; word_register:word_0|out0[5]                                                                                ;
; -1.000 ; 1.000        ; 2.000          ; Min Period ; clk   ; Rise       ; word_register:word_0|out0[6]                                                                                ;
; -1.000 ; 1.000        ; 2.000          ; Min Period ; clk   ; Rise       ; word_register:word_0|out0[7]                                                                                ;
; -1.000 ; 1.000        ; 2.000          ; Min Period ; clk   ; Rise       ; word_register:word_0|out1[0]                                                                                ;
; -1.000 ; 1.000        ; 2.000          ; Min Period ; clk   ; Rise       ; word_register:word_0|out1[1]                                                                                ;
; -1.000 ; 1.000        ; 2.000          ; Min Period ; clk   ; Rise       ; word_register:word_0|out1[2]                                                                                ;
; -1.000 ; 1.000        ; 2.000          ; Min Period ; clk   ; Rise       ; word_register:word_0|out1[3]                                                                                ;
; -1.000 ; 1.000        ; 2.000          ; Min Period ; clk   ; Rise       ; word_register:word_0|out1[4]                                                                                ;
; -1.000 ; 1.000        ; 2.000          ; Min Period ; clk   ; Rise       ; word_register:word_0|out1[5]                                                                                ;
; -1.000 ; 1.000        ; 2.000          ; Min Period ; clk   ; Rise       ; word_register:word_0|out1[6]                                                                                ;
; -1.000 ; 1.000        ; 2.000          ; Min Period ; clk   ; Rise       ; word_register:word_0|out1[7]                                                                                ;
; -1.000 ; 1.000        ; 2.000          ; Min Period ; clk   ; Rise       ; word_register:word_0|out2[0]                                                                                ;
; -1.000 ; 1.000        ; 2.000          ; Min Period ; clk   ; Rise       ; word_register:word_0|out2[1]                                                                                ;
; -1.000 ; 1.000        ; 2.000          ; Min Period ; clk   ; Rise       ; word_register:word_0|out2[2]                                                                                ;
; -1.000 ; 1.000        ; 2.000          ; Min Period ; clk   ; Rise       ; word_register:word_0|out2[3]                                                                                ;
; -1.000 ; 1.000        ; 2.000          ; Min Period ; clk   ; Rise       ; word_register:word_0|out2[4]                                                                                ;
; -1.000 ; 1.000        ; 2.000          ; Min Period ; clk   ; Rise       ; word_register:word_0|out2[5]                                                                                ;
; -1.000 ; 1.000        ; 2.000          ; Min Period ; clk   ; Rise       ; word_register:word_0|out2[6]                                                                                ;
; -1.000 ; 1.000        ; 2.000          ; Min Period ; clk   ; Rise       ; word_register:word_0|out2[7]                                                                                ;
; -1.000 ; 1.000        ; 2.000          ; Min Period ; clk   ; Rise       ; word_register:word_0|out3[0]                                                                                ;
; -1.000 ; 1.000        ; 2.000          ; Min Period ; clk   ; Rise       ; word_register:word_0|out3[1]                                                                                ;
; -1.000 ; 1.000        ; 2.000          ; Min Period ; clk   ; Rise       ; word_register:word_0|out3[2]                                                                                ;
; -1.000 ; 1.000        ; 2.000          ; Min Period ; clk   ; Rise       ; word_register:word_0|out3[3]                                                                                ;
; -1.000 ; 1.000        ; 2.000          ; Min Period ; clk   ; Rise       ; word_register:word_0|out3[4]                                                                                ;
; -1.000 ; 1.000        ; 2.000          ; Min Period ; clk   ; Rise       ; word_register:word_0|out3[5]                                                                                ;
; -1.000 ; 1.000        ; 2.000          ; Min Period ; clk   ; Rise       ; word_register:word_0|out3[6]                                                                                ;
; -1.000 ; 1.000        ; 2.000          ; Min Period ; clk   ; Rise       ; word_register:word_0|out3[7]                                                                                ;
; -1.000 ; 1.000        ; 2.000          ; Min Period ; clk   ; Rise       ; word_register:word_1|out0[0]                                                                                ;
; -1.000 ; 1.000        ; 2.000          ; Min Period ; clk   ; Rise       ; word_register:word_1|out0[1]                                                                                ;
; -1.000 ; 1.000        ; 2.000          ; Min Period ; clk   ; Rise       ; word_register:word_1|out0[2]                                                                                ;
; -1.000 ; 1.000        ; 2.000          ; Min Period ; clk   ; Rise       ; word_register:word_1|out0[3]                                                                                ;
; -1.000 ; 1.000        ; 2.000          ; Min Period ; clk   ; Rise       ; word_register:word_1|out0[4]                                                                                ;
; -1.000 ; 1.000        ; 2.000          ; Min Period ; clk   ; Rise       ; word_register:word_1|out0[5]                                                                                ;
; -1.000 ; 1.000        ; 2.000          ; Min Period ; clk   ; Rise       ; word_register:word_1|out0[6]                                                                                ;
; -1.000 ; 1.000        ; 2.000          ; Min Period ; clk   ; Rise       ; word_register:word_1|out0[7]                                                                                ;
; -1.000 ; 1.000        ; 2.000          ; Min Period ; clk   ; Rise       ; word_register:word_1|out1[0]                                                                                ;
; -1.000 ; 1.000        ; 2.000          ; Min Period ; clk   ; Rise       ; word_register:word_1|out1[1]                                                                                ;
; -1.000 ; 1.000        ; 2.000          ; Min Period ; clk   ; Rise       ; word_register:word_1|out1[2]                                                                                ;
+--------+--------------+----------------+------------+-------+------------+-------------------------------------------------------------------------------------------------------------+


+-----------------------------------------------------------------------+
; Setup Times                                                           ;
+-----------+------------+-------+-------+------------+-----------------+
; Data Port ; Clock Port ; Rise  ; Fall  ; Clock Edge ; Clock Reference ;
+-----------+------------+-------+-------+------------+-----------------+
; reset     ; clk        ; 0.107 ; 0.406 ; Rise       ; clk             ;
+-----------+------------+-------+-------+------------+-----------------+


+------------------------------------------------------------------------+
; Hold Times                                                             ;
+-----------+------------+-------+--------+------------+-----------------+
; Data Port ; Clock Port ; Rise  ; Fall   ; Clock Edge ; Clock Reference ;
+-----------+------------+-------+--------+------------+-----------------+
; reset     ; clk        ; 0.025 ; -0.300 ; Rise       ; clk             ;
+-----------+------------+-------+--------+------------+-----------------+


+-----------------------------------------------------------------------------+
; Clock to Output Times                                                       ;
+-----------------+------------+-------+-------+------------+-----------------+
; Data Port       ; Clock Port ; Rise  ; Fall  ; Clock Edge ; Clock Reference ;
+-----------------+------------+-------+-------+------------+-----------------+
; aux_out[*]      ; clk        ; 4.623 ; 4.829 ; Rise       ; clk             ;
;  aux_out[0]     ; clk        ; 3.648 ; 3.750 ; Rise       ; clk             ;
;  aux_out[1]     ; clk        ; 4.310 ; 4.460 ; Rise       ; clk             ;
;  aux_out[2]     ; clk        ; 3.460 ; 3.574 ; Rise       ; clk             ;
;  aux_out[3]     ; clk        ; 3.505 ; 3.615 ; Rise       ; clk             ;
;  aux_out[4]     ; clk        ; 3.733 ; 3.871 ; Rise       ; clk             ;
;  aux_out[5]     ; clk        ; 3.262 ; 3.344 ; Rise       ; clk             ;
;  aux_out[6]     ; clk        ; 3.626 ; 3.744 ; Rise       ; clk             ;
;  aux_out[7]     ; clk        ; 3.485 ; 3.605 ; Rise       ; clk             ;
;  aux_out[8]     ; clk        ; 3.259 ; 3.339 ; Rise       ; clk             ;
;  aux_out[9]     ; clk        ; 3.766 ; 3.926 ; Rise       ; clk             ;
;  aux_out[10]    ; clk        ; 3.509 ; 3.627 ; Rise       ; clk             ;
;  aux_out[11]    ; clk        ; 3.221 ; 3.304 ; Rise       ; clk             ;
;  aux_out[12]    ; clk        ; 4.623 ; 4.829 ; Rise       ; clk             ;
;  aux_out[13]    ; clk        ; 3.698 ; 3.850 ; Rise       ; clk             ;
;  aux_out[14]    ; clk        ; 3.644 ; 3.793 ; Rise       ; clk             ;
;  aux_out[15]    ; clk        ; 3.710 ; 3.839 ; Rise       ; clk             ;
;  aux_out[16]    ; clk        ; 3.865 ; 4.027 ; Rise       ; clk             ;
;  aux_out[17]    ; clk        ; 3.822 ; 3.961 ; Rise       ; clk             ;
;  aux_out[18]    ; clk        ; 3.444 ; 3.555 ; Rise       ; clk             ;
;  aux_out[19]    ; clk        ; 3.261 ; 3.347 ; Rise       ; clk             ;
;  aux_out[20]    ; clk        ; 3.838 ; 3.971 ; Rise       ; clk             ;
;  aux_out[21]    ; clk        ; 3.801 ; 3.940 ; Rise       ; clk             ;
;  aux_out[22]    ; clk        ; 3.738 ; 3.871 ; Rise       ; clk             ;
;  aux_out[23]    ; clk        ; 3.479 ; 3.615 ; Rise       ; clk             ;
;  aux_out[24]    ; clk        ; 3.823 ; 3.970 ; Rise       ; clk             ;
;  aux_out[25]    ; clk        ; 3.468 ; 3.598 ; Rise       ; clk             ;
;  aux_out[26]    ; clk        ; 3.556 ; 3.691 ; Rise       ; clk             ;
;  aux_out[27]    ; clk        ; 3.580 ; 3.704 ; Rise       ; clk             ;
;  aux_out[28]    ; clk        ; 3.581 ; 3.707 ; Rise       ; clk             ;
;  aux_out[29]    ; clk        ; 3.652 ; 3.786 ; Rise       ; clk             ;
;  aux_out[30]    ; clk        ; 3.563 ; 3.697 ; Rise       ; clk             ;
;  aux_out[31]    ; clk        ; 3.553 ; 3.675 ; Rise       ; clk             ;
; counter_out[*]  ; clk        ; 3.288 ; 3.395 ; Rise       ; clk             ;
;  counter_out[0] ; clk        ; 3.149 ; 3.241 ; Rise       ; clk             ;
;  counter_out[1] ; clk        ; 3.288 ; 3.395 ; Rise       ; clk             ;
; key_word[*]     ; clk        ; 4.378 ; 4.558 ; Rise       ; clk             ;
;  key_word[0]    ; clk        ; 3.305 ; 3.425 ; Rise       ; clk             ;
;  key_word[1]    ; clk        ; 3.497 ; 3.618 ; Rise       ; clk             ;
;  key_word[2]    ; clk        ; 4.378 ; 4.558 ; Rise       ; clk             ;
;  key_word[3]    ; clk        ; 3.445 ; 3.569 ; Rise       ; clk             ;
;  key_word[4]    ; clk        ; 3.348 ; 3.465 ; Rise       ; clk             ;
;  key_word[5]    ; clk        ; 3.319 ; 3.447 ; Rise       ; clk             ;
;  key_word[6]    ; clk        ; 3.572 ; 3.708 ; Rise       ; clk             ;
;  key_word[7]    ; clk        ; 3.464 ; 3.588 ; Rise       ; clk             ;
;  key_word[8]    ; clk        ; 3.315 ; 3.426 ; Rise       ; clk             ;
;  key_word[9]    ; clk        ; 3.194 ; 3.294 ; Rise       ; clk             ;
;  key_word[10]   ; clk        ; 3.154 ; 3.238 ; Rise       ; clk             ;
;  key_word[11]   ; clk        ; 3.058 ; 3.152 ; Rise       ; clk             ;
;  key_word[12]   ; clk        ; 3.099 ; 3.189 ; Rise       ; clk             ;
;  key_word[13]   ; clk        ; 3.453 ; 3.574 ; Rise       ; clk             ;
;  key_word[14]   ; clk        ; 3.241 ; 3.337 ; Rise       ; clk             ;
;  key_word[15]   ; clk        ; 3.095 ; 3.190 ; Rise       ; clk             ;
;  key_word[16]   ; clk        ; 3.237 ; 3.355 ; Rise       ; clk             ;
;  key_word[17]   ; clk        ; 3.532 ; 3.662 ; Rise       ; clk             ;
;  key_word[18]   ; clk        ; 3.445 ; 3.561 ; Rise       ; clk             ;
;  key_word[19]   ; clk        ; 3.072 ; 3.159 ; Rise       ; clk             ;
;  key_word[20]   ; clk        ; 3.471 ; 3.594 ; Rise       ; clk             ;
;  key_word[21]   ; clk        ; 3.413 ; 3.533 ; Rise       ; clk             ;
;  key_word[22]   ; clk        ; 3.304 ; 3.436 ; Rise       ; clk             ;
;  key_word[23]   ; clk        ; 3.844 ; 3.996 ; Rise       ; clk             ;
;  key_word[24]   ; clk        ; 3.327 ; 3.447 ; Rise       ; clk             ;
;  key_word[25]   ; clk        ; 3.316 ; 3.422 ; Rise       ; clk             ;
;  key_word[26]   ; clk        ; 3.432 ; 3.569 ; Rise       ; clk             ;
;  key_word[27]   ; clk        ; 3.089 ; 3.166 ; Rise       ; clk             ;
;  key_word[28]   ; clk        ; 3.380 ; 3.490 ; Rise       ; clk             ;
;  key_word[29]   ; clk        ; 3.089 ; 3.179 ; Rise       ; clk             ;
;  key_word[30]   ; clk        ; 3.139 ; 3.245 ; Rise       ; clk             ;
;  key_word[31]   ; clk        ; 3.208 ; 3.307 ; Rise       ; clk             ;
; rcon_out[*]     ; clk        ; 4.011 ; 4.145 ; Rise       ; clk             ;
;  rcon_out[24]   ; clk        ; 3.101 ; 3.188 ; Rise       ; clk             ;
;  rcon_out[25]   ; clk        ; 3.298 ; 3.408 ; Rise       ; clk             ;
;  rcon_out[26]   ; clk        ; 3.480 ; 3.608 ; Rise       ; clk             ;
;  rcon_out[27]   ; clk        ; 3.141 ; 3.229 ; Rise       ; clk             ;
;  rcon_out[28]   ; clk        ; 4.011 ; 4.145 ; Rise       ; clk             ;
;  rcon_out[29]   ; clk        ; 3.155 ; 3.246 ; Rise       ; clk             ;
;  rcon_out[30]   ; clk        ; 3.078 ; 3.164 ; Rise       ; clk             ;
;  rcon_out[31]   ; clk        ; 3.072 ; 3.163 ; Rise       ; clk             ;
; state_out[*]    ; clk        ; 4.047 ; 3.891 ; Rise       ; clk             ;
;  state_out[0]   ; clk        ; 4.047 ; 3.871 ; Rise       ; clk             ;
;  state_out[1]   ; clk        ; 3.913 ; 3.891 ; Rise       ; clk             ;
;  state_out[2]   ; clk        ; 3.420 ; 3.540 ; Rise       ; clk             ;
+-----------------+------------+-------+-------+------------+-----------------+


+-----------------------------------------------------------------------------+
; Minimum Clock to Output Times                                               ;
+-----------------+------------+-------+-------+------------+-----------------+
; Data Port       ; Clock Port ; Rise  ; Fall  ; Clock Edge ; Clock Reference ;
+-----------------+------------+-------+-------+------------+-----------------+
; aux_out[*]      ; clk        ; 3.150 ; 3.231 ; Rise       ; clk             ;
;  aux_out[0]     ; clk        ; 3.560 ; 3.659 ; Rise       ; clk             ;
;  aux_out[1]     ; clk        ; 4.233 ; 4.380 ; Rise       ; clk             ;
;  aux_out[2]     ; clk        ; 3.380 ; 3.490 ; Rise       ; clk             ;
;  aux_out[3]     ; clk        ; 3.423 ; 3.529 ; Rise       ; clk             ;
;  aux_out[4]     ; clk        ; 3.642 ; 3.775 ; Rise       ; clk             ;
;  aux_out[5]     ; clk        ; 3.190 ; 3.269 ; Rise       ; clk             ;
;  aux_out[6]     ; clk        ; 3.541 ; 3.656 ; Rise       ; clk             ;
;  aux_out[7]     ; clk        ; 3.404 ; 3.520 ; Rise       ; clk             ;
;  aux_out[8]     ; clk        ; 3.187 ; 3.265 ; Rise       ; clk             ;
;  aux_out[9]     ; clk        ; 3.674 ; 3.828 ; Rise       ; clk             ;
;  aux_out[10]    ; clk        ; 3.428 ; 3.541 ; Rise       ; clk             ;
;  aux_out[11]    ; clk        ; 3.150 ; 3.231 ; Rise       ; clk             ;
;  aux_out[12]    ; clk        ; 4.534 ; 4.735 ; Rise       ; clk             ;
;  aux_out[13]    ; clk        ; 3.610 ; 3.758 ; Rise       ; clk             ;
;  aux_out[14]    ; clk        ; 3.559 ; 3.703 ; Rise       ; clk             ;
;  aux_out[15]    ; clk        ; 3.620 ; 3.745 ; Rise       ; clk             ;
;  aux_out[16]    ; clk        ; 3.771 ; 3.929 ; Rise       ; clk             ;
;  aux_out[17]    ; clk        ; 3.728 ; 3.862 ; Rise       ; clk             ;
;  aux_out[18]    ; clk        ; 3.366 ; 3.472 ; Rise       ; clk             ;
;  aux_out[19]    ; clk        ; 3.190 ; 3.273 ; Rise       ; clk             ;
;  aux_out[20]    ; clk        ; 3.745 ; 3.872 ; Rise       ; clk             ;
;  aux_out[21]    ; clk        ; 3.708 ; 3.842 ; Rise       ; clk             ;
;  aux_out[22]    ; clk        ; 3.648 ; 3.776 ; Rise       ; clk             ;
;  aux_out[23]    ; clk        ; 3.401 ; 3.533 ; Rise       ; clk             ;
;  aux_out[24]    ; clk        ; 3.729 ; 3.870 ; Rise       ; clk             ;
;  aux_out[25]    ; clk        ; 3.388 ; 3.513 ; Rise       ; clk             ;
;  aux_out[26]    ; clk        ; 3.473 ; 3.602 ; Rise       ; clk             ;
;  aux_out[27]    ; clk        ; 3.496 ; 3.616 ; Rise       ; clk             ;
;  aux_out[28]    ; clk        ; 3.497 ; 3.619 ; Rise       ; clk             ;
;  aux_out[29]    ; clk        ; 3.566 ; 3.695 ; Rise       ; clk             ;
;  aux_out[30]    ; clk        ; 3.479 ; 3.609 ; Rise       ; clk             ;
;  aux_out[31]    ; clk        ; 3.471 ; 3.588 ; Rise       ; clk             ;
; counter_out[*]  ; clk        ; 3.084 ; 3.174 ; Rise       ; clk             ;
;  counter_out[0] ; clk        ; 3.084 ; 3.174 ; Rise       ; clk             ;
;  counter_out[1] ; clk        ; 3.216 ; 3.320 ; Rise       ; clk             ;
; key_word[*]     ; clk        ; 2.996 ; 3.087 ; Rise       ; clk             ;
;  key_word[0]    ; clk        ; 3.232 ; 3.347 ; Rise       ; clk             ;
;  key_word[1]    ; clk        ; 3.416 ; 3.533 ; Rise       ; clk             ;
;  key_word[2]    ; clk        ; 4.299 ; 4.475 ; Rise       ; clk             ;
;  key_word[3]    ; clk        ; 3.368 ; 3.487 ; Rise       ; clk             ;
;  key_word[4]    ; clk        ; 3.274 ; 3.386 ; Rise       ; clk             ;
;  key_word[5]    ; clk        ; 3.248 ; 3.372 ; Rise       ; clk             ;
;  key_word[6]    ; clk        ; 3.487 ; 3.619 ; Rise       ; clk             ;
;  key_word[7]    ; clk        ; 3.385 ; 3.504 ; Rise       ; clk             ;
;  key_word[8]    ; clk        ; 3.243 ; 3.351 ; Rise       ; clk             ;
;  key_word[9]    ; clk        ; 3.125 ; 3.221 ; Rise       ; clk             ;
;  key_word[10]   ; clk        ; 3.086 ; 3.167 ; Rise       ; clk             ;
;  key_word[11]   ; clk        ; 2.996 ; 3.087 ; Rise       ; clk             ;
;  key_word[12]   ; clk        ; 3.034 ; 3.121 ; Rise       ; clk             ;
;  key_word[13]   ; clk        ; 3.375 ; 3.491 ; Rise       ; clk             ;
;  key_word[14]   ; clk        ; 3.172 ; 3.264 ; Rise       ; clk             ;
;  key_word[15]   ; clk        ; 3.031 ; 3.123 ; Rise       ; clk             ;
;  key_word[16]   ; clk        ; 3.168 ; 3.283 ; Rise       ; clk             ;
;  key_word[17]   ; clk        ; 3.450 ; 3.575 ; Rise       ; clk             ;
;  key_word[18]   ; clk        ; 3.366 ; 3.478 ; Rise       ; clk             ;
;  key_word[19]   ; clk        ; 3.008 ; 3.092 ; Rise       ; clk             ;
;  key_word[20]   ; clk        ; 3.391 ; 3.509 ; Rise       ; clk             ;
;  key_word[21]   ; clk        ; 3.336 ; 3.452 ; Rise       ; clk             ;
;  key_word[22]   ; clk        ; 3.234 ; 3.362 ; Rise       ; clk             ;
;  key_word[23]   ; clk        ; 3.748 ; 3.895 ; Rise       ; clk             ;
;  key_word[24]   ; clk        ; 3.255 ; 3.371 ; Rise       ; clk             ;
;  key_word[25]   ; clk        ; 3.242 ; 3.344 ; Rise       ; clk             ;
;  key_word[26]   ; clk        ; 3.355 ; 3.486 ; Rise       ; clk             ;
;  key_word[27]   ; clk        ; 3.024 ; 3.098 ; Rise       ; clk             ;
;  key_word[28]   ; clk        ; 3.304 ; 3.411 ; Rise       ; clk             ;
;  key_word[29]   ; clk        ; 3.025 ; 3.112 ; Rise       ; clk             ;
;  key_word[30]   ; clk        ; 3.072 ; 3.174 ; Rise       ; clk             ;
;  key_word[31]   ; clk        ; 3.140 ; 3.237 ; Rise       ; clk             ;
; rcon_out[*]     ; clk        ; 3.009 ; 3.096 ; Rise       ; clk             ;
;  rcon_out[24]   ; clk        ; 3.036 ; 3.121 ; Rise       ; clk             ;
;  rcon_out[25]   ; clk        ; 3.225 ; 3.331 ; Rise       ; clk             ;
;  rcon_out[26]   ; clk        ; 3.399 ; 3.522 ; Rise       ; clk             ;
;  rcon_out[27]   ; clk        ; 3.073 ; 3.159 ; Rise       ; clk             ;
;  rcon_out[28]   ; clk        ; 3.946 ; 4.077 ; Rise       ; clk             ;
;  rcon_out[29]   ; clk        ; 3.089 ; 3.178 ; Rise       ; clk             ;
;  rcon_out[30]   ; clk        ; 3.014 ; 3.097 ; Rise       ; clk             ;
;  rcon_out[31]   ; clk        ; 3.009 ; 3.096 ; Rise       ; clk             ;
; state_out[*]    ; clk        ; 3.170 ; 3.150 ; Rise       ; clk             ;
;  state_out[0]   ; clk        ; 3.215 ; 3.150 ; Rise       ; clk             ;
;  state_out[1]   ; clk        ; 3.595 ; 3.465 ; Rise       ; clk             ;
;  state_out[2]   ; clk        ; 3.170 ; 3.237 ; Rise       ; clk             ;
+-----------------+------------+-------+-------+------------+-----------------+


---------------------------------------------
; Fast 1200mV 0C Model Metastability Report ;
---------------------------------------------
No synchronizer chains to report.


+--------------------------------------------------------------------------------+
; Multicorner Timing Analysis Summary                                            ;
+------------------+----------+-------+----------+---------+---------------------+
; Clock            ; Setup    ; Hold  ; Recovery ; Removal ; Minimum Pulse Width ;
+------------------+----------+-------+----------+---------+---------------------+
; Worst-case Slack ; -2.867   ; 0.186 ; N/A      ; N/A     ; -3.000              ;
;  clk             ; -2.867   ; 0.186 ; N/A      ; N/A     ; -3.000              ;
; Design-wide TNS  ; -305.126 ; 0.0   ; 0.0      ; 0.0     ; -198.999            ;
;  clk             ; -305.126 ; 0.000 ; N/A      ; N/A     ; -198.999            ;
+------------------+----------+-------+----------+---------+---------------------+


+-----------------------------------------------------------------------+
; Setup Times                                                           ;
+-----------+------------+-------+-------+------------+-----------------+
; Data Port ; Clock Port ; Rise  ; Fall  ; Clock Edge ; Clock Reference ;
+-----------+------------+-------+-------+------------+-----------------+
; reset     ; clk        ; 0.178 ; 0.406 ; Rise       ; clk             ;
+-----------+------------+-------+-------+------------+-----------------+


+------------------------------------------------------------------------+
; Hold Times                                                             ;
+-----------+------------+-------+--------+------------+-----------------+
; Data Port ; Clock Port ; Rise  ; Fall   ; Clock Edge ; Clock Reference ;
+-----------+------------+-------+--------+------------+-----------------+
; reset     ; clk        ; 0.037 ; -0.102 ; Rise       ; clk             ;
+-----------+------------+-------+--------+------------+-----------------+


+-----------------------------------------------------------------------------+
; Clock to Output Times                                                       ;
+-----------------+------------+-------+-------+------------+-----------------+
; Data Port       ; Clock Port ; Rise  ; Fall  ; Clock Edge ; Clock Reference ;
+-----------------+------------+-------+-------+------------+-----------------+
; aux_out[*]      ; clk        ; 7.575 ; 7.718 ; Rise       ; clk             ;
;  aux_out[0]     ; clk        ; 6.275 ; 6.291 ; Rise       ; clk             ;
;  aux_out[1]     ; clk        ; 7.062 ; 7.192 ; Rise       ; clk             ;
;  aux_out[2]     ; clk        ; 5.912 ; 5.926 ; Rise       ; clk             ;
;  aux_out[3]     ; clk        ; 6.009 ; 6.023 ; Rise       ; clk             ;
;  aux_out[4]     ; clk        ; 6.343 ; 6.416 ; Rise       ; clk             ;
;  aux_out[5]     ; clk        ; 5.550 ; 5.583 ; Rise       ; clk             ;
;  aux_out[6]     ; clk        ; 6.229 ; 6.232 ; Rise       ; clk             ;
;  aux_out[7]     ; clk        ; 5.911 ; 5.996 ; Rise       ; clk             ;
;  aux_out[8]     ; clk        ; 5.537 ; 5.580 ; Rise       ; clk             ;
;  aux_out[9]     ; clk        ; 6.433 ; 6.518 ; Rise       ; clk             ;
;  aux_out[10]    ; clk        ; 5.990 ; 6.018 ; Rise       ; clk             ;
;  aux_out[11]    ; clk        ; 5.482 ; 5.521 ; Rise       ; clk             ;
;  aux_out[12]    ; clk        ; 7.575 ; 7.718 ; Rise       ; clk             ;
;  aux_out[13]    ; clk        ; 6.356 ; 6.394 ; Rise       ; clk             ;
;  aux_out[14]    ; clk        ; 6.246 ; 6.263 ; Rise       ; clk             ;
;  aux_out[15]    ; clk        ; 6.283 ; 6.377 ; Rise       ; clk             ;
;  aux_out[16]    ; clk        ; 6.623 ; 6.641 ; Rise       ; clk             ;
;  aux_out[17]    ; clk        ; 6.478 ; 6.520 ; Rise       ; clk             ;
;  aux_out[18]    ; clk        ; 5.917 ; 5.957 ; Rise       ; clk             ;
;  aux_out[19]    ; clk        ; 5.545 ; 5.586 ; Rise       ; clk             ;
;  aux_out[20]    ; clk        ; 6.503 ; 6.580 ; Rise       ; clk             ;
;  aux_out[21]    ; clk        ; 6.506 ; 6.551 ; Rise       ; clk             ;
;  aux_out[22]    ; clk        ; 6.341 ; 6.409 ; Rise       ; clk             ;
;  aux_out[23]    ; clk        ; 5.949 ; 6.011 ; Rise       ; clk             ;
;  aux_out[24]    ; clk        ; 6.459 ; 6.546 ; Rise       ; clk             ;
;  aux_out[25]    ; clk        ; 5.870 ; 5.961 ; Rise       ; clk             ;
;  aux_out[26]    ; clk        ; 6.061 ; 6.097 ; Rise       ; clk             ;
;  aux_out[27]    ; clk        ; 6.113 ; 6.137 ; Rise       ; clk             ;
;  aux_out[28]    ; clk        ; 6.090 ; 6.165 ; Rise       ; clk             ;
;  aux_out[29]    ; clk        ; 6.214 ; 6.239 ; Rise       ; clk             ;
;  aux_out[30]    ; clk        ; 6.071 ; 6.087 ; Rise       ; clk             ;
;  aux_out[31]    ; clk        ; 6.032 ; 6.078 ; Rise       ; clk             ;
; counter_out[*]  ; clk        ; 5.607 ; 5.594 ; Rise       ; clk             ;
;  counter_out[0] ; clk        ; 5.358 ; 5.390 ; Rise       ; clk             ;
;  counter_out[1] ; clk        ; 5.607 ; 5.594 ; Rise       ; clk             ;
; key_word[*]     ; clk        ; 7.082 ; 7.270 ; Rise       ; clk             ;
;  key_word[0]    ; clk        ; 5.571 ; 5.646 ; Rise       ; clk             ;
;  key_word[1]    ; clk        ; 5.905 ; 5.990 ; Rise       ; clk             ;
;  key_word[2]    ; clk        ; 7.082 ; 7.270 ; Rise       ; clk             ;
;  key_word[3]    ; clk        ; 5.785 ; 5.888 ; Rise       ; clk             ;
;  key_word[4]    ; clk        ; 5.675 ; 5.694 ; Rise       ; clk             ;
;  key_word[5]    ; clk        ; 5.665 ; 5.680 ; Rise       ; clk             ;
;  key_word[6]    ; clk        ; 6.063 ; 6.148 ; Rise       ; clk             ;
;  key_word[7]    ; clk        ; 5.933 ; 5.939 ; Rise       ; clk             ;
;  key_word[8]    ; clk        ; 5.654 ; 5.694 ; Rise       ; clk             ;
;  key_word[9]    ; clk        ; 5.403 ; 5.454 ; Rise       ; clk             ;
;  key_word[10]   ; clk        ; 5.345 ; 5.382 ; Rise       ; clk             ;
;  key_word[11]   ; clk        ; 5.200 ; 5.236 ; Rise       ; clk             ;
;  key_word[12]   ; clk        ; 5.249 ; 5.301 ; Rise       ; clk             ;
;  key_word[13]   ; clk        ; 5.787 ; 5.894 ; Rise       ; clk             ;
;  key_word[14]   ; clk        ; 5.461 ; 5.517 ; Rise       ; clk             ;
;  key_word[15]   ; clk        ; 5.215 ; 5.243 ; Rise       ; clk             ;
;  key_word[16]   ; clk        ; 5.508 ; 5.554 ; Rise       ; clk             ;
;  key_word[17]   ; clk        ; 5.980 ; 6.043 ; Rise       ; clk             ;
;  key_word[18]   ; clk        ; 5.779 ; 5.879 ; Rise       ; clk             ;
;  key_word[19]   ; clk        ; 5.190 ; 5.233 ; Rise       ; clk             ;
;  key_word[20]   ; clk        ; 5.810 ; 5.904 ; Rise       ; clk             ;
;  key_word[21]   ; clk        ; 5.739 ; 5.821 ; Rise       ; clk             ;
;  key_word[22]   ; clk        ; 5.638 ; 5.665 ; Rise       ; clk             ;
;  key_word[23]   ; clk        ; 6.517 ; 6.600 ; Rise       ; clk             ;
;  key_word[24]   ; clk        ; 5.661 ; 5.687 ; Rise       ; clk             ;
;  key_word[25]   ; clk        ; 5.649 ; 5.699 ; Rise       ; clk             ;
;  key_word[26]   ; clk        ; 5.812 ; 5.875 ; Rise       ; clk             ;
;  key_word[27]   ; clk        ; 5.204 ; 5.263 ; Rise       ; clk             ;
;  key_word[28]   ; clk        ; 5.723 ; 5.768 ; Rise       ; clk             ;
;  key_word[29]   ; clk        ; 5.212 ; 5.255 ; Rise       ; clk             ;
;  key_word[30]   ; clk        ; 5.306 ; 5.373 ; Rise       ; clk             ;
;  key_word[31]   ; clk        ; 5.470 ; 5.487 ; Rise       ; clk             ;
; rcon_out[*]     ; clk        ; 6.538 ; 6.645 ; Rise       ; clk             ;
;  rcon_out[24]   ; clk        ; 5.221 ; 5.263 ; Rise       ; clk             ;
;  rcon_out[25]   ; clk        ; 5.623 ; 5.619 ; Rise       ; clk             ;
;  rcon_out[26]   ; clk        ; 5.916 ; 5.943 ; Rise       ; clk             ;
;  rcon_out[27]   ; clk        ; 5.360 ; 5.356 ; Rise       ; clk             ;
;  rcon_out[28]   ; clk        ; 6.538 ; 6.645 ; Rise       ; clk             ;
;  rcon_out[29]   ; clk        ; 5.373 ; 5.385 ; Rise       ; clk             ;
;  rcon_out[30]   ; clk        ; 5.193 ; 5.230 ; Rise       ; clk             ;
;  rcon_out[31]   ; clk        ; 5.182 ; 5.222 ; Rise       ; clk             ;
; state_out[*]    ; clk        ; 6.686 ; 6.650 ; Rise       ; clk             ;
;  state_out[0]   ; clk        ; 6.686 ; 6.633 ; Rise       ; clk             ;
;  state_out[1]   ; clk        ; 6.590 ; 6.650 ; Rise       ; clk             ;
;  state_out[2]   ; clk        ; 5.847 ; 5.928 ; Rise       ; clk             ;
+-----------------+------------+-------+-------+------------+-----------------+


+-----------------------------------------------------------------------------+
; Minimum Clock to Output Times                                               ;
+-----------------+------------+-------+-------+------------+-----------------+
; Data Port       ; Clock Port ; Rise  ; Fall  ; Clock Edge ; Clock Reference ;
+-----------------+------------+-------+-------+------------+-----------------+
; aux_out[*]      ; clk        ; 3.150 ; 3.231 ; Rise       ; clk             ;
;  aux_out[0]     ; clk        ; 3.560 ; 3.659 ; Rise       ; clk             ;
;  aux_out[1]     ; clk        ; 4.233 ; 4.380 ; Rise       ; clk             ;
;  aux_out[2]     ; clk        ; 3.380 ; 3.490 ; Rise       ; clk             ;
;  aux_out[3]     ; clk        ; 3.423 ; 3.529 ; Rise       ; clk             ;
;  aux_out[4]     ; clk        ; 3.642 ; 3.775 ; Rise       ; clk             ;
;  aux_out[5]     ; clk        ; 3.190 ; 3.269 ; Rise       ; clk             ;
;  aux_out[6]     ; clk        ; 3.541 ; 3.656 ; Rise       ; clk             ;
;  aux_out[7]     ; clk        ; 3.404 ; 3.520 ; Rise       ; clk             ;
;  aux_out[8]     ; clk        ; 3.187 ; 3.265 ; Rise       ; clk             ;
;  aux_out[9]     ; clk        ; 3.674 ; 3.828 ; Rise       ; clk             ;
;  aux_out[10]    ; clk        ; 3.428 ; 3.541 ; Rise       ; clk             ;
;  aux_out[11]    ; clk        ; 3.150 ; 3.231 ; Rise       ; clk             ;
;  aux_out[12]    ; clk        ; 4.534 ; 4.735 ; Rise       ; clk             ;
;  aux_out[13]    ; clk        ; 3.610 ; 3.758 ; Rise       ; clk             ;
;  aux_out[14]    ; clk        ; 3.559 ; 3.703 ; Rise       ; clk             ;
;  aux_out[15]    ; clk        ; 3.620 ; 3.745 ; Rise       ; clk             ;
;  aux_out[16]    ; clk        ; 3.771 ; 3.929 ; Rise       ; clk             ;
;  aux_out[17]    ; clk        ; 3.728 ; 3.862 ; Rise       ; clk             ;
;  aux_out[18]    ; clk        ; 3.366 ; 3.472 ; Rise       ; clk             ;
;  aux_out[19]    ; clk        ; 3.190 ; 3.273 ; Rise       ; clk             ;
;  aux_out[20]    ; clk        ; 3.745 ; 3.872 ; Rise       ; clk             ;
;  aux_out[21]    ; clk        ; 3.708 ; 3.842 ; Rise       ; clk             ;
;  aux_out[22]    ; clk        ; 3.648 ; 3.776 ; Rise       ; clk             ;
;  aux_out[23]    ; clk        ; 3.401 ; 3.533 ; Rise       ; clk             ;
;  aux_out[24]    ; clk        ; 3.729 ; 3.870 ; Rise       ; clk             ;
;  aux_out[25]    ; clk        ; 3.388 ; 3.513 ; Rise       ; clk             ;
;  aux_out[26]    ; clk        ; 3.473 ; 3.602 ; Rise       ; clk             ;
;  aux_out[27]    ; clk        ; 3.496 ; 3.616 ; Rise       ; clk             ;
;  aux_out[28]    ; clk        ; 3.497 ; 3.619 ; Rise       ; clk             ;
;  aux_out[29]    ; clk        ; 3.566 ; 3.695 ; Rise       ; clk             ;
;  aux_out[30]    ; clk        ; 3.479 ; 3.609 ; Rise       ; clk             ;
;  aux_out[31]    ; clk        ; 3.471 ; 3.588 ; Rise       ; clk             ;
; counter_out[*]  ; clk        ; 3.084 ; 3.174 ; Rise       ; clk             ;
;  counter_out[0] ; clk        ; 3.084 ; 3.174 ; Rise       ; clk             ;
;  counter_out[1] ; clk        ; 3.216 ; 3.320 ; Rise       ; clk             ;
; key_word[*]     ; clk        ; 2.996 ; 3.087 ; Rise       ; clk             ;
;  key_word[0]    ; clk        ; 3.232 ; 3.347 ; Rise       ; clk             ;
;  key_word[1]    ; clk        ; 3.416 ; 3.533 ; Rise       ; clk             ;
;  key_word[2]    ; clk        ; 4.299 ; 4.475 ; Rise       ; clk             ;
;  key_word[3]    ; clk        ; 3.368 ; 3.487 ; Rise       ; clk             ;
;  key_word[4]    ; clk        ; 3.274 ; 3.386 ; Rise       ; clk             ;
;  key_word[5]    ; clk        ; 3.248 ; 3.372 ; Rise       ; clk             ;
;  key_word[6]    ; clk        ; 3.487 ; 3.619 ; Rise       ; clk             ;
;  key_word[7]    ; clk        ; 3.385 ; 3.504 ; Rise       ; clk             ;
;  key_word[8]    ; clk        ; 3.243 ; 3.351 ; Rise       ; clk             ;
;  key_word[9]    ; clk        ; 3.125 ; 3.221 ; Rise       ; clk             ;
;  key_word[10]   ; clk        ; 3.086 ; 3.167 ; Rise       ; clk             ;
;  key_word[11]   ; clk        ; 2.996 ; 3.087 ; Rise       ; clk             ;
;  key_word[12]   ; clk        ; 3.034 ; 3.121 ; Rise       ; clk             ;
;  key_word[13]   ; clk        ; 3.375 ; 3.491 ; Rise       ; clk             ;
;  key_word[14]   ; clk        ; 3.172 ; 3.264 ; Rise       ; clk             ;
;  key_word[15]   ; clk        ; 3.031 ; 3.123 ; Rise       ; clk             ;
;  key_word[16]   ; clk        ; 3.168 ; 3.283 ; Rise       ; clk             ;
;  key_word[17]   ; clk        ; 3.450 ; 3.575 ; Rise       ; clk             ;
;  key_word[18]   ; clk        ; 3.366 ; 3.478 ; Rise       ; clk             ;
;  key_word[19]   ; clk        ; 3.008 ; 3.092 ; Rise       ; clk             ;
;  key_word[20]   ; clk        ; 3.391 ; 3.509 ; Rise       ; clk             ;
;  key_word[21]   ; clk        ; 3.336 ; 3.452 ; Rise       ; clk             ;
;  key_word[22]   ; clk        ; 3.234 ; 3.362 ; Rise       ; clk             ;
;  key_word[23]   ; clk        ; 3.748 ; 3.895 ; Rise       ; clk             ;
;  key_word[24]   ; clk        ; 3.255 ; 3.371 ; Rise       ; clk             ;
;  key_word[25]   ; clk        ; 3.242 ; 3.344 ; Rise       ; clk             ;
;  key_word[26]   ; clk        ; 3.355 ; 3.486 ; Rise       ; clk             ;
;  key_word[27]   ; clk        ; 3.024 ; 3.098 ; Rise       ; clk             ;
;  key_word[28]   ; clk        ; 3.304 ; 3.411 ; Rise       ; clk             ;
;  key_word[29]   ; clk        ; 3.025 ; 3.112 ; Rise       ; clk             ;
;  key_word[30]   ; clk        ; 3.072 ; 3.174 ; Rise       ; clk             ;
;  key_word[31]   ; clk        ; 3.140 ; 3.237 ; Rise       ; clk             ;
; rcon_out[*]     ; clk        ; 3.009 ; 3.096 ; Rise       ; clk             ;
;  rcon_out[24]   ; clk        ; 3.036 ; 3.121 ; Rise       ; clk             ;
;  rcon_out[25]   ; clk        ; 3.225 ; 3.331 ; Rise       ; clk             ;
;  rcon_out[26]   ; clk        ; 3.399 ; 3.522 ; Rise       ; clk             ;
;  rcon_out[27]   ; clk        ; 3.073 ; 3.159 ; Rise       ; clk             ;
;  rcon_out[28]   ; clk        ; 3.946 ; 4.077 ; Rise       ; clk             ;
;  rcon_out[29]   ; clk        ; 3.089 ; 3.178 ; Rise       ; clk             ;
;  rcon_out[30]   ; clk        ; 3.014 ; 3.097 ; Rise       ; clk             ;
;  rcon_out[31]   ; clk        ; 3.009 ; 3.096 ; Rise       ; clk             ;
; state_out[*]    ; clk        ; 3.170 ; 3.150 ; Rise       ; clk             ;
;  state_out[0]   ; clk        ; 3.215 ; 3.150 ; Rise       ; clk             ;
;  state_out[1]   ; clk        ; 3.595 ; 3.465 ; Rise       ; clk             ;
;  state_out[2]   ; clk        ; 3.170 ; 3.237 ; Rise       ; clk             ;
+-----------------+------------+-------+-------+------------+-----------------+


+-------------------------------------------------------------------------------------------------------------------------------------------------------------------------------------------------------------------------------------------------------------------------------------------------------------------------------------------------------------------------------------------------------------------+
; Board Trace Model Assignments                                                                                                                                                                                                                                                                                                                                                                                     ;
+----------------+--------------+-------------------+-------------------------+-------------------------+---------------+---------------------+----------------+------------------+--------+------------------+------------------------+------------------------+--------------+---------------+-----------------+-------+---------------------+--------------------+---------------+-----------------+-------------+
; Pin            ; I/O Standard ; Near Tline Length ; Near Tline L per Length ; Near Tline C per Length ; Near Series R ; Near Differential R ; Near Pull-up R ; Near Pull-down R ; Near C ; Far Tline Length ; Far Tline L per Length ; Far Tline C per Length ; Far Series R ; Far Pull-up R ; Far Pull-down R ; Far C ; Termination Voltage ; Far Differential R ; EBD File Name ; EBD Signal Name ; EBD Far-end ;
+----------------+--------------+-------------------+-------------------------+-------------------------+---------------+---------------------+----------------+------------------+--------+------------------+------------------------+------------------------+--------------+---------------+-----------------+-------+---------------------+--------------------+---------------+-----------------+-------------+
; key_word[0]    ; 2.5 V        ; 0 in              ; 0 H/in                  ; 0 F/in                  ; short         ; -                   ; open           ; open             ; open   ; 0 in             ; 0 H/in                 ; 0 F/in                 ; short        ; open          ; open            ; open  ; 0 V                 ; -                  ; n/a           ; n/a             ; n/a         ;
; key_word[1]    ; 2.5 V        ; 0 in              ; 0 H/in                  ; 0 F/in                  ; short         ; -                   ; open           ; open             ; open   ; 0 in             ; 0 H/in                 ; 0 F/in                 ; short        ; open          ; open            ; open  ; 0 V                 ; -                  ; n/a           ; n/a             ; n/a         ;
; key_word[2]    ; 2.5 V        ; 0 in              ; 0 H/in                  ; 0 F/in                  ; short         ; -                   ; open           ; open             ; open   ; 0 in             ; 0 H/in                 ; 0 F/in                 ; short        ; open          ; open            ; open  ; 0 V                 ; -                  ; n/a           ; n/a             ; n/a         ;
; key_word[3]    ; 2.5 V        ; 0 in              ; 0 H/in                  ; 0 F/in                  ; short         ; -                   ; open           ; open             ; open   ; 0 in             ; 0 H/in                 ; 0 F/in                 ; short        ; open          ; open            ; open  ; 0 V                 ; -                  ; n/a           ; n/a             ; n/a         ;
; key_word[4]    ; 2.5 V        ; 0 in              ; 0 H/in                  ; 0 F/in                  ; short         ; -                   ; open           ; open             ; open   ; 0 in             ; 0 H/in                 ; 0 F/in                 ; short        ; open          ; open            ; open  ; 0 V                 ; -                  ; n/a           ; n/a             ; n/a         ;
; key_word[5]    ; 2.5 V        ; 0 in              ; 0 H/in                  ; 0 F/in                  ; short         ; -                   ; open           ; open             ; open   ; 0 in             ; 0 H/in                 ; 0 F/in                 ; short        ; open          ; open            ; open  ; 0 V                 ; -                  ; n/a           ; n/a             ; n/a         ;
; key_word[6]    ; 2.5 V        ; 0 in              ; 0 H/in                  ; 0 F/in                  ; short         ; -                   ; open           ; open             ; open   ; 0 in             ; 0 H/in                 ; 0 F/in                 ; short        ; open          ; open            ; open  ; 0 V                 ; -                  ; n/a           ; n/a             ; n/a         ;
; key_word[7]    ; 2.5 V        ; 0 in              ; 0 H/in                  ; 0 F/in                  ; short         ; -                   ; open           ; open             ; open   ; 0 in             ; 0 H/in                 ; 0 F/in                 ; short        ; open          ; open            ; open  ; 0 V                 ; -                  ; n/a           ; n/a             ; n/a         ;
; key_word[8]    ; 2.5 V        ; 0 in              ; 0 H/in                  ; 0 F/in                  ; short         ; -                   ; open           ; open             ; open   ; 0 in             ; 0 H/in                 ; 0 F/in                 ; short        ; open          ; open            ; open  ; 0 V                 ; -                  ; n/a           ; n/a             ; n/a         ;
; key_word[9]    ; 2.5 V        ; 0 in              ; 0 H/in                  ; 0 F/in                  ; short         ; -                   ; open           ; open             ; open   ; 0 in             ; 0 H/in                 ; 0 F/in                 ; short        ; open          ; open            ; open  ; 0 V                 ; -                  ; n/a           ; n/a             ; n/a         ;
; key_word[10]   ; 2.5 V        ; 0 in              ; 0 H/in                  ; 0 F/in                  ; short         ; -                   ; open           ; open             ; open   ; 0 in             ; 0 H/in                 ; 0 F/in                 ; short        ; open          ; open            ; open  ; 0 V                 ; -                  ; n/a           ; n/a             ; n/a         ;
; key_word[11]   ; 2.5 V        ; 0 in              ; 0 H/in                  ; 0 F/in                  ; short         ; -                   ; open           ; open             ; open   ; 0 in             ; 0 H/in                 ; 0 F/in                 ; short        ; open          ; open            ; open  ; 0 V                 ; -                  ; n/a           ; n/a             ; n/a         ;
; key_word[12]   ; 2.5 V        ; 0 in              ; 0 H/in                  ; 0 F/in                  ; short         ; -                   ; open           ; open             ; open   ; 0 in             ; 0 H/in                 ; 0 F/in                 ; short        ; open          ; open            ; open  ; 0 V                 ; -                  ; n/a           ; n/a             ; n/a         ;
; key_word[13]   ; 2.5 V        ; 0 in              ; 0 H/in                  ; 0 F/in                  ; short         ; -                   ; open           ; open             ; open   ; 0 in             ; 0 H/in                 ; 0 F/in                 ; short        ; open          ; open            ; open  ; 0 V                 ; -                  ; n/a           ; n/a             ; n/a         ;
; key_word[14]   ; 2.5 V        ; 0 in              ; 0 H/in                  ; 0 F/in                  ; short         ; -                   ; open           ; open             ; open   ; 0 in             ; 0 H/in                 ; 0 F/in                 ; short        ; open          ; open            ; open  ; 0 V                 ; -                  ; n/a           ; n/a             ; n/a         ;
; key_word[15]   ; 2.5 V        ; 0 in              ; 0 H/in                  ; 0 F/in                  ; short         ; -                   ; open           ; open             ; open   ; 0 in             ; 0 H/in                 ; 0 F/in                 ; short        ; open          ; open            ; open  ; 0 V                 ; -                  ; n/a           ; n/a             ; n/a         ;
; key_word[16]   ; 2.5 V        ; 0 in              ; 0 H/in                  ; 0 F/in                  ; short         ; -                   ; open           ; open             ; open   ; 0 in             ; 0 H/in                 ; 0 F/in                 ; short        ; open          ; open            ; open  ; 0 V                 ; -                  ; n/a           ; n/a             ; n/a         ;
; key_word[17]   ; 2.5 V        ; 0 in              ; 0 H/in                  ; 0 F/in                  ; short         ; -                   ; open           ; open             ; open   ; 0 in             ; 0 H/in                 ; 0 F/in                 ; short        ; open          ; open            ; open  ; 0 V                 ; -                  ; n/a           ; n/a             ; n/a         ;
; key_word[18]   ; 2.5 V        ; 0 in              ; 0 H/in                  ; 0 F/in                  ; short         ; -                   ; open           ; open             ; open   ; 0 in             ; 0 H/in                 ; 0 F/in                 ; short        ; open          ; open            ; open  ; 0 V                 ; -                  ; n/a           ; n/a             ; n/a         ;
; key_word[19]   ; 2.5 V        ; 0 in              ; 0 H/in                  ; 0 F/in                  ; short         ; -                   ; open           ; open             ; open   ; 0 in             ; 0 H/in                 ; 0 F/in                 ; short        ; open          ; open            ; open  ; 0 V                 ; -                  ; n/a           ; n/a             ; n/a         ;
; key_word[20]   ; 2.5 V        ; 0 in              ; 0 H/in                  ; 0 F/in                  ; short         ; -                   ; open           ; open             ; open   ; 0 in             ; 0 H/in                 ; 0 F/in                 ; short        ; open          ; open            ; open  ; 0 V                 ; -                  ; n/a           ; n/a             ; n/a         ;
; key_word[21]   ; 2.5 V        ; 0 in              ; 0 H/in                  ; 0 F/in                  ; short         ; -                   ; open           ; open             ; open   ; 0 in             ; 0 H/in                 ; 0 F/in                 ; short        ; open          ; open            ; open  ; 0 V                 ; -                  ; n/a           ; n/a             ; n/a         ;
; key_word[22]   ; 2.5 V        ; 0 in              ; 0 H/in                  ; 0 F/in                  ; short         ; -                   ; open           ; open             ; open   ; 0 in             ; 0 H/in                 ; 0 F/in                 ; short        ; open          ; open            ; open  ; 0 V                 ; -                  ; n/a           ; n/a             ; n/a         ;
; key_word[23]   ; 2.5 V        ; 0 in              ; 0 H/in                  ; 0 F/in                  ; short         ; -                   ; open           ; open             ; open   ; 0 in             ; 0 H/in                 ; 0 F/in                 ; short        ; open          ; open            ; open  ; 0 V                 ; -                  ; n/a           ; n/a             ; n/a         ;
; key_word[24]   ; 2.5 V        ; 0 in              ; 0 H/in                  ; 0 F/in                  ; short         ; -                   ; open           ; open             ; open   ; 0 in             ; 0 H/in                 ; 0 F/in                 ; short        ; open          ; open            ; open  ; 0 V                 ; -                  ; n/a           ; n/a             ; n/a         ;
; key_word[25]   ; 2.5 V        ; 0 in              ; 0 H/in                  ; 0 F/in                  ; short         ; -                   ; open           ; open             ; open   ; 0 in             ; 0 H/in                 ; 0 F/in                 ; short        ; open          ; open            ; open  ; 0 V                 ; -                  ; n/a           ; n/a             ; n/a         ;
; key_word[26]   ; 2.5 V        ; 0 in              ; 0 H/in                  ; 0 F/in                  ; short         ; -                   ; open           ; open             ; open   ; 0 in             ; 0 H/in                 ; 0 F/in                 ; short        ; open          ; open            ; open  ; 0 V                 ; -                  ; n/a           ; n/a             ; n/a         ;
; key_word[27]   ; 2.5 V        ; 0 in              ; 0 H/in                  ; 0 F/in                  ; short         ; -                   ; open           ; open             ; open   ; 0 in             ; 0 H/in                 ; 0 F/in                 ; short        ; open          ; open            ; open  ; 0 V                 ; -                  ; n/a           ; n/a             ; n/a         ;
; key_word[28]   ; 2.5 V        ; 0 in              ; 0 H/in                  ; 0 F/in                  ; short         ; -                   ; open           ; open             ; open   ; 0 in             ; 0 H/in                 ; 0 F/in                 ; short        ; open          ; open            ; open  ; 0 V                 ; -                  ; n/a           ; n/a             ; n/a         ;
; key_word[29]   ; 2.5 V        ; 0 in              ; 0 H/in                  ; 0 F/in                  ; short         ; -                   ; open           ; open             ; open   ; 0 in             ; 0 H/in                 ; 0 F/in                 ; short        ; open          ; open            ; open  ; 0 V                 ; -                  ; n/a           ; n/a             ; n/a         ;
; key_word[30]   ; 2.5 V        ; 0 in              ; 0 H/in                  ; 0 F/in                  ; short         ; -                   ; open           ; open             ; open   ; 0 in             ; 0 H/in                 ; 0 F/in                 ; short        ; open          ; open            ; open  ; 0 V                 ; -                  ; n/a           ; n/a             ; n/a         ;
; key_word[31]   ; 2.5 V        ; 0 in              ; 0 H/in                  ; 0 F/in                  ; short         ; -                   ; open           ; open             ; open   ; 0 in             ; 0 H/in                 ; 0 F/in                 ; short        ; open          ; open            ; open  ; 0 V                 ; -                  ; n/a           ; n/a             ; n/a         ;
; rcon_out[0]    ; 2.5 V        ; 0 in              ; 0 H/in                  ; 0 F/in                  ; short         ; -                   ; open           ; open             ; open   ; 0 in             ; 0 H/in                 ; 0 F/in                 ; short        ; open          ; open            ; open  ; 0 V                 ; -                  ; n/a           ; n/a             ; n/a         ;
; rcon_out[1]    ; 2.5 V        ; 0 in              ; 0 H/in                  ; 0 F/in                  ; short         ; -                   ; open           ; open             ; open   ; 0 in             ; 0 H/in                 ; 0 F/in                 ; short        ; open          ; open            ; open  ; 0 V                 ; -                  ; n/a           ; n/a             ; n/a         ;
; rcon_out[2]    ; 2.5 V        ; 0 in              ; 0 H/in                  ; 0 F/in                  ; short         ; -                   ; open           ; open             ; open   ; 0 in             ; 0 H/in                 ; 0 F/in                 ; short        ; open          ; open            ; open  ; 0 V                 ; -                  ; n/a           ; n/a             ; n/a         ;
; rcon_out[3]    ; 2.5 V        ; 0 in              ; 0 H/in                  ; 0 F/in                  ; short         ; -                   ; open           ; open             ; open   ; 0 in             ; 0 H/in                 ; 0 F/in                 ; short        ; open          ; open            ; open  ; 0 V                 ; -                  ; n/a           ; n/a             ; n/a         ;
; rcon_out[4]    ; 2.5 V        ; 0 in              ; 0 H/in                  ; 0 F/in                  ; short         ; -                   ; open           ; open             ; open   ; 0 in             ; 0 H/in                 ; 0 F/in                 ; short        ; open          ; open            ; open  ; 0 V                 ; -                  ; n/a           ; n/a             ; n/a         ;
; rcon_out[5]    ; 2.5 V        ; 0 in              ; 0 H/in                  ; 0 F/in                  ; short         ; -                   ; open           ; open             ; open   ; 0 in             ; 0 H/in                 ; 0 F/in                 ; short        ; open          ; open            ; open  ; 0 V                 ; -                  ; n/a           ; n/a             ; n/a         ;
; rcon_out[6]    ; 2.5 V        ; 0 in              ; 0 H/in                  ; 0 F/in                  ; short         ; -                   ; open           ; open             ; open   ; 0 in             ; 0 H/in                 ; 0 F/in                 ; short        ; open          ; open            ; open  ; 0 V                 ; -                  ; n/a           ; n/a             ; n/a         ;
; rcon_out[7]    ; 2.5 V        ; 0 in              ; 0 H/in                  ; 0 F/in                  ; short         ; -                   ; open           ; open             ; open   ; 0 in             ; 0 H/in                 ; 0 F/in                 ; short        ; open          ; open            ; open  ; 0 V                 ; -                  ; n/a           ; n/a             ; n/a         ;
; rcon_out[8]    ; 2.5 V        ; 0 in              ; 0 H/in                  ; 0 F/in                  ; short         ; -                   ; open           ; open             ; open   ; 0 in             ; 0 H/in                 ; 0 F/in                 ; short        ; open          ; open            ; open  ; 0 V                 ; -                  ; n/a           ; n/a             ; n/a         ;
; rcon_out[9]    ; 2.5 V        ; 0 in              ; 0 H/in                  ; 0 F/in                  ; short         ; -                   ; open           ; open             ; open   ; 0 in             ; 0 H/in                 ; 0 F/in                 ; short        ; open          ; open            ; open  ; 0 V                 ; -                  ; n/a           ; n/a             ; n/a         ;
; rcon_out[10]   ; 2.5 V        ; 0 in              ; 0 H/in                  ; 0 F/in                  ; short         ; -                   ; open           ; open             ; open   ; 0 in             ; 0 H/in                 ; 0 F/in                 ; short        ; open          ; open            ; open  ; 0 V                 ; -                  ; n/a           ; n/a             ; n/a         ;
; rcon_out[11]   ; 2.5 V        ; 0 in              ; 0 H/in                  ; 0 F/in                  ; short         ; -                   ; open           ; open             ; open   ; 0 in             ; 0 H/in                 ; 0 F/in                 ; short        ; open          ; open            ; open  ; 0 V                 ; -                  ; n/a           ; n/a             ; n/a         ;
; rcon_out[12]   ; 2.5 V        ; 0 in              ; 0 H/in                  ; 0 F/in                  ; short         ; -                   ; open           ; open             ; open   ; 0 in             ; 0 H/in                 ; 0 F/in                 ; short        ; open          ; open            ; open  ; 0 V                 ; -                  ; n/a           ; n/a             ; n/a         ;
; rcon_out[13]   ; 2.5 V        ; 0 in              ; 0 H/in                  ; 0 F/in                  ; short         ; -                   ; open           ; open             ; open   ; 0 in             ; 0 H/in                 ; 0 F/in                 ; short        ; open          ; open            ; open  ; 0 V                 ; -                  ; n/a           ; n/a             ; n/a         ;
; rcon_out[14]   ; 2.5 V        ; 0 in              ; 0 H/in                  ; 0 F/in                  ; short         ; -                   ; open           ; open             ; open   ; 0 in             ; 0 H/in                 ; 0 F/in                 ; short        ; open          ; open            ; open  ; 0 V                 ; -                  ; n/a           ; n/a             ; n/a         ;
; rcon_out[15]   ; 2.5 V        ; 0 in              ; 0 H/in                  ; 0 F/in                  ; short         ; -                   ; open           ; open             ; open   ; 0 in             ; 0 H/in                 ; 0 F/in                 ; short        ; open          ; open            ; open  ; 0 V                 ; -                  ; n/a           ; n/a             ; n/a         ;
; rcon_out[16]   ; 2.5 V        ; 0 in              ; 0 H/in                  ; 0 F/in                  ; short         ; -                   ; open           ; open             ; open   ; 0 in             ; 0 H/in                 ; 0 F/in                 ; short        ; open          ; open            ; open  ; 0 V                 ; -                  ; n/a           ; n/a             ; n/a         ;
; rcon_out[17]   ; 2.5 V        ; 0 in              ; 0 H/in                  ; 0 F/in                  ; short         ; -                   ; open           ; open             ; open   ; 0 in             ; 0 H/in                 ; 0 F/in                 ; short        ; open          ; open            ; open  ; 0 V                 ; -                  ; n/a           ; n/a             ; n/a         ;
; rcon_out[18]   ; 2.5 V        ; 0 in              ; 0 H/in                  ; 0 F/in                  ; short         ; -                   ; open           ; open             ; open   ; 0 in             ; 0 H/in                 ; 0 F/in                 ; short        ; open          ; open            ; open  ; 0 V                 ; -                  ; n/a           ; n/a             ; n/a         ;
; rcon_out[19]   ; 2.5 V        ; 0 in              ; 0 H/in                  ; 0 F/in                  ; short         ; -                   ; open           ; open             ; open   ; 0 in             ; 0 H/in                 ; 0 F/in                 ; short        ; open          ; open            ; open  ; 0 V                 ; -                  ; n/a           ; n/a             ; n/a         ;
; rcon_out[20]   ; 2.5 V        ; 0 in              ; 0 H/in                  ; 0 F/in                  ; short         ; -                   ; open           ; open             ; open   ; 0 in             ; 0 H/in                 ; 0 F/in                 ; short        ; open          ; open            ; open  ; 0 V                 ; -                  ; n/a           ; n/a             ; n/a         ;
; rcon_out[21]   ; 2.5 V        ; 0 in              ; 0 H/in                  ; 0 F/in                  ; short         ; -                   ; open           ; open             ; open   ; 0 in             ; 0 H/in                 ; 0 F/in                 ; short        ; open          ; open            ; open  ; 0 V                 ; -                  ; n/a           ; n/a             ; n/a         ;
; rcon_out[22]   ; 2.5 V        ; 0 in              ; 0 H/in                  ; 0 F/in                  ; short         ; -                   ; open           ; open             ; open   ; 0 in             ; 0 H/in                 ; 0 F/in                 ; short        ; open          ; open            ; open  ; 0 V                 ; -                  ; n/a           ; n/a             ; n/a         ;
; rcon_out[23]   ; 2.5 V        ; 0 in              ; 0 H/in                  ; 0 F/in                  ; short         ; -                   ; open           ; open             ; open   ; 0 in             ; 0 H/in                 ; 0 F/in                 ; short        ; open          ; open            ; open  ; 0 V                 ; -                  ; n/a           ; n/a             ; n/a         ;
; rcon_out[24]   ; 2.5 V        ; 0 in              ; 0 H/in                  ; 0 F/in                  ; short         ; -                   ; open           ; open             ; open   ; 0 in             ; 0 H/in                 ; 0 F/in                 ; short        ; open          ; open            ; open  ; 0 V                 ; -                  ; n/a           ; n/a             ; n/a         ;
; rcon_out[25]   ; 2.5 V        ; 0 in              ; 0 H/in                  ; 0 F/in                  ; short         ; -                   ; open           ; open             ; open   ; 0 in             ; 0 H/in                 ; 0 F/in                 ; short        ; open          ; open            ; open  ; 0 V                 ; -                  ; n/a           ; n/a             ; n/a         ;
; rcon_out[26]   ; 2.5 V        ; 0 in              ; 0 H/in                  ; 0 F/in                  ; short         ; -                   ; open           ; open             ; open   ; 0 in             ; 0 H/in                 ; 0 F/in                 ; short        ; open          ; open            ; open  ; 0 V                 ; -                  ; n/a           ; n/a             ; n/a         ;
; rcon_out[27]   ; 2.5 V        ; 0 in              ; 0 H/in                  ; 0 F/in                  ; short         ; -                   ; open           ; open             ; open   ; 0 in             ; 0 H/in                 ; 0 F/in                 ; short        ; open          ; open            ; open  ; 0 V                 ; -                  ; n/a           ; n/a             ; n/a         ;
; rcon_out[28]   ; 2.5 V        ; 0 in              ; 0 H/in                  ; 0 F/in                  ; short         ; -                   ; open           ; open             ; open   ; 0 in             ; 0 H/in                 ; 0 F/in                 ; short        ; open          ; open            ; open  ; 0 V                 ; -                  ; n/a           ; n/a             ; n/a         ;
; rcon_out[29]   ; 2.5 V        ; 0 in              ; 0 H/in                  ; 0 F/in                  ; short         ; -                   ; open           ; open             ; open   ; 0 in             ; 0 H/in                 ; 0 F/in                 ; short        ; open          ; open            ; open  ; 0 V                 ; -                  ; n/a           ; n/a             ; n/a         ;
; rcon_out[30]   ; 2.5 V        ; 0 in              ; 0 H/in                  ; 0 F/in                  ; short         ; -                   ; open           ; open             ; open   ; 0 in             ; 0 H/in                 ; 0 F/in                 ; short        ; open          ; open            ; open  ; 0 V                 ; -                  ; n/a           ; n/a             ; n/a         ;
; rcon_out[31]   ; 2.5 V        ; 0 in              ; 0 H/in                  ; 0 F/in                  ; short         ; -                   ; open           ; open             ; open   ; 0 in             ; 0 H/in                 ; 0 F/in                 ; short        ; open          ; open            ; open  ; 0 V                 ; -                  ; n/a           ; n/a             ; n/a         ;
; aux_out[0]     ; 2.5 V        ; 0 in              ; 0 H/in                  ; 0 F/in                  ; short         ; -                   ; open           ; open             ; open   ; 0 in             ; 0 H/in                 ; 0 F/in                 ; short        ; open          ; open            ; open  ; 0 V                 ; -                  ; n/a           ; n/a             ; n/a         ;
; aux_out[1]     ; 2.5 V        ; 0 in              ; 0 H/in                  ; 0 F/in                  ; short         ; -                   ; open           ; open             ; open   ; 0 in             ; 0 H/in                 ; 0 F/in                 ; short        ; open          ; open            ; open  ; 0 V                 ; -                  ; n/a           ; n/a             ; n/a         ;
; aux_out[2]     ; 2.5 V        ; 0 in              ; 0 H/in                  ; 0 F/in                  ; short         ; -                   ; open           ; open             ; open   ; 0 in             ; 0 H/in                 ; 0 F/in                 ; short        ; open          ; open            ; open  ; 0 V                 ; -                  ; n/a           ; n/a             ; n/a         ;
; aux_out[3]     ; 2.5 V        ; 0 in              ; 0 H/in                  ; 0 F/in                  ; short         ; -                   ; open           ; open             ; open   ; 0 in             ; 0 H/in                 ; 0 F/in                 ; short        ; open          ; open            ; open  ; 0 V                 ; -                  ; n/a           ; n/a             ; n/a         ;
; aux_out[4]     ; 2.5 V        ; 0 in              ; 0 H/in                  ; 0 F/in                  ; short         ; -                   ; open           ; open             ; open   ; 0 in             ; 0 H/in                 ; 0 F/in                 ; short        ; open          ; open            ; open  ; 0 V                 ; -                  ; n/a           ; n/a             ; n/a         ;
; aux_out[5]     ; 2.5 V        ; 0 in              ; 0 H/in                  ; 0 F/in                  ; short         ; -                   ; open           ; open             ; open   ; 0 in             ; 0 H/in                 ; 0 F/in                 ; short        ; open          ; open            ; open  ; 0 V                 ; -                  ; n/a           ; n/a             ; n/a         ;
; aux_out[6]     ; 2.5 V        ; 0 in              ; 0 H/in                  ; 0 F/in                  ; short         ; -                   ; open           ; open             ; open   ; 0 in             ; 0 H/in                 ; 0 F/in                 ; short        ; open          ; open            ; open  ; 0 V                 ; -                  ; n/a           ; n/a             ; n/a         ;
; aux_out[7]     ; 2.5 V        ; 0 in              ; 0 H/in                  ; 0 F/in                  ; short         ; -                   ; open           ; open             ; open   ; 0 in             ; 0 H/in                 ; 0 F/in                 ; short        ; open          ; open            ; open  ; 0 V                 ; -                  ; n/a           ; n/a             ; n/a         ;
; aux_out[8]     ; 2.5 V        ; 0 in              ; 0 H/in                  ; 0 F/in                  ; short         ; -                   ; open           ; open             ; open   ; 0 in             ; 0 H/in                 ; 0 F/in                 ; short        ; open          ; open            ; open  ; 0 V                 ; -                  ; n/a           ; n/a             ; n/a         ;
; aux_out[9]     ; 2.5 V        ; 0 in              ; 0 H/in                  ; 0 F/in                  ; short         ; -                   ; open           ; open             ; open   ; 0 in             ; 0 H/in                 ; 0 F/in                 ; short        ; open          ; open            ; open  ; 0 V                 ; -                  ; n/a           ; n/a             ; n/a         ;
; aux_out[10]    ; 2.5 V        ; 0 in              ; 0 H/in                  ; 0 F/in                  ; short         ; -                   ; open           ; open             ; open   ; 0 in             ; 0 H/in                 ; 0 F/in                 ; short        ; open          ; open            ; open  ; 0 V                 ; -                  ; n/a           ; n/a             ; n/a         ;
; aux_out[11]    ; 2.5 V        ; 0 in              ; 0 H/in                  ; 0 F/in                  ; short         ; -                   ; open           ; open             ; open   ; 0 in             ; 0 H/in                 ; 0 F/in                 ; short        ; open          ; open            ; open  ; 0 V                 ; -                  ; n/a           ; n/a             ; n/a         ;
; aux_out[12]    ; 2.5 V        ; 0 in              ; 0 H/in                  ; 0 F/in                  ; short         ; -                   ; open           ; open             ; open   ; 0 in             ; 0 H/in                 ; 0 F/in                 ; short        ; open          ; open            ; open  ; 0 V                 ; -                  ; n/a           ; n/a             ; n/a         ;
; aux_out[13]    ; 2.5 V        ; 0 in              ; 0 H/in                  ; 0 F/in                  ; short         ; -                   ; open           ; open             ; open   ; 0 in             ; 0 H/in                 ; 0 F/in                 ; short        ; open          ; open            ; open  ; 0 V                 ; -                  ; n/a           ; n/a             ; n/a         ;
; aux_out[14]    ; 2.5 V        ; 0 in              ; 0 H/in                  ; 0 F/in                  ; short         ; -                   ; open           ; open             ; open   ; 0 in             ; 0 H/in                 ; 0 F/in                 ; short        ; open          ; open            ; open  ; 0 V                 ; -                  ; n/a           ; n/a             ; n/a         ;
; aux_out[15]    ; 2.5 V        ; 0 in              ; 0 H/in                  ; 0 F/in                  ; short         ; -                   ; open           ; open             ; open   ; 0 in             ; 0 H/in                 ; 0 F/in                 ; short        ; open          ; open            ; open  ; 0 V                 ; -                  ; n/a           ; n/a             ; n/a         ;
; aux_out[16]    ; 2.5 V        ; 0 in              ; 0 H/in                  ; 0 F/in                  ; short         ; -                   ; open           ; open             ; open   ; 0 in             ; 0 H/in                 ; 0 F/in                 ; short        ; open          ; open            ; open  ; 0 V                 ; -                  ; n/a           ; n/a             ; n/a         ;
; aux_out[17]    ; 2.5 V        ; 0 in              ; 0 H/in                  ; 0 F/in                  ; short         ; -                   ; open           ; open             ; open   ; 0 in             ; 0 H/in                 ; 0 F/in                 ; short        ; open          ; open            ; open  ; 0 V                 ; -                  ; n/a           ; n/a             ; n/a         ;
; aux_out[18]    ; 2.5 V        ; 0 in              ; 0 H/in                  ; 0 F/in                  ; short         ; -                   ; open           ; open             ; open   ; 0 in             ; 0 H/in                 ; 0 F/in                 ; short        ; open          ; open            ; open  ; 0 V                 ; -                  ; n/a           ; n/a             ; n/a         ;
; aux_out[19]    ; 2.5 V        ; 0 in              ; 0 H/in                  ; 0 F/in                  ; short         ; -                   ; open           ; open             ; open   ; 0 in             ; 0 H/in                 ; 0 F/in                 ; short        ; open          ; open            ; open  ; 0 V                 ; -                  ; n/a           ; n/a             ; n/a         ;
; aux_out[20]    ; 2.5 V        ; 0 in              ; 0 H/in                  ; 0 F/in                  ; short         ; -                   ; open           ; open             ; open   ; 0 in             ; 0 H/in                 ; 0 F/in                 ; short        ; open          ; open            ; open  ; 0 V                 ; -                  ; n/a           ; n/a             ; n/a         ;
; aux_out[21]    ; 2.5 V        ; 0 in              ; 0 H/in                  ; 0 F/in                  ; short         ; -                   ; open           ; open             ; open   ; 0 in             ; 0 H/in                 ; 0 F/in                 ; short        ; open          ; open            ; open  ; 0 V                 ; -                  ; n/a           ; n/a             ; n/a         ;
; aux_out[22]    ; 2.5 V        ; 0 in              ; 0 H/in                  ; 0 F/in                  ; short         ; -                   ; open           ; open             ; open   ; 0 in             ; 0 H/in                 ; 0 F/in                 ; short        ; open          ; open            ; open  ; 0 V                 ; -                  ; n/a           ; n/a             ; n/a         ;
; aux_out[23]    ; 2.5 V        ; 0 in              ; 0 H/in                  ; 0 F/in                  ; short         ; -                   ; open           ; open             ; open   ; 0 in             ; 0 H/in                 ; 0 F/in                 ; short        ; open          ; open            ; open  ; 0 V                 ; -                  ; n/a           ; n/a             ; n/a         ;
; aux_out[24]    ; 2.5 V        ; 0 in              ; 0 H/in                  ; 0 F/in                  ; short         ; -                   ; open           ; open             ; open   ; 0 in             ; 0 H/in                 ; 0 F/in                 ; short        ; open          ; open            ; open  ; 0 V                 ; -                  ; n/a           ; n/a             ; n/a         ;
; aux_out[25]    ; 2.5 V        ; 0 in              ; 0 H/in                  ; 0 F/in                  ; short         ; -                   ; open           ; open             ; open   ; 0 in             ; 0 H/in                 ; 0 F/in                 ; short        ; open          ; open            ; open  ; 0 V                 ; -                  ; n/a           ; n/a             ; n/a         ;
; aux_out[26]    ; 2.5 V        ; 0 in              ; 0 H/in                  ; 0 F/in                  ; short         ; -                   ; open           ; open             ; open   ; 0 in             ; 0 H/in                 ; 0 F/in                 ; short        ; open          ; open            ; open  ; 0 V                 ; -                  ; n/a           ; n/a             ; n/a         ;
; aux_out[27]    ; 2.5 V        ; 0 in              ; 0 H/in                  ; 0 F/in                  ; short         ; -                   ; open           ; open             ; open   ; 0 in             ; 0 H/in                 ; 0 F/in                 ; short        ; open          ; open            ; open  ; 0 V                 ; -                  ; n/a           ; n/a             ; n/a         ;
; aux_out[28]    ; 2.5 V        ; 0 in              ; 0 H/in                  ; 0 F/in                  ; short         ; -                   ; open           ; open             ; open   ; 0 in             ; 0 H/in                 ; 0 F/in                 ; short        ; open          ; open            ; open  ; 0 V                 ; -                  ; n/a           ; n/a             ; n/a         ;
; aux_out[29]    ; 2.5 V        ; 0 in              ; 0 H/in                  ; 0 F/in                  ; short         ; -                   ; open           ; open             ; open   ; 0 in             ; 0 H/in                 ; 0 F/in                 ; short        ; open          ; open            ; open  ; 0 V                 ; -                  ; n/a           ; n/a             ; n/a         ;
; aux_out[30]    ; 2.5 V        ; 0 in              ; 0 H/in                  ; 0 F/in                  ; short         ; -                   ; open           ; open             ; open   ; 0 in             ; 0 H/in                 ; 0 F/in                 ; short        ; open          ; open            ; open  ; 0 V                 ; -                  ; n/a           ; n/a             ; n/a         ;
; aux_out[31]    ; 2.5 V        ; 0 in              ; 0 H/in                  ; 0 F/in                  ; short         ; -                   ; open           ; open             ; open   ; 0 in             ; 0 H/in                 ; 0 F/in                 ; short        ; open          ; open            ; open  ; 0 V                 ; -                  ; n/a           ; n/a             ; n/a         ;
; state_out[0]   ; 2.5 V        ; 0 in              ; 0 H/in                  ; 0 F/in                  ; short         ; -                   ; open           ; open             ; open   ; 0 in             ; 0 H/in                 ; 0 F/in                 ; short        ; open          ; open            ; open  ; 0 V                 ; -                  ; n/a           ; n/a             ; n/a         ;
; state_out[1]   ; 2.5 V        ; 0 in              ; 0 H/in                  ; 0 F/in                  ; short         ; -                   ; open           ; open             ; open   ; 0 in             ; 0 H/in                 ; 0 F/in                 ; short        ; open          ; open            ; open  ; 0 V                 ; -                  ; n/a           ; n/a             ; n/a         ;
; state_out[2]   ; 2.5 V        ; 0 in              ; 0 H/in                  ; 0 F/in                  ; short         ; -                   ; open           ; open             ; open   ; 0 in             ; 0 H/in                 ; 0 F/in                 ; short        ; open          ; open            ; open  ; 0 V                 ; -                  ; n/a           ; n/a             ; n/a         ;
; counter_out[0] ; 2.5 V        ; 0 in              ; 0 H/in                  ; 0 F/in                  ; short         ; -                   ; open           ; open             ; open   ; 0 in             ; 0 H/in                 ; 0 F/in                 ; short        ; open          ; open            ; open  ; 0 V                 ; -                  ; n/a           ; n/a             ; n/a         ;
; counter_out[1] ; 2.5 V        ; 0 in              ; 0 H/in                  ; 0 F/in                  ; short         ; -                   ; open           ; open             ; open   ; 0 in             ; 0 H/in                 ; 0 F/in                 ; short        ; open          ; open            ; open  ; 0 V                 ; -                  ; n/a           ; n/a             ; n/a         ;
; ~ALTERA_DCLK~  ; 2.5 V        ; 0 in              ; 0 H/in                  ; 0 F/in                  ; short         ; -                   ; open           ; open             ; open   ; 0 in             ; 0 H/in                 ; 0 F/in                 ; short        ; open          ; open            ; open  ; 0 V                 ; -                  ; n/a           ; n/a             ; n/a         ;
; ~ALTERA_nCEO~  ; 2.5 V        ; 0 in              ; 0 H/in                  ; 0 F/in                  ; short         ; -                   ; open           ; open             ; open   ; 0 in             ; 0 H/in                 ; 0 F/in                 ; short        ; open          ; open            ; open  ; 0 V                 ; -                  ; n/a           ; n/a             ; n/a         ;
+----------------+--------------+-------------------+-------------------------+-------------------------+---------------+---------------------+----------------+------------------+--------+------------------+------------------------+------------------------+--------------+---------------+-----------------+-------+---------------------+--------------------+---------------+-----------------+-------------+


+----------------------------------------------------------------------------+
; Input Transition Times                                                     ;
+-------------------------+--------------+-----------------+-----------------+
; Pin                     ; I/O Standard ; 10-90 Rise Time ; 90-10 Fall Time ;
+-------------------------+--------------+-----------------+-----------------+
; clk                     ; 2.5 V        ; 2000 ps         ; 2000 ps         ;
; reset                   ; 2.5 V        ; 2000 ps         ; 2000 ps         ;
; ~ALTERA_ASDO_DATA1~     ; 2.5 V        ; 2000 ps         ; 2000 ps         ;
; ~ALTERA_FLASH_nCE_nCSO~ ; 2.5 V        ; 2000 ps         ; 2000 ps         ;
; ~ALTERA_DATA0~          ; 2.5 V        ; 2000 ps         ; 2000 ps         ;
+-------------------------+--------------+-----------------+-----------------+


+---------------------------------------------------------------------------------------------------------------------------------------------------------------------------------------------------------------------------------------------------------------------------------------------------------------------------------------------------------------------------------------------------------------------------------------------------------------------------------------------------------------------------------------------------------------------------------------------------------------------------------------------------------------------------------------------+
; Slow Corner Signal Integrity Metrics                                                                                                                                                                                                                                                                                                                                                                                                                                                                                                                                                                                                                                                        ;
+----------------+--------------+---------------------+---------------------+------------------------------+------------------------------+---------------------+---------------------+--------------------------------------+--------------------------------------+-----------------------------+-----------------------------+----------------------------+----------------------------+-----------------------------+-----------------------------+--------------------+--------------------+-------------------------------------+-------------------------------------+----------------------------+----------------------------+---------------------------+---------------------------+
; Pin            ; I/O Standard ; Board Delay on Rise ; Board Delay on Fall ; Steady State Voh at FPGA Pin ; Steady State Vol at FPGA Pin ; Voh Max at FPGA Pin ; Vol Min at FPGA Pin ; Ringback Voltage on Rise at FPGA Pin ; Ringback Voltage on Fall at FPGA Pin ; 10-90 Rise Time at FPGA Pin ; 90-10 Fall Time at FPGA Pin ; Monotonic Rise at FPGA Pin ; Monotonic Fall at FPGA Pin ; Steady State Voh at Far-end ; Steady State Vol at Far-end ; Voh Max at Far-end ; Vol Min at Far-end ; Ringback Voltage on Rise at Far-end ; Ringback Voltage on Fall at Far-end ; 10-90 Rise Time at Far-end ; 90-10 Fall Time at Far-end ; Monotonic Rise at Far-end ; Monotonic Fall at Far-end ;
+----------------+--------------+---------------------+---------------------+------------------------------+------------------------------+---------------------+---------------------+--------------------------------------+--------------------------------------+-----------------------------+-----------------------------+----------------------------+----------------------------+-----------------------------+-----------------------------+--------------------+--------------------+-------------------------------------+-------------------------------------+----------------------------+----------------------------+---------------------------+---------------------------+
; key_word[0]    ; 2.5 V        ; 0 s                 ; 0 s                 ; 2.32 V                       ; 1.06e-06 V                   ; 2.36 V              ; -0.00548 V          ; 0.108 V                              ; 0.017 V                              ; 4.48e-10 s                  ; 4.25e-10 s                  ; Yes                        ; Yes                        ; 2.32 V                      ; 1.06e-06 V                  ; 2.36 V             ; -0.00548 V         ; 0.108 V                             ; 0.017 V                             ; 4.48e-10 s                 ; 4.25e-10 s                 ; Yes                       ; Yes                       ;
; key_word[1]    ; 2.5 V        ; 0 s                 ; 0 s                 ; 2.32 V                       ; 1.06e-06 V                   ; 2.36 V              ; -0.00548 V          ; 0.108 V                              ; 0.017 V                              ; 4.48e-10 s                  ; 4.25e-10 s                  ; Yes                        ; Yes                        ; 2.32 V                      ; 1.06e-06 V                  ; 2.36 V             ; -0.00548 V         ; 0.108 V                             ; 0.017 V                             ; 4.48e-10 s                 ; 4.25e-10 s                 ; Yes                       ; Yes                       ;
; key_word[2]    ; 2.5 V        ; 0 s                 ; 0 s                 ; 2.32 V                       ; 1.06e-06 V                   ; 2.33 V              ; -0.00343 V          ; 0.134 V                              ; 0.076 V                              ; 3.33e-09 s                  ; 3.16e-09 s                  ; Yes                        ; Yes                        ; 2.32 V                      ; 1.06e-06 V                  ; 2.33 V             ; -0.00343 V         ; 0.134 V                             ; 0.076 V                             ; 3.33e-09 s                 ; 3.16e-09 s                 ; Yes                       ; Yes                       ;
; key_word[3]    ; 2.5 V        ; 0 s                 ; 0 s                 ; 2.32 V                       ; 1.06e-06 V                   ; 2.36 V              ; -0.00548 V          ; 0.108 V                              ; 0.017 V                              ; 4.48e-10 s                  ; 4.25e-10 s                  ; Yes                        ; Yes                        ; 2.32 V                      ; 1.06e-06 V                  ; 2.36 V             ; -0.00548 V         ; 0.108 V                             ; 0.017 V                             ; 4.48e-10 s                 ; 4.25e-10 s                 ; Yes                       ; Yes                       ;
; key_word[4]    ; 2.5 V        ; 0 s                 ; 0 s                 ; 2.32 V                       ; 1.06e-06 V                   ; 2.36 V              ; -0.00548 V          ; 0.108 V                              ; 0.017 V                              ; 4.48e-10 s                  ; 4.25e-10 s                  ; Yes                        ; Yes                        ; 2.32 V                      ; 1.06e-06 V                  ; 2.36 V             ; -0.00548 V         ; 0.108 V                             ; 0.017 V                             ; 4.48e-10 s                 ; 4.25e-10 s                 ; Yes                       ; Yes                       ;
; key_word[5]    ; 2.5 V        ; 0 s                 ; 0 s                 ; 2.32 V                       ; 7.11e-07 V                   ; 2.35 V              ; -0.00791 V          ; 0.102 V                              ; 0.023 V                              ; 6.39e-10 s                  ; 5.99e-10 s                  ; Yes                        ; Yes                        ; 2.32 V                      ; 7.11e-07 V                  ; 2.35 V             ; -0.00791 V         ; 0.102 V                             ; 0.023 V                             ; 6.39e-10 s                 ; 5.99e-10 s                 ; Yes                       ; Yes                       ;
; key_word[6]    ; 2.5 V        ; 0 s                 ; 0 s                 ; 2.32 V                       ; 1.06e-06 V                   ; 2.36 V              ; -0.00548 V          ; 0.108 V                              ; 0.017 V                              ; 4.48e-10 s                  ; 4.25e-10 s                  ; Yes                        ; Yes                        ; 2.32 V                      ; 1.06e-06 V                  ; 2.36 V             ; -0.00548 V         ; 0.108 V                             ; 0.017 V                             ; 4.48e-10 s                 ; 4.25e-10 s                 ; Yes                       ; Yes                       ;
; key_word[7]    ; 2.5 V        ; 0 s                 ; 0 s                 ; 2.32 V                       ; 1.06e-06 V                   ; 2.36 V              ; -0.00548 V          ; 0.108 V                              ; 0.017 V                              ; 4.48e-10 s                  ; 4.25e-10 s                  ; Yes                        ; Yes                        ; 2.32 V                      ; 1.06e-06 V                  ; 2.36 V             ; -0.00548 V         ; 0.108 V                             ; 0.017 V                             ; 4.48e-10 s                 ; 4.25e-10 s                 ; Yes                       ; Yes                       ;
; key_word[8]    ; 2.5 V        ; 0 s                 ; 0 s                 ; 2.32 V                       ; 7.11e-07 V                   ; 2.35 V              ; -0.00791 V          ; 0.102 V                              ; 0.023 V                              ; 6.39e-10 s                  ; 5.99e-10 s                  ; Yes                        ; Yes                        ; 2.32 V                      ; 7.11e-07 V                  ; 2.35 V             ; -0.00791 V         ; 0.102 V                             ; 0.023 V                             ; 6.39e-10 s                 ; 5.99e-10 s                 ; Yes                       ; Yes                       ;
; key_word[9]    ; 2.5 V        ; 0 s                 ; 0 s                 ; 2.32 V                       ; 1.06e-06 V                   ; 2.36 V              ; -0.00548 V          ; 0.108 V                              ; 0.017 V                              ; 4.48e-10 s                  ; 4.25e-10 s                  ; Yes                        ; Yes                        ; 2.32 V                      ; 1.06e-06 V                  ; 2.36 V             ; -0.00548 V         ; 0.108 V                             ; 0.017 V                             ; 4.48e-10 s                 ; 4.25e-10 s                 ; Yes                       ; Yes                       ;
; key_word[10]   ; 2.5 V        ; 0 s                 ; 0 s                 ; 2.32 V                       ; 7.11e-07 V                   ; 2.36 V              ; -0.00477 V          ; 0.097 V                              ; 0.012 V                              ; 4.4e-10 s                   ; 4.15e-10 s                  ; Yes                        ; Yes                        ; 2.32 V                      ; 7.11e-07 V                  ; 2.36 V             ; -0.00477 V         ; 0.097 V                             ; 0.012 V                             ; 4.4e-10 s                  ; 4.15e-10 s                 ; Yes                       ; Yes                       ;
; key_word[11]   ; 2.5 V        ; 0 s                 ; 0 s                 ; 2.32 V                       ; 7.11e-07 V                   ; 2.35 V              ; -0.00791 V          ; 0.102 V                              ; 0.023 V                              ; 6.39e-10 s                  ; 5.99e-10 s                  ; Yes                        ; Yes                        ; 2.32 V                      ; 7.11e-07 V                  ; 2.35 V             ; -0.00791 V         ; 0.102 V                             ; 0.023 V                             ; 6.39e-10 s                 ; 5.99e-10 s                 ; Yes                       ; Yes                       ;
; key_word[12]   ; 2.5 V        ; 0 s                 ; 0 s                 ; 2.32 V                       ; 1.06e-06 V                   ; 2.36 V              ; -0.00548 V          ; 0.108 V                              ; 0.017 V                              ; 4.48e-10 s                  ; 4.25e-10 s                  ; Yes                        ; Yes                        ; 2.32 V                      ; 1.06e-06 V                  ; 2.36 V             ; -0.00548 V         ; 0.108 V                             ; 0.017 V                             ; 4.48e-10 s                 ; 4.25e-10 s                 ; Yes                       ; Yes                       ;
; key_word[13]   ; 2.5 V        ; 0 s                 ; 0 s                 ; 2.32 V                       ; 1.06e-06 V                   ; 2.36 V              ; -0.00548 V          ; 0.108 V                              ; 0.017 V                              ; 4.48e-10 s                  ; 4.25e-10 s                  ; Yes                        ; Yes                        ; 2.32 V                      ; 1.06e-06 V                  ; 2.36 V             ; -0.00548 V         ; 0.108 V                             ; 0.017 V                             ; 4.48e-10 s                 ; 4.25e-10 s                 ; Yes                       ; Yes                       ;
; key_word[14]   ; 2.5 V        ; 0 s                 ; 0 s                 ; 2.32 V                       ; 1.06e-06 V                   ; 2.36 V              ; -0.00548 V          ; 0.108 V                              ; 0.017 V                              ; 4.48e-10 s                  ; 4.25e-10 s                  ; Yes                        ; Yes                        ; 2.32 V                      ; 1.06e-06 V                  ; 2.36 V             ; -0.00548 V         ; 0.108 V                             ; 0.017 V                             ; 4.48e-10 s                 ; 4.25e-10 s                 ; Yes                       ; Yes                       ;
; key_word[15]   ; 2.5 V        ; 0 s                 ; 0 s                 ; 2.32 V                       ; 1.06e-06 V                   ; 2.36 V              ; -0.00548 V          ; 0.108 V                              ; 0.017 V                              ; 4.48e-10 s                  ; 4.25e-10 s                  ; Yes                        ; Yes                        ; 2.32 V                      ; 1.06e-06 V                  ; 2.36 V             ; -0.00548 V         ; 0.108 V                             ; 0.017 V                             ; 4.48e-10 s                 ; 4.25e-10 s                 ; Yes                       ; Yes                       ;
; key_word[16]   ; 2.5 V        ; 0 s                 ; 0 s                 ; 2.32 V                       ; 7.11e-07 V                   ; 2.35 V              ; -0.00791 V          ; 0.102 V                              ; 0.023 V                              ; 6.39e-10 s                  ; 5.99e-10 s                  ; Yes                        ; Yes                        ; 2.32 V                      ; 7.11e-07 V                  ; 2.35 V             ; -0.00791 V         ; 0.102 V                             ; 0.023 V                             ; 6.39e-10 s                 ; 5.99e-10 s                 ; Yes                       ; Yes                       ;
; key_word[17]   ; 2.5 V        ; 0 s                 ; 0 s                 ; 2.32 V                       ; 1.06e-06 V                   ; 2.36 V              ; -0.00548 V          ; 0.108 V                              ; 0.017 V                              ; 4.48e-10 s                  ; 4.25e-10 s                  ; Yes                        ; Yes                        ; 2.32 V                      ; 1.06e-06 V                  ; 2.36 V             ; -0.00548 V         ; 0.108 V                             ; 0.017 V                             ; 4.48e-10 s                 ; 4.25e-10 s                 ; Yes                       ; Yes                       ;
; key_word[18]   ; 2.5 V        ; 0 s                 ; 0 s                 ; 2.32 V                       ; 1.06e-06 V                   ; 2.36 V              ; -0.00548 V          ; 0.108 V                              ; 0.017 V                              ; 4.48e-10 s                  ; 4.25e-10 s                  ; Yes                        ; Yes                        ; 2.32 V                      ; 1.06e-06 V                  ; 2.36 V             ; -0.00548 V         ; 0.108 V                             ; 0.017 V                             ; 4.48e-10 s                 ; 4.25e-10 s                 ; Yes                       ; Yes                       ;
; key_word[19]   ; 2.5 V        ; 0 s                 ; 0 s                 ; 2.32 V                       ; 1.06e-06 V                   ; 2.36 V              ; -0.00548 V          ; 0.108 V                              ; 0.017 V                              ; 4.48e-10 s                  ; 4.25e-10 s                  ; Yes                        ; Yes                        ; 2.32 V                      ; 1.06e-06 V                  ; 2.36 V             ; -0.00548 V         ; 0.108 V                             ; 0.017 V                             ; 4.48e-10 s                 ; 4.25e-10 s                 ; Yes                       ; Yes                       ;
; key_word[20]   ; 2.5 V        ; 0 s                 ; 0 s                 ; 2.32 V                       ; 1.06e-06 V                   ; 2.36 V              ; -0.00548 V          ; 0.108 V                              ; 0.017 V                              ; 4.48e-10 s                  ; 4.25e-10 s                  ; Yes                        ; Yes                        ; 2.32 V                      ; 1.06e-06 V                  ; 2.36 V             ; -0.00548 V         ; 0.108 V                             ; 0.017 V                             ; 4.48e-10 s                 ; 4.25e-10 s                 ; Yes                       ; Yes                       ;
; key_word[21]   ; 2.5 V        ; 0 s                 ; 0 s                 ; 2.32 V                       ; 1.06e-06 V                   ; 2.36 V              ; -0.00548 V          ; 0.108 V                              ; 0.017 V                              ; 4.48e-10 s                  ; 4.25e-10 s                  ; Yes                        ; Yes                        ; 2.32 V                      ; 1.06e-06 V                  ; 2.36 V             ; -0.00548 V         ; 0.108 V                             ; 0.017 V                             ; 4.48e-10 s                 ; 4.25e-10 s                 ; Yes                       ; Yes                       ;
; key_word[22]   ; 2.5 V        ; 0 s                 ; 0 s                 ; 2.32 V                       ; 7.11e-07 V                   ; 2.35 V              ; -0.00791 V          ; 0.102 V                              ; 0.023 V                              ; 6.39e-10 s                  ; 5.99e-10 s                  ; Yes                        ; Yes                        ; 2.32 V                      ; 7.11e-07 V                  ; 2.35 V             ; -0.00791 V         ; 0.102 V                             ; 0.023 V                             ; 6.39e-10 s                 ; 5.99e-10 s                 ; Yes                       ; Yes                       ;
; key_word[23]   ; 2.5 V        ; 0 s                 ; 0 s                 ; 2.32 V                       ; 1.06e-06 V                   ; 2.36 V              ; -0.00548 V          ; 0.108 V                              ; 0.017 V                              ; 4.48e-10 s                  ; 4.25e-10 s                  ; Yes                        ; Yes                        ; 2.32 V                      ; 1.06e-06 V                  ; 2.36 V             ; -0.00548 V         ; 0.108 V                             ; 0.017 V                             ; 4.48e-10 s                 ; 4.25e-10 s                 ; Yes                       ; Yes                       ;
; key_word[24]   ; 2.5 V        ; 0 s                 ; 0 s                 ; 2.32 V                       ; 7.11e-07 V                   ; 2.35 V              ; -0.00791 V          ; 0.102 V                              ; 0.023 V                              ; 6.39e-10 s                  ; 5.99e-10 s                  ; Yes                        ; Yes                        ; 2.32 V                      ; 7.11e-07 V                  ; 2.35 V             ; -0.00791 V         ; 0.102 V                             ; 0.023 V                             ; 6.39e-10 s                 ; 5.99e-10 s                 ; Yes                       ; Yes                       ;
; key_word[25]   ; 2.5 V        ; 0 s                 ; 0 s                 ; 2.32 V                       ; 7.11e-07 V                   ; 2.36 V              ; -0.00477 V          ; 0.097 V                              ; 0.012 V                              ; 4.4e-10 s                   ; 4.15e-10 s                  ; Yes                        ; Yes                        ; 2.32 V                      ; 7.11e-07 V                  ; 2.36 V             ; -0.00477 V         ; 0.097 V                             ; 0.012 V                             ; 4.4e-10 s                  ; 4.15e-10 s                 ; Yes                       ; Yes                       ;
; key_word[26]   ; 2.5 V        ; 0 s                 ; 0 s                 ; 2.32 V                       ; 1.06e-06 V                   ; 2.36 V              ; -0.00548 V          ; 0.108 V                              ; 0.017 V                              ; 4.48e-10 s                  ; 4.25e-10 s                  ; Yes                        ; Yes                        ; 2.32 V                      ; 1.06e-06 V                  ; 2.36 V             ; -0.00548 V         ; 0.108 V                             ; 0.017 V                             ; 4.48e-10 s                 ; 4.25e-10 s                 ; Yes                       ; Yes                       ;
; key_word[27]   ; 2.5 V        ; 0 s                 ; 0 s                 ; 2.32 V                       ; 1.06e-06 V                   ; 2.36 V              ; -0.00548 V          ; 0.108 V                              ; 0.017 V                              ; 4.48e-10 s                  ; 4.25e-10 s                  ; Yes                        ; Yes                        ; 2.32 V                      ; 1.06e-06 V                  ; 2.36 V             ; -0.00548 V         ; 0.108 V                             ; 0.017 V                             ; 4.48e-10 s                 ; 4.25e-10 s                 ; Yes                       ; Yes                       ;
; key_word[28]   ; 2.5 V        ; 0 s                 ; 0 s                 ; 2.32 V                       ; 1.06e-06 V                   ; 2.36 V              ; -0.00548 V          ; 0.108 V                              ; 0.017 V                              ; 4.48e-10 s                  ; 4.25e-10 s                  ; Yes                        ; Yes                        ; 2.32 V                      ; 1.06e-06 V                  ; 2.36 V             ; -0.00548 V         ; 0.108 V                             ; 0.017 V                             ; 4.48e-10 s                 ; 4.25e-10 s                 ; Yes                       ; Yes                       ;
; key_word[29]   ; 2.5 V        ; 0 s                 ; 0 s                 ; 2.32 V                       ; 1.06e-06 V                   ; 2.36 V              ; -0.00548 V          ; 0.108 V                              ; 0.017 V                              ; 4.48e-10 s                  ; 4.25e-10 s                  ; Yes                        ; Yes                        ; 2.32 V                      ; 1.06e-06 V                  ; 2.36 V             ; -0.00548 V         ; 0.108 V                             ; 0.017 V                             ; 4.48e-10 s                 ; 4.25e-10 s                 ; Yes                       ; Yes                       ;
; key_word[30]   ; 2.5 V        ; 0 s                 ; 0 s                 ; 2.32 V                       ; 1.06e-06 V                   ; 2.36 V              ; -0.00548 V          ; 0.108 V                              ; 0.017 V                              ; 4.48e-10 s                  ; 4.25e-10 s                  ; Yes                        ; Yes                        ; 2.32 V                      ; 1.06e-06 V                  ; 2.36 V             ; -0.00548 V         ; 0.108 V                             ; 0.017 V                             ; 4.48e-10 s                 ; 4.25e-10 s                 ; Yes                       ; Yes                       ;
; key_word[31]   ; 2.5 V        ; 0 s                 ; 0 s                 ; 2.32 V                       ; 7.11e-07 V                   ; 2.35 V              ; -0.00791 V          ; 0.102 V                              ; 0.023 V                              ; 6.39e-10 s                  ; 5.99e-10 s                  ; Yes                        ; Yes                        ; 2.32 V                      ; 7.11e-07 V                  ; 2.35 V             ; -0.00791 V         ; 0.102 V                             ; 0.023 V                             ; 6.39e-10 s                 ; 5.99e-10 s                 ; Yes                       ; Yes                       ;
; rcon_out[0]    ; 2.5 V        ; 0 s                 ; 0 s                 ; 2.32 V                       ; 1.06e-06 V                   ; 2.36 V              ; -0.00548 V          ; 0.108 V                              ; 0.017 V                              ; 4.48e-10 s                  ; 4.25e-10 s                  ; Yes                        ; Yes                        ; 2.32 V                      ; 1.06e-06 V                  ; 2.36 V             ; -0.00548 V         ; 0.108 V                             ; 0.017 V                             ; 4.48e-10 s                 ; 4.25e-10 s                 ; Yes                       ; Yes                       ;
; rcon_out[1]    ; 2.5 V        ; 0 s                 ; 0 s                 ; 2.32 V                       ; 1.06e-06 V                   ; 2.36 V              ; -0.00548 V          ; 0.108 V                              ; 0.017 V                              ; 4.48e-10 s                  ; 4.25e-10 s                  ; Yes                        ; Yes                        ; 2.32 V                      ; 1.06e-06 V                  ; 2.36 V             ; -0.00548 V         ; 0.108 V                             ; 0.017 V                             ; 4.48e-10 s                 ; 4.25e-10 s                 ; Yes                       ; Yes                       ;
; rcon_out[2]    ; 2.5 V        ; 0 s                 ; 0 s                 ; 2.32 V                       ; 1.06e-06 V                   ; 2.36 V              ; -0.00548 V          ; 0.108 V                              ; 0.017 V                              ; 4.48e-10 s                  ; 4.25e-10 s                  ; Yes                        ; Yes                        ; 2.32 V                      ; 1.06e-06 V                  ; 2.36 V             ; -0.00548 V         ; 0.108 V                             ; 0.017 V                             ; 4.48e-10 s                 ; 4.25e-10 s                 ; Yes                       ; Yes                       ;
; rcon_out[3]    ; 2.5 V        ; 0 s                 ; 0 s                 ; 2.32 V                       ; 1.06e-06 V                   ; 2.36 V              ; -0.00548 V          ; 0.108 V                              ; 0.017 V                              ; 4.48e-10 s                  ; 4.25e-10 s                  ; Yes                        ; Yes                        ; 2.32 V                      ; 1.06e-06 V                  ; 2.36 V             ; -0.00548 V         ; 0.108 V                             ; 0.017 V                             ; 4.48e-10 s                 ; 4.25e-10 s                 ; Yes                       ; Yes                       ;
; rcon_out[4]    ; 2.5 V        ; 0 s                 ; 0 s                 ; 2.32 V                       ; 1.06e-06 V                   ; 2.36 V              ; -0.00548 V          ; 0.108 V                              ; 0.017 V                              ; 4.48e-10 s                  ; 4.25e-10 s                  ; Yes                        ; Yes                        ; 2.32 V                      ; 1.06e-06 V                  ; 2.36 V             ; -0.00548 V         ; 0.108 V                             ; 0.017 V                             ; 4.48e-10 s                 ; 4.25e-10 s                 ; Yes                       ; Yes                       ;
; rcon_out[5]    ; 2.5 V        ; 0 s                 ; 0 s                 ; 2.32 V                       ; 7.11e-07 V                   ; 2.33 V              ; -0.00353 V          ; 0.131 V                              ; 0.073 V                              ; 3.33e-09 s                  ; 3.13e-09 s                  ; Yes                        ; Yes                        ; 2.32 V                      ; 7.11e-07 V                  ; 2.33 V             ; -0.00353 V         ; 0.131 V                             ; 0.073 V                             ; 3.33e-09 s                 ; 3.13e-09 s                 ; Yes                       ; Yes                       ;
; rcon_out[6]    ; 2.5 V        ; 0 s                 ; 0 s                 ; 2.32 V                       ; 1.06e-06 V                   ; 2.36 V              ; -0.00548 V          ; 0.108 V                              ; 0.017 V                              ; 4.48e-10 s                  ; 4.25e-10 s                  ; Yes                        ; Yes                        ; 2.32 V                      ; 1.06e-06 V                  ; 2.36 V             ; -0.00548 V         ; 0.108 V                             ; 0.017 V                             ; 4.48e-10 s                 ; 4.25e-10 s                 ; Yes                       ; Yes                       ;
; rcon_out[7]    ; 2.5 V        ; 0 s                 ; 0 s                 ; 2.32 V                       ; 7.11e-07 V                   ; 2.36 V              ; -0.00477 V          ; 0.097 V                              ; 0.012 V                              ; 4.4e-10 s                   ; 4.15e-10 s                  ; Yes                        ; Yes                        ; 2.32 V                      ; 7.11e-07 V                  ; 2.36 V             ; -0.00477 V         ; 0.097 V                             ; 0.012 V                             ; 4.4e-10 s                  ; 4.15e-10 s                 ; Yes                       ; Yes                       ;
; rcon_out[8]    ; 2.5 V        ; 0 s                 ; 0 s                 ; 2.32 V                       ; 1.06e-06 V                   ; 2.36 V              ; -0.00548 V          ; 0.108 V                              ; 0.017 V                              ; 4.48e-10 s                  ; 4.25e-10 s                  ; Yes                        ; Yes                        ; 2.32 V                      ; 1.06e-06 V                  ; 2.36 V             ; -0.00548 V         ; 0.108 V                             ; 0.017 V                             ; 4.48e-10 s                 ; 4.25e-10 s                 ; Yes                       ; Yes                       ;
; rcon_out[9]    ; 2.5 V        ; 0 s                 ; 0 s                 ; 2.32 V                       ; 1.06e-06 V                   ; 2.36 V              ; -0.00548 V          ; 0.108 V                              ; 0.017 V                              ; 4.48e-10 s                  ; 4.25e-10 s                  ; Yes                        ; Yes                        ; 2.32 V                      ; 1.06e-06 V                  ; 2.36 V             ; -0.00548 V         ; 0.108 V                             ; 0.017 V                             ; 4.48e-10 s                 ; 4.25e-10 s                 ; Yes                       ; Yes                       ;
; rcon_out[10]   ; 2.5 V        ; 0 s                 ; 0 s                 ; 2.32 V                       ; 1.06e-06 V                   ; 2.33 V              ; -0.00343 V          ; 0.134 V                              ; 0.076 V                              ; 3.33e-09 s                  ; 3.16e-09 s                  ; Yes                        ; Yes                        ; 2.32 V                      ; 1.06e-06 V                  ; 2.33 V             ; -0.00343 V         ; 0.134 V                             ; 0.076 V                             ; 3.33e-09 s                 ; 3.16e-09 s                 ; Yes                       ; Yes                       ;
; rcon_out[11]   ; 2.5 V        ; 0 s                 ; 0 s                 ; 2.32 V                       ; 1.06e-06 V                   ; 2.36 V              ; -0.00548 V          ; 0.108 V                              ; 0.017 V                              ; 4.48e-10 s                  ; 4.25e-10 s                  ; Yes                        ; Yes                        ; 2.32 V                      ; 1.06e-06 V                  ; 2.36 V             ; -0.00548 V         ; 0.108 V                             ; 0.017 V                             ; 4.48e-10 s                 ; 4.25e-10 s                 ; Yes                       ; Yes                       ;
; rcon_out[12]   ; 2.5 V        ; 0 s                 ; 0 s                 ; 2.32 V                       ; 1.06e-06 V                   ; 2.36 V              ; -0.00548 V          ; 0.108 V                              ; 0.017 V                              ; 4.48e-10 s                  ; 4.25e-10 s                  ; Yes                        ; Yes                        ; 2.32 V                      ; 1.06e-06 V                  ; 2.36 V             ; -0.00548 V         ; 0.108 V                             ; 0.017 V                             ; 4.48e-10 s                 ; 4.25e-10 s                 ; Yes                       ; Yes                       ;
; rcon_out[13]   ; 2.5 V        ; 0 s                 ; 0 s                 ; 2.32 V                       ; 7.11e-07 V                   ; 2.35 V              ; -0.00791 V          ; 0.102 V                              ; 0.023 V                              ; 6.39e-10 s                  ; 5.99e-10 s                  ; Yes                        ; Yes                        ; 2.32 V                      ; 7.11e-07 V                  ; 2.35 V             ; -0.00791 V         ; 0.102 V                             ; 0.023 V                             ; 6.39e-10 s                 ; 5.99e-10 s                 ; Yes                       ; Yes                       ;
; rcon_out[14]   ; 2.5 V        ; 0 s                 ; 0 s                 ; 2.32 V                       ; 7.11e-07 V                   ; 2.36 V              ; -0.00477 V          ; 0.097 V                              ; 0.012 V                              ; 4.4e-10 s                   ; 4.15e-10 s                  ; Yes                        ; Yes                        ; 2.32 V                      ; 7.11e-07 V                  ; 2.36 V             ; -0.00477 V         ; 0.097 V                             ; 0.012 V                             ; 4.4e-10 s                  ; 4.15e-10 s                 ; Yes                       ; Yes                       ;
; rcon_out[15]   ; 2.5 V        ; 0 s                 ; 0 s                 ; 2.32 V                       ; 1.06e-06 V                   ; 2.36 V              ; -0.00548 V          ; 0.108 V                              ; 0.017 V                              ; 4.48e-10 s                  ; 4.25e-10 s                  ; Yes                        ; Yes                        ; 2.32 V                      ; 1.06e-06 V                  ; 2.36 V             ; -0.00548 V         ; 0.108 V                             ; 0.017 V                             ; 4.48e-10 s                 ; 4.25e-10 s                 ; Yes                       ; Yes                       ;
; rcon_out[16]   ; 2.5 V        ; 0 s                 ; 0 s                 ; 2.32 V                       ; 7.11e-07 V                   ; 2.36 V              ; -0.00477 V          ; 0.097 V                              ; 0.012 V                              ; 4.4e-10 s                   ; 4.15e-10 s                  ; Yes                        ; Yes                        ; 2.32 V                      ; 7.11e-07 V                  ; 2.36 V             ; -0.00477 V         ; 0.097 V                             ; 0.012 V                             ; 4.4e-10 s                  ; 4.15e-10 s                 ; Yes                       ; Yes                       ;
; rcon_out[17]   ; 2.5 V        ; 0 s                 ; 0 s                 ; 2.32 V                       ; 1.06e-06 V                   ; 2.36 V              ; -0.00548 V          ; 0.108 V                              ; 0.017 V                              ; 4.48e-10 s                  ; 4.25e-10 s                  ; Yes                        ; Yes                        ; 2.32 V                      ; 1.06e-06 V                  ; 2.36 V             ; -0.00548 V         ; 0.108 V                             ; 0.017 V                             ; 4.48e-10 s                 ; 4.25e-10 s                 ; Yes                       ; Yes                       ;
; rcon_out[18]   ; 2.5 V        ; 0 s                 ; 0 s                 ; 2.32 V                       ; 7.11e-07 V                   ; 2.36 V              ; -0.00477 V          ; 0.097 V                              ; 0.012 V                              ; 4.4e-10 s                   ; 4.15e-10 s                  ; Yes                        ; Yes                        ; 2.32 V                      ; 7.11e-07 V                  ; 2.36 V             ; -0.00477 V         ; 0.097 V                             ; 0.012 V                             ; 4.4e-10 s                  ; 4.15e-10 s                 ; Yes                       ; Yes                       ;
; rcon_out[19]   ; 2.5 V        ; 0 s                 ; 0 s                 ; 2.32 V                       ; 1.06e-06 V                   ; 2.33 V              ; -0.00343 V          ; 0.134 V                              ; 0.076 V                              ; 3.33e-09 s                  ; 3.16e-09 s                  ; Yes                        ; Yes                        ; 2.32 V                      ; 1.06e-06 V                  ; 2.33 V             ; -0.00343 V         ; 0.134 V                             ; 0.076 V                             ; 3.33e-09 s                 ; 3.16e-09 s                 ; Yes                       ; Yes                       ;
; rcon_out[20]   ; 2.5 V        ; 0 s                 ; 0 s                 ; 2.32 V                       ; 1.06e-06 V                   ; 2.36 V              ; -0.00548 V          ; 0.108 V                              ; 0.017 V                              ; 4.48e-10 s                  ; 4.25e-10 s                  ; Yes                        ; Yes                        ; 2.32 V                      ; 1.06e-06 V                  ; 2.36 V             ; -0.00548 V         ; 0.108 V                             ; 0.017 V                             ; 4.48e-10 s                 ; 4.25e-10 s                 ; Yes                       ; Yes                       ;
; rcon_out[21]   ; 2.5 V        ; 0 s                 ; 0 s                 ; 2.32 V                       ; 1.06e-06 V                   ; 2.36 V              ; -0.00548 V          ; 0.108 V                              ; 0.017 V                              ; 4.48e-10 s                  ; 4.25e-10 s                  ; Yes                        ; Yes                        ; 2.32 V                      ; 1.06e-06 V                  ; 2.36 V             ; -0.00548 V         ; 0.108 V                             ; 0.017 V                             ; 4.48e-10 s                 ; 4.25e-10 s                 ; Yes                       ; Yes                       ;
; rcon_out[22]   ; 2.5 V        ; 0 s                 ; 0 s                 ; 2.32 V                       ; 1.06e-06 V                   ; 2.36 V              ; -0.00548 V          ; 0.108 V                              ; 0.017 V                              ; 4.48e-10 s                  ; 4.25e-10 s                  ; Yes                        ; Yes                        ; 2.32 V                      ; 1.06e-06 V                  ; 2.36 V             ; -0.00548 V         ; 0.108 V                             ; 0.017 V                             ; 4.48e-10 s                 ; 4.25e-10 s                 ; Yes                       ; Yes                       ;
; rcon_out[23]   ; 2.5 V        ; 0 s                 ; 0 s                 ; 2.32 V                       ; 7.11e-07 V                   ; 2.36 V              ; -0.00477 V          ; 0.097 V                              ; 0.012 V                              ; 4.4e-10 s                   ; 4.15e-10 s                  ; Yes                        ; Yes                        ; 2.32 V                      ; 7.11e-07 V                  ; 2.36 V             ; -0.00477 V         ; 0.097 V                             ; 0.012 V                             ; 4.4e-10 s                  ; 4.15e-10 s                 ; Yes                       ; Yes                       ;
; rcon_out[24]   ; 2.5 V        ; 0 s                 ; 0 s                 ; 2.32 V                       ; 1.06e-06 V                   ; 2.36 V              ; -0.00548 V          ; 0.108 V                              ; 0.017 V                              ; 4.48e-10 s                  ; 4.25e-10 s                  ; Yes                        ; Yes                        ; 2.32 V                      ; 1.06e-06 V                  ; 2.36 V             ; -0.00548 V         ; 0.108 V                             ; 0.017 V                             ; 4.48e-10 s                 ; 4.25e-10 s                 ; Yes                       ; Yes                       ;
; rcon_out[25]   ; 2.5 V        ; 0 s                 ; 0 s                 ; 2.32 V                       ; 1.06e-06 V                   ; 2.36 V              ; -0.00548 V          ; 0.108 V                              ; 0.017 V                              ; 4.48e-10 s                  ; 4.25e-10 s                  ; Yes                        ; Yes                        ; 2.32 V                      ; 1.06e-06 V                  ; 2.36 V             ; -0.00548 V         ; 0.108 V                             ; 0.017 V                             ; 4.48e-10 s                 ; 4.25e-10 s                 ; Yes                       ; Yes                       ;
; rcon_out[26]   ; 2.5 V        ; 0 s                 ; 0 s                 ; 2.32 V                       ; 1.06e-06 V                   ; 2.36 V              ; -0.00548 V          ; 0.108 V                              ; 0.017 V                              ; 4.48e-10 s                  ; 4.25e-10 s                  ; Yes                        ; Yes                        ; 2.32 V                      ; 1.06e-06 V                  ; 2.36 V             ; -0.00548 V         ; 0.108 V                             ; 0.017 V                             ; 4.48e-10 s                 ; 4.25e-10 s                 ; Yes                       ; Yes                       ;
; rcon_out[27]   ; 2.5 V        ; 0 s                 ; 0 s                 ; 2.32 V                       ; 1.06e-06 V                   ; 2.36 V              ; -0.00548 V          ; 0.108 V                              ; 0.017 V                              ; 4.48e-10 s                  ; 4.25e-10 s                  ; Yes                        ; Yes                        ; 2.32 V                      ; 1.06e-06 V                  ; 2.36 V             ; -0.00548 V         ; 0.108 V                             ; 0.017 V                             ; 4.48e-10 s                 ; 4.25e-10 s                 ; Yes                       ; Yes                       ;
; rcon_out[28]   ; 2.5 V        ; 0 s                 ; 0 s                 ; 2.32 V                       ; 7.11e-07 V                   ; 2.33 V              ; -0.00353 V          ; 0.131 V                              ; 0.073 V                              ; 3.33e-09 s                  ; 3.13e-09 s                  ; Yes                        ; Yes                        ; 2.32 V                      ; 7.11e-07 V                  ; 2.33 V             ; -0.00353 V         ; 0.131 V                             ; 0.073 V                             ; 3.33e-09 s                 ; 3.13e-09 s                 ; Yes                       ; Yes                       ;
; rcon_out[29]   ; 2.5 V        ; 0 s                 ; 0 s                 ; 2.32 V                       ; 7.11e-07 V                   ; 2.35 V              ; -0.00791 V          ; 0.102 V                              ; 0.023 V                              ; 6.39e-10 s                  ; 5.99e-10 s                  ; Yes                        ; Yes                        ; 2.32 V                      ; 7.11e-07 V                  ; 2.35 V             ; -0.00791 V         ; 0.102 V                             ; 0.023 V                             ; 6.39e-10 s                 ; 5.99e-10 s                 ; Yes                       ; Yes                       ;
; rcon_out[30]   ; 2.5 V        ; 0 s                 ; 0 s                 ; 2.32 V                       ; 1.06e-06 V                   ; 2.36 V              ; -0.00548 V          ; 0.108 V                              ; 0.017 V                              ; 4.48e-10 s                  ; 4.25e-10 s                  ; Yes                        ; Yes                        ; 2.32 V                      ; 1.06e-06 V                  ; 2.36 V             ; -0.00548 V         ; 0.108 V                             ; 0.017 V                             ; 4.48e-10 s                 ; 4.25e-10 s                 ; Yes                       ; Yes                       ;
; rcon_out[31]   ; 2.5 V        ; 0 s                 ; 0 s                 ; 2.32 V                       ; 1.06e-06 V                   ; 2.36 V              ; -0.00548 V          ; 0.108 V                              ; 0.017 V                              ; 4.48e-10 s                  ; 4.25e-10 s                  ; Yes                        ; Yes                        ; 2.32 V                      ; 1.06e-06 V                  ; 2.36 V             ; -0.00548 V         ; 0.108 V                             ; 0.017 V                             ; 4.48e-10 s                 ; 4.25e-10 s                 ; Yes                       ; Yes                       ;
; aux_out[0]     ; 2.5 V        ; 0 s                 ; 0 s                 ; 2.32 V                       ; 7.11e-07 V                   ; 2.36 V              ; -0.00477 V          ; 0.097 V                              ; 0.012 V                              ; 4.4e-10 s                   ; 4.15e-10 s                  ; Yes                        ; Yes                        ; 2.32 V                      ; 7.11e-07 V                  ; 2.36 V             ; -0.00477 V         ; 0.097 V                             ; 0.012 V                             ; 4.4e-10 s                  ; 4.15e-10 s                 ; Yes                       ; Yes                       ;
; aux_out[1]     ; 2.5 V        ; 0 s                 ; 0 s                 ; 2.32 V                       ; 7.11e-07 V                   ; 2.33 V              ; -0.00353 V          ; 0.131 V                              ; 0.073 V                              ; 3.33e-09 s                  ; 3.13e-09 s                  ; Yes                        ; Yes                        ; 2.32 V                      ; 7.11e-07 V                  ; 2.33 V             ; -0.00353 V         ; 0.131 V                             ; 0.073 V                             ; 3.33e-09 s                 ; 3.13e-09 s                 ; Yes                       ; Yes                       ;
; aux_out[2]     ; 2.5 V        ; 0 s                 ; 0 s                 ; 2.32 V                       ; 1.06e-06 V                   ; 2.36 V              ; -0.00548 V          ; 0.108 V                              ; 0.017 V                              ; 4.48e-10 s                  ; 4.25e-10 s                  ; Yes                        ; Yes                        ; 2.32 V                      ; 1.06e-06 V                  ; 2.36 V             ; -0.00548 V         ; 0.108 V                             ; 0.017 V                             ; 4.48e-10 s                 ; 4.25e-10 s                 ; Yes                       ; Yes                       ;
; aux_out[3]     ; 2.5 V        ; 0 s                 ; 0 s                 ; 2.32 V                       ; 1.06e-06 V                   ; 2.36 V              ; -0.00548 V          ; 0.108 V                              ; 0.017 V                              ; 4.48e-10 s                  ; 4.25e-10 s                  ; Yes                        ; Yes                        ; 2.32 V                      ; 1.06e-06 V                  ; 2.36 V             ; -0.00548 V         ; 0.108 V                             ; 0.017 V                             ; 4.48e-10 s                 ; 4.25e-10 s                 ; Yes                       ; Yes                       ;
; aux_out[4]     ; 2.5 V        ; 0 s                 ; 0 s                 ; 2.32 V                       ; 1.06e-06 V                   ; 2.36 V              ; -0.00548 V          ; 0.108 V                              ; 0.017 V                              ; 4.48e-10 s                  ; 4.25e-10 s                  ; Yes                        ; Yes                        ; 2.32 V                      ; 1.06e-06 V                  ; 2.36 V             ; -0.00548 V         ; 0.108 V                             ; 0.017 V                             ; 4.48e-10 s                 ; 4.25e-10 s                 ; Yes                       ; Yes                       ;
; aux_out[5]     ; 2.5 V        ; 0 s                 ; 0 s                 ; 2.32 V                       ; 1.06e-06 V                   ; 2.36 V              ; -0.00548 V          ; 0.108 V                              ; 0.017 V                              ; 4.48e-10 s                  ; 4.25e-10 s                  ; Yes                        ; Yes                        ; 2.32 V                      ; 1.06e-06 V                  ; 2.36 V             ; -0.00548 V         ; 0.108 V                             ; 0.017 V                             ; 4.48e-10 s                 ; 4.25e-10 s                 ; Yes                       ; Yes                       ;
; aux_out[6]     ; 2.5 V        ; 0 s                 ; 0 s                 ; 2.32 V                       ; 7.11e-07 V                   ; 2.35 V              ; -0.00791 V          ; 0.102 V                              ; 0.023 V                              ; 6.39e-10 s                  ; 5.99e-10 s                  ; Yes                        ; Yes                        ; 2.32 V                      ; 7.11e-07 V                  ; 2.35 V             ; -0.00791 V         ; 0.102 V                             ; 0.023 V                             ; 6.39e-10 s                 ; 5.99e-10 s                 ; Yes                       ; Yes                       ;
; aux_out[7]     ; 2.5 V        ; 0 s                 ; 0 s                 ; 2.32 V                       ; 1.06e-06 V                   ; 2.36 V              ; -0.00548 V          ; 0.108 V                              ; 0.017 V                              ; 4.48e-10 s                  ; 4.25e-10 s                  ; Yes                        ; Yes                        ; 2.32 V                      ; 1.06e-06 V                  ; 2.36 V             ; -0.00548 V         ; 0.108 V                             ; 0.017 V                             ; 4.48e-10 s                 ; 4.25e-10 s                 ; Yes                       ; Yes                       ;
; aux_out[8]     ; 2.5 V        ; 0 s                 ; 0 s                 ; 2.32 V                       ; 1.06e-06 V                   ; 2.36 V              ; -0.00548 V          ; 0.108 V                              ; 0.017 V                              ; 4.48e-10 s                  ; 4.25e-10 s                  ; Yes                        ; Yes                        ; 2.32 V                      ; 1.06e-06 V                  ; 2.36 V             ; -0.00548 V         ; 0.108 V                             ; 0.017 V                             ; 4.48e-10 s                 ; 4.25e-10 s                 ; Yes                       ; Yes                       ;
; aux_out[9]     ; 2.5 V        ; 0 s                 ; 0 s                 ; 2.32 V                       ; 1.06e-06 V                   ; 2.36 V              ; -0.00548 V          ; 0.108 V                              ; 0.017 V                              ; 4.48e-10 s                  ; 4.25e-10 s                  ; Yes                        ; Yes                        ; 2.32 V                      ; 1.06e-06 V                  ; 2.36 V             ; -0.00548 V         ; 0.108 V                             ; 0.017 V                             ; 4.48e-10 s                 ; 4.25e-10 s                 ; Yes                       ; Yes                       ;
; aux_out[10]    ; 2.5 V        ; 0 s                 ; 0 s                 ; 2.32 V                       ; 1.06e-06 V                   ; 2.36 V              ; -0.00548 V          ; 0.108 V                              ; 0.017 V                              ; 4.48e-10 s                  ; 4.25e-10 s                  ; Yes                        ; Yes                        ; 2.32 V                      ; 1.06e-06 V                  ; 2.36 V             ; -0.00548 V         ; 0.108 V                             ; 0.017 V                             ; 4.48e-10 s                 ; 4.25e-10 s                 ; Yes                       ; Yes                       ;
; aux_out[11]    ; 2.5 V        ; 0 s                 ; 0 s                 ; 2.32 V                       ; 1.06e-06 V                   ; 2.36 V              ; -0.00548 V          ; 0.108 V                              ; 0.017 V                              ; 4.48e-10 s                  ; 4.25e-10 s                  ; Yes                        ; Yes                        ; 2.32 V                      ; 1.06e-06 V                  ; 2.36 V             ; -0.00548 V         ; 0.108 V                             ; 0.017 V                             ; 4.48e-10 s                 ; 4.25e-10 s                 ; Yes                       ; Yes                       ;
; aux_out[12]    ; 2.5 V        ; 0 s                 ; 0 s                 ; 2.32 V                       ; 1.06e-06 V                   ; 2.33 V              ; -0.00343 V          ; 0.134 V                              ; 0.076 V                              ; 3.33e-09 s                  ; 3.16e-09 s                  ; Yes                        ; Yes                        ; 2.32 V                      ; 1.06e-06 V                  ; 2.33 V             ; -0.00343 V         ; 0.134 V                             ; 0.076 V                             ; 3.33e-09 s                 ; 3.16e-09 s                 ; Yes                       ; Yes                       ;
; aux_out[13]    ; 2.5 V        ; 0 s                 ; 0 s                 ; 2.32 V                       ; 7.11e-07 V                   ; 2.35 V              ; -0.00791 V          ; 0.102 V                              ; 0.023 V                              ; 6.39e-10 s                  ; 5.99e-10 s                  ; Yes                        ; Yes                        ; 2.32 V                      ; 7.11e-07 V                  ; 2.35 V             ; -0.00791 V         ; 0.102 V                             ; 0.023 V                             ; 6.39e-10 s                 ; 5.99e-10 s                 ; Yes                       ; Yes                       ;
; aux_out[14]    ; 2.5 V        ; 0 s                 ; 0 s                 ; 2.32 V                       ; 7.11e-07 V                   ; 2.35 V              ; -0.00791 V          ; 0.102 V                              ; 0.023 V                              ; 6.39e-10 s                  ; 5.99e-10 s                  ; Yes                        ; Yes                        ; 2.32 V                      ; 7.11e-07 V                  ; 2.35 V             ; -0.00791 V         ; 0.102 V                             ; 0.023 V                             ; 6.39e-10 s                 ; 5.99e-10 s                 ; Yes                       ; Yes                       ;
; aux_out[15]    ; 2.5 V        ; 0 s                 ; 0 s                 ; 2.32 V                       ; 1.06e-06 V                   ; 2.36 V              ; -0.00548 V          ; 0.108 V                              ; 0.017 V                              ; 4.48e-10 s                  ; 4.25e-10 s                  ; Yes                        ; Yes                        ; 2.32 V                      ; 1.06e-06 V                  ; 2.36 V             ; -0.00548 V         ; 0.108 V                             ; 0.017 V                             ; 4.48e-10 s                 ; 4.25e-10 s                 ; Yes                       ; Yes                       ;
; aux_out[16]    ; 2.5 V        ; 0 s                 ; 0 s                 ; 2.32 V                       ; 7.11e-07 V                   ; 2.35 V              ; -0.00791 V          ; 0.102 V                              ; 0.023 V                              ; 6.39e-10 s                  ; 5.99e-10 s                  ; Yes                        ; Yes                        ; 2.32 V                      ; 7.11e-07 V                  ; 2.35 V             ; -0.00791 V         ; 0.102 V                             ; 0.023 V                             ; 6.39e-10 s                 ; 5.99e-10 s                 ; Yes                       ; Yes                       ;
; aux_out[17]    ; 2.5 V        ; 0 s                 ; 0 s                 ; 2.32 V                       ; 1.06e-06 V                   ; 2.36 V              ; -0.00548 V          ; 0.108 V                              ; 0.017 V                              ; 4.48e-10 s                  ; 4.25e-10 s                  ; Yes                        ; Yes                        ; 2.32 V                      ; 1.06e-06 V                  ; 2.36 V             ; -0.00548 V         ; 0.108 V                             ; 0.017 V                             ; 4.48e-10 s                 ; 4.25e-10 s                 ; Yes                       ; Yes                       ;
; aux_out[18]    ; 2.5 V        ; 0 s                 ; 0 s                 ; 2.32 V                       ; 7.11e-07 V                   ; 2.36 V              ; -0.00477 V          ; 0.097 V                              ; 0.012 V                              ; 4.4e-10 s                   ; 4.15e-10 s                  ; Yes                        ; Yes                        ; 2.32 V                      ; 7.11e-07 V                  ; 2.36 V             ; -0.00477 V         ; 0.097 V                             ; 0.012 V                             ; 4.4e-10 s                  ; 4.15e-10 s                 ; Yes                       ; Yes                       ;
; aux_out[19]    ; 2.5 V        ; 0 s                 ; 0 s                 ; 2.32 V                       ; 1.06e-06 V                   ; 2.36 V              ; -0.00548 V          ; 0.108 V                              ; 0.017 V                              ; 4.48e-10 s                  ; 4.25e-10 s                  ; Yes                        ; Yes                        ; 2.32 V                      ; 1.06e-06 V                  ; 2.36 V             ; -0.00548 V         ; 0.108 V                             ; 0.017 V                             ; 4.48e-10 s                 ; 4.25e-10 s                 ; Yes                       ; Yes                       ;
; aux_out[20]    ; 2.5 V        ; 0 s                 ; 0 s                 ; 2.32 V                       ; 1.06e-06 V                   ; 2.36 V              ; -0.00548 V          ; 0.108 V                              ; 0.017 V                              ; 4.48e-10 s                  ; 4.25e-10 s                  ; Yes                        ; Yes                        ; 2.32 V                      ; 1.06e-06 V                  ; 2.36 V             ; -0.00548 V         ; 0.108 V                             ; 0.017 V                             ; 4.48e-10 s                 ; 4.25e-10 s                 ; Yes                       ; Yes                       ;
; aux_out[21]    ; 2.5 V        ; 0 s                 ; 0 s                 ; 2.32 V                       ; 7.11e-07 V                   ; 2.36 V              ; -0.00477 V          ; 0.097 V                              ; 0.012 V                              ; 4.4e-10 s                   ; 4.15e-10 s                  ; Yes                        ; Yes                        ; 2.32 V                      ; 7.11e-07 V                  ; 2.36 V             ; -0.00477 V         ; 0.097 V                             ; 0.012 V                             ; 4.4e-10 s                  ; 4.15e-10 s                 ; Yes                       ; Yes                       ;
; aux_out[22]    ; 2.5 V        ; 0 s                 ; 0 s                 ; 2.32 V                       ; 1.06e-06 V                   ; 2.36 V              ; -0.00548 V          ; 0.108 V                              ; 0.017 V                              ; 4.48e-10 s                  ; 4.25e-10 s                  ; Yes                        ; Yes                        ; 2.32 V                      ; 1.06e-06 V                  ; 2.36 V             ; -0.00548 V         ; 0.108 V                             ; 0.017 V                             ; 4.48e-10 s                 ; 4.25e-10 s                 ; Yes                       ; Yes                       ;
; aux_out[23]    ; 2.5 V        ; 0 s                 ; 0 s                 ; 2.32 V                       ; 7.11e-07 V                   ; 2.35 V              ; -0.00791 V          ; 0.102 V                              ; 0.023 V                              ; 6.39e-10 s                  ; 5.99e-10 s                  ; Yes                        ; Yes                        ; 2.32 V                      ; 7.11e-07 V                  ; 2.35 V             ; -0.00791 V         ; 0.102 V                             ; 0.023 V                             ; 6.39e-10 s                 ; 5.99e-10 s                 ; Yes                       ; Yes                       ;
; aux_out[24]    ; 2.5 V        ; 0 s                 ; 0 s                 ; 2.32 V                       ; 1.06e-06 V                   ; 2.36 V              ; -0.00548 V          ; 0.108 V                              ; 0.017 V                              ; 4.48e-10 s                  ; 4.25e-10 s                  ; Yes                        ; Yes                        ; 2.32 V                      ; 1.06e-06 V                  ; 2.36 V             ; -0.00548 V         ; 0.108 V                             ; 0.017 V                             ; 4.48e-10 s                 ; 4.25e-10 s                 ; Yes                       ; Yes                       ;
; aux_out[25]    ; 2.5 V        ; 0 s                 ; 0 s                 ; 2.32 V                       ; 1.06e-06 V                   ; 2.36 V              ; -0.00548 V          ; 0.108 V                              ; 0.017 V                              ; 4.48e-10 s                  ; 4.25e-10 s                  ; Yes                        ; Yes                        ; 2.32 V                      ; 1.06e-06 V                  ; 2.36 V             ; -0.00548 V         ; 0.108 V                             ; 0.017 V                             ; 4.48e-10 s                 ; 4.25e-10 s                 ; Yes                       ; Yes                       ;
; aux_out[26]    ; 2.5 V        ; 0 s                 ; 0 s                 ; 2.32 V                       ; 1.06e-06 V                   ; 2.36 V              ; -0.00548 V          ; 0.108 V                              ; 0.017 V                              ; 4.48e-10 s                  ; 4.25e-10 s                  ; Yes                        ; Yes                        ; 2.32 V                      ; 1.06e-06 V                  ; 2.36 V             ; -0.00548 V         ; 0.108 V                             ; 0.017 V                             ; 4.48e-10 s                 ; 4.25e-10 s                 ; Yes                       ; Yes                       ;
; aux_out[27]    ; 2.5 V        ; 0 s                 ; 0 s                 ; 2.32 V                       ; 1.06e-06 V                   ; 2.36 V              ; -0.00548 V          ; 0.108 V                              ; 0.017 V                              ; 4.48e-10 s                  ; 4.25e-10 s                  ; Yes                        ; Yes                        ; 2.32 V                      ; 1.06e-06 V                  ; 2.36 V             ; -0.00548 V         ; 0.108 V                             ; 0.017 V                             ; 4.48e-10 s                 ; 4.25e-10 s                 ; Yes                       ; Yes                       ;
; aux_out[28]    ; 2.5 V        ; 0 s                 ; 0 s                 ; 2.32 V                       ; 1.06e-06 V                   ; 2.36 V              ; -0.00548 V          ; 0.108 V                              ; 0.017 V                              ; 4.48e-10 s                  ; 4.25e-10 s                  ; Yes                        ; Yes                        ; 2.32 V                      ; 1.06e-06 V                  ; 2.36 V             ; -0.00548 V         ; 0.108 V                             ; 0.017 V                             ; 4.48e-10 s                 ; 4.25e-10 s                 ; Yes                       ; Yes                       ;
; aux_out[29]    ; 2.5 V        ; 0 s                 ; 0 s                 ; 2.32 V                       ; 1.06e-06 V                   ; 2.36 V              ; -0.00548 V          ; 0.108 V                              ; 0.017 V                              ; 4.48e-10 s                  ; 4.25e-10 s                  ; Yes                        ; Yes                        ; 2.32 V                      ; 1.06e-06 V                  ; 2.36 V             ; -0.00548 V         ; 0.108 V                             ; 0.017 V                             ; 4.48e-10 s                 ; 4.25e-10 s                 ; Yes                       ; Yes                       ;
; aux_out[30]    ; 2.5 V        ; 0 s                 ; 0 s                 ; 2.32 V                       ; 1.06e-06 V                   ; 2.36 V              ; -0.00548 V          ; 0.108 V                              ; 0.017 V                              ; 4.48e-10 s                  ; 4.25e-10 s                  ; Yes                        ; Yes                        ; 2.32 V                      ; 1.06e-06 V                  ; 2.36 V             ; -0.00548 V         ; 0.108 V                             ; 0.017 V                             ; 4.48e-10 s                 ; 4.25e-10 s                 ; Yes                       ; Yes                       ;
; aux_out[31]    ; 2.5 V        ; 0 s                 ; 0 s                 ; 2.32 V                       ; 1.06e-06 V                   ; 2.36 V              ; -0.00548 V          ; 0.108 V                              ; 0.017 V                              ; 4.48e-10 s                  ; 4.25e-10 s                  ; Yes                        ; Yes                        ; 2.32 V                      ; 1.06e-06 V                  ; 2.36 V             ; -0.00548 V         ; 0.108 V                             ; 0.017 V                             ; 4.48e-10 s                 ; 4.25e-10 s                 ; Yes                       ; Yes                       ;
; state_out[0]   ; 2.5 V        ; 0 s                 ; 0 s                 ; 2.32 V                       ; 1.06e-06 V                   ; 2.36 V              ; -0.00548 V          ; 0.108 V                              ; 0.017 V                              ; 4.48e-10 s                  ; 4.25e-10 s                  ; Yes                        ; Yes                        ; 2.32 V                      ; 1.06e-06 V                  ; 2.36 V             ; -0.00548 V         ; 0.108 V                             ; 0.017 V                             ; 4.48e-10 s                 ; 4.25e-10 s                 ; Yes                       ; Yes                       ;
; state_out[1]   ; 2.5 V        ; 0 s                 ; 0 s                 ; 2.32 V                       ; 7.11e-07 V                   ; 2.35 V              ; -0.00791 V          ; 0.102 V                              ; 0.023 V                              ; 6.39e-10 s                  ; 5.99e-10 s                  ; Yes                        ; Yes                        ; 2.32 V                      ; 7.11e-07 V                  ; 2.35 V             ; -0.00791 V         ; 0.102 V                             ; 0.023 V                             ; 6.39e-10 s                 ; 5.99e-10 s                 ; Yes                       ; Yes                       ;
; state_out[2]   ; 2.5 V        ; 0 s                 ; 0 s                 ; 2.32 V                       ; 1.06e-06 V                   ; 2.36 V              ; -0.00548 V          ; 0.108 V                              ; 0.017 V                              ; 4.48e-10 s                  ; 4.25e-10 s                  ; Yes                        ; Yes                        ; 2.32 V                      ; 1.06e-06 V                  ; 2.36 V             ; -0.00548 V         ; 0.108 V                             ; 0.017 V                             ; 4.48e-10 s                 ; 4.25e-10 s                 ; Yes                       ; Yes                       ;
; counter_out[0] ; 2.5 V        ; 0 s                 ; 0 s                 ; 2.32 V                       ; 7.11e-07 V                   ; 2.35 V              ; -0.00791 V          ; 0.102 V                              ; 0.023 V                              ; 6.39e-10 s                  ; 5.99e-10 s                  ; Yes                        ; Yes                        ; 2.32 V                      ; 7.11e-07 V                  ; 2.35 V             ; -0.00791 V         ; 0.102 V                             ; 0.023 V                             ; 6.39e-10 s                 ; 5.99e-10 s                 ; Yes                       ; Yes                       ;
; counter_out[1] ; 2.5 V        ; 0 s                 ; 0 s                 ; 2.32 V                       ; 1.06e-06 V                   ; 2.36 V              ; -0.00548 V          ; 0.108 V                              ; 0.017 V                              ; 4.48e-10 s                  ; 4.25e-10 s                  ; Yes                        ; Yes                        ; 2.32 V                      ; 1.06e-06 V                  ; 2.36 V             ; -0.00548 V         ; 0.108 V                             ; 0.017 V                             ; 4.48e-10 s                 ; 4.25e-10 s                 ; Yes                       ; Yes                       ;
; ~ALTERA_DCLK~  ; 2.5 V        ; 0 s                 ; 0 s                 ; 2.32 V                       ; 5.68e-07 V                   ; 2.36 V              ; -0.0222 V           ; 0.073 V                              ; 0.035 V                              ; 3.97e-10 s                  ; 3.26e-10 s                  ; Yes                        ; Yes                        ; 2.32 V                      ; 5.68e-07 V                  ; 2.36 V             ; -0.0222 V          ; 0.073 V                             ; 0.035 V                             ; 3.97e-10 s                 ; 3.26e-10 s                 ; Yes                       ; Yes                       ;
; ~ALTERA_nCEO~  ; 2.5 V        ; 0 s                 ; 0 s                 ; 2.32 V                       ; 9.36e-07 V                   ; 2.35 V              ; -0.00597 V          ; 0.081 V                              ; 0.031 V                              ; 5.3e-10 s                   ; 7.56e-10 s                  ; Yes                        ; Yes                        ; 2.32 V                      ; 9.36e-07 V                  ; 2.35 V             ; -0.00597 V         ; 0.081 V                             ; 0.031 V                             ; 5.3e-10 s                  ; 7.56e-10 s                 ; Yes                       ; Yes                       ;
+----------------+--------------+---------------------+---------------------+------------------------------+------------------------------+---------------------+---------------------+--------------------------------------+--------------------------------------+-----------------------------+-----------------------------+----------------------------+----------------------------+-----------------------------+-----------------------------+--------------------+--------------------+-------------------------------------+-------------------------------------+----------------------------+----------------------------+---------------------------+---------------------------+


+---------------------------------------------------------------------------------------------------------------------------------------------------------------------------------------------------------------------------------------------------------------------------------------------------------------------------------------------------------------------------------------------------------------------------------------------------------------------------------------------------------------------------------------------------------------------------------------------------------------------------------------------------------------------------------------------+
; Fast Corner Signal Integrity Metrics                                                                                                                                                                                                                                                                                                                                                                                                                                                                                                                                                                                                                                                        ;
+----------------+--------------+---------------------+---------------------+------------------------------+------------------------------+---------------------+---------------------+--------------------------------------+--------------------------------------+-----------------------------+-----------------------------+----------------------------+----------------------------+-----------------------------+-----------------------------+--------------------+--------------------+-------------------------------------+-------------------------------------+----------------------------+----------------------------+---------------------------+---------------------------+
; Pin            ; I/O Standard ; Board Delay on Rise ; Board Delay on Fall ; Steady State Voh at FPGA Pin ; Steady State Vol at FPGA Pin ; Voh Max at FPGA Pin ; Vol Min at FPGA Pin ; Ringback Voltage on Rise at FPGA Pin ; Ringback Voltage on Fall at FPGA Pin ; 10-90 Rise Time at FPGA Pin ; 90-10 Fall Time at FPGA Pin ; Monotonic Rise at FPGA Pin ; Monotonic Fall at FPGA Pin ; Steady State Voh at Far-end ; Steady State Vol at Far-end ; Voh Max at Far-end ; Vol Min at Far-end ; Ringback Voltage on Rise at Far-end ; Ringback Voltage on Fall at Far-end ; 10-90 Rise Time at Far-end ; 90-10 Fall Time at Far-end ; Monotonic Rise at Far-end ; Monotonic Fall at Far-end ;
+----------------+--------------+---------------------+---------------------+------------------------------+------------------------------+---------------------+---------------------+--------------------------------------+--------------------------------------+-----------------------------+-----------------------------+----------------------------+----------------------------+-----------------------------+-----------------------------+--------------------+--------------------+-------------------------------------+-------------------------------------+----------------------------+----------------------------+---------------------------+---------------------------+
; key_word[0]    ; 2.5 V        ; 0 s                 ; 0 s                 ; 2.62 V                       ; 4.02e-08 V                   ; 2.71 V              ; -0.0354 V           ; 0.174 V                              ; 0.098 V                              ; 2.73e-10 s                  ; 2.69e-10 s                  ; Yes                        ; Yes                        ; 2.62 V                      ; 4.02e-08 V                  ; 2.71 V             ; -0.0354 V          ; 0.174 V                             ; 0.098 V                             ; 2.73e-10 s                 ; 2.69e-10 s                 ; Yes                       ; Yes                       ;
; key_word[1]    ; 2.5 V        ; 0 s                 ; 0 s                 ; 2.62 V                       ; 4.02e-08 V                   ; 2.71 V              ; -0.0354 V           ; 0.174 V                              ; 0.098 V                              ; 2.73e-10 s                  ; 2.69e-10 s                  ; Yes                        ; Yes                        ; 2.62 V                      ; 4.02e-08 V                  ; 2.71 V             ; -0.0354 V          ; 0.174 V                             ; 0.098 V                             ; 2.73e-10 s                 ; 2.69e-10 s                 ; Yes                       ; Yes                       ;
; key_word[2]    ; 2.5 V        ; 0 s                 ; 0 s                 ; 2.62 V                       ; 4.02e-08 V                   ; 2.64 V              ; -0.0115 V           ; 0.204 V                              ; 0.12 V                               ; 2.38e-09 s                  ; 2.24e-09 s                  ; No                         ; Yes                        ; 2.62 V                      ; 4.02e-08 V                  ; 2.64 V             ; -0.0115 V          ; 0.204 V                             ; 0.12 V                              ; 2.38e-09 s                 ; 2.24e-09 s                 ; No                        ; Yes                       ;
; key_word[3]    ; 2.5 V        ; 0 s                 ; 0 s                 ; 2.62 V                       ; 4.02e-08 V                   ; 2.71 V              ; -0.0354 V           ; 0.174 V                              ; 0.098 V                              ; 2.73e-10 s                  ; 2.69e-10 s                  ; Yes                        ; Yes                        ; 2.62 V                      ; 4.02e-08 V                  ; 2.71 V             ; -0.0354 V          ; 0.174 V                             ; 0.098 V                             ; 2.73e-10 s                 ; 2.69e-10 s                 ; Yes                       ; Yes                       ;
; key_word[4]    ; 2.5 V        ; 0 s                 ; 0 s                 ; 2.62 V                       ; 4.02e-08 V                   ; 2.71 V              ; -0.0354 V           ; 0.174 V                              ; 0.098 V                              ; 2.73e-10 s                  ; 2.69e-10 s                  ; Yes                        ; Yes                        ; 2.62 V                      ; 4.02e-08 V                  ; 2.71 V             ; -0.0354 V          ; 0.174 V                             ; 0.098 V                             ; 2.73e-10 s                 ; 2.69e-10 s                 ; Yes                       ; Yes                       ;
; key_word[5]    ; 2.5 V        ; 0 s                 ; 0 s                 ; 2.62 V                       ; 2.7e-08 V                    ; 2.71 V              ; -0.0354 V           ; 0.148 V                              ; 0.064 V                              ; 4.51e-10 s                  ; 4.14e-10 s                  ; No                         ; Yes                        ; 2.62 V                      ; 2.7e-08 V                   ; 2.71 V             ; -0.0354 V          ; 0.148 V                             ; 0.064 V                             ; 4.51e-10 s                 ; 4.14e-10 s                 ; No                        ; Yes                       ;
; key_word[6]    ; 2.5 V        ; 0 s                 ; 0 s                 ; 2.62 V                       ; 4.02e-08 V                   ; 2.71 V              ; -0.0354 V           ; 0.174 V                              ; 0.098 V                              ; 2.73e-10 s                  ; 2.69e-10 s                  ; Yes                        ; Yes                        ; 2.62 V                      ; 4.02e-08 V                  ; 2.71 V             ; -0.0354 V          ; 0.174 V                             ; 0.098 V                             ; 2.73e-10 s                 ; 2.69e-10 s                 ; Yes                       ; Yes                       ;
; key_word[7]    ; 2.5 V        ; 0 s                 ; 0 s                 ; 2.62 V                       ; 4.02e-08 V                   ; 2.71 V              ; -0.0354 V           ; 0.174 V                              ; 0.098 V                              ; 2.73e-10 s                  ; 2.69e-10 s                  ; Yes                        ; Yes                        ; 2.62 V                      ; 4.02e-08 V                  ; 2.71 V             ; -0.0354 V          ; 0.174 V                             ; 0.098 V                             ; 2.73e-10 s                 ; 2.69e-10 s                 ; Yes                       ; Yes                       ;
; key_word[8]    ; 2.5 V        ; 0 s                 ; 0 s                 ; 2.62 V                       ; 2.7e-08 V                    ; 2.71 V              ; -0.0354 V           ; 0.148 V                              ; 0.064 V                              ; 4.51e-10 s                  ; 4.14e-10 s                  ; No                         ; Yes                        ; 2.62 V                      ; 2.7e-08 V                   ; 2.71 V             ; -0.0354 V          ; 0.148 V                             ; 0.064 V                             ; 4.51e-10 s                 ; 4.14e-10 s                 ; No                        ; Yes                       ;
; key_word[9]    ; 2.5 V        ; 0 s                 ; 0 s                 ; 2.62 V                       ; 4.02e-08 V                   ; 2.71 V              ; -0.0354 V           ; 0.174 V                              ; 0.098 V                              ; 2.73e-10 s                  ; 2.69e-10 s                  ; Yes                        ; Yes                        ; 2.62 V                      ; 4.02e-08 V                  ; 2.71 V             ; -0.0354 V          ; 0.174 V                             ; 0.098 V                             ; 2.73e-10 s                 ; 2.69e-10 s                 ; Yes                       ; Yes                       ;
; key_word[10]   ; 2.5 V        ; 0 s                 ; 0 s                 ; 2.62 V                       ; 2.7e-08 V                    ; 2.72 V              ; -0.0401 V           ; 0.163 V                              ; 0.091 V                              ; 2.71e-10 s                  ; 2.61e-10 s                  ; Yes                        ; Yes                        ; 2.62 V                      ; 2.7e-08 V                   ; 2.72 V             ; -0.0401 V          ; 0.163 V                             ; 0.091 V                             ; 2.71e-10 s                 ; 2.61e-10 s                 ; Yes                       ; Yes                       ;
; key_word[11]   ; 2.5 V        ; 0 s                 ; 0 s                 ; 2.62 V                       ; 2.7e-08 V                    ; 2.71 V              ; -0.0354 V           ; 0.148 V                              ; 0.064 V                              ; 4.51e-10 s                  ; 4.14e-10 s                  ; No                         ; Yes                        ; 2.62 V                      ; 2.7e-08 V                   ; 2.71 V             ; -0.0354 V          ; 0.148 V                             ; 0.064 V                             ; 4.51e-10 s                 ; 4.14e-10 s                 ; No                        ; Yes                       ;
; key_word[12]   ; 2.5 V        ; 0 s                 ; 0 s                 ; 2.62 V                       ; 4.02e-08 V                   ; 2.71 V              ; -0.0354 V           ; 0.174 V                              ; 0.098 V                              ; 2.73e-10 s                  ; 2.69e-10 s                  ; Yes                        ; Yes                        ; 2.62 V                      ; 4.02e-08 V                  ; 2.71 V             ; -0.0354 V          ; 0.174 V                             ; 0.098 V                             ; 2.73e-10 s                 ; 2.69e-10 s                 ; Yes                       ; Yes                       ;
; key_word[13]   ; 2.5 V        ; 0 s                 ; 0 s                 ; 2.62 V                       ; 4.02e-08 V                   ; 2.71 V              ; -0.0354 V           ; 0.174 V                              ; 0.098 V                              ; 2.73e-10 s                  ; 2.69e-10 s                  ; Yes                        ; Yes                        ; 2.62 V                      ; 4.02e-08 V                  ; 2.71 V             ; -0.0354 V          ; 0.174 V                             ; 0.098 V                             ; 2.73e-10 s                 ; 2.69e-10 s                 ; Yes                       ; Yes                       ;
; key_word[14]   ; 2.5 V        ; 0 s                 ; 0 s                 ; 2.62 V                       ; 4.02e-08 V                   ; 2.71 V              ; -0.0354 V           ; 0.174 V                              ; 0.098 V                              ; 2.73e-10 s                  ; 2.69e-10 s                  ; Yes                        ; Yes                        ; 2.62 V                      ; 4.02e-08 V                  ; 2.71 V             ; -0.0354 V          ; 0.174 V                             ; 0.098 V                             ; 2.73e-10 s                 ; 2.69e-10 s                 ; Yes                       ; Yes                       ;
; key_word[15]   ; 2.5 V        ; 0 s                 ; 0 s                 ; 2.62 V                       ; 4.02e-08 V                   ; 2.71 V              ; -0.0354 V           ; 0.174 V                              ; 0.098 V                              ; 2.73e-10 s                  ; 2.69e-10 s                  ; Yes                        ; Yes                        ; 2.62 V                      ; 4.02e-08 V                  ; 2.71 V             ; -0.0354 V          ; 0.174 V                             ; 0.098 V                             ; 2.73e-10 s                 ; 2.69e-10 s                 ; Yes                       ; Yes                       ;
; key_word[16]   ; 2.5 V        ; 0 s                 ; 0 s                 ; 2.62 V                       ; 2.7e-08 V                    ; 2.71 V              ; -0.0354 V           ; 0.148 V                              ; 0.064 V                              ; 4.51e-10 s                  ; 4.14e-10 s                  ; No                         ; Yes                        ; 2.62 V                      ; 2.7e-08 V                   ; 2.71 V             ; -0.0354 V          ; 0.148 V                             ; 0.064 V                             ; 4.51e-10 s                 ; 4.14e-10 s                 ; No                        ; Yes                       ;
; key_word[17]   ; 2.5 V        ; 0 s                 ; 0 s                 ; 2.62 V                       ; 4.02e-08 V                   ; 2.71 V              ; -0.0354 V           ; 0.174 V                              ; 0.098 V                              ; 2.73e-10 s                  ; 2.69e-10 s                  ; Yes                        ; Yes                        ; 2.62 V                      ; 4.02e-08 V                  ; 2.71 V             ; -0.0354 V          ; 0.174 V                             ; 0.098 V                             ; 2.73e-10 s                 ; 2.69e-10 s                 ; Yes                       ; Yes                       ;
; key_word[18]   ; 2.5 V        ; 0 s                 ; 0 s                 ; 2.62 V                       ; 4.02e-08 V                   ; 2.71 V              ; -0.0354 V           ; 0.174 V                              ; 0.098 V                              ; 2.73e-10 s                  ; 2.69e-10 s                  ; Yes                        ; Yes                        ; 2.62 V                      ; 4.02e-08 V                  ; 2.71 V             ; -0.0354 V          ; 0.174 V                             ; 0.098 V                             ; 2.73e-10 s                 ; 2.69e-10 s                 ; Yes                       ; Yes                       ;
; key_word[19]   ; 2.5 V        ; 0 s                 ; 0 s                 ; 2.62 V                       ; 4.02e-08 V                   ; 2.71 V              ; -0.0354 V           ; 0.174 V                              ; 0.098 V                              ; 2.73e-10 s                  ; 2.69e-10 s                  ; Yes                        ; Yes                        ; 2.62 V                      ; 4.02e-08 V                  ; 2.71 V             ; -0.0354 V          ; 0.174 V                             ; 0.098 V                             ; 2.73e-10 s                 ; 2.69e-10 s                 ; Yes                       ; Yes                       ;
; key_word[20]   ; 2.5 V        ; 0 s                 ; 0 s                 ; 2.62 V                       ; 4.02e-08 V                   ; 2.71 V              ; -0.0354 V           ; 0.174 V                              ; 0.098 V                              ; 2.73e-10 s                  ; 2.69e-10 s                  ; Yes                        ; Yes                        ; 2.62 V                      ; 4.02e-08 V                  ; 2.71 V             ; -0.0354 V          ; 0.174 V                             ; 0.098 V                             ; 2.73e-10 s                 ; 2.69e-10 s                 ; Yes                       ; Yes                       ;
; key_word[21]   ; 2.5 V        ; 0 s                 ; 0 s                 ; 2.62 V                       ; 4.02e-08 V                   ; 2.71 V              ; -0.0354 V           ; 0.174 V                              ; 0.098 V                              ; 2.73e-10 s                  ; 2.69e-10 s                  ; Yes                        ; Yes                        ; 2.62 V                      ; 4.02e-08 V                  ; 2.71 V             ; -0.0354 V          ; 0.174 V                             ; 0.098 V                             ; 2.73e-10 s                 ; 2.69e-10 s                 ; Yes                       ; Yes                       ;
; key_word[22]   ; 2.5 V        ; 0 s                 ; 0 s                 ; 2.62 V                       ; 2.7e-08 V                    ; 2.71 V              ; -0.0354 V           ; 0.148 V                              ; 0.064 V                              ; 4.51e-10 s                  ; 4.14e-10 s                  ; No                         ; Yes                        ; 2.62 V                      ; 2.7e-08 V                   ; 2.71 V             ; -0.0354 V          ; 0.148 V                             ; 0.064 V                             ; 4.51e-10 s                 ; 4.14e-10 s                 ; No                        ; Yes                       ;
; key_word[23]   ; 2.5 V        ; 0 s                 ; 0 s                 ; 2.62 V                       ; 4.02e-08 V                   ; 2.71 V              ; -0.0354 V           ; 0.174 V                              ; 0.098 V                              ; 2.73e-10 s                  ; 2.69e-10 s                  ; Yes                        ; Yes                        ; 2.62 V                      ; 4.02e-08 V                  ; 2.71 V             ; -0.0354 V          ; 0.174 V                             ; 0.098 V                             ; 2.73e-10 s                 ; 2.69e-10 s                 ; Yes                       ; Yes                       ;
; key_word[24]   ; 2.5 V        ; 0 s                 ; 0 s                 ; 2.62 V                       ; 2.7e-08 V                    ; 2.71 V              ; -0.0354 V           ; 0.148 V                              ; 0.064 V                              ; 4.51e-10 s                  ; 4.14e-10 s                  ; No                         ; Yes                        ; 2.62 V                      ; 2.7e-08 V                   ; 2.71 V             ; -0.0354 V          ; 0.148 V                             ; 0.064 V                             ; 4.51e-10 s                 ; 4.14e-10 s                 ; No                        ; Yes                       ;
; key_word[25]   ; 2.5 V        ; 0 s                 ; 0 s                 ; 2.62 V                       ; 2.7e-08 V                    ; 2.72 V              ; -0.0401 V           ; 0.163 V                              ; 0.091 V                              ; 2.71e-10 s                  ; 2.61e-10 s                  ; Yes                        ; Yes                        ; 2.62 V                      ; 2.7e-08 V                   ; 2.72 V             ; -0.0401 V          ; 0.163 V                             ; 0.091 V                             ; 2.71e-10 s                 ; 2.61e-10 s                 ; Yes                       ; Yes                       ;
; key_word[26]   ; 2.5 V        ; 0 s                 ; 0 s                 ; 2.62 V                       ; 4.02e-08 V                   ; 2.71 V              ; -0.0354 V           ; 0.174 V                              ; 0.098 V                              ; 2.73e-10 s                  ; 2.69e-10 s                  ; Yes                        ; Yes                        ; 2.62 V                      ; 4.02e-08 V                  ; 2.71 V             ; -0.0354 V          ; 0.174 V                             ; 0.098 V                             ; 2.73e-10 s                 ; 2.69e-10 s                 ; Yes                       ; Yes                       ;
; key_word[27]   ; 2.5 V        ; 0 s                 ; 0 s                 ; 2.62 V                       ; 4.02e-08 V                   ; 2.71 V              ; -0.0354 V           ; 0.174 V                              ; 0.098 V                              ; 2.73e-10 s                  ; 2.69e-10 s                  ; Yes                        ; Yes                        ; 2.62 V                      ; 4.02e-08 V                  ; 2.71 V             ; -0.0354 V          ; 0.174 V                             ; 0.098 V                             ; 2.73e-10 s                 ; 2.69e-10 s                 ; Yes                       ; Yes                       ;
; key_word[28]   ; 2.5 V        ; 0 s                 ; 0 s                 ; 2.62 V                       ; 4.02e-08 V                   ; 2.71 V              ; -0.0354 V           ; 0.174 V                              ; 0.098 V                              ; 2.73e-10 s                  ; 2.69e-10 s                  ; Yes                        ; Yes                        ; 2.62 V                      ; 4.02e-08 V                  ; 2.71 V             ; -0.0354 V          ; 0.174 V                             ; 0.098 V                             ; 2.73e-10 s                 ; 2.69e-10 s                 ; Yes                       ; Yes                       ;
; key_word[29]   ; 2.5 V        ; 0 s                 ; 0 s                 ; 2.62 V                       ; 4.02e-08 V                   ; 2.71 V              ; -0.0354 V           ; 0.174 V                              ; 0.098 V                              ; 2.73e-10 s                  ; 2.69e-10 s                  ; Yes                        ; Yes                        ; 2.62 V                      ; 4.02e-08 V                  ; 2.71 V             ; -0.0354 V          ; 0.174 V                             ; 0.098 V                             ; 2.73e-10 s                 ; 2.69e-10 s                 ; Yes                       ; Yes                       ;
; key_word[30]   ; 2.5 V        ; 0 s                 ; 0 s                 ; 2.62 V                       ; 4.02e-08 V                   ; 2.71 V              ; -0.0354 V           ; 0.174 V                              ; 0.098 V                              ; 2.73e-10 s                  ; 2.69e-10 s                  ; Yes                        ; Yes                        ; 2.62 V                      ; 4.02e-08 V                  ; 2.71 V             ; -0.0354 V          ; 0.174 V                             ; 0.098 V                             ; 2.73e-10 s                 ; 2.69e-10 s                 ; Yes                       ; Yes                       ;
; key_word[31]   ; 2.5 V        ; 0 s                 ; 0 s                 ; 2.62 V                       ; 2.7e-08 V                    ; 2.71 V              ; -0.0354 V           ; 0.148 V                              ; 0.064 V                              ; 4.51e-10 s                  ; 4.14e-10 s                  ; No                         ; Yes                        ; 2.62 V                      ; 2.7e-08 V                   ; 2.71 V             ; -0.0354 V          ; 0.148 V                             ; 0.064 V                             ; 4.51e-10 s                 ; 4.14e-10 s                 ; No                        ; Yes                       ;
; rcon_out[0]    ; 2.5 V        ; 0 s                 ; 0 s                 ; 2.62 V                       ; 4.02e-08 V                   ; 2.71 V              ; -0.0354 V           ; 0.174 V                              ; 0.098 V                              ; 2.73e-10 s                  ; 2.69e-10 s                  ; Yes                        ; Yes                        ; 2.62 V                      ; 4.02e-08 V                  ; 2.71 V             ; -0.0354 V          ; 0.174 V                             ; 0.098 V                             ; 2.73e-10 s                 ; 2.69e-10 s                 ; Yes                       ; Yes                       ;
; rcon_out[1]    ; 2.5 V        ; 0 s                 ; 0 s                 ; 2.62 V                       ; 4.02e-08 V                   ; 2.71 V              ; -0.0354 V           ; 0.174 V                              ; 0.098 V                              ; 2.73e-10 s                  ; 2.69e-10 s                  ; Yes                        ; Yes                        ; 2.62 V                      ; 4.02e-08 V                  ; 2.71 V             ; -0.0354 V          ; 0.174 V                             ; 0.098 V                             ; 2.73e-10 s                 ; 2.69e-10 s                 ; Yes                       ; Yes                       ;
; rcon_out[2]    ; 2.5 V        ; 0 s                 ; 0 s                 ; 2.62 V                       ; 4.02e-08 V                   ; 2.71 V              ; -0.0354 V           ; 0.174 V                              ; 0.098 V                              ; 2.73e-10 s                  ; 2.69e-10 s                  ; Yes                        ; Yes                        ; 2.62 V                      ; 4.02e-08 V                  ; 2.71 V             ; -0.0354 V          ; 0.174 V                             ; 0.098 V                             ; 2.73e-10 s                 ; 2.69e-10 s                 ; Yes                       ; Yes                       ;
; rcon_out[3]    ; 2.5 V        ; 0 s                 ; 0 s                 ; 2.62 V                       ; 4.02e-08 V                   ; 2.71 V              ; -0.0354 V           ; 0.174 V                              ; 0.098 V                              ; 2.73e-10 s                  ; 2.69e-10 s                  ; Yes                        ; Yes                        ; 2.62 V                      ; 4.02e-08 V                  ; 2.71 V             ; -0.0354 V          ; 0.174 V                             ; 0.098 V                             ; 2.73e-10 s                 ; 2.69e-10 s                 ; Yes                       ; Yes                       ;
; rcon_out[4]    ; 2.5 V        ; 0 s                 ; 0 s                 ; 2.62 V                       ; 4.02e-08 V                   ; 2.71 V              ; -0.0354 V           ; 0.174 V                              ; 0.098 V                              ; 2.73e-10 s                  ; 2.69e-10 s                  ; Yes                        ; Yes                        ; 2.62 V                      ; 4.02e-08 V                  ; 2.71 V             ; -0.0354 V          ; 0.174 V                             ; 0.098 V                             ; 2.73e-10 s                 ; 2.69e-10 s                 ; Yes                       ; Yes                       ;
; rcon_out[5]    ; 2.5 V        ; 0 s                 ; 0 s                 ; 2.62 V                       ; 2.7e-08 V                    ; 2.64 V              ; -0.0118 V           ; 0.201 V                              ; 0.175 V                              ; 2.38e-09 s                  ; 2.21e-09 s                  ; No                         ; Yes                        ; 2.62 V                      ; 2.7e-08 V                   ; 2.64 V             ; -0.0118 V          ; 0.201 V                             ; 0.175 V                             ; 2.38e-09 s                 ; 2.21e-09 s                 ; No                        ; Yes                       ;
; rcon_out[6]    ; 2.5 V        ; 0 s                 ; 0 s                 ; 2.62 V                       ; 4.02e-08 V                   ; 2.71 V              ; -0.0354 V           ; 0.174 V                              ; 0.098 V                              ; 2.73e-10 s                  ; 2.69e-10 s                  ; Yes                        ; Yes                        ; 2.62 V                      ; 4.02e-08 V                  ; 2.71 V             ; -0.0354 V          ; 0.174 V                             ; 0.098 V                             ; 2.73e-10 s                 ; 2.69e-10 s                 ; Yes                       ; Yes                       ;
; rcon_out[7]    ; 2.5 V        ; 0 s                 ; 0 s                 ; 2.62 V                       ; 2.7e-08 V                    ; 2.72 V              ; -0.0401 V           ; 0.163 V                              ; 0.091 V                              ; 2.71e-10 s                  ; 2.61e-10 s                  ; Yes                        ; Yes                        ; 2.62 V                      ; 2.7e-08 V                   ; 2.72 V             ; -0.0401 V          ; 0.163 V                             ; 0.091 V                             ; 2.71e-10 s                 ; 2.61e-10 s                 ; Yes                       ; Yes                       ;
; rcon_out[8]    ; 2.5 V        ; 0 s                 ; 0 s                 ; 2.62 V                       ; 4.02e-08 V                   ; 2.71 V              ; -0.0354 V           ; 0.174 V                              ; 0.098 V                              ; 2.73e-10 s                  ; 2.69e-10 s                  ; Yes                        ; Yes                        ; 2.62 V                      ; 4.02e-08 V                  ; 2.71 V             ; -0.0354 V          ; 0.174 V                             ; 0.098 V                             ; 2.73e-10 s                 ; 2.69e-10 s                 ; Yes                       ; Yes                       ;
; rcon_out[9]    ; 2.5 V        ; 0 s                 ; 0 s                 ; 2.62 V                       ; 4.02e-08 V                   ; 2.71 V              ; -0.0354 V           ; 0.174 V                              ; 0.098 V                              ; 2.73e-10 s                  ; 2.69e-10 s                  ; Yes                        ; Yes                        ; 2.62 V                      ; 4.02e-08 V                  ; 2.71 V             ; -0.0354 V          ; 0.174 V                             ; 0.098 V                             ; 2.73e-10 s                 ; 2.69e-10 s                 ; Yes                       ; Yes                       ;
; rcon_out[10]   ; 2.5 V        ; 0 s                 ; 0 s                 ; 2.62 V                       ; 4.02e-08 V                   ; 2.64 V              ; -0.0115 V           ; 0.204 V                              ; 0.12 V                               ; 2.38e-09 s                  ; 2.24e-09 s                  ; No                         ; Yes                        ; 2.62 V                      ; 4.02e-08 V                  ; 2.64 V             ; -0.0115 V          ; 0.204 V                             ; 0.12 V                              ; 2.38e-09 s                 ; 2.24e-09 s                 ; No                        ; Yes                       ;
; rcon_out[11]   ; 2.5 V        ; 0 s                 ; 0 s                 ; 2.62 V                       ; 4.02e-08 V                   ; 2.71 V              ; -0.0354 V           ; 0.174 V                              ; 0.098 V                              ; 2.73e-10 s                  ; 2.69e-10 s                  ; Yes                        ; Yes                        ; 2.62 V                      ; 4.02e-08 V                  ; 2.71 V             ; -0.0354 V          ; 0.174 V                             ; 0.098 V                             ; 2.73e-10 s                 ; 2.69e-10 s                 ; Yes                       ; Yes                       ;
; rcon_out[12]   ; 2.5 V        ; 0 s                 ; 0 s                 ; 2.62 V                       ; 4.02e-08 V                   ; 2.71 V              ; -0.0354 V           ; 0.174 V                              ; 0.098 V                              ; 2.73e-10 s                  ; 2.69e-10 s                  ; Yes                        ; Yes                        ; 2.62 V                      ; 4.02e-08 V                  ; 2.71 V             ; -0.0354 V          ; 0.174 V                             ; 0.098 V                             ; 2.73e-10 s                 ; 2.69e-10 s                 ; Yes                       ; Yes                       ;
; rcon_out[13]   ; 2.5 V        ; 0 s                 ; 0 s                 ; 2.62 V                       ; 2.7e-08 V                    ; 2.71 V              ; -0.0354 V           ; 0.148 V                              ; 0.064 V                              ; 4.51e-10 s                  ; 4.14e-10 s                  ; No                         ; Yes                        ; 2.62 V                      ; 2.7e-08 V                   ; 2.71 V             ; -0.0354 V          ; 0.148 V                             ; 0.064 V                             ; 4.51e-10 s                 ; 4.14e-10 s                 ; No                        ; Yes                       ;
; rcon_out[14]   ; 2.5 V        ; 0 s                 ; 0 s                 ; 2.62 V                       ; 2.7e-08 V                    ; 2.72 V              ; -0.0401 V           ; 0.163 V                              ; 0.091 V                              ; 2.71e-10 s                  ; 2.61e-10 s                  ; Yes                        ; Yes                        ; 2.62 V                      ; 2.7e-08 V                   ; 2.72 V             ; -0.0401 V          ; 0.163 V                             ; 0.091 V                             ; 2.71e-10 s                 ; 2.61e-10 s                 ; Yes                       ; Yes                       ;
; rcon_out[15]   ; 2.5 V        ; 0 s                 ; 0 s                 ; 2.62 V                       ; 4.02e-08 V                   ; 2.71 V              ; -0.0354 V           ; 0.174 V                              ; 0.098 V                              ; 2.73e-10 s                  ; 2.69e-10 s                  ; Yes                        ; Yes                        ; 2.62 V                      ; 4.02e-08 V                  ; 2.71 V             ; -0.0354 V          ; 0.174 V                             ; 0.098 V                             ; 2.73e-10 s                 ; 2.69e-10 s                 ; Yes                       ; Yes                       ;
; rcon_out[16]   ; 2.5 V        ; 0 s                 ; 0 s                 ; 2.62 V                       ; 2.7e-08 V                    ; 2.72 V              ; -0.0401 V           ; 0.163 V                              ; 0.091 V                              ; 2.71e-10 s                  ; 2.61e-10 s                  ; Yes                        ; Yes                        ; 2.62 V                      ; 2.7e-08 V                   ; 2.72 V             ; -0.0401 V          ; 0.163 V                             ; 0.091 V                             ; 2.71e-10 s                 ; 2.61e-10 s                 ; Yes                       ; Yes                       ;
; rcon_out[17]   ; 2.5 V        ; 0 s                 ; 0 s                 ; 2.62 V                       ; 4.02e-08 V                   ; 2.71 V              ; -0.0354 V           ; 0.174 V                              ; 0.098 V                              ; 2.73e-10 s                  ; 2.69e-10 s                  ; Yes                        ; Yes                        ; 2.62 V                      ; 4.02e-08 V                  ; 2.71 V             ; -0.0354 V          ; 0.174 V                             ; 0.098 V                             ; 2.73e-10 s                 ; 2.69e-10 s                 ; Yes                       ; Yes                       ;
; rcon_out[18]   ; 2.5 V        ; 0 s                 ; 0 s                 ; 2.62 V                       ; 2.7e-08 V                    ; 2.72 V              ; -0.0401 V           ; 0.163 V                              ; 0.091 V                              ; 2.71e-10 s                  ; 2.61e-10 s                  ; Yes                        ; Yes                        ; 2.62 V                      ; 2.7e-08 V                   ; 2.72 V             ; -0.0401 V          ; 0.163 V                             ; 0.091 V                             ; 2.71e-10 s                 ; 2.61e-10 s                 ; Yes                       ; Yes                       ;
; rcon_out[19]   ; 2.5 V        ; 0 s                 ; 0 s                 ; 2.62 V                       ; 4.02e-08 V                   ; 2.64 V              ; -0.0115 V           ; 0.204 V                              ; 0.12 V                               ; 2.38e-09 s                  ; 2.24e-09 s                  ; No                         ; Yes                        ; 2.62 V                      ; 4.02e-08 V                  ; 2.64 V             ; -0.0115 V          ; 0.204 V                             ; 0.12 V                              ; 2.38e-09 s                 ; 2.24e-09 s                 ; No                        ; Yes                       ;
; rcon_out[20]   ; 2.5 V        ; 0 s                 ; 0 s                 ; 2.62 V                       ; 4.02e-08 V                   ; 2.71 V              ; -0.0354 V           ; 0.174 V                              ; 0.098 V                              ; 2.73e-10 s                  ; 2.69e-10 s                  ; Yes                        ; Yes                        ; 2.62 V                      ; 4.02e-08 V                  ; 2.71 V             ; -0.0354 V          ; 0.174 V                             ; 0.098 V                             ; 2.73e-10 s                 ; 2.69e-10 s                 ; Yes                       ; Yes                       ;
; rcon_out[21]   ; 2.5 V        ; 0 s                 ; 0 s                 ; 2.62 V                       ; 4.02e-08 V                   ; 2.71 V              ; -0.0354 V           ; 0.174 V                              ; 0.098 V                              ; 2.73e-10 s                  ; 2.69e-10 s                  ; Yes                        ; Yes                        ; 2.62 V                      ; 4.02e-08 V                  ; 2.71 V             ; -0.0354 V          ; 0.174 V                             ; 0.098 V                             ; 2.73e-10 s                 ; 2.69e-10 s                 ; Yes                       ; Yes                       ;
; rcon_out[22]   ; 2.5 V        ; 0 s                 ; 0 s                 ; 2.62 V                       ; 4.02e-08 V                   ; 2.71 V              ; -0.0354 V           ; 0.174 V                              ; 0.098 V                              ; 2.73e-10 s                  ; 2.69e-10 s                  ; Yes                        ; Yes                        ; 2.62 V                      ; 4.02e-08 V                  ; 2.71 V             ; -0.0354 V          ; 0.174 V                             ; 0.098 V                             ; 2.73e-10 s                 ; 2.69e-10 s                 ; Yes                       ; Yes                       ;
; rcon_out[23]   ; 2.5 V        ; 0 s                 ; 0 s                 ; 2.62 V                       ; 2.7e-08 V                    ; 2.72 V              ; -0.0401 V           ; 0.163 V                              ; 0.091 V                              ; 2.71e-10 s                  ; 2.61e-10 s                  ; Yes                        ; Yes                        ; 2.62 V                      ; 2.7e-08 V                   ; 2.72 V             ; -0.0401 V          ; 0.163 V                             ; 0.091 V                             ; 2.71e-10 s                 ; 2.61e-10 s                 ; Yes                       ; Yes                       ;
; rcon_out[24]   ; 2.5 V        ; 0 s                 ; 0 s                 ; 2.62 V                       ; 4.02e-08 V                   ; 2.71 V              ; -0.0354 V           ; 0.174 V                              ; 0.098 V                              ; 2.73e-10 s                  ; 2.69e-10 s                  ; Yes                        ; Yes                        ; 2.62 V                      ; 4.02e-08 V                  ; 2.71 V             ; -0.0354 V          ; 0.174 V                             ; 0.098 V                             ; 2.73e-10 s                 ; 2.69e-10 s                 ; Yes                       ; Yes                       ;
; rcon_out[25]   ; 2.5 V        ; 0 s                 ; 0 s                 ; 2.62 V                       ; 4.02e-08 V                   ; 2.71 V              ; -0.0354 V           ; 0.174 V                              ; 0.098 V                              ; 2.73e-10 s                  ; 2.69e-10 s                  ; Yes                        ; Yes                        ; 2.62 V                      ; 4.02e-08 V                  ; 2.71 V             ; -0.0354 V          ; 0.174 V                             ; 0.098 V                             ; 2.73e-10 s                 ; 2.69e-10 s                 ; Yes                       ; Yes                       ;
; rcon_out[26]   ; 2.5 V        ; 0 s                 ; 0 s                 ; 2.62 V                       ; 4.02e-08 V                   ; 2.71 V              ; -0.0354 V           ; 0.174 V                              ; 0.098 V                              ; 2.73e-10 s                  ; 2.69e-10 s                  ; Yes                        ; Yes                        ; 2.62 V                      ; 4.02e-08 V                  ; 2.71 V             ; -0.0354 V          ; 0.174 V                             ; 0.098 V                             ; 2.73e-10 s                 ; 2.69e-10 s                 ; Yes                       ; Yes                       ;
; rcon_out[27]   ; 2.5 V        ; 0 s                 ; 0 s                 ; 2.62 V                       ; 4.02e-08 V                   ; 2.71 V              ; -0.0354 V           ; 0.174 V                              ; 0.098 V                              ; 2.73e-10 s                  ; 2.69e-10 s                  ; Yes                        ; Yes                        ; 2.62 V                      ; 4.02e-08 V                  ; 2.71 V             ; -0.0354 V          ; 0.174 V                             ; 0.098 V                             ; 2.73e-10 s                 ; 2.69e-10 s                 ; Yes                       ; Yes                       ;
; rcon_out[28]   ; 2.5 V        ; 0 s                 ; 0 s                 ; 2.62 V                       ; 2.7e-08 V                    ; 2.64 V              ; -0.0118 V           ; 0.201 V                              ; 0.175 V                              ; 2.38e-09 s                  ; 2.21e-09 s                  ; No                         ; Yes                        ; 2.62 V                      ; 2.7e-08 V                   ; 2.64 V             ; -0.0118 V          ; 0.201 V                             ; 0.175 V                             ; 2.38e-09 s                 ; 2.21e-09 s                 ; No                        ; Yes                       ;
; rcon_out[29]   ; 2.5 V        ; 0 s                 ; 0 s                 ; 2.62 V                       ; 2.7e-08 V                    ; 2.71 V              ; -0.0354 V           ; 0.148 V                              ; 0.064 V                              ; 4.51e-10 s                  ; 4.14e-10 s                  ; No                         ; Yes                        ; 2.62 V                      ; 2.7e-08 V                   ; 2.71 V             ; -0.0354 V          ; 0.148 V                             ; 0.064 V                             ; 4.51e-10 s                 ; 4.14e-10 s                 ; No                        ; Yes                       ;
; rcon_out[30]   ; 2.5 V        ; 0 s                 ; 0 s                 ; 2.62 V                       ; 4.02e-08 V                   ; 2.71 V              ; -0.0354 V           ; 0.174 V                              ; 0.098 V                              ; 2.73e-10 s                  ; 2.69e-10 s                  ; Yes                        ; Yes                        ; 2.62 V                      ; 4.02e-08 V                  ; 2.71 V             ; -0.0354 V          ; 0.174 V                             ; 0.098 V                             ; 2.73e-10 s                 ; 2.69e-10 s                 ; Yes                       ; Yes                       ;
; rcon_out[31]   ; 2.5 V        ; 0 s                 ; 0 s                 ; 2.62 V                       ; 4.02e-08 V                   ; 2.71 V              ; -0.0354 V           ; 0.174 V                              ; 0.098 V                              ; 2.73e-10 s                  ; 2.69e-10 s                  ; Yes                        ; Yes                        ; 2.62 V                      ; 4.02e-08 V                  ; 2.71 V             ; -0.0354 V          ; 0.174 V                             ; 0.098 V                             ; 2.73e-10 s                 ; 2.69e-10 s                 ; Yes                       ; Yes                       ;
; aux_out[0]     ; 2.5 V        ; 0 s                 ; 0 s                 ; 2.62 V                       ; 2.7e-08 V                    ; 2.72 V              ; -0.0401 V           ; 0.163 V                              ; 0.091 V                              ; 2.71e-10 s                  ; 2.61e-10 s                  ; Yes                        ; Yes                        ; 2.62 V                      ; 2.7e-08 V                   ; 2.72 V             ; -0.0401 V          ; 0.163 V                             ; 0.091 V                             ; 2.71e-10 s                 ; 2.61e-10 s                 ; Yes                       ; Yes                       ;
; aux_out[1]     ; 2.5 V        ; 0 s                 ; 0 s                 ; 2.62 V                       ; 2.7e-08 V                    ; 2.64 V              ; -0.0118 V           ; 0.201 V                              ; 0.175 V                              ; 2.38e-09 s                  ; 2.21e-09 s                  ; No                         ; Yes                        ; 2.62 V                      ; 2.7e-08 V                   ; 2.64 V             ; -0.0118 V          ; 0.201 V                             ; 0.175 V                             ; 2.38e-09 s                 ; 2.21e-09 s                 ; No                        ; Yes                       ;
; aux_out[2]     ; 2.5 V        ; 0 s                 ; 0 s                 ; 2.62 V                       ; 4.02e-08 V                   ; 2.71 V              ; -0.0354 V           ; 0.174 V                              ; 0.098 V                              ; 2.73e-10 s                  ; 2.69e-10 s                  ; Yes                        ; Yes                        ; 2.62 V                      ; 4.02e-08 V                  ; 2.71 V             ; -0.0354 V          ; 0.174 V                             ; 0.098 V                             ; 2.73e-10 s                 ; 2.69e-10 s                 ; Yes                       ; Yes                       ;
; aux_out[3]     ; 2.5 V        ; 0 s                 ; 0 s                 ; 2.62 V                       ; 4.02e-08 V                   ; 2.71 V              ; -0.0354 V           ; 0.174 V                              ; 0.098 V                              ; 2.73e-10 s                  ; 2.69e-10 s                  ; Yes                        ; Yes                        ; 2.62 V                      ; 4.02e-08 V                  ; 2.71 V             ; -0.0354 V          ; 0.174 V                             ; 0.098 V                             ; 2.73e-10 s                 ; 2.69e-10 s                 ; Yes                       ; Yes                       ;
; aux_out[4]     ; 2.5 V        ; 0 s                 ; 0 s                 ; 2.62 V                       ; 4.02e-08 V                   ; 2.71 V              ; -0.0354 V           ; 0.174 V                              ; 0.098 V                              ; 2.73e-10 s                  ; 2.69e-10 s                  ; Yes                        ; Yes                        ; 2.62 V                      ; 4.02e-08 V                  ; 2.71 V             ; -0.0354 V          ; 0.174 V                             ; 0.098 V                             ; 2.73e-10 s                 ; 2.69e-10 s                 ; Yes                       ; Yes                       ;
; aux_out[5]     ; 2.5 V        ; 0 s                 ; 0 s                 ; 2.62 V                       ; 4.02e-08 V                   ; 2.71 V              ; -0.0354 V           ; 0.174 V                              ; 0.098 V                              ; 2.73e-10 s                  ; 2.69e-10 s                  ; Yes                        ; Yes                        ; 2.62 V                      ; 4.02e-08 V                  ; 2.71 V             ; -0.0354 V          ; 0.174 V                             ; 0.098 V                             ; 2.73e-10 s                 ; 2.69e-10 s                 ; Yes                       ; Yes                       ;
; aux_out[6]     ; 2.5 V        ; 0 s                 ; 0 s                 ; 2.62 V                       ; 2.7e-08 V                    ; 2.71 V              ; -0.0354 V           ; 0.148 V                              ; 0.064 V                              ; 4.51e-10 s                  ; 4.14e-10 s                  ; No                         ; Yes                        ; 2.62 V                      ; 2.7e-08 V                   ; 2.71 V             ; -0.0354 V          ; 0.148 V                             ; 0.064 V                             ; 4.51e-10 s                 ; 4.14e-10 s                 ; No                        ; Yes                       ;
; aux_out[7]     ; 2.5 V        ; 0 s                 ; 0 s                 ; 2.62 V                       ; 4.02e-08 V                   ; 2.71 V              ; -0.0354 V           ; 0.174 V                              ; 0.098 V                              ; 2.73e-10 s                  ; 2.69e-10 s                  ; Yes                        ; Yes                        ; 2.62 V                      ; 4.02e-08 V                  ; 2.71 V             ; -0.0354 V          ; 0.174 V                             ; 0.098 V                             ; 2.73e-10 s                 ; 2.69e-10 s                 ; Yes                       ; Yes                       ;
; aux_out[8]     ; 2.5 V        ; 0 s                 ; 0 s                 ; 2.62 V                       ; 4.02e-08 V                   ; 2.71 V              ; -0.0354 V           ; 0.174 V                              ; 0.098 V                              ; 2.73e-10 s                  ; 2.69e-10 s                  ; Yes                        ; Yes                        ; 2.62 V                      ; 4.02e-08 V                  ; 2.71 V             ; -0.0354 V          ; 0.174 V                             ; 0.098 V                             ; 2.73e-10 s                 ; 2.69e-10 s                 ; Yes                       ; Yes                       ;
; aux_out[9]     ; 2.5 V        ; 0 s                 ; 0 s                 ; 2.62 V                       ; 4.02e-08 V                   ; 2.71 V              ; -0.0354 V           ; 0.174 V                              ; 0.098 V                              ; 2.73e-10 s                  ; 2.69e-10 s                  ; Yes                        ; Yes                        ; 2.62 V                      ; 4.02e-08 V                  ; 2.71 V             ; -0.0354 V          ; 0.174 V                             ; 0.098 V                             ; 2.73e-10 s                 ; 2.69e-10 s                 ; Yes                       ; Yes                       ;
; aux_out[10]    ; 2.5 V        ; 0 s                 ; 0 s                 ; 2.62 V                       ; 4.02e-08 V                   ; 2.71 V              ; -0.0354 V           ; 0.174 V                              ; 0.098 V                              ; 2.73e-10 s                  ; 2.69e-10 s                  ; Yes                        ; Yes                        ; 2.62 V                      ; 4.02e-08 V                  ; 2.71 V             ; -0.0354 V          ; 0.174 V                             ; 0.098 V                             ; 2.73e-10 s                 ; 2.69e-10 s                 ; Yes                       ; Yes                       ;
; aux_out[11]    ; 2.5 V        ; 0 s                 ; 0 s                 ; 2.62 V                       ; 4.02e-08 V                   ; 2.71 V              ; -0.0354 V           ; 0.174 V                              ; 0.098 V                              ; 2.73e-10 s                  ; 2.69e-10 s                  ; Yes                        ; Yes                        ; 2.62 V                      ; 4.02e-08 V                  ; 2.71 V             ; -0.0354 V          ; 0.174 V                             ; 0.098 V                             ; 2.73e-10 s                 ; 2.69e-10 s                 ; Yes                       ; Yes                       ;
; aux_out[12]    ; 2.5 V        ; 0 s                 ; 0 s                 ; 2.62 V                       ; 4.02e-08 V                   ; 2.64 V              ; -0.0115 V           ; 0.204 V                              ; 0.12 V                               ; 2.38e-09 s                  ; 2.24e-09 s                  ; No                         ; Yes                        ; 2.62 V                      ; 4.02e-08 V                  ; 2.64 V             ; -0.0115 V          ; 0.204 V                             ; 0.12 V                              ; 2.38e-09 s                 ; 2.24e-09 s                 ; No                        ; Yes                       ;
; aux_out[13]    ; 2.5 V        ; 0 s                 ; 0 s                 ; 2.62 V                       ; 2.7e-08 V                    ; 2.71 V              ; -0.0354 V           ; 0.148 V                              ; 0.064 V                              ; 4.51e-10 s                  ; 4.14e-10 s                  ; No                         ; Yes                        ; 2.62 V                      ; 2.7e-08 V                   ; 2.71 V             ; -0.0354 V          ; 0.148 V                             ; 0.064 V                             ; 4.51e-10 s                 ; 4.14e-10 s                 ; No                        ; Yes                       ;
; aux_out[14]    ; 2.5 V        ; 0 s                 ; 0 s                 ; 2.62 V                       ; 2.7e-08 V                    ; 2.71 V              ; -0.0354 V           ; 0.148 V                              ; 0.064 V                              ; 4.51e-10 s                  ; 4.14e-10 s                  ; No                         ; Yes                        ; 2.62 V                      ; 2.7e-08 V                   ; 2.71 V             ; -0.0354 V          ; 0.148 V                             ; 0.064 V                             ; 4.51e-10 s                 ; 4.14e-10 s                 ; No                        ; Yes                       ;
; aux_out[15]    ; 2.5 V        ; 0 s                 ; 0 s                 ; 2.62 V                       ; 4.02e-08 V                   ; 2.71 V              ; -0.0354 V           ; 0.174 V                              ; 0.098 V                              ; 2.73e-10 s                  ; 2.69e-10 s                  ; Yes                        ; Yes                        ; 2.62 V                      ; 4.02e-08 V                  ; 2.71 V             ; -0.0354 V          ; 0.174 V                             ; 0.098 V                             ; 2.73e-10 s                 ; 2.69e-10 s                 ; Yes                       ; Yes                       ;
; aux_out[16]    ; 2.5 V        ; 0 s                 ; 0 s                 ; 2.62 V                       ; 2.7e-08 V                    ; 2.71 V              ; -0.0354 V           ; 0.148 V                              ; 0.064 V                              ; 4.51e-10 s                  ; 4.14e-10 s                  ; No                         ; Yes                        ; 2.62 V                      ; 2.7e-08 V                   ; 2.71 V             ; -0.0354 V          ; 0.148 V                             ; 0.064 V                             ; 4.51e-10 s                 ; 4.14e-10 s                 ; No                        ; Yes                       ;
; aux_out[17]    ; 2.5 V        ; 0 s                 ; 0 s                 ; 2.62 V                       ; 4.02e-08 V                   ; 2.71 V              ; -0.0354 V           ; 0.174 V                              ; 0.098 V                              ; 2.73e-10 s                  ; 2.69e-10 s                  ; Yes                        ; Yes                        ; 2.62 V                      ; 4.02e-08 V                  ; 2.71 V             ; -0.0354 V          ; 0.174 V                             ; 0.098 V                             ; 2.73e-10 s                 ; 2.69e-10 s                 ; Yes                       ; Yes                       ;
; aux_out[18]    ; 2.5 V        ; 0 s                 ; 0 s                 ; 2.62 V                       ; 2.7e-08 V                    ; 2.72 V              ; -0.0401 V           ; 0.163 V                              ; 0.091 V                              ; 2.71e-10 s                  ; 2.61e-10 s                  ; Yes                        ; Yes                        ; 2.62 V                      ; 2.7e-08 V                   ; 2.72 V             ; -0.0401 V          ; 0.163 V                             ; 0.091 V                             ; 2.71e-10 s                 ; 2.61e-10 s                 ; Yes                       ; Yes                       ;
; aux_out[19]    ; 2.5 V        ; 0 s                 ; 0 s                 ; 2.62 V                       ; 4.02e-08 V                   ; 2.71 V              ; -0.0354 V           ; 0.174 V                              ; 0.098 V                              ; 2.73e-10 s                  ; 2.69e-10 s                  ; Yes                        ; Yes                        ; 2.62 V                      ; 4.02e-08 V                  ; 2.71 V             ; -0.0354 V          ; 0.174 V                             ; 0.098 V                             ; 2.73e-10 s                 ; 2.69e-10 s                 ; Yes                       ; Yes                       ;
; aux_out[20]    ; 2.5 V        ; 0 s                 ; 0 s                 ; 2.62 V                       ; 4.02e-08 V                   ; 2.71 V              ; -0.0354 V           ; 0.174 V                              ; 0.098 V                              ; 2.73e-10 s                  ; 2.69e-10 s                  ; Yes                        ; Yes                        ; 2.62 V                      ; 4.02e-08 V                  ; 2.71 V             ; -0.0354 V          ; 0.174 V                             ; 0.098 V                             ; 2.73e-10 s                 ; 2.69e-10 s                 ; Yes                       ; Yes                       ;
; aux_out[21]    ; 2.5 V        ; 0 s                 ; 0 s                 ; 2.62 V                       ; 2.7e-08 V                    ; 2.72 V              ; -0.0401 V           ; 0.163 V                              ; 0.091 V                              ; 2.71e-10 s                  ; 2.61e-10 s                  ; Yes                        ; Yes                        ; 2.62 V                      ; 2.7e-08 V                   ; 2.72 V             ; -0.0401 V          ; 0.163 V                             ; 0.091 V                             ; 2.71e-10 s                 ; 2.61e-10 s                 ; Yes                       ; Yes                       ;
; aux_out[22]    ; 2.5 V        ; 0 s                 ; 0 s                 ; 2.62 V                       ; 4.02e-08 V                   ; 2.71 V              ; -0.0354 V           ; 0.174 V                              ; 0.098 V                              ; 2.73e-10 s                  ; 2.69e-10 s                  ; Yes                        ; Yes                        ; 2.62 V                      ; 4.02e-08 V                  ; 2.71 V             ; -0.0354 V          ; 0.174 V                             ; 0.098 V                             ; 2.73e-10 s                 ; 2.69e-10 s                 ; Yes                       ; Yes                       ;
; aux_out[23]    ; 2.5 V        ; 0 s                 ; 0 s                 ; 2.62 V                       ; 2.7e-08 V                    ; 2.71 V              ; -0.0354 V           ; 0.148 V                              ; 0.064 V                              ; 4.51e-10 s                  ; 4.14e-10 s                  ; No                         ; Yes                        ; 2.62 V                      ; 2.7e-08 V                   ; 2.71 V             ; -0.0354 V          ; 0.148 V                             ; 0.064 V                             ; 4.51e-10 s                 ; 4.14e-10 s                 ; No                        ; Yes                       ;
; aux_out[24]    ; 2.5 V        ; 0 s                 ; 0 s                 ; 2.62 V                       ; 4.02e-08 V                   ; 2.71 V              ; -0.0354 V           ; 0.174 V                              ; 0.098 V                              ; 2.73e-10 s                  ; 2.69e-10 s                  ; Yes                        ; Yes                        ; 2.62 V                      ; 4.02e-08 V                  ; 2.71 V             ; -0.0354 V          ; 0.174 V                             ; 0.098 V                             ; 2.73e-10 s                 ; 2.69e-10 s                 ; Yes                       ; Yes                       ;
; aux_out[25]    ; 2.5 V        ; 0 s                 ; 0 s                 ; 2.62 V                       ; 4.02e-08 V                   ; 2.71 V              ; -0.0354 V           ; 0.174 V                              ; 0.098 V                              ; 2.73e-10 s                  ; 2.69e-10 s                  ; Yes                        ; Yes                        ; 2.62 V                      ; 4.02e-08 V                  ; 2.71 V             ; -0.0354 V          ; 0.174 V                             ; 0.098 V                             ; 2.73e-10 s                 ; 2.69e-10 s                 ; Yes                       ; Yes                       ;
; aux_out[26]    ; 2.5 V        ; 0 s                 ; 0 s                 ; 2.62 V                       ; 4.02e-08 V                   ; 2.71 V              ; -0.0354 V           ; 0.174 V                              ; 0.098 V                              ; 2.73e-10 s                  ; 2.69e-10 s                  ; Yes                        ; Yes                        ; 2.62 V                      ; 4.02e-08 V                  ; 2.71 V             ; -0.0354 V          ; 0.174 V                             ; 0.098 V                             ; 2.73e-10 s                 ; 2.69e-10 s                 ; Yes                       ; Yes                       ;
; aux_out[27]    ; 2.5 V        ; 0 s                 ; 0 s                 ; 2.62 V                       ; 4.02e-08 V                   ; 2.71 V              ; -0.0354 V           ; 0.174 V                              ; 0.098 V                              ; 2.73e-10 s                  ; 2.69e-10 s                  ; Yes                        ; Yes                        ; 2.62 V                      ; 4.02e-08 V                  ; 2.71 V             ; -0.0354 V          ; 0.174 V                             ; 0.098 V                             ; 2.73e-10 s                 ; 2.69e-10 s                 ; Yes                       ; Yes                       ;
; aux_out[28]    ; 2.5 V        ; 0 s                 ; 0 s                 ; 2.62 V                       ; 4.02e-08 V                   ; 2.71 V              ; -0.0354 V           ; 0.174 V                              ; 0.098 V                              ; 2.73e-10 s                  ; 2.69e-10 s                  ; Yes                        ; Yes                        ; 2.62 V                      ; 4.02e-08 V                  ; 2.71 V             ; -0.0354 V          ; 0.174 V                             ; 0.098 V                             ; 2.73e-10 s                 ; 2.69e-10 s                 ; Yes                       ; Yes                       ;
; aux_out[29]    ; 2.5 V        ; 0 s                 ; 0 s                 ; 2.62 V                       ; 4.02e-08 V                   ; 2.71 V              ; -0.0354 V           ; 0.174 V                              ; 0.098 V                              ; 2.73e-10 s                  ; 2.69e-10 s                  ; Yes                        ; Yes                        ; 2.62 V                      ; 4.02e-08 V                  ; 2.71 V             ; -0.0354 V          ; 0.174 V                             ; 0.098 V                             ; 2.73e-10 s                 ; 2.69e-10 s                 ; Yes                       ; Yes                       ;
; aux_out[30]    ; 2.5 V        ; 0 s                 ; 0 s                 ; 2.62 V                       ; 4.02e-08 V                   ; 2.71 V              ; -0.0354 V           ; 0.174 V                              ; 0.098 V                              ; 2.73e-10 s                  ; 2.69e-10 s                  ; Yes                        ; Yes                        ; 2.62 V                      ; 4.02e-08 V                  ; 2.71 V             ; -0.0354 V          ; 0.174 V                             ; 0.098 V                             ; 2.73e-10 s                 ; 2.69e-10 s                 ; Yes                       ; Yes                       ;
; aux_out[31]    ; 2.5 V        ; 0 s                 ; 0 s                 ; 2.62 V                       ; 4.02e-08 V                   ; 2.71 V              ; -0.0354 V           ; 0.174 V                              ; 0.098 V                              ; 2.73e-10 s                  ; 2.69e-10 s                  ; Yes                        ; Yes                        ; 2.62 V                      ; 4.02e-08 V                  ; 2.71 V             ; -0.0354 V          ; 0.174 V                             ; 0.098 V                             ; 2.73e-10 s                 ; 2.69e-10 s                 ; Yes                       ; Yes                       ;
; state_out[0]   ; 2.5 V        ; 0 s                 ; 0 s                 ; 2.62 V                       ; 4.02e-08 V                   ; 2.71 V              ; -0.0354 V           ; 0.174 V                              ; 0.098 V                              ; 2.73e-10 s                  ; 2.69e-10 s                  ; Yes                        ; Yes                        ; 2.62 V                      ; 4.02e-08 V                  ; 2.71 V             ; -0.0354 V          ; 0.174 V                             ; 0.098 V                             ; 2.73e-10 s                 ; 2.69e-10 s                 ; Yes                       ; Yes                       ;
; state_out[1]   ; 2.5 V        ; 0 s                 ; 0 s                 ; 2.62 V                       ; 2.7e-08 V                    ; 2.71 V              ; -0.0354 V           ; 0.148 V                              ; 0.064 V                              ; 4.51e-10 s                  ; 4.14e-10 s                  ; No                         ; Yes                        ; 2.62 V                      ; 2.7e-08 V                   ; 2.71 V             ; -0.0354 V          ; 0.148 V                             ; 0.064 V                             ; 4.51e-10 s                 ; 4.14e-10 s                 ; No                        ; Yes                       ;
; state_out[2]   ; 2.5 V        ; 0 s                 ; 0 s                 ; 2.62 V                       ; 4.02e-08 V                   ; 2.71 V              ; -0.0354 V           ; 0.174 V                              ; 0.098 V                              ; 2.73e-10 s                  ; 2.69e-10 s                  ; Yes                        ; Yes                        ; 2.62 V                      ; 4.02e-08 V                  ; 2.71 V             ; -0.0354 V          ; 0.174 V                             ; 0.098 V                             ; 2.73e-10 s                 ; 2.69e-10 s                 ; Yes                       ; Yes                       ;
; counter_out[0] ; 2.5 V        ; 0 s                 ; 0 s                 ; 2.62 V                       ; 2.7e-08 V                    ; 2.71 V              ; -0.0354 V           ; 0.148 V                              ; 0.064 V                              ; 4.51e-10 s                  ; 4.14e-10 s                  ; No                         ; Yes                        ; 2.62 V                      ; 2.7e-08 V                   ; 2.71 V             ; -0.0354 V          ; 0.148 V                             ; 0.064 V                             ; 4.51e-10 s                 ; 4.14e-10 s                 ; No                        ; Yes                       ;
; counter_out[1] ; 2.5 V        ; 0 s                 ; 0 s                 ; 2.62 V                       ; 4.02e-08 V                   ; 2.71 V              ; -0.0354 V           ; 0.174 V                              ; 0.098 V                              ; 2.73e-10 s                  ; 2.69e-10 s                  ; Yes                        ; Yes                        ; 2.62 V                      ; 4.02e-08 V                  ; 2.71 V             ; -0.0354 V          ; 0.174 V                             ; 0.098 V                             ; 2.73e-10 s                 ; 2.69e-10 s                 ; Yes                       ; Yes                       ;
; ~ALTERA_DCLK~  ; 2.5 V        ; 0 s                 ; 0 s                 ; 2.62 V                       ; 2.2e-08 V                    ; 2.74 V              ; -0.061 V            ; 0.159 V                              ; 0.078 V                              ; 2.7e-10 s                   ; 2.2e-10 s                   ; No                         ; Yes                        ; 2.62 V                      ; 2.2e-08 V                   ; 2.74 V             ; -0.061 V           ; 0.159 V                             ; 0.078 V                             ; 2.7e-10 s                  ; 2.2e-10 s                  ; No                        ; Yes                       ;
; ~ALTERA_nCEO~  ; 2.5 V        ; 0 s                 ; 0 s                 ; 2.62 V                       ; 3.52e-08 V                   ; 2.7 V               ; -0.0121 V           ; 0.274 V                              ; 0.034 V                              ; 3.18e-10 s                  ; 4.96e-10 s                  ; No                         ; Yes                        ; 2.62 V                      ; 3.52e-08 V                  ; 2.7 V              ; -0.0121 V          ; 0.274 V                             ; 0.034 V                             ; 3.18e-10 s                 ; 4.96e-10 s                 ; No                        ; Yes                       ;
+----------------+--------------+---------------------+---------------------+------------------------------+------------------------------+---------------------+---------------------+--------------------------------------+--------------------------------------+-----------------------------+-----------------------------+----------------------------+----------------------------+-----------------------------+-----------------------------+--------------------+--------------------+-------------------------------------+-------------------------------------+----------------------------+----------------------------+---------------------------+---------------------------+


+-------------------------------------------------------------------+
; Setup Transfers                                                   ;
+------------+----------+----------+----------+----------+----------+
; From Clock ; To Clock ; RR Paths ; FR Paths ; RF Paths ; FF Paths ;
+------------+----------+----------+----------+----------+----------+
; clk        ; clk      ; 1223     ; 0        ; 0        ; 0        ;
+------------+----------+----------+----------+----------+----------+
Entries labeled "false path" only account for clock-to-clock false paths and not path-based false paths. As a result, actual path counts may be lower than reported.


+-------------------------------------------------------------------+
; Hold Transfers                                                    ;
+------------+----------+----------+----------+----------+----------+
; From Clock ; To Clock ; RR Paths ; FR Paths ; RF Paths ; FF Paths ;
+------------+----------+----------+----------+----------+----------+
; clk        ; clk      ; 1223     ; 0        ; 0        ; 0        ;
+------------+----------+----------+----------+----------+----------+
Entries labeled "false path" only account for clock-to-clock false paths and not path-based false paths. As a result, actual path counts may be lower than reported.


---------------
; Report TCCS ;
---------------
No dedicated SERDES Transmitter circuitry present in device or used in design


---------------
; Report RSKM ;
---------------
No dedicated SERDES Receiver circuitry present in device or used in design


+------------------------------------------------+
; Unconstrained Paths                            ;
+---------------------------------+-------+------+
; Property                        ; Setup ; Hold ;
+---------------------------------+-------+------+
; Illegal Clocks                  ; 0     ; 0    ;
; Unconstrained Clocks            ; 0     ; 0    ;
; Unconstrained Input Ports       ; 1     ; 1    ;
; Unconstrained Input Port Paths  ; 23    ; 23   ;
; Unconstrained Output Ports      ; 77    ; 77   ;
; Unconstrained Output Port Paths ; 86    ; 86   ;
+---------------------------------+-------+------+


+------------------------------------+
; TimeQuest Timing Analyzer Messages ;
+------------------------------------+
Info: *******************************************************************
Info: Running Quartus II 64-Bit TimeQuest Timing Analyzer
    Info: Version 13.0.1 Build 232 06/12/2013 Service Pack 1 SJ Web Edition
    Info: Processing started: Mon Mar 23 14:05:33 2026
Info: Command: quartus_sta key_expanse -c key_expanse
Info: qsta_default_script.tcl version: #1
Warning (20028): Parallel compilation is not licensed and has been disabled
Info (21076): High junction temperature operating condition is not set. Assuming a default value of '85'.
Info (21076): Low junction temperature operating condition is not set. Assuming a default value of '0'.
Critical Warning (332012): Synopsys Design Constraints File file not found: 'key_expanse.sdc'. A Synopsys Design Constraints File is required by the TimeQuest Timing Analyzer to get proper timing constraints. Without it, the Compiler will not properly optimize the design.
Info (332142): No user constrained base clocks found in the design. Calling "derive_clocks -period 1.0"
Info (332105): Deriving Clocks
    Info (332105): create_clock -period 1.000 -name clk clk
Info (332143): No user constrained clock uncertainty found in the design. Calling "derive_clock_uncertainty"
Info (332123): Deriving Clock Uncertainty. Please refer to report_sdc in TimeQuest to see clock uncertainties.
Info: Found TIMEQUEST_REPORT_SCRIPT_INCLUDE_DEFAULT_ANALYSIS = ON
Info: Analyzing Slow 1200mV 85C Model
Critical Warning (332148): Timing requirements not met
    Info (11105): For recommendations on closing timing, run Report Timing Closure Recommendations in the TimeQuest Timing Analyzer.
Info (332146): Worst-case setup slack is -2.867
    Info (332119):     Slack End Point TNS Clock 
    Info (332119): ========= ============= =====================
    Info (332119):    -2.867      -305.126 clk 
Info (332146): Worst-case hold slack is 0.356
    Info (332119):     Slack End Point TNS Clock 
    Info (332119): ========= ============= =====================
    Info (332119):     0.356         0.000 clk 
Info (332140): No Recovery paths to report
Info (332140): No Removal paths to report
Info (332146): Worst-case minimum pulse width slack is -3.000
    Info (332119):     Slack End Point TNS Clock 
    Info (332119): ========= ============= =====================
    Info (332119):    -3.000      -188.174 clk 
Info: Analyzing Slow 1200mV 0C Model
Info (334003): Started post-fitting delay annotation
Info (334004): Delay annotation completed successfully
Info (332123): Deriving Clock Uncertainty. Please refer to report_sdc in TimeQuest to see clock uncertainties.
Critical Warning (332148): Timing requirements not met
    Info (11105): For recommendations on closing timing, run Report Timing Closure Recommendations in the TimeQuest Timing Analyzer.
Info (332146): Worst-case setup slack is -2.497
    Info (332119):     Slack End Point TNS Clock 
    Info (332119): ========= ============= =====================
    Info (332119):    -2.497      -258.496 clk 
Info (332146): Worst-case hold slack is 0.310
    Info (332119):     Slack End Point TNS Clock 
    Info (332119): ========= ============= =====================
    Info (332119):     0.310         0.000 clk 
Info (332140): No Recovery paths to report
Info (332140): No Removal paths to report
Info (332146): Worst-case minimum pulse width slack is -3.000
    Info (332119):     Slack End Point TNS Clock 
    Info (332119): ========= ============= =====================
    Info (332119):    -3.000      -188.174 clk 
Info: Analyzing Fast 1200mV 0C Model
Info (332123): Deriving Clock Uncertainty. Please refer to report_sdc in TimeQuest to see clock uncertainties.
Critical Warning (332148): Timing requirements not met
    Info (11105): For recommendations on closing timing, run Report Timing Closure Recommendations in the TimeQuest Timing Analyzer.
Info (332146): Worst-case setup slack is -0.961
    Info (332119):     Slack End Point TNS Clock 
    Info (332119): ========= ============= =====================
    Info (332119):    -0.961       -88.583 clk 
Info (332146): Worst-case hold slack is 0.186
    Info (332119):     Slack End Point TNS Clock 
    Info (332119): ========= ============= =====================
    Info (332119):     0.186         0.000 clk 
Info (332140): No Recovery paths to report
Info (332140): No Removal paths to report
Info (332146): Worst-case minimum pulse width slack is -3.000
    Info (332119):     Slack End Point TNS Clock 
    Info (332119): ========= ============= =====================
    Info (332119):    -3.000      -198.999 clk 
Info (332102): Design is not fully constrained for setup requirements
Info (332102): Design is not fully constrained for hold requirements
Info: Quartus II 64-Bit TimeQuest Timing Analyzer was successful. 0 errors, 5 warnings
    Info: Peak virtual memory: 4576 megabytes
    Info: Processing ended: Mon Mar 23 14:05:35 2026
    Info: Elapsed time: 00:00:02
    Info: Total CPU time (on all processors): 00:00:02


