Fitter report for lorenz
Sun May 03 17:11:59 2026
Quartus II 64-Bit Version 13.0.1 Build 232 06/12/2013 Service Pack 1 SJ Web Edition


---------------------
; Table of Contents ;
---------------------
  1. Legal Notice
  2. Fitter Summary
  3. Fitter Settings
  4. Parallel Compilation
  5. I/O Assignment Warnings
  6. Fitter Netlist Optimizations
  7. Incremental Compilation Preservation Summary
  8. Incremental Compilation Partition Settings
  9. Incremental Compilation Placement Preservation
 10. Pin-Out File
 11. Fitter Resource Usage Summary
 12. Fitter Partition Statistics
 13. Input Pins
 14. Output Pins
 15. Dual Purpose and Dedicated Pins
 16. I/O Bank Usage
 17. All Package Pins
 18. Fitter Resource Utilization by Entity
 19. Delay Chain Summary
 20. Pad To Core Delay Chain Fanout
 21. Control Signals
 22. Global & Other Fast Signals
 23. Non-Global High Fan-Out Signals
 24. Fitter DSP Block Usage Summary
 25. DSP Block Details
 26. Other Routing Usage Summary
 27. LAB Logic Elements
 28. LAB-wide Signals
 29. LAB Signals Sourced
 30. LAB Signals Sourced Out
 31. LAB Distinct Inputs
 32. I/O Rules Summary
 33. I/O Rules Details
 34. I/O Rules Matrix
 35. Fitter Device Options
 36. Operating Settings and Conditions
 37. Fitter Messages
 38. Fitter Suppressed Messages



----------------
; Legal Notice ;
----------------
Copyright (C) 1991-2013 Altera Corporation
Your use of Altera Corporation's design tools, logic functions 
and other software and tools, and its AMPP partner logic 
functions, and any output files from any of the foregoing 
(including device programming or simulation files), and any 
associated documentation or information are expressly subject 
to the terms and conditions of the Altera Program License 
Subscription Agreement, Altera MegaCore Function License 
Agreement, or other applicable license agreement, including, 
without limitation, that your use is for the sole purpose of 
programming logic devices manufactured by Altera and sold by 
Altera or its authorized distributors.  Please refer to the 
applicable agreement for further details.



+--------------------------------------------------------------------------------------+
; Fitter Summary                                                                       ;
+------------------------------------+-------------------------------------------------+
; Fitter Status                      ; Successful - Sun May 03 17:11:59 2026           ;
; Quartus II 64-Bit Version          ; 13.0.1 Build 232 06/12/2013 SP 1 SJ Web Edition ;
; Revision Name                      ; lorenz                                          ;
; Top-level Entity Name              ; lorenz                                          ;
; Family                             ; Cyclone IV E                                    ;
; Device                             ; EP4CE115F23C8                                   ;
; Timing Models                      ; Final                                           ;
; Total logic elements               ; 653 / 114,480 ( < 1 % )                         ;
;     Total combinational functions  ; 647 / 114,480 ( < 1 % )                         ;
;     Dedicated logic registers      ; 134 / 114,480 ( < 1 % )                         ;
; Total registers                    ; 134                                             ;
; Total pins                         ; 45 / 281 ( 16 % )                               ;
; Total virtual pins                 ; 0                                               ;
; Total memory bits                  ; 0 / 3,981,312 ( 0 % )                           ;
; Embedded Multiplier 9-bit elements ; 16 / 532 ( 3 % )                                ;
; Total PLLs                         ; 0 / 4 ( 0 % )                                   ;
+------------------------------------+-------------------------------------------------+


+------------------------------------------------------------------------------------------------------------------------------------------------------------+
; Fitter Settings                                                                                                                                            ;
+----------------------------------------------------------------------------+---------------------------------------+---------------------------------------+
; Option                                                                     ; Setting                               ; Default Value                         ;
+----------------------------------------------------------------------------+---------------------------------------+---------------------------------------+
; Device                                                                     ; EP4CE115F23C8                         ;                                       ;
; Nominal Core Supply Voltage                                                ; 1.2V                                  ;                                       ;
; Minimum Core Junction Temperature                                          ; 0                                     ;                                       ;
; Maximum Core Junction Temperature                                          ; 85                                    ;                                       ;
; Fit Attempts to Skip                                                       ; 0                                     ; 0.0                                   ;
; Use smart compilation                                                      ; Off                                   ; Off                                   ;
; Enable parallel Assembler and TimeQuest Timing Analyzer during compilation ; On                                    ; On                                    ;
; Enable compact report table                                                ; Off                                   ; Off                                   ;
; Auto Merge PLLs                                                            ; On                                    ; On                                    ;
; Router Timing Optimization Level                                           ; Normal                                ; Normal                                ;
; Perform Clocking Topology Analysis During Routing                          ; Off                                   ; Off                                   ;
; Placement Effort Multiplier                                                ; 1.0                                   ; 1.0                                   ;
; Router Effort Multiplier                                                   ; 1.0                                   ; 1.0                                   ;
; Optimize Hold Timing                                                       ; All Paths                             ; All Paths                             ;
; Optimize Multi-Corner Timing                                               ; On                                    ; On                                    ;
; PowerPlay Power Optimization                                               ; Normal compilation                    ; Normal compilation                    ;
; SSN Optimization                                                           ; Off                                   ; Off                                   ;
; Optimize Timing                                                            ; Normal compilation                    ; Normal compilation                    ;
; Optimize Timing for ECOs                                                   ; Off                                   ; Off                                   ;
; Regenerate full fit report during ECO compiles                             ; Off                                   ; Off                                   ;
; Optimize IOC Register Placement for Timing                                 ; Normal                                ; Normal                                ;
; Limit to One Fitting Attempt                                               ; Off                                   ; Off                                   ;
; Final Placement Optimizations                                              ; Automatically                         ; Automatically                         ;
; Fitter Aggressive Routability Optimizations                                ; Automatically                         ; Automatically                         ;
; Fitter Initial Placement Seed                                              ; 1                                     ; 1                                     ;
; PCI I/O                                                                    ; Off                                   ; Off                                   ;
; Weak Pull-Up Resistor                                                      ; Off                                   ; Off                                   ;
; Enable Bus-Hold Circuitry                                                  ; Off                                   ; Off                                   ;
; Auto Packed Registers                                                      ; Auto                                  ; Auto                                  ;
; Auto Delay Chains                                                          ; On                                    ; On                                    ;
; Auto Delay Chains for High Fanout Input Pins                               ; Off                                   ; Off                                   ;
; Allow Single-ended Buffer for Differential-XSTL Input                      ; Off                                   ; Off                                   ;
; Treat Bidirectional Pin as Output Pin                                      ; Off                                   ; Off                                   ;
; Perform Physical Synthesis for Combinational Logic for Fitting             ; Off                                   ; Off                                   ;
; Perform Physical Synthesis for Combinational Logic for Performance         ; Off                                   ; Off                                   ;
; Perform Register Duplication for Performance                               ; Off                                   ; Off                                   ;
; Perform Logic to Memory Mapping for Fitting                                ; Off                                   ; Off                                   ;
; Perform Register Retiming for Performance                                  ; Off                                   ; Off                                   ;
; Perform Asynchronous Signal Pipelining                                     ; Off                                   ; Off                                   ;
; Fitter Effort                                                              ; Auto Fit                              ; Auto Fit                              ;
; Physical Synthesis Effort Level                                            ; Normal                                ; Normal                                ;
; Logic Cell Insertion - Logic Duplication                                   ; Auto                                  ; Auto                                  ;
; Auto Register Duplication                                                  ; Auto                                  ; Auto                                  ;
; Auto Global Clock                                                          ; On                                    ; On                                    ;
; Auto Global Register Control Signals                                       ; On                                    ; On                                    ;
; Reserve all unused pins                                                    ; As input tri-stated with weak pull-up ; As input tri-stated with weak pull-up ;
; Synchronizer Identification                                                ; Off                                   ; Off                                   ;
; Enable Beneficial Skew Optimization                                        ; On                                    ; On                                    ;
; Optimize Design for Metastability                                          ; On                                    ; On                                    ;
; Force Fitter to Avoid Periphery Placement Warnings                         ; Off                                   ; Off                                   ;
; Enable input tri-state on active configuration pins in user mode           ; Off                                   ; Off                                   ;
+----------------------------------------------------------------------------+---------------------------------------+---------------------------------------+


Parallel compilation was disabled, but you have multiple processors available. Enable parallel compilation to reduce compilation time.
+-------------------------------------+
; Parallel Compilation                ;
+----------------------------+--------+
; Processors                 ; Number ;
+----------------------------+--------+
; Number detected on machine ; 12     ;
; Maximum allowed            ; 1      ;
+----------------------------+--------+


+------------------------------------------------+
; I/O Assignment Warnings                        ;
+----------------+-------------------------------+
; Pin Name       ; Reason                        ;
+----------------+-------------------------------+
; done_out       ; Incomplete set of assignments ;
; data_out[0]    ; Incomplete set of assignments ;
; data_out[1]    ; Incomplete set of assignments ;
; data_out[2]    ; Incomplete set of assignments ;
; data_out[3]    ; Incomplete set of assignments ;
; data_out[4]    ; Incomplete set of assignments ;
; data_out[5]    ; Incomplete set of assignments ;
; data_out[6]    ; Incomplete set of assignments ;
; data_out[7]    ; Incomplete set of assignments ;
; data_out[8]    ; Incomplete set of assignments ;
; data_out[9]    ; Incomplete set of assignments ;
; data_out[10]   ; Incomplete set of assignments ;
; data_out[11]   ; Incomplete set of assignments ;
; data_out[12]   ; Incomplete set of assignments ;
; data_out[13]   ; Incomplete set of assignments ;
; data_out[14]   ; Incomplete set of assignments ;
; data_out[15]   ; Incomplete set of assignments ;
; data_out[16]   ; Incomplete set of assignments ;
; data_out[17]   ; Incomplete set of assignments ;
; data_out[18]   ; Incomplete set of assignments ;
; data_out[19]   ; Incomplete set of assignments ;
; data_out[20]   ; Incomplete set of assignments ;
; data_out[21]   ; Incomplete set of assignments ;
; data_out[22]   ; Incomplete set of assignments ;
; data_out[23]   ; Incomplete set of assignments ;
; data_out[24]   ; Incomplete set of assignments ;
; data_out[25]   ; Incomplete set of assignments ;
; data_out[26]   ; Incomplete set of assignments ;
; data_out[27]   ; Incomplete set of assignments ;
; data_out[28]   ; Incomplete set of assignments ;
; data_out[29]   ; Incomplete set of assignments ;
; data_out[30]   ; Incomplete set of assignments ;
; data_out[31]   ; Incomplete set of assignments ;
; data_valid     ; Incomplete set of assignments ;
; counter_out[0] ; Incomplete set of assignments ;
; counter_out[1] ; Incomplete set of assignments ;
; ram_addr[0]    ; Incomplete set of assignments ;
; ram_addr[1]    ; Incomplete set of assignments ;
; ram_addr[2]    ; Incomplete set of assignments ;
; ram_addr[3]    ; Incomplete set of assignments ;
; start          ; Incomplete set of assignments ;
; clk            ; Incomplete set of assignments ;
; reset          ; Incomplete set of assignments ;
; AES_version[1] ; Incomplete set of assignments ;
; AES_version[0] ; Incomplete set of assignments ;
+----------------+-------------------------------+


+--------------------------------------------------------------------------------------------------------------------------------------------------------------------------------------------------------------+
; Fitter Netlist Optimizations                                                                                                                                                                                 ;
+------------------------+-----------------+------------------+---------------------+-----------+----------------+--------------------------------------------------+------------------+-----------------------+
; Node                   ; Action          ; Operation        ; Reason              ; Node Port ; Node Port Name ; Destination Node                                 ; Destination Port ; Destination Port Name ;
+------------------------+-----------------+------------------+---------------------+-----------+----------------+--------------------------------------------------+------------------+-----------------------+
; x_reg[18]              ; Packed Register ; Register Packing ; Timing optimization ; Q         ;                ; lpm_mult:Mult0|mult_46t:auto_generated|mac_mult5 ; DATAA            ;                       ;
; x_reg[18]              ; Duplicated      ; Register Packing ; Timing optimization ; Q         ;                ; x_reg[18]~_Duplicate_1                           ; Q                ;                       ;
; x_reg[18]~_Duplicate_1 ; Packed Register ; Register Packing ; Timing optimization ; Q         ;                ; lpm_mult:Mult1|mult_46t:auto_generated|mac_mult5 ; DATAA            ;                       ;
; x_reg[18]~_Duplicate_1 ; Duplicated      ; Register Packing ; Timing optimization ; Q         ;                ; x_reg[18]~_Duplicate_2                           ; Q                ;                       ;
; x_reg[18]~_Duplicate_2 ; Packed Register ; Register Packing ; Timing optimization ; Q         ;                ; lpm_mult:Mult0|mult_46t:auto_generated|mac_mult7 ; DATAA            ;                       ;
; x_reg[18]~_Duplicate_2 ; Duplicated      ; Register Packing ; Timing optimization ; Q         ;                ; x_reg[18]~_Duplicate_3                           ; Q                ;                       ;
; x_reg[18]~_Duplicate_3 ; Packed Register ; Register Packing ; Timing optimization ; Q         ;                ; lpm_mult:Mult1|mult_46t:auto_generated|mac_mult7 ; DATAA            ;                       ;
; x_reg[18]~_Duplicate_3 ; Duplicated      ; Register Packing ; Timing optimization ; Q         ;                ; x_reg[18]~_Duplicate_4                           ; Q                ;                       ;
; x_reg[19]              ; Packed Register ; Register Packing ; Timing optimization ; Q         ;                ; lpm_mult:Mult0|mult_46t:auto_generated|mac_mult5 ; DATAA            ;                       ;
; x_reg[19]              ; Duplicated      ; Register Packing ; Timing optimization ; Q         ;                ; x_reg[19]~_Duplicate_1                           ; Q                ;                       ;
; x_reg[19]~_Duplicate_1 ; Packed Register ; Register Packing ; Timing optimization ; Q         ;                ; lpm_mult:Mult1|mult_46t:auto_generated|mac_mult5 ; DATAA            ;                       ;
; x_reg[19]~_Duplicate_1 ; Duplicated      ; Register Packing ; Timing optimization ; Q         ;                ; x_reg[19]~_Duplicate_2                           ; Q                ;                       ;
; x_reg[19]~_Duplicate_2 ; Packed Register ; Register Packing ; Timing optimization ; Q         ;                ; lpm_mult:Mult0|mult_46t:auto_generated|mac_mult7 ; DATAA            ;                       ;
; x_reg[19]~_Duplicate_2 ; Duplicated      ; Register Packing ; Timing optimization ; Q         ;                ; x_reg[19]~_Duplicate_3                           ; Q                ;                       ;
; x_reg[19]~_Duplicate_3 ; Packed Register ; Register Packing ; Timing optimization ; Q         ;                ; lpm_mult:Mult1|mult_46t:auto_generated|mac_mult7 ; DATAA            ;                       ;
; x_reg[19]~_Duplicate_3 ; Duplicated      ; Register Packing ; Timing optimization ; Q         ;                ; x_reg[19]~_Duplicate_4                           ; Q                ;                       ;
; x_reg[20]              ; Packed Register ; Register Packing ; Timing optimization ; Q         ;                ; lpm_mult:Mult0|mult_46t:auto_generated|mac_mult5 ; DATAA            ;                       ;
; x_reg[20]              ; Duplicated      ; Register Packing ; Timing optimization ; Q         ;                ; x_reg[20]~_Duplicate_1                           ; Q                ;                       ;
; x_reg[20]~_Duplicate_1 ; Packed Register ; Register Packing ; Timing optimization ; Q         ;                ; lpm_mult:Mult1|mult_46t:auto_generated|mac_mult5 ; DATAA            ;                       ;
; x_reg[20]~_Duplicate_1 ; Duplicated      ; Register Packing ; Timing optimization ; Q         ;                ; x_reg[20]~_Duplicate_2                           ; Q                ;                       ;
; x_reg[20]~_Duplicate_2 ; Packed Register ; Register Packing ; Timing optimization ; Q         ;                ; lpm_mult:Mult0|mult_46t:auto_generated|mac_mult7 ; DATAA            ;                       ;
; x_reg[20]~_Duplicate_2 ; Duplicated      ; Register Packing ; Timing optimization ; Q         ;                ; x_reg[20]~_Duplicate_3                           ; Q                ;                       ;
; x_reg[20]~_Duplicate_3 ; Packed Register ; Register Packing ; Timing optimization ; Q         ;                ; lpm_mult:Mult1|mult_46t:auto_generated|mac_mult7 ; DATAA            ;                       ;
; x_reg[20]~_Duplicate_3 ; Duplicated      ; Register Packing ; Timing optimization ; Q         ;                ; x_reg[20]~_Duplicate_4                           ; Q                ;                       ;
; x_reg[21]              ; Packed Register ; Register Packing ; Timing optimization ; Q         ;                ; lpm_mult:Mult0|mult_46t:auto_generated|mac_mult5 ; DATAA            ;                       ;
; x_reg[21]              ; Duplicated      ; Register Packing ; Timing optimization ; Q         ;                ; x_reg[21]~_Duplicate_1                           ; Q                ;                       ;
; x_reg[21]~_Duplicate_1 ; Packed Register ; Register Packing ; Timing optimization ; Q         ;                ; lpm_mult:Mult1|mult_46t:auto_generated|mac_mult5 ; DATAA            ;                       ;
; x_reg[21]~_Duplicate_1 ; Duplicated      ; Register Packing ; Timing optimization ; Q         ;                ; x_reg[21]~_Duplicate_2                           ; Q                ;                       ;
; x_reg[21]~_Duplicate_2 ; Packed Register ; Register Packing ; Timing optimization ; Q         ;                ; lpm_mult:Mult0|mult_46t:auto_generated|mac_mult7 ; DATAA            ;                       ;
; x_reg[21]~_Duplicate_2 ; Duplicated      ; Register Packing ; Timing optimization ; Q         ;                ; x_reg[21]~_Duplicate_3                           ; Q                ;                       ;
; x_reg[21]~_Duplicate_3 ; Packed Register ; Register Packing ; Timing optimization ; Q         ;                ; lpm_mult:Mult1|mult_46t:auto_generated|mac_mult7 ; DATAA            ;                       ;
; x_reg[21]~_Duplicate_3 ; Duplicated      ; Register Packing ; Timing optimization ; Q         ;                ; x_reg[21]~_Duplicate_4                           ; Q                ;                       ;
; x_reg[22]              ; Packed Register ; Register Packing ; Timing optimization ; Q         ;                ; lpm_mult:Mult0|mult_46t:auto_generated|mac_mult5 ; DATAA            ;                       ;
; x_reg[22]              ; Duplicated      ; Register Packing ; Timing optimization ; Q         ;                ; x_reg[22]~_Duplicate_1                           ; Q                ;                       ;
; x_reg[22]~_Duplicate_1 ; Packed Register ; Register Packing ; Timing optimization ; Q         ;                ; lpm_mult:Mult1|mult_46t:auto_generated|mac_mult5 ; DATAA            ;                       ;
; x_reg[22]~_Duplicate_1 ; Duplicated      ; Register Packing ; Timing optimization ; Q         ;                ; x_reg[22]~_Duplicate_2                           ; Q                ;                       ;
; x_reg[22]~_Duplicate_2 ; Packed Register ; Register Packing ; Timing optimization ; Q         ;                ; lpm_mult:Mult0|mult_46t:auto_generated|mac_mult7 ; DATAA            ;                       ;
; x_reg[22]~_Duplicate_2 ; Duplicated      ; Register Packing ; Timing optimization ; Q         ;                ; x_reg[22]~_Duplicate_3                           ; Q                ;                       ;
; x_reg[22]~_Duplicate_3 ; Packed Register ; Register Packing ; Timing optimization ; Q         ;                ; lpm_mult:Mult1|mult_46t:auto_generated|mac_mult7 ; DATAA            ;                       ;
; x_reg[22]~_Duplicate_3 ; Duplicated      ; Register Packing ; Timing optimization ; Q         ;                ; x_reg[22]~_Duplicate_4                           ; Q                ;                       ;
; x_reg[23]              ; Packed Register ; Register Packing ; Timing optimization ; Q         ;                ; lpm_mult:Mult0|mult_46t:auto_generated|mac_mult5 ; DATAA            ;                       ;
; x_reg[23]              ; Duplicated      ; Register Packing ; Timing optimization ; Q         ;                ; x_reg[23]~_Duplicate_1                           ; Q                ;                       ;
; x_reg[23]~_Duplicate_1 ; Packed Register ; Register Packing ; Timing optimization ; Q         ;                ; lpm_mult:Mult1|mult_46t:auto_generated|mac_mult5 ; DATAA            ;                       ;
; x_reg[23]~_Duplicate_1 ; Duplicated      ; Register Packing ; Timing optimization ; Q         ;                ; x_reg[23]~_Duplicate_2                           ; Q                ;                       ;
; x_reg[23]~_Duplicate_2 ; Packed Register ; Register Packing ; Timing optimization ; Q         ;                ; lpm_mult:Mult0|mult_46t:auto_generated|mac_mult7 ; DATAA            ;                       ;
; x_reg[23]~_Duplicate_2 ; Duplicated      ; Register Packing ; Timing optimization ; Q         ;                ; x_reg[23]~_Duplicate_3                           ; Q                ;                       ;
; x_reg[23]~_Duplicate_3 ; Packed Register ; Register Packing ; Timing optimization ; Q         ;                ; lpm_mult:Mult1|mult_46t:auto_generated|mac_mult7 ; DATAA            ;                       ;
; x_reg[23]~_Duplicate_3 ; Duplicated      ; Register Packing ; Timing optimization ; Q         ;                ; x_reg[23]~_Duplicate_4                           ; Q                ;                       ;
; x_reg[24]              ; Packed Register ; Register Packing ; Timing optimization ; Q         ;                ; lpm_mult:Mult0|mult_46t:auto_generated|mac_mult5 ; DATAA            ;                       ;
; x_reg[24]              ; Duplicated      ; Register Packing ; Timing optimization ; Q         ;                ; x_reg[24]~_Duplicate_1                           ; Q                ;                       ;
; x_reg[24]~_Duplicate_1 ; Packed Register ; Register Packing ; Timing optimization ; Q         ;                ; lpm_mult:Mult1|mult_46t:auto_generated|mac_mult5 ; DATAA            ;                       ;
; x_reg[24]~_Duplicate_1 ; Duplicated      ; Register Packing ; Timing optimization ; Q         ;                ; x_reg[24]~_Duplicate_2                           ; Q                ;                       ;
; x_reg[24]~_Duplicate_2 ; Packed Register ; Register Packing ; Timing optimization ; Q         ;                ; lpm_mult:Mult0|mult_46t:auto_generated|mac_mult7 ; DATAA            ;                       ;
; x_reg[24]~_Duplicate_2 ; Duplicated      ; Register Packing ; Timing optimization ; Q         ;                ; x_reg[24]~_Duplicate_3                           ; Q                ;                       ;
; x_reg[24]~_Duplicate_3 ; Packed Register ; Register Packing ; Timing optimization ; Q         ;                ; lpm_mult:Mult1|mult_46t:auto_generated|mac_mult7 ; DATAA            ;                       ;
; x_reg[24]~_Duplicate_3 ; Duplicated      ; Register Packing ; Timing optimization ; Q         ;                ; x_reg[24]~_Duplicate_4                           ; Q                ;                       ;
; x_reg[25]              ; Packed Register ; Register Packing ; Timing optimization ; Q         ;                ; lpm_mult:Mult0|mult_46t:auto_generated|mac_mult5 ; DATAA            ;                       ;
; x_reg[25]              ; Duplicated      ; Register Packing ; Timing optimization ; Q         ;                ; x_reg[25]~_Duplicate_1                           ; Q                ;                       ;
; x_reg[25]~_Duplicate_1 ; Packed Register ; Register Packing ; Timing optimization ; Q         ;                ; lpm_mult:Mult1|mult_46t:auto_generated|mac_mult5 ; DATAA            ;                       ;
; x_reg[25]~_Duplicate_1 ; Duplicated      ; Register Packing ; Timing optimization ; Q         ;                ; x_reg[25]~_Duplicate_2                           ; Q                ;                       ;
; x_reg[25]~_Duplicate_2 ; Packed Register ; Register Packing ; Timing optimization ; Q         ;                ; lpm_mult:Mult0|mult_46t:auto_generated|mac_mult7 ; DATAA            ;                       ;
; x_reg[25]~_Duplicate_2 ; Duplicated      ; Register Packing ; Timing optimization ; Q         ;                ; x_reg[25]~_Duplicate_3                           ; Q                ;                       ;
; x_reg[25]~_Duplicate_3 ; Packed Register ; Register Packing ; Timing optimization ; Q         ;                ; lpm_mult:Mult1|mult_46t:auto_generated|mac_mult7 ; DATAA            ;                       ;
; x_reg[25]~_Duplicate_3 ; Duplicated      ; Register Packing ; Timing optimization ; Q         ;                ; x_reg[25]~_Duplicate_4                           ; Q                ;                       ;
; x_reg[26]              ; Packed Register ; Register Packing ; Timing optimization ; Q         ;                ; lpm_mult:Mult0|mult_46t:auto_generated|mac_mult5 ; DATAA            ;                       ;
; x_reg[26]              ; Duplicated      ; Register Packing ; Timing optimization ; Q         ;                ; x_reg[26]~_Duplicate_1                           ; Q                ;                       ;
; x_reg[26]~_Duplicate_1 ; Packed Register ; Register Packing ; Timing optimization ; Q         ;                ; lpm_mult:Mult1|mult_46t:auto_generated|mac_mult5 ; DATAA            ;                       ;
; x_reg[26]~_Duplicate_1 ; Duplicated      ; Register Packing ; Timing optimization ; Q         ;                ; x_reg[26]~_Duplicate_2                           ; Q                ;                       ;
; x_reg[26]~_Duplicate_2 ; Packed Register ; Register Packing ; Timing optimization ; Q         ;                ; lpm_mult:Mult0|mult_46t:auto_generated|mac_mult7 ; DATAA            ;                       ;
; x_reg[26]~_Duplicate_2 ; Duplicated      ; Register Packing ; Timing optimization ; Q         ;                ; x_reg[26]~_Duplicate_3                           ; Q                ;                       ;
; x_reg[26]~_Duplicate_3 ; Packed Register ; Register Packing ; Timing optimization ; Q         ;                ; lpm_mult:Mult1|mult_46t:auto_generated|mac_mult7 ; DATAA            ;                       ;
; x_reg[26]~_Duplicate_3 ; Duplicated      ; Register Packing ; Timing optimization ; Q         ;                ; x_reg[26]~_Duplicate_4                           ; Q                ;                       ;
; x_reg[27]              ; Packed Register ; Register Packing ; Timing optimization ; Q         ;                ; lpm_mult:Mult0|mult_46t:auto_generated|mac_mult5 ; DATAA            ;                       ;
; x_reg[27]              ; Duplicated      ; Register Packing ; Timing optimization ; Q         ;                ; x_reg[27]~_Duplicate_1                           ; Q                ;                       ;
; x_reg[27]~_Duplicate_1 ; Packed Register ; Register Packing ; Timing optimization ; Q         ;                ; lpm_mult:Mult1|mult_46t:auto_generated|mac_mult5 ; DATAA            ;                       ;
; x_reg[27]~_Duplicate_1 ; Duplicated      ; Register Packing ; Timing optimization ; Q         ;                ; x_reg[27]~_Duplicate_2                           ; Q                ;                       ;
; x_reg[27]~_Duplicate_2 ; Packed Register ; Register Packing ; Timing optimization ; Q         ;                ; lpm_mult:Mult0|mult_46t:auto_generated|mac_mult7 ; DATAA            ;                       ;
; x_reg[27]~_Duplicate_2 ; Duplicated      ; Register Packing ; Timing optimization ; Q         ;                ; x_reg[27]~_Duplicate_3                           ; Q                ;                       ;
; x_reg[27]~_Duplicate_3 ; Packed Register ; Register Packing ; Timing optimization ; Q         ;                ; lpm_mult:Mult1|mult_46t:auto_generated|mac_mult7 ; DATAA            ;                       ;
; x_reg[27]~_Duplicate_3 ; Duplicated      ; Register Packing ; Timing optimization ; Q         ;                ; x_reg[27]~_Duplicate_4                           ; Q                ;                       ;
; x_reg[28]              ; Packed Register ; Register Packing ; Timing optimization ; Q         ;                ; lpm_mult:Mult0|mult_46t:auto_generated|mac_mult5 ; DATAA            ;                       ;
; x_reg[28]              ; Duplicated      ; Register Packing ; Timing optimization ; Q         ;                ; x_reg[28]~_Duplicate_1                           ; Q                ;                       ;
; x_reg[28]~_Duplicate_1 ; Packed Register ; Register Packing ; Timing optimization ; Q         ;                ; lpm_mult:Mult1|mult_46t:auto_generated|mac_mult5 ; DATAA            ;                       ;
; x_reg[28]~_Duplicate_1 ; Duplicated      ; Register Packing ; Timing optimization ; Q         ;                ; x_reg[28]~_Duplicate_2                           ; Q                ;                       ;
; x_reg[28]~_Duplicate_2 ; Packed Register ; Register Packing ; Timing optimization ; Q         ;                ; lpm_mult:Mult0|mult_46t:auto_generated|mac_mult7 ; DATAA            ;                       ;
; x_reg[28]~_Duplicate_2 ; Duplicated      ; Register Packing ; Timing optimization ; Q         ;                ; x_reg[28]~_Duplicate_3                           ; Q                ;                       ;
; x_reg[28]~_Duplicate_3 ; Packed Register ; Register Packing ; Timing optimization ; Q         ;                ; lpm_mult:Mult1|mult_46t:auto_generated|mac_mult7 ; DATAA            ;                       ;
; x_reg[28]~_Duplicate_3 ; Duplicated      ; Register Packing ; Timing optimization ; Q         ;                ; x_reg[28]~_Duplicate_4                           ; Q                ;                       ;
; x_reg[29]              ; Packed Register ; Register Packing ; Timing optimization ; Q         ;                ; lpm_mult:Mult0|mult_46t:auto_generated|mac_mult5 ; DATAA            ;                       ;
; x_reg[29]              ; Duplicated      ; Register Packing ; Timing optimization ; Q         ;                ; x_reg[29]~_Duplicate_1                           ; Q                ;                       ;
; x_reg[29]~_Duplicate_1 ; Packed Register ; Register Packing ; Timing optimization ; Q         ;                ; lpm_mult:Mult1|mult_46t:auto_generated|mac_mult5 ; DATAA            ;                       ;
; x_reg[29]~_Duplicate_1 ; Duplicated      ; Register Packing ; Timing optimization ; Q         ;                ; x_reg[29]~_Duplicate_2                           ; Q                ;                       ;
; x_reg[29]~_Duplicate_2 ; Packed Register ; Register Packing ; Timing optimization ; Q         ;                ; lpm_mult:Mult0|mult_46t:auto_generated|mac_mult7 ; DATAA            ;                       ;
; x_reg[29]~_Duplicate_2 ; Duplicated      ; Register Packing ; Timing optimization ; Q         ;                ; x_reg[29]~_Duplicate_3                           ; Q                ;                       ;
; x_reg[29]~_Duplicate_3 ; Packed Register ; Register Packing ; Timing optimization ; Q         ;                ; lpm_mult:Mult1|mult_46t:auto_generated|mac_mult7 ; DATAA            ;                       ;
; x_reg[29]~_Duplicate_3 ; Duplicated      ; Register Packing ; Timing optimization ; Q         ;                ; x_reg[29]~_Duplicate_4                           ; Q                ;                       ;
; x_reg[30]              ; Packed Register ; Register Packing ; Timing optimization ; Q         ;                ; lpm_mult:Mult0|mult_46t:auto_generated|mac_mult5 ; DATAA            ;                       ;
; x_reg[30]              ; Duplicated      ; Register Packing ; Timing optimization ; Q         ;                ; x_reg[30]~_Duplicate_1                           ; Q                ;                       ;
; x_reg[30]~_Duplicate_1 ; Packed Register ; Register Packing ; Timing optimization ; Q         ;                ; lpm_mult:Mult1|mult_46t:auto_generated|mac_mult5 ; DATAA            ;                       ;
; x_reg[30]~_Duplicate_1 ; Duplicated      ; Register Packing ; Timing optimization ; Q         ;                ; x_reg[30]~_Duplicate_2                           ; Q                ;                       ;
; x_reg[30]~_Duplicate_2 ; Packed Register ; Register Packing ; Timing optimization ; Q         ;                ; lpm_mult:Mult0|mult_46t:auto_generated|mac_mult7 ; DATAA            ;                       ;
; x_reg[30]~_Duplicate_2 ; Duplicated      ; Register Packing ; Timing optimization ; Q         ;                ; x_reg[30]~_Duplicate_3                           ; Q                ;                       ;
; x_reg[30]~_Duplicate_3 ; Packed Register ; Register Packing ; Timing optimization ; Q         ;                ; lpm_mult:Mult1|mult_46t:auto_generated|mac_mult7 ; DATAA            ;                       ;
; x_reg[30]~_Duplicate_3 ; Duplicated      ; Register Packing ; Timing optimization ; Q         ;                ; x_reg[30]~_Duplicate_4                           ; Q                ;                       ;
; x_reg[31]              ; Packed Register ; Register Packing ; Timing optimization ; Q         ;                ; lpm_mult:Mult0|mult_46t:auto_generated|mac_mult5 ; DATAA            ;                       ;
; x_reg[31]              ; Duplicated      ; Register Packing ; Timing optimization ; Q         ;                ; x_reg[31]~_Duplicate_1                           ; Q                ;                       ;
; x_reg[31]~_Duplicate_1 ; Packed Register ; Register Packing ; Timing optimization ; Q         ;                ; lpm_mult:Mult1|mult_46t:auto_generated|mac_mult5 ; DATAA            ;                       ;
; x_reg[31]~_Duplicate_1 ; Duplicated      ; Register Packing ; Timing optimization ; Q         ;                ; x_reg[31]~_Duplicate_2                           ; Q                ;                       ;
; x_reg[31]~_Duplicate_2 ; Packed Register ; Register Packing ; Timing optimization ; Q         ;                ; lpm_mult:Mult0|mult_46t:auto_generated|mac_mult7 ; DATAA            ;                       ;
; x_reg[31]~_Duplicate_2 ; Duplicated      ; Register Packing ; Timing optimization ; Q         ;                ; x_reg[31]~_Duplicate_3                           ; Q                ;                       ;
; x_reg[31]~_Duplicate_3 ; Packed Register ; Register Packing ; Timing optimization ; Q         ;                ; lpm_mult:Mult1|mult_46t:auto_generated|mac_mult7 ; DATAA            ;                       ;
; x_reg[31]~_Duplicate_3 ; Duplicated      ; Register Packing ; Timing optimization ; Q         ;                ; x_reg[31]~_Duplicate_4                           ; Q                ;                       ;
; y_reg[18]              ; Packed Register ; Register Packing ; Timing optimization ; Q         ;                ; lpm_mult:Mult1|mult_46t:auto_generated|mac_mult3 ; DATAB            ;                       ;
; y_reg[18]              ; Duplicated      ; Register Packing ; Timing optimization ; Q         ;                ; y_reg[18]~_Duplicate_1                           ; Q                ;                       ;
; y_reg[18]~_Duplicate_1 ; Packed Register ; Register Packing ; Timing optimization ; Q         ;                ; lpm_mult:Mult1|mult_46t:auto_generated|mac_mult7 ; DATAB            ;                       ;
; y_reg[18]~_Duplicate_1 ; Duplicated      ; Register Packing ; Timing optimization ; Q         ;                ; y_reg[18]~_Duplicate_2                           ; Q                ;                       ;
; y_reg[19]              ; Packed Register ; Register Packing ; Timing optimization ; Q         ;                ; lpm_mult:Mult1|mult_46t:auto_generated|mac_mult3 ; DATAB            ;                       ;
; y_reg[19]              ; Duplicated      ; Register Packing ; Timing optimization ; Q         ;                ; y_reg[19]~_Duplicate_1                           ; Q                ;                       ;
; y_reg[19]~_Duplicate_1 ; Packed Register ; Register Packing ; Timing optimization ; Q         ;                ; lpm_mult:Mult1|mult_46t:auto_generated|mac_mult7 ; DATAB            ;                       ;
; y_reg[19]~_Duplicate_1 ; Duplicated      ; Register Packing ; Timing optimization ; Q         ;                ; y_reg[19]~_Duplicate_2                           ; Q                ;                       ;
; y_reg[20]              ; Packed Register ; Register Packing ; Timing optimization ; Q         ;                ; lpm_mult:Mult1|mult_46t:auto_generated|mac_mult3 ; DATAB            ;                       ;
; y_reg[20]              ; Duplicated      ; Register Packing ; Timing optimization ; Q         ;                ; y_reg[20]~_Duplicate_1                           ; Q                ;                       ;
; y_reg[20]~_Duplicate_1 ; Packed Register ; Register Packing ; Timing optimization ; Q         ;                ; lpm_mult:Mult1|mult_46t:auto_generated|mac_mult7 ; DATAB            ;                       ;
; y_reg[20]~_Duplicate_1 ; Duplicated      ; Register Packing ; Timing optimization ; Q         ;                ; y_reg[20]~_Duplicate_2                           ; Q                ;                       ;
; y_reg[21]              ; Packed Register ; Register Packing ; Timing optimization ; Q         ;                ; lpm_mult:Mult1|mult_46t:auto_generated|mac_mult3 ; DATAB            ;                       ;
; y_reg[21]              ; Duplicated      ; Register Packing ; Timing optimization ; Q         ;                ; y_reg[21]~_Duplicate_1                           ; Q                ;                       ;
; y_reg[21]~_Duplicate_1 ; Packed Register ; Register Packing ; Timing optimization ; Q         ;                ; lpm_mult:Mult1|mult_46t:auto_generated|mac_mult7 ; DATAB            ;                       ;
; y_reg[21]~_Duplicate_1 ; Duplicated      ; Register Packing ; Timing optimization ; Q         ;                ; y_reg[21]~_Duplicate_2                           ; Q                ;                       ;
; y_reg[22]              ; Packed Register ; Register Packing ; Timing optimization ; Q         ;                ; lpm_mult:Mult1|mult_46t:auto_generated|mac_mult3 ; DATAB            ;                       ;
; y_reg[22]              ; Duplicated      ; Register Packing ; Timing optimization ; Q         ;                ; y_reg[22]~_Duplicate_1                           ; Q                ;                       ;
; y_reg[22]~_Duplicate_1 ; Packed Register ; Register Packing ; Timing optimization ; Q         ;                ; lpm_mult:Mult1|mult_46t:auto_generated|mac_mult7 ; DATAB            ;                       ;
; y_reg[22]~_Duplicate_1 ; Duplicated      ; Register Packing ; Timing optimization ; Q         ;                ; y_reg[22]~_Duplicate_2                           ; Q                ;                       ;
; y_reg[23]              ; Packed Register ; Register Packing ; Timing optimization ; Q         ;                ; lpm_mult:Mult1|mult_46t:auto_generated|mac_mult3 ; DATAB            ;                       ;
; y_reg[23]              ; Duplicated      ; Register Packing ; Timing optimization ; Q         ;                ; y_reg[23]~_Duplicate_1                           ; Q                ;                       ;
; y_reg[23]~_Duplicate_1 ; Packed Register ; Register Packing ; Timing optimization ; Q         ;                ; lpm_mult:Mult1|mult_46t:auto_generated|mac_mult7 ; DATAB            ;                       ;
; y_reg[23]~_Duplicate_1 ; Duplicated      ; Register Packing ; Timing optimization ; Q         ;                ; y_reg[23]~_Duplicate_2                           ; Q                ;                       ;
; y_reg[24]              ; Packed Register ; Register Packing ; Timing optimization ; Q         ;                ; lpm_mult:Mult1|mult_46t:auto_generated|mac_mult3 ; DATAB            ;                       ;
; y_reg[24]              ; Duplicated      ; Register Packing ; Timing optimization ; Q         ;                ; y_reg[24]~_Duplicate_1                           ; Q                ;                       ;
; y_reg[24]~_Duplicate_1 ; Packed Register ; Register Packing ; Timing optimization ; Q         ;                ; lpm_mult:Mult1|mult_46t:auto_generated|mac_mult7 ; DATAB            ;                       ;
; y_reg[24]~_Duplicate_1 ; Duplicated      ; Register Packing ; Timing optimization ; Q         ;                ; y_reg[24]~_Duplicate_2                           ; Q                ;                       ;
; y_reg[25]              ; Packed Register ; Register Packing ; Timing optimization ; Q         ;                ; lpm_mult:Mult1|mult_46t:auto_generated|mac_mult3 ; DATAB            ;                       ;
; y_reg[25]              ; Duplicated      ; Register Packing ; Timing optimization ; Q         ;                ; y_reg[25]~_Duplicate_1                           ; Q                ;                       ;
; y_reg[25]~_Duplicate_1 ; Packed Register ; Register Packing ; Timing optimization ; Q         ;                ; lpm_mult:Mult1|mult_46t:auto_generated|mac_mult7 ; DATAB            ;                       ;
; y_reg[25]~_Duplicate_1 ; Duplicated      ; Register Packing ; Timing optimization ; Q         ;                ; y_reg[25]~_Duplicate_2                           ; Q                ;                       ;
; y_reg[26]              ; Packed Register ; Register Packing ; Timing optimization ; Q         ;                ; lpm_mult:Mult1|mult_46t:auto_generated|mac_mult3 ; DATAB            ;                       ;
; y_reg[26]              ; Duplicated      ; Register Packing ; Timing optimization ; Q         ;                ; y_reg[26]~_Duplicate_1                           ; Q                ;                       ;
; y_reg[26]~_Duplicate_1 ; Packed Register ; Register Packing ; Timing optimization ; Q         ;                ; lpm_mult:Mult1|mult_46t:auto_generated|mac_mult7 ; DATAB            ;                       ;
; y_reg[26]~_Duplicate_1 ; Duplicated      ; Register Packing ; Timing optimization ; Q         ;                ; y_reg[26]~_Duplicate_2                           ; Q                ;                       ;
; y_reg[27]              ; Packed Register ; Register Packing ; Timing optimization ; Q         ;                ; lpm_mult:Mult1|mult_46t:auto_generated|mac_mult3 ; DATAB            ;                       ;
; y_reg[27]              ; Duplicated      ; Register Packing ; Timing optimization ; Q         ;                ; y_reg[27]~_Duplicate_1                           ; Q                ;                       ;
; y_reg[27]~_Duplicate_1 ; Packed Register ; Register Packing ; Timing optimization ; Q         ;                ; lpm_mult:Mult1|mult_46t:auto_generated|mac_mult7 ; DATAB            ;                       ;
; y_reg[27]~_Duplicate_1 ; Duplicated      ; Register Packing ; Timing optimization ; Q         ;                ; y_reg[27]~_Duplicate_2                           ; Q                ;                       ;
; y_reg[28]              ; Packed Register ; Register Packing ; Timing optimization ; Q         ;                ; lpm_mult:Mult1|mult_46t:auto_generated|mac_mult3 ; DATAB            ;                       ;
; y_reg[28]              ; Duplicated      ; Register Packing ; Timing optimization ; Q         ;                ; y_reg[28]~_Duplicate_1                           ; Q                ;                       ;
; y_reg[28]~_Duplicate_1 ; Packed Register ; Register Packing ; Timing optimization ; Q         ;                ; lpm_mult:Mult1|mult_46t:auto_generated|mac_mult7 ; DATAB            ;                       ;
; y_reg[28]~_Duplicate_1 ; Duplicated      ; Register Packing ; Timing optimization ; Q         ;                ; y_reg[28]~_Duplicate_2                           ; Q                ;                       ;
; y_reg[29]              ; Packed Register ; Register Packing ; Timing optimization ; Q         ;                ; lpm_mult:Mult1|mult_46t:auto_generated|mac_mult3 ; DATAB            ;                       ;
; y_reg[29]              ; Duplicated      ; Register Packing ; Timing optimization ; Q         ;                ; y_reg[29]~_Duplicate_1                           ; Q                ;                       ;
; y_reg[29]~_Duplicate_1 ; Packed Register ; Register Packing ; Timing optimization ; Q         ;                ; lpm_mult:Mult1|mult_46t:auto_generated|mac_mult7 ; DATAB            ;                       ;
; y_reg[29]~_Duplicate_1 ; Duplicated      ; Register Packing ; Timing optimization ; Q         ;                ; y_reg[29]~_Duplicate_2                           ; Q                ;                       ;
; y_reg[30]              ; Packed Register ; Register Packing ; Timing optimization ; Q         ;                ; lpm_mult:Mult1|mult_46t:auto_generated|mac_mult3 ; DATAB            ;                       ;
; y_reg[30]              ; Duplicated      ; Register Packing ; Timing optimization ; Q         ;                ; y_reg[30]~_Duplicate_1                           ; Q                ;                       ;
; y_reg[30]~_Duplicate_1 ; Packed Register ; Register Packing ; Timing optimization ; Q         ;                ; lpm_mult:Mult1|mult_46t:auto_generated|mac_mult7 ; DATAB            ;                       ;
; y_reg[30]~_Duplicate_1 ; Duplicated      ; Register Packing ; Timing optimization ; Q         ;                ; y_reg[30]~_Duplicate_2                           ; Q                ;                       ;
; y_reg[31]              ; Packed Register ; Register Packing ; Timing optimization ; Q         ;                ; lpm_mult:Mult1|mult_46t:auto_generated|mac_mult3 ; DATAB            ;                       ;
; y_reg[31]              ; Duplicated      ; Register Packing ; Timing optimization ; Q         ;                ; y_reg[31]~_Duplicate_1                           ; Q                ;                       ;
; y_reg[31]~_Duplicate_1 ; Packed Register ; Register Packing ; Timing optimization ; Q         ;                ; lpm_mult:Mult1|mult_46t:auto_generated|mac_mult7 ; DATAB            ;                       ;
; y_reg[31]~_Duplicate_1 ; Duplicated      ; Register Packing ; Timing optimization ; Q         ;                ; y_reg[31]~_Duplicate_2                           ; Q                ;                       ;
+------------------------+-----------------+------------------+---------------------+-----------+----------------+--------------------------------------------------+------------------+-----------------------+


+----------------------------------------------+
; Incremental Compilation Preservation Summary ;
+---------------------+------------------------+
; Type                ; Value                  ;
+---------------------+------------------------+
; Placement (by node) ;                        ;
;     -- Requested    ; 0 / 899 ( 0.00 % )     ;
;     -- Achieved     ; 0 / 899 ( 0.00 % )     ;
;                     ;                        ;
; Routing (by net)    ;                        ;
;     -- Requested    ; 0 / 0 ( 0.00 % )       ;
;     -- Achieved     ; 0 / 0 ( 0.00 % )       ;
+---------------------+------------------------+


+----------------------------------------------------------------------------------------------------------------------------------------------------------------------------------------+
; Incremental Compilation Partition Settings                                                                                                                                             ;
+--------------------------------+----------------+-------------------+-------------------------+------------------------+------------------------------+--------------------------------+
; Partition Name                 ; Partition Type ; Netlist Type Used ; Preservation Level Used ; Netlist Type Requested ; Preservation Level Requested ; Contents                       ;
+--------------------------------+----------------+-------------------+-------------------------+------------------------+------------------------------+--------------------------------+
; Top                            ; User-created   ; Source File       ; N/A                     ; Source File            ; N/A                          ;                                ;
; hard_block:auto_generated_inst ; Auto-generated ; Source File       ; N/A                     ; Source File            ; N/A                          ; hard_block:auto_generated_inst ;
+--------------------------------+----------------+-------------------+-------------------------+------------------------+------------------------------+--------------------------------+


+------------------------------------------------------------------------------------------------------------+
; Incremental Compilation Placement Preservation                                                             ;
+--------------------------------+---------+-------------------+-------------------------+-------------------+
; Partition Name                 ; # Nodes ; # Preserved Nodes ; Preservation Level Used ; Netlist Type Used ;
+--------------------------------+---------+-------------------+-------------------------+-------------------+
; Top                            ; 889     ; 0                 ; N/A                     ; Source File       ;
; hard_block:auto_generated_inst ; 10      ; 0                 ; N/A                     ; Source File       ;
+--------------------------------+---------+-------------------+-------------------------+-------------------+


+--------------+
; Pin-Out File ;
+--------------+
The pin-out file can be found in E:/facultad 2025/Trabajo Final/bloques caoticos V2/lorenz/output_files/lorenz.pin.


+-----------------------------------------------------------------------+
; Fitter Resource Usage Summary                                         ;
+---------------------------------------------+-------------------------+
; Resource                                    ; Usage                   ;
+---------------------------------------------+-------------------------+
; Total logic elements                        ; 653 / 114,480 ( < 1 % ) ;
;     -- Combinational with no register       ; 519                     ;
;     -- Register only                        ; 6                       ;
;     -- Combinational with a register        ; 128                     ;
;                                             ;                         ;
; Logic element usage by number of LUT inputs ;                         ;
;     -- 4 input functions                    ; 62                      ;
;     -- 3 input functions                    ; 441                     ;
;     -- <=2 input functions                  ; 144                     ;
;     -- Register only                        ; 6                       ;
;                                             ;                         ;
; Logic elements by mode                      ;                         ;
;     -- normal mode                          ; 177                     ;
;     -- arithmetic mode                      ; 470                     ;
;                                             ;                         ;
; Total registers*                            ; 134 / 115,813 ( < 1 % ) ;
;     -- Dedicated logic registers            ; 134 / 114,480 ( < 1 % ) ;
;     -- I/O registers                        ; 0 / 1,333 ( 0 % )       ;
;                                             ;                         ;
; Total LABs:  partially or completely used   ; 51 / 7,155 ( < 1 % )    ;
; Virtual pins                                ; 0                       ;
; I/O pins                                    ; 45 / 281 ( 16 % )       ;
;     -- Clock pins                           ; 2 / 7 ( 29 % )          ;
;     -- Dedicated input pins                 ; 0 / 9 ( 0 % )           ;
;                                             ;                         ;
; Global signals                              ; 2                       ;
; M9Ks                                        ; 0 / 432 ( 0 % )         ;
; Total block memory bits                     ; 0 / 3,981,312 ( 0 % )   ;
; Total block memory implementation bits      ; 0 / 3,981,312 ( 0 % )   ;
; Embedded Multiplier 9-bit elements          ; 16 / 532 ( 3 % )        ;
; PLLs                                        ; 0 / 4 ( 0 % )           ;
; Global clocks                               ; 2 / 20 ( 10 % )         ;
; JTAGs                                       ; 0 / 1 ( 0 % )           ;
; CRC blocks                                  ; 0 / 1 ( 0 % )           ;
; ASMI blocks                                 ; 0 / 1 ( 0 % )           ;
; Impedance control blocks                    ; 0 / 4 ( 0 % )           ;
; Average interconnect usage (total/H/V)      ; 0% / 0% / 0%            ;
; Peak interconnect usage (total/H/V)         ; 7% / 6% / 7%            ;
; Maximum fan-out                             ; 139                     ;
; Highest non-global fan-out                  ; 105                     ;
; Total fan-out                               ; 2715                    ;
; Average fan-out                             ; 3.00                    ;
+---------------------------------------------+-------------------------+
*  Register count does not include registers inside RAM blocks or DSP blocks.



+-------------------------------------------------------------------------------------------------------+
; Fitter Partition Statistics                                                                           ;
+---------------------------------------------+------------------------+--------------------------------+
; Statistic                                   ; Top                    ; hard_block:auto_generated_inst ;
+---------------------------------------------+------------------------+--------------------------------+
; Difficulty Clustering Region                ; Low                    ; Low                            ;
;                                             ;                        ;                                ;
; Total logic elements                        ; 653 / 114480 ( < 1 % ) ; 0 / 114480 ( 0 % )             ;
;     -- Combinational with no register       ; 519                    ; 0                              ;
;     -- Register only                        ; 6                      ; 0                              ;
;     -- Combinational with a register        ; 128                    ; 0                              ;
;                                             ;                        ;                                ;
; Logic element usage by number of LUT inputs ;                        ;                                ;
;     -- 4 input functions                    ; 62                     ; 0                              ;
;     -- 3 input functions                    ; 441                    ; 0                              ;
;     -- <=2 input functions                  ; 144                    ; 0                              ;
;     -- Register only                        ; 6                      ; 0                              ;
;                                             ;                        ;                                ;
; Logic elements by mode                      ;                        ;                                ;
;     -- normal mode                          ; 177                    ; 0                              ;
;     -- arithmetic mode                      ; 470                    ; 0                              ;
;                                             ;                        ;                                ;
; Total registers                             ; 134                    ; 0                              ;
;     -- Dedicated logic registers            ; 134 / 114480 ( < 1 % ) ; 0 / 114480 ( 0 % )             ;
;                                             ;                        ;                                ;
; Total LABs:  partially or completely used   ; 51 / 7155 ( < 1 % )    ; 0 / 7155 ( 0 % )               ;
;                                             ;                        ;                                ;
; Virtual pins                                ; 0                      ; 0                              ;
; I/O pins                                    ; 45                     ; 0                              ;
; Embedded Multiplier 9-bit elements          ; 16 / 532 ( 3 % )       ; 0 / 532 ( 0 % )                ;
; Total memory bits                           ; 0                      ; 0                              ;
; Total RAM block bits                        ; 0                      ; 0                              ;
; Clock control block                         ; 2 / 24 ( 8 % )         ; 0 / 24 ( 0 % )                 ;
;                                             ;                        ;                                ;
; Connections                                 ;                        ;                                ;
;     -- Input Connections                    ; 0                      ; 0                              ;
;     -- Registered Input Connections         ; 0                      ; 0                              ;
;     -- Output Connections                   ; 0                      ; 0                              ;
;     -- Registered Output Connections        ; 0                      ; 0                              ;
;                                             ;                        ;                                ;
; Internal Connections                        ;                        ;                                ;
;     -- Total Connections                    ; 2991                   ; 5                              ;
;     -- Registered Connections               ; 942                    ; 0                              ;
;                                             ;                        ;                                ;
; External Connections                        ;                        ;                                ;
;     -- Top                                  ; 0                      ; 0                              ;
;     -- hard_block:auto_generated_inst       ; 0                      ; 0                              ;
;                                             ;                        ;                                ;
; Partition Interface                         ;                        ;                                ;
;     -- Input Ports                          ; 5                      ; 0                              ;
;     -- Output Ports                         ; 40                     ; 0                              ;
;     -- Bidir Ports                          ; 0                      ; 0                              ;
;                                             ;                        ;                                ;
; Registered Ports                            ;                        ;                                ;
;     -- Registered Input Ports               ; 0                      ; 0                              ;
;     -- Registered Output Ports              ; 0                      ; 0                              ;
;                                             ;                        ;                                ;
; Port Connectivity                           ;                        ;                                ;
;     -- Input Ports driven by GND            ; 0                      ; 0                              ;
;     -- Output Ports driven by GND           ; 0                      ; 0                              ;
;     -- Input Ports driven by VCC            ; 0                      ; 0                              ;
;     -- Output Ports driven by VCC           ; 0                      ; 0                              ;
;     -- Input Ports with no Source           ; 0                      ; 0                              ;
;     -- Output Ports with no Source          ; 0                      ; 0                              ;
;     -- Input Ports with no Fanout           ; 0                      ; 0                              ;
;     -- Output Ports with no Fanout          ; 0                      ; 0                              ;
+---------------------------------------------+------------------------+--------------------------------+


+-------------------------------------------------------------------------------------------------------------------------------------------------------------------------------------------------------------------------------------------------------------------------------------+
; Input Pins                                                                                                                                                                                                                                                                          ;
+----------------+-------+----------+--------------+--------------+--------------+-----------------------+--------------------+--------+----------------+---------------+-----------------+----------+--------------+--------------+---------------------------+----------------------+
; Name           ; Pin # ; I/O Bank ; X coordinate ; Y coordinate ; Z coordinate ; Combinational Fan-Out ; Registered Fan-Out ; Global ; Input Register ; Power Up High ; PCI I/O Enabled ; Bus Hold ; Weak Pull Up ; I/O Standard ; Termination Control Block ; Location assigned by ;
+----------------+-------+----------+--------------+--------------+--------------+-----------------------+--------------------+--------+----------------+---------------+-----------------+----------+--------------+--------------+---------------------------+----------------------+
; AES_version[0] ; V2    ; 2        ; 0            ; 25           ; 21           ; 2                     ; 0                  ; no     ; no             ; no            ; yes             ; no       ; Off          ; 2.5 V        ; --                        ; Fitter               ;
; AES_version[1] ; V10   ; 3        ; 29           ; 0            ; 21           ; 4                     ; 0                  ; no     ; no             ; no            ; yes             ; no       ; Off          ; 2.5 V        ; --                        ; Fitter               ;
; clk            ; G1    ; 1        ; 0            ; 36           ; 7            ; 139                   ; 0                  ; yes    ; no             ; no            ; yes             ; no       ; Off          ; 2.5 V        ; --                        ; Fitter               ;
; reset          ; T2    ; 2        ; 0            ; 36           ; 14           ; 111                   ; 0                  ; yes    ; no             ; no            ; yes             ; no       ; Off          ; 2.5 V        ; --                        ; Fitter               ;
; start          ; Y8    ; 3        ; 27           ; 0            ; 21           ; 4                     ; 0                  ; no     ; no             ; no            ; yes             ; no       ; Off          ; 2.5 V        ; --                        ; Fitter               ;
+----------------+-------+----------+--------------+--------------+--------------+-----------------------+--------------------+--------+----------------+---------------+-----------------+----------+--------------+--------------+---------------------------+----------------------+


+-----------------------------------------------------------------------------------------------------------------------------------------------------------------------------------------------------------------------------------------------------------------------------------------------------------------------------------------------------------------------------------------------------------------------------------------------------------------+
; Output Pins                                                                                                                                                                                                                                                                                                                                                                                                                                                     ;
+----------------+-------+----------+--------------+--------------+--------------+-----------------+------------------------+---------------+-----------+-----------------+------------+---------------+----------+--------------+--------------+------------------+-----------------------------------+---------------------------+----------------------------+-----------------------------+----------------------+----------------------+---------------------+
; Name           ; Pin # ; I/O Bank ; X coordinate ; Y coordinate ; Z coordinate ; Output Register ; Output Enable Register ; Power Up High ; Slew Rate ; PCI I/O Enabled ; Open Drain ; TRI Primitive ; Bus Hold ; Weak Pull Up ; I/O Standard ; Current Strength ; Termination                       ; Termination Control Block ; Output Buffer Pre-emphasis ; Voltage Output Differential ; Location assigned by ; Output Enable Source ; Output Enable Group ;
+----------------+-------+----------+--------------+--------------+--------------+-----------------+------------------------+---------------+-----------+-----------------+------------+---------------+----------+--------------+--------------+------------------+-----------------------------------+---------------------------+----------------------------+-----------------------------+----------------------+----------------------+---------------------+
; counter_out[0] ; P5    ; 2        ; 0            ; 24           ; 7            ; no              ; no                     ; no            ; 2         ; no              ; no         ; no            ; no       ; Off          ; 2.5 V        ; Default          ; Series 50 Ohm without Calibration ; --                        ; no                         ; no                          ; Fitter               ; -                    ; -                   ;
; counter_out[1] ; N6    ; 2        ; 0            ; 24           ; 14           ; no              ; no                     ; no            ; 2         ; no              ; no         ; no            ; no       ; Off          ; 2.5 V        ; Default          ; Series 50 Ohm without Calibration ; --                        ; no                         ; no                          ; Fitter               ; -                    ; -                   ;
; data_out[0]    ; AB8   ; 3        ; 33           ; 0            ; 0            ; no              ; no                     ; no            ; 2         ; no              ; no         ; no            ; no       ; Off          ; 2.5 V        ; Default          ; Series 50 Ohm without Calibration ; --                        ; no                         ; no                          ; Fitter               ; -                    ; -                   ;
; data_out[10]   ; R3    ; 2        ; 0            ; 23           ; 14           ; no              ; no                     ; no            ; 2         ; no              ; no         ; no            ; no       ; Off          ; 2.5 V        ; Default          ; Series 50 Ohm without Calibration ; --                        ; no                         ; no                          ; Fitter               ; -                    ; -                   ;
; data_out[11]   ; B8    ; 8        ; 42           ; 73           ; 7            ; no              ; no                     ; no            ; 2         ; no              ; no         ; no            ; no       ; Off          ; 2.5 V        ; Default          ; Series 50 Ohm without Calibration ; --                        ; no                         ; no                          ; Fitter               ; -                    ; -                   ;
; data_out[12]   ; AB10  ; 3        ; 49           ; 0            ; 0            ; no              ; no                     ; no            ; 2         ; no              ; no         ; no            ; no       ; Off          ; 2.5 V        ; Default          ; Series 50 Ohm without Calibration ; --                        ; no                         ; no                          ; Fitter               ; -                    ; -                   ;
; data_out[13]   ; V9    ; 3        ; 27           ; 0            ; 7            ; no              ; no                     ; no            ; 2         ; no              ; no         ; no            ; no       ; Off          ; 2.5 V        ; Default          ; Series 50 Ohm without Calibration ; --                        ; no                         ; no                          ; Fitter               ; -                    ; -                   ;
; data_out[14]   ; P3    ; 2        ; 0            ; 27           ; 21           ; no              ; no                     ; no            ; 2         ; no              ; no         ; no            ; no       ; Off          ; 2.5 V        ; Default          ; Series 50 Ohm without Calibration ; --                        ; no                         ; no                          ; Fitter               ; -                    ; -                   ;
; data_out[15]   ; V8    ; 3        ; 20           ; 0            ; 14           ; no              ; no                     ; no            ; 2         ; no              ; no         ; no            ; no       ; Off          ; 2.5 V        ; Default          ; Series 50 Ohm without Calibration ; --                        ; no                         ; no                          ; Fitter               ; -                    ; -                   ;
; data_out[16]   ; V12   ; 4        ; 67           ; 0            ; 21           ; no              ; no                     ; no            ; 2         ; no              ; no         ; no            ; no       ; Off          ; 2.5 V        ; Default          ; Series 50 Ohm without Calibration ; --                        ; no                         ; no                          ; Fitter               ; -                    ; -                   ;
; data_out[17]   ; Y10   ; 3        ; 49           ; 0            ; 14           ; no              ; no                     ; no            ; 2         ; no              ; no         ; no            ; no       ; Off          ; 2.5 V        ; Default          ; Series 50 Ohm without Calibration ; --                        ; no                         ; no                          ; Fitter               ; -                    ; -                   ;
; data_out[18]   ; AA8   ; 3        ; 33           ; 0            ; 7            ; no              ; no                     ; no            ; 2         ; no              ; no         ; no            ; no       ; Off          ; 2.5 V        ; Default          ; Series 50 Ohm without Calibration ; --                        ; no                         ; no                          ; Fitter               ; -                    ; -                   ;
; data_out[19]   ; U10   ; 3        ; 29           ; 0            ; 14           ; no              ; no                     ; no            ; 2         ; no              ; no         ; no            ; no       ; Off          ; 2.5 V        ; Default          ; Series 50 Ohm without Calibration ; --                        ; no                         ; no                          ; Fitter               ; -                    ; -                   ;
; data_out[1]    ; AA7   ; 3        ; 23           ; 0            ; 21           ; no              ; no                     ; no            ; 2         ; no              ; no         ; no            ; no       ; Off          ; 2.5 V        ; Default          ; Series 50 Ohm without Calibration ; --                        ; no                         ; no                          ; Fitter               ; -                    ; -                   ;
; data_out[20]   ; AB9   ; 3        ; 35           ; 0            ; 14           ; no              ; no                     ; no            ; 2         ; no              ; no         ; no            ; no       ; Off          ; 2.5 V        ; Default          ; Series 50 Ohm without Calibration ; --                        ; no                         ; no                          ; Fitter               ; -                    ; -                   ;
; data_out[21]   ; U1    ; 2        ; 0            ; 25           ; 14           ; no              ; no                     ; no            ; 2         ; no              ; no         ; no            ; no       ; Off          ; 2.5 V        ; Default          ; Series 50 Ohm without Calibration ; --                        ; no                         ; no                          ; Fitter               ; -                    ; -                   ;
; data_out[22]   ; W10   ; 3        ; 49           ; 0            ; 21           ; no              ; no                     ; no            ; 2         ; no              ; no         ; no            ; no       ; Off          ; 2.5 V        ; Default          ; Series 50 Ohm without Calibration ; --                        ; no                         ; no                          ; Fitter               ; -                    ; -                   ;
; data_out[23]   ; P4    ; 2        ; 0            ; 27           ; 14           ; no              ; no                     ; no            ; 2         ; no              ; no         ; no            ; no       ; Off          ; 2.5 V        ; Default          ; Series 50 Ohm without Calibration ; --                        ; no                         ; no                          ; Fitter               ; -                    ; -                   ;
; data_out[24]   ; V11   ; 3        ; 47           ; 0            ; 0            ; no              ; no                     ; no            ; 2         ; no              ; no         ; no            ; no       ; Off          ; 2.5 V        ; Default          ; Series 50 Ohm without Calibration ; --                        ; no                         ; no                          ; Fitter               ; -                    ; -                   ;
; data_out[25]   ; R4    ; 2        ; 0            ; 24           ; 21           ; no              ; no                     ; no            ; 2         ; no              ; no         ; no            ; no       ; Off          ; 2.5 V        ; Default          ; Series 50 Ohm without Calibration ; --                        ; no                         ; no                          ; Fitter               ; -                    ; -                   ;
; data_out[26]   ; W2    ; 2        ; 0            ; 23           ; 21           ; no              ; no                     ; no            ; 2         ; no              ; no         ; no            ; no       ; Off          ; 2.5 V        ; Default          ; Series 50 Ohm without Calibration ; --                        ; no                         ; no                          ; Fitter               ; -                    ; -                   ;
; data_out[27]   ; AA14  ; 4        ; 65           ; 0            ; 7            ; no              ; no                     ; no            ; 2         ; no              ; no         ; no            ; no       ; Off          ; 2.5 V        ; Default          ; Series 50 Ohm without Calibration ; --                        ; no                         ; no                          ; Fitter               ; -                    ; -                   ;
; data_out[28]   ; AB14  ; 4        ; 65           ; 0            ; 0            ; no              ; no                     ; no            ; 2         ; no              ; no         ; no            ; no       ; Off          ; 2.5 V        ; Default          ; Series 50 Ohm without Calibration ; --                        ; no                         ; no                          ; Fitter               ; -                    ; -                   ;
; data_out[29]   ; AA13  ; 4        ; 60           ; 0            ; 7            ; no              ; no                     ; no            ; 2         ; no              ; no         ; no            ; no       ; Off          ; 2.5 V        ; Default          ; Series 50 Ohm without Calibration ; --                        ; no                         ; no                          ; Fitter               ; -                    ; -                   ;
; data_out[2]    ; AB13  ; 4        ; 60           ; 0            ; 0            ; no              ; no                     ; no            ; 2         ; no              ; no         ; no            ; no       ; Off          ; 2.5 V        ; Default          ; Series 50 Ohm without Calibration ; --                        ; no                         ; no                          ; Fitter               ; -                    ; -                   ;
; data_out[30]   ; C10   ; 8        ; 47           ; 73           ; 14           ; no              ; no                     ; no            ; 2         ; no              ; no         ; no            ; no       ; Off          ; 2.5 V        ; Default          ; Series 50 Ohm without Calibration ; --                        ; no                         ; no                          ; Fitter               ; -                    ; -                   ;
; data_out[31]   ; P21   ; 5        ; 115          ; 24           ; 0            ; no              ; no                     ; no            ; 2         ; no              ; no         ; no            ; no       ; Off          ; 2.5 V        ; Default          ; Series 50 Ohm without Calibration ; --                        ; no                         ; no                          ; Fitter               ; -                    ; -                   ;
; data_out[3]    ; U2    ; 2        ; 0            ; 26           ; 14           ; no              ; no                     ; no            ; 2         ; no              ; no         ; no            ; no       ; Off          ; 2.5 V        ; Default          ; Series 50 Ohm without Calibration ; --                        ; no                         ; no                          ; Fitter               ; -                    ; -                   ;
; data_out[4]    ; U11   ; 3        ; 47           ; 0            ; 7            ; no              ; no                     ; no            ; 2         ; no              ; no         ; no            ; no       ; Off          ; 2.5 V        ; Default          ; Series 50 Ohm without Calibration ; --                        ; no                         ; no                          ; Fitter               ; -                    ; -                   ;
; data_out[5]    ; AA10  ; 3        ; 49           ; 0            ; 7            ; no              ; no                     ; no            ; 2         ; no              ; no         ; no            ; no       ; Off          ; 2.5 V        ; Default          ; Series 50 Ohm without Calibration ; --                        ; no                         ; no                          ; Fitter               ; -                    ; -                   ;
; data_out[6]    ; Y13   ; 4        ; 67           ; 0            ; 0            ; no              ; no                     ; no            ; 2         ; no              ; no         ; no            ; no       ; Off          ; 2.5 V        ; Default          ; Series 50 Ohm without Calibration ; --                        ; no                         ; no                          ; Fitter               ; -                    ; -                   ;
; data_out[7]    ; W13   ; 4        ; 67           ; 0            ; 7            ; no              ; no                     ; no            ; 2         ; no              ; no         ; no            ; no       ; Off          ; 2.5 V        ; Default          ; Series 50 Ohm without Calibration ; --                        ; no                         ; no                          ; Fitter               ; -                    ; -                   ;
; data_out[8]    ; AA9   ; 3        ; 35           ; 0            ; 21           ; no              ; no                     ; no            ; 2         ; no              ; no         ; no            ; no       ; Off          ; 2.5 V        ; Default          ; Series 50 Ohm without Calibration ; --                        ; no                         ; no                          ; Fitter               ; -                    ; -                   ;
; data_out[9]    ; AB7   ; 3        ; 23           ; 0            ; 14           ; no              ; no                     ; no            ; 2         ; no              ; no         ; no            ; no       ; Off          ; 2.5 V        ; Default          ; Series 50 Ohm without Calibration ; --                        ; no                         ; no                          ; Fitter               ; -                    ; -                   ;
; data_valid     ; AA1   ; 2        ; 0            ; 19           ; 7            ; no              ; no                     ; no            ; 2         ; no              ; no         ; no            ; no       ; Off          ; 2.5 V        ; Default          ; Series 50 Ohm without Calibration ; --                        ; no                         ; no                          ; Fitter               ; -                    ; -                   ;
; done_out       ; Y2    ; 2        ; 0            ; 22           ; 21           ; no              ; no                     ; no            ; 2         ; no              ; no         ; no            ; no       ; Off          ; 2.5 V        ; Default          ; Series 50 Ohm without Calibration ; --                        ; no                         ; no                          ; Fitter               ; -                    ; -                   ;
; ram_addr[0]    ; N5    ; 2        ; 0            ; 28           ; 21           ; no              ; no                     ; no            ; 2         ; no              ; no         ; no            ; no       ; Off          ; 2.5 V        ; Default          ; Series 50 Ohm without Calibration ; --                        ; no                         ; no                          ; Fitter               ; -                    ; -                   ;
; ram_addr[1]    ; V1    ; 2        ; 0            ; 24           ; 0            ; no              ; no                     ; no            ; 2         ; no              ; no         ; no            ; no       ; Off          ; 2.5 V        ; Default          ; Series 50 Ohm without Calibration ; --                        ; no                         ; no                          ; Fitter               ; -                    ; -                   ;
; ram_addr[2]    ; AA6   ; 3        ; 11           ; 0            ; 14           ; no              ; no                     ; no            ; 2         ; no              ; no         ; no            ; no       ; Off          ; 2.5 V        ; Default          ; Series 50 Ohm without Calibration ; --                        ; no                         ; no                          ; Fitter               ; -                    ; -                   ;
; ram_addr[3]    ; W1    ; 2        ; 0            ; 22           ; 14           ; no              ; no                     ; no            ; 2         ; no              ; no         ; no            ; no       ; Off          ; 2.5 V        ; Default          ; Series 50 Ohm without Calibration ; --                        ; no                         ; no                          ; Fitter               ; -                    ; -                   ;
+----------------+-------+----------+--------------+--------------+--------------+-----------------+------------------------+---------------+-----------+-----------------+------------+---------------+----------+--------------+--------------+------------------+-----------------------------------+---------------------------+----------------------------+-----------------------------+----------------------+----------------------+---------------------+


+-------------------------------------------------------------------------------------------------------------------------+
; Dual Purpose and Dedicated Pins                                                                                         ;
+----------+-----------------------------+--------------------------+-------------------------+---------------------------+
; Location ; Pin Name                    ; Reserved As              ; User Signal Name        ; Pin Type                  ;
+----------+-----------------------------+--------------------------+-------------------------+---------------------------+
; D1       ; DIFFIO_L5n, DATA1, ASDO     ; As input tri-stated      ; ~ALTERA_ASDO_DATA1~     ; Dual Purpose Pin          ;
; E2       ; DIFFIO_L8p, FLASH_nCE, nCSO ; As input tri-stated      ; ~ALTERA_FLASH_nCE_nCSO~ ; Dual Purpose Pin          ;
; K6       ; nSTATUS                     ; -                        ; -                       ; Dedicated Programming Pin ;
; K2       ; DCLK                        ; As output driving ground ; ~ALTERA_DCLK~           ; Dual Purpose Pin          ;
; K1       ; DATA0                       ; As input tri-stated      ; ~ALTERA_DATA0~          ; Dual Purpose Pin          ;
; K5       ; nCONFIG                     ; -                        ; -                       ; Dedicated Programming Pin ;
; L3       ; nCE                         ; -                        ; -                       ; Dedicated Programming Pin ;
; M18      ; CONF_DONE                   ; -                        ; -                       ; Dedicated Programming Pin ;
; M17      ; MSEL0                       ; -                        ; -                       ; Dedicated Programming Pin ;
; L18      ; MSEL1                       ; -                        ; -                       ; Dedicated Programming Pin ;
; L17      ; MSEL2                       ; -                        ; -                       ; Dedicated Programming Pin ;
; K20      ; MSEL3                       ; -                        ; -                       ; Dedicated Programming Pin ;
; K22      ; DIFFIO_R23n, nCEO           ; Use as programming pin   ; ~ALTERA_nCEO~           ; Dual Purpose Pin          ;
; B8       ; DIFFIO_T25p, DATA3          ; Use as regular IO        ; data_out[11]            ; Dual Purpose Pin          ;
+----------+-----------------------------+--------------------------+-------------------------+---------------------------+


+------------------------------------------------------------+
; I/O Bank Usage                                             ;
+----------+------------------+---------------+--------------+
; I/O Bank ; Usage            ; VCCIO Voltage ; VREF Voltage ;
+----------+------------------+---------------+--------------+
; 1        ; 5 / 29 ( 17 % )  ; 2.5V          ; --           ;
; 2        ; 16 / 37 ( 43 % ) ; 2.5V          ; --           ;
; 3        ; 18 / 36 ( 50 % ) ; 2.5V          ; --           ;
; 4        ; 7 / 36 ( 19 % )  ; 2.5V          ; --           ;
; 5        ; 1 / 35 ( 3 % )   ; 2.5V          ; --           ;
; 6        ; 1 / 33 ( 3 % )   ; 2.5V          ; --           ;
; 7        ; 0 / 38 ( 0 % )   ; 2.5V          ; --           ;
; 8        ; 2 / 37 ( 5 % )   ; 2.5V          ; --           ;
+----------+------------------+---------------+--------------+


+-----------------------------------------------------------------------------------------------------------------------------------------------------------------------------------------+
; All Package Pins                                                                                                                                                                        ;
+----------+------------+----------+-----------------------------------------------------------+--------+--------------+---------+------------+-----------------+----------+--------------+
; Location ; Pad Number ; I/O Bank ; Pin Name/Usage                                            ; Dir.   ; I/O Standard ; Voltage ; I/O Type   ; User Assignment ; Bus Hold ; Weak Pull Up ;
+----------+------------+----------+-----------------------------------------------------------+--------+--------------+---------+------------+-----------------+----------+--------------+
; A1       ;            ;          ; GND                                                       ; gnd    ;              ;         ; --         ;                 ; --       ; --           ;
; A2       ;            ; 8        ; VCCIO8                                                    ; power  ;              ; 2.5V    ; --         ;                 ; --       ; --           ;
; A3       ; 521        ; 8        ; RESERVED_INPUT_WITH_WEAK_PULLUP                           ;        ;              ;         ; Column I/O ;                 ; no       ; On           ;
; A4       ; 510        ; 8        ; RESERVED_INPUT_WITH_WEAK_PULLUP                           ;        ;              ;         ; Column I/O ;                 ; no       ; On           ;
; A5       ; 502        ; 8        ; RESERVED_INPUT_WITH_WEAK_PULLUP                           ;        ;              ;         ; Column I/O ;                 ; no       ; On           ;
; A6       ; 493        ; 8        ; RESERVED_INPUT_WITH_WEAK_PULLUP                           ;        ;              ;         ; Column I/O ;                 ; no       ; On           ;
; A7       ; 491        ; 8        ; RESERVED_INPUT_WITH_WEAK_PULLUP                           ;        ;              ;         ; Column I/O ;                 ; no       ; On           ;
; A8       ; 487        ; 8        ; RESERVED_INPUT_WITH_WEAK_PULLUP                           ;        ;              ;         ; Column I/O ;                 ; no       ; On           ;
; A9       ; 478        ; 8        ; RESERVED_INPUT_WITH_WEAK_PULLUP                           ;        ;              ;         ; Column I/O ;                 ; no       ; On           ;
; A10      ; 476        ; 8        ; RESERVED_INPUT_WITH_WEAK_PULLUP                           ;        ;              ;         ; Column I/O ;                 ; no       ; On           ;
; A11      ; 472        ; 8        ; GND+                                                      ;        ;              ;         ; Column I/O ;                 ; --       ; --           ;
; A12      ; 470        ; 7        ; GND+                                                      ;        ;              ;         ; Column I/O ;                 ; --       ; --           ;
; A13      ; 462        ; 7        ; RESERVED_INPUT_WITH_WEAK_PULLUP                           ;        ;              ;         ; Column I/O ;                 ; no       ; On           ;
; A14      ; 460        ; 7        ; RESERVED_INPUT_WITH_WEAK_PULLUP                           ;        ;              ;         ; Column I/O ;                 ; no       ; On           ;
; A15      ; 440        ; 7        ; RESERVED_INPUT_WITH_WEAK_PULLUP                           ;        ;              ;         ; Column I/O ;                 ; no       ; On           ;
; A16      ; 431        ; 7        ; RESERVED_INPUT_WITH_WEAK_PULLUP                           ;        ;              ;         ; Column I/O ;                 ; no       ; On           ;
; A17      ; 429        ; 7        ; RESERVED_INPUT_WITH_WEAK_PULLUP                           ;        ;              ;         ; Column I/O ;                 ; no       ; On           ;
; A18      ; 423        ; 7        ; RESERVED_INPUT_WITH_WEAK_PULLUP                           ;        ;              ;         ; Column I/O ;                 ; no       ; On           ;
; A19      ; 421        ; 7        ; RESERVED_INPUT_WITH_WEAK_PULLUP                           ;        ;              ;         ; Column I/O ;                 ; no       ; On           ;
; A20      ; 415        ; 7        ; RESERVED_INPUT_WITH_WEAK_PULLUP                           ;        ;              ;         ; Column I/O ;                 ; no       ; On           ;
; A21      ;            ; 7        ; VCCIO7                                                    ; power  ;              ; 2.5V    ; --         ;                 ; --       ; --           ;
; A22      ;            ;          ; GND                                                       ; gnd    ;              ;         ; --         ;                 ; --       ; --           ;
; AA1      ; 102        ; 2        ; data_valid                                                ; output ; 2.5 V        ;         ; Row I/O    ; N               ; no       ; Off          ;
; AA2      ;            ;          ; GND                                                       ; gnd    ;              ;         ; --         ;                 ; --       ; --           ;
; AA3      ; 135        ; 3        ; RESERVED_INPUT_WITH_WEAK_PULLUP                           ;        ;              ;         ; Column I/O ;                 ; no       ; On           ;
; AA4      ; 139        ; 3        ; RESERVED_INPUT_WITH_WEAK_PULLUP                           ;        ;              ;         ; Column I/O ;                 ; no       ; On           ;
; AA5      ; 141        ; 3        ; RESERVED_INPUT_WITH_WEAK_PULLUP                           ;        ;              ;         ; Column I/O ;                 ; no       ; On           ;
; AA6      ; 146        ; 3        ; ram_addr[2]                                               ; output ; 2.5 V        ;         ; Column I/O ; N               ; no       ; Off          ;
; AA7      ; 161        ; 3        ; data_out[1]                                               ; output ; 2.5 V        ;         ; Column I/O ; N               ; no       ; Off          ;
; AA8      ; 169        ; 3        ; data_out[18]                                              ; output ; 2.5 V        ;         ; Column I/O ; N               ; no       ; Off          ;
; AA9      ; 171        ; 3        ; data_out[8]                                               ; output ; 2.5 V        ;         ; Column I/O ; N               ; no       ; Off          ;
; AA10     ; 185        ; 3        ; data_out[5]                                               ; output ; 2.5 V        ;         ; Column I/O ; N               ; no       ; Off          ;
; AA11     ; 199        ; 3        ; GND+                                                      ;        ;              ;         ; Column I/O ;                 ; --       ; --           ;
; AA12     ; 201        ; 4        ; GND+                                                      ;        ;              ;         ; Column I/O ;                 ; --       ; --           ;
; AA13     ; 205        ; 4        ; data_out[29]                                              ; output ; 2.5 V        ;         ; Column I/O ; N               ; no       ; Off          ;
; AA14     ; 211        ; 4        ; data_out[27]                                              ; output ; 2.5 V        ;         ; Column I/O ; N               ; no       ; Off          ;
; AA15     ; 217        ; 4        ; RESERVED_INPUT_WITH_WEAK_PULLUP                           ;        ;              ;         ; Column I/O ;                 ; no       ; On           ;
; AA16     ; 223        ; 4        ; RESERVED_INPUT_WITH_WEAK_PULLUP                           ;        ;              ;         ; Column I/O ;                 ; no       ; On           ;
; AA17     ; 238        ; 4        ; RESERVED_INPUT_WITH_WEAK_PULLUP                           ;        ;              ;         ; Column I/O ;                 ; no       ; On           ;
; AA18     ; 240        ; 4        ; RESERVED_INPUT_WITH_WEAK_PULLUP                           ;        ;              ;         ; Column I/O ;                 ; --       ; --           ;
; AA19     ; 241        ; 4        ; RESERVED_INPUT_WITH_WEAK_PULLUP                           ;        ;              ;         ; Column I/O ;                 ; no       ; On           ;
; AA20     ; 245        ; 4        ; RESERVED_INPUT_WITH_WEAK_PULLUP                           ;        ;              ;         ; Column I/O ;                 ; no       ; On           ;
; AA21     ; 273        ; 5        ; RESERVED_INPUT_WITH_WEAK_PULLUP                           ;        ;              ;         ; Row I/O    ;                 ; no       ; On           ;
; AA22     ;            ;          ; GND                                                       ; gnd    ;              ;         ; --         ;                 ; --       ; --           ;
; AB1      ;            ;          ; GND                                                       ; gnd    ;              ;         ; --         ;                 ; --       ; --           ;
; AB2      ;            ; 3        ; VCCIO3                                                    ; power  ;              ; 2.5V    ; --         ;                 ; --       ; --           ;
; AB3      ; 136        ; 3        ; RESERVED_INPUT_WITH_WEAK_PULLUP                           ;        ;              ;         ; Column I/O ;                 ; no       ; On           ;
; AB4      ; 140        ; 3        ; RESERVED_INPUT_WITH_WEAK_PULLUP                           ;        ;              ;         ; Column I/O ;                 ; --       ; --           ;
; AB5      ; 148        ; 3        ; RESERVED_INPUT_WITH_WEAK_PULLUP                           ;        ;              ;         ; Column I/O ;                 ; no       ; On           ;
; AB6      ; 147        ; 3        ; RESERVED_INPUT_WITH_WEAK_PULLUP                           ;        ;              ;         ; Column I/O ;                 ; no       ; On           ;
; AB7      ; 162        ; 3        ; data_out[9]                                               ; output ; 2.5 V        ;         ; Column I/O ; N               ; no       ; Off          ;
; AB8      ; 170        ; 3        ; data_out[0]                                               ; output ; 2.5 V        ;         ; Column I/O ; N               ; no       ; Off          ;
; AB9      ; 172        ; 3        ; data_out[20]                                              ; output ; 2.5 V        ;         ; Column I/O ; N               ; no       ; Off          ;
; AB10     ; 186        ; 3        ; data_out[12]                                              ; output ; 2.5 V        ;         ; Column I/O ; N               ; no       ; Off          ;
; AB11     ; 200        ; 3        ; GND+                                                      ;        ;              ;         ; Column I/O ;                 ; --       ; --           ;
; AB12     ; 202        ; 4        ; GND+                                                      ;        ;              ;         ; Column I/O ;                 ; --       ; --           ;
; AB13     ; 206        ; 4        ; data_out[2]                                               ; output ; 2.5 V        ;         ; Column I/O ; N               ; no       ; Off          ;
; AB14     ; 212        ; 4        ; data_out[28]                                              ; output ; 2.5 V        ;         ; Column I/O ; N               ; no       ; Off          ;
; AB15     ; 218        ; 4        ; RESERVED_INPUT_WITH_WEAK_PULLUP                           ;        ;              ;         ; Column I/O ;                 ; no       ; On           ;
; AB16     ; 224        ; 4        ; RESERVED_INPUT_WITH_WEAK_PULLUP                           ;        ;              ;         ; Column I/O ;                 ; no       ; On           ;
; AB17     ; 239        ; 4        ; RESERVED_INPUT_WITH_WEAK_PULLUP                           ;        ;              ;         ; Column I/O ;                 ; no       ; On           ;
; AB18     ; 237        ; 4        ; RESERVED_INPUT_WITH_WEAK_PULLUP                           ;        ;              ;         ; Column I/O ;                 ; no       ; On           ;
; AB19     ; 242        ; 4        ; RESERVED_INPUT_WITH_WEAK_PULLUP                           ;        ;              ;         ; Column I/O ;                 ; no       ; On           ;
; AB20     ; 246        ; 4        ; RESERVED_INPUT_WITH_WEAK_PULLUP                           ;        ;              ;         ; Column I/O ;                 ; no       ; On           ;
; AB21     ;            ; 4        ; VCCIO4                                                    ; power  ;              ; 2.5V    ; --         ;                 ; --       ; --           ;
; AB22     ;            ;          ; GND                                                       ; gnd    ;              ;         ; --         ;                 ; --       ; --           ;
; B1       ; 3          ; 1        ; RESERVED_INPUT_WITH_WEAK_PULLUP                           ;        ;              ;         ; Row I/O    ;                 ; no       ; On           ;
; B2       ; 2          ; 1        ; RESERVED_INPUT_WITH_WEAK_PULLUP                           ;        ;              ;         ; Row I/O    ;                 ; no       ; On           ;
; B3       ; 522        ; 8        ; RESERVED_INPUT_WITH_WEAK_PULLUP                           ;        ;              ;         ; Column I/O ;                 ; no       ; On           ;
; B4       ; 511        ; 8        ; RESERVED_INPUT_WITH_WEAK_PULLUP                           ;        ;              ;         ; Column I/O ;                 ; no       ; On           ;
; B5       ; 503        ; 8        ; RESERVED_INPUT_WITH_WEAK_PULLUP                           ;        ;              ;         ; Column I/O ;                 ; --       ; --           ;
; B6       ; 494        ; 8        ; RESERVED_INPUT_WITH_WEAK_PULLUP                           ;        ;              ;         ; Column I/O ;                 ; no       ; On           ;
; B7       ; 492        ; 8        ; RESERVED_INPUT_WITH_WEAK_PULLUP                           ;        ;              ;         ; Column I/O ;                 ; no       ; On           ;
; B8       ; 488        ; 8        ; data_out[11]                                              ; output ; 2.5 V        ;         ; Column I/O ; N               ; no       ; Off          ;
; B9       ; 479        ; 8        ; RESERVED_INPUT_WITH_WEAK_PULLUP                           ;        ;              ;         ; Column I/O ;                 ; no       ; On           ;
; B10      ; 477        ; 8        ; RESERVED_INPUT_WITH_WEAK_PULLUP                           ;        ;              ;         ; Column I/O ;                 ; no       ; On           ;
; B11      ; 473        ; 8        ; GND+                                                      ;        ;              ;         ; Column I/O ;                 ; --       ; --           ;
; B12      ; 471        ; 7        ; GND+                                                      ;        ;              ;         ; Column I/O ;                 ; --       ; --           ;
; B13      ; 463        ; 7        ; RESERVED_INPUT_WITH_WEAK_PULLUP                           ;        ;              ;         ; Column I/O ;                 ; no       ; On           ;
; B14      ; 461        ; 7        ; RESERVED_INPUT_WITH_WEAK_PULLUP                           ;        ;              ;         ; Column I/O ;                 ; no       ; On           ;
; B15      ; 441        ; 7        ; RESERVED_INPUT_WITH_WEAK_PULLUP                           ;        ;              ;         ; Column I/O ;                 ; no       ; On           ;
; B16      ; 432        ; 7        ; RESERVED_INPUT_WITH_WEAK_PULLUP                           ;        ;              ;         ; Column I/O ;                 ; no       ; On           ;
; B17      ; 430        ; 7        ; RESERVED_INPUT_WITH_WEAK_PULLUP                           ;        ;              ;         ; Column I/O ;                 ; no       ; On           ;
; B18      ; 424        ; 7        ; RESERVED_INPUT_WITH_WEAK_PULLUP                           ;        ;              ;         ; Column I/O ;                 ; no       ; On           ;
; B19      ; 420        ; 7        ; RESERVED_INPUT_WITH_WEAK_PULLUP                           ;        ;              ;         ; Column I/O ;                 ; no       ; On           ;
; B20      ; 414        ; 7        ; RESERVED_INPUT_WITH_WEAK_PULLUP                           ;        ;              ;         ; Column I/O ;                 ; no       ; On           ;
; B21      ; 381        ; 6        ; RESERVED_INPUT_WITH_WEAK_PULLUP                           ;        ;              ;         ; Row I/O    ;                 ; no       ; On           ;
; B22      ; 380        ; 6        ; RESERVED_INPUT_WITH_WEAK_PULLUP                           ;        ;              ;         ; Row I/O    ;                 ; no       ; On           ;
; C1       ; 8          ; 1        ; RESERVED_INPUT_WITH_WEAK_PULLUP                           ;        ;              ;         ; Row I/O    ;                 ; no       ; On           ;
; C2       ; 7          ; 1        ; RESERVED_INPUT_WITH_WEAK_PULLUP                           ;        ;              ;         ; Row I/O    ;                 ; no       ; On           ;
; C3       ; 532        ; 8        ; RESERVED_INPUT_WITH_WEAK_PULLUP                           ;        ;              ;         ; Column I/O ;                 ; no       ; On           ;
; C4       ; 533        ; 8        ; RESERVED_INPUT_WITH_WEAK_PULLUP                           ;        ;              ;         ; Column I/O ;                 ; no       ; On           ;
; C5       ;            ;          ; GND                                                       ; gnd    ;              ;         ; --         ;                 ; --       ; --           ;
; C6       ; 508        ; 8        ; RESERVED_INPUT_WITH_WEAK_PULLUP                           ;        ;              ;         ; Column I/O ;                 ; no       ; On           ;
; C7       ; 498        ; 8        ; RESERVED_INPUT_WITH_WEAK_PULLUP                           ;        ;              ;         ; Column I/O ;                 ; no       ; On           ;
; C8       ; 497        ; 8        ; RESERVED_INPUT_WITH_WEAK_PULLUP                           ;        ;              ;         ; Column I/O ;                 ; no       ; On           ;
; C9       ;            ;          ; GND                                                       ; gnd    ;              ;         ; --         ;                 ; --       ; --           ;
; C10      ; 484        ; 8        ; data_out[30]                                              ; output ; 2.5 V        ;         ; Column I/O ; N               ; no       ; Off          ;
; C11      ;            ;          ; GND                                                       ; gnd    ;              ;         ; --         ;                 ; --       ; --           ;
; C12      ;            ;          ; GND                                                       ; gnd    ;              ;         ; --         ;                 ; --       ; --           ;
; C13      ; 442        ; 7        ; RESERVED_INPUT_WITH_WEAK_PULLUP                           ;        ;              ;         ; Column I/O ;                 ; no       ; On           ;
; C14      ;            ;          ; GND                                                       ; gnd    ;              ;         ; --         ;                 ; --       ; --           ;
; C15      ; 437        ; 7        ; RESERVED_INPUT_WITH_WEAK_PULLUP                           ;        ;              ;         ; Column I/O ;                 ; --       ; --           ;
; C16      ;            ;          ; GND                                                       ; gnd    ;              ;         ; --         ;                 ; --       ; --           ;
; C17      ; 419        ; 7        ; RESERVED_INPUT_WITH_WEAK_PULLUP                           ;        ;              ;         ; Column I/O ;                 ; no       ; On           ;
; C18      ; 407        ; 7        ; RESERVED_INPUT_WITH_WEAK_PULLUP                           ;        ;              ;         ; Column I/O ;                 ; no       ; On           ;
; C19      ; 412        ; 7        ; RESERVED_INPUT_WITH_WEAK_PULLUP                           ;        ;              ;         ; Column I/O ;                 ; no       ; On           ;
; C20      ; 382        ; 6        ; RESERVED_INPUT_WITH_WEAK_PULLUP                           ;        ;              ;         ; Row I/O    ;                 ; no       ; On           ;
; C21      ; 379        ; 6        ; RESERVED_INPUT_WITH_WEAK_PULLUP                           ;        ;              ;         ; Row I/O    ;                 ; no       ; On           ;
; C22      ; 378        ; 6        ; RESERVED_INPUT_WITH_WEAK_PULLUP                           ;        ;              ;         ; Row I/O    ;                 ; no       ; On           ;
; D1       ; 10         ; 1        ; ~ALTERA_ASDO_DATA1~ / RESERVED_INPUT_WITH_WEAK_PULLUP     ; input  ; 2.5 V        ;         ; Row I/O    ; N               ; no       ; On           ;
; D2       ; 9          ; 1        ; RESERVED_INPUT_WITH_WEAK_PULLUP                           ;        ;              ;         ; Row I/O    ;                 ; no       ; On           ;
; D3       ;            ;          ; GND                                                       ; gnd    ;              ;         ; --         ;                 ; --       ; --           ;
; D4       ;            ; 1        ; VCCIO1                                                    ; power  ;              ; 2.5V    ; --         ;                 ; --       ; --           ;
; D5       ;            ; 8        ; VCCIO8                                                    ; power  ;              ; 2.5V    ; --         ;                 ; --       ; --           ;
; D6       ; 525        ; 8        ; RESERVED_INPUT_WITH_WEAK_PULLUP                           ;        ;              ;         ; Column I/O ;                 ; --       ; --           ;
; D7       ; 509        ; 8        ; RESERVED_INPUT_WITH_WEAK_PULLUP                           ;        ;              ;         ; Column I/O ;                 ; no       ; On           ;
; D8       ; 499        ; 8        ; RESERVED_INPUT_WITH_WEAK_PULLUP                           ;        ;              ;         ; Column I/O ;                 ; no       ; On           ;
; D9       ;            ; 8        ; VCCIO8                                                    ; power  ;              ; 2.5V    ; --         ;                 ; --       ; --           ;
; D10      ; 474        ; 8        ; RESERVED_INPUT_WITH_WEAK_PULLUP                           ;        ;              ;         ; Column I/O ;                 ; no       ; On           ;
; D11      ;            ; 8        ; VCCIO8                                                    ; power  ;              ; 2.5V    ; --         ;                 ; --       ; --           ;
; D12      ;            ; 7        ; VCCIO7                                                    ; power  ;              ; 2.5V    ; --         ;                 ; --       ; --           ;
; D13      ; 443        ; 7        ; RESERVED_INPUT_WITH_WEAK_PULLUP                           ;        ;              ;         ; Column I/O ;                 ; no       ; On           ;
; D14      ;            ; 7        ; VCCIO7                                                    ; power  ;              ; 2.5V    ; --         ;                 ; --       ; --           ;
; D15      ; 425        ; 7        ; RESERVED_INPUT_WITH_WEAK_PULLUP                           ;        ;              ;         ; Column I/O ;                 ; no       ; On           ;
; D16      ;            ; 7        ; VCCIO7                                                    ; power  ;              ; 2.5V    ; --         ;                 ; --       ; --           ;
; D17      ; 409        ; 7        ; RESERVED_INPUT_WITH_WEAK_PULLUP                           ;        ;              ;         ; Column I/O ;                 ; --       ; --           ;
; D18      ; 408        ; 7        ; RESERVED_INPUT_WITH_WEAK_PULLUP                           ;        ;              ;         ; Column I/O ;                 ; no       ; On           ;
; D19      ; 413        ; 7        ; RESERVED_INPUT_WITH_WEAK_PULLUP                           ;        ;              ;         ; Column I/O ;                 ; no       ; On           ;
; D20      ; 394        ; 6        ; RESERVED_INPUT_WITH_WEAK_PULLUP                           ;        ;              ;         ; Row I/O    ;                 ; --       ; --           ;
; D21      ; 371        ; 6        ; RESERVED_INPUT_WITH_WEAK_PULLUP                           ;        ;              ;         ; Row I/O    ;                 ; no       ; On           ;
; D22      ; 370        ; 6        ; RESERVED_INPUT_WITH_WEAK_PULLUP                           ;        ;              ;         ; Row I/O    ;                 ; no       ; On           ;
; E1       ; 17         ; 1        ; RESERVED_INPUT_WITH_WEAK_PULLUP                           ;        ;              ;         ; Row I/O    ;                 ; no       ; On           ;
; E2       ; 16         ; 1        ; ~ALTERA_FLASH_nCE_nCSO~ / RESERVED_INPUT_WITH_WEAK_PULLUP ; input  ; 2.5 V        ;         ; Row I/O    ; N               ; no       ; On           ;
; E3       ; 6          ; 1        ; RESERVED_INPUT_WITH_WEAK_PULLUP                           ;        ;              ;         ; Row I/O    ;                 ; no       ; On           ;
; E4       ; 5          ; 1        ; RESERVED_INPUT_WITH_WEAK_PULLUP                           ;        ;              ;         ; Row I/O    ;                 ; no       ; On           ;
; E5       ; 537        ; 8        ; RESERVED_INPUT_WITH_WEAK_PULLUP                           ;        ;              ;         ; Column I/O ;                 ; no       ; On           ;
; E6       ; 538        ; 8        ; RESERVED_INPUT_WITH_WEAK_PULLUP                           ;        ;              ;         ; Column I/O ;                 ; no       ; On           ;
; E7       ; 526        ; 8        ; RESERVED_INPUT_WITH_WEAK_PULLUP                           ;        ;              ;         ; Column I/O ;                 ; no       ; On           ;
; E8       ; 500        ; 8        ; RESERVED_INPUT_WITH_WEAK_PULLUP                           ;        ;              ;         ; Column I/O ;                 ; no       ; On           ;
; E9       ; 495        ; 8        ; RESERVED_INPUT_WITH_WEAK_PULLUP                           ;        ;              ;         ; Column I/O ;                 ; no       ; On           ;
; E10      ;            ;          ; GND                                                       ; gnd    ;              ;         ; --         ;                 ; --       ; --           ;
; E11      ; 468        ; 7        ; RESERVED_INPUT_WITH_WEAK_PULLUP                           ;        ;              ;         ; Column I/O ;                 ; no       ; On           ;
; E12      ; 467        ; 7        ; RESERVED_INPUT_WITH_WEAK_PULLUP                           ;        ;              ;         ; Column I/O ;                 ; no       ; On           ;
; E13      ; 457        ; 7        ; RESERVED_INPUT_WITH_WEAK_PULLUP                           ;        ;              ;         ; Column I/O ;                 ; --       ; --           ;
; E14      ; 438        ; 7        ; RESERVED_INPUT_WITH_WEAK_PULLUP                           ;        ;              ;         ; Column I/O ;                 ; no       ; On           ;
; E15      ; 426        ; 7        ; RESERVED_INPUT_WITH_WEAK_PULLUP                           ;        ;              ;         ; Column I/O ;                 ; no       ; On           ;
; E16      ; 402        ; 7        ; RESERVED_INPUT_WITH_WEAK_PULLUP                           ;        ;              ;         ; Column I/O ;                 ; no       ; On           ;
; E17      ;            ;          ; VCCD_PLL2                                                 ; power  ;              ; 1.2V    ; --         ;                 ; --       ; --           ;
; E18      ;            ;          ; GNDA2                                                     ; gnd    ;              ;         ; --         ;                 ; --       ; --           ;
; E19      ;            ; 6        ; VCCIO6                                                    ; power  ;              ; 2.5V    ; --         ;                 ; --       ; --           ;
; E20      ;            ;          ; GND                                                       ; gnd    ;              ;         ; --         ;                 ; --       ; --           ;
; E21      ; 367        ; 6        ; RESERVED_INPUT_WITH_WEAK_PULLUP                           ;        ;              ;         ; Row I/O    ;                 ; no       ; On           ;
; E22      ; 366        ; 6        ; RESERVED_INPUT_WITH_WEAK_PULLUP                           ;        ;              ;         ; Row I/O    ;                 ; no       ; On           ;
; F1       ; 19         ; 1        ; RESERVED_INPUT_WITH_WEAK_PULLUP                           ;        ;              ;         ; Row I/O    ;                 ; no       ; On           ;
; F2       ; 18         ; 1        ; RESERVED_INPUT_WITH_WEAK_PULLUP                           ;        ;              ;         ; Row I/O    ;                 ; no       ; On           ;
; F3       ;            ;          ; GND                                                       ; gnd    ;              ;         ; --         ;                 ; --       ; --           ;
; F4       ;            ; 1        ; VCCIO1                                                    ; power  ;              ; 2.5V    ; --         ;                 ; --       ; --           ;
; F5       ;            ;          ; GNDA3                                                     ; gnd    ;              ;         ; --         ;                 ; --       ; --           ;
; F6       ;            ;          ; VCCD_PLL3                                                 ; power  ;              ; 1.2V    ; --         ;                 ; --       ; --           ;
; F7       ; 534        ; 8        ; RESERVED_INPUT_WITH_WEAK_PULLUP                           ;        ;              ;         ; Column I/O ;                 ; no       ; On           ;
; F8       ; 517        ; 8        ; RESERVED_INPUT_WITH_WEAK_PULLUP                           ;        ;              ;         ; Column I/O ;                 ; no       ; On           ;
; F9       ; 536        ; 8        ; RESERVED_INPUT_WITH_WEAK_PULLUP                           ;        ;              ;         ; Column I/O ;                 ; no       ; On           ;
; F10      ; 505        ; 8        ; RESERVED_INPUT_WITH_WEAK_PULLUP                           ;        ;              ;         ; Column I/O ;                 ; no       ; On           ;
; F11      ; 469        ; 7        ; RESERVED_INPUT_WITH_WEAK_PULLUP                           ;        ;              ;         ; Column I/O ;                 ; no       ; On           ;
; F12      ;            ;          ; GND                                                       ; gnd    ;              ;         ; --         ;                 ; --       ; --           ;
; F13      ; 439        ; 7        ; RESERVED_INPUT_WITH_WEAK_PULLUP                           ;        ;              ;         ; Column I/O ;                 ; no       ; On           ;
; F14      ; 405        ; 7        ; RESERVED_INPUT_WITH_WEAK_PULLUP                           ;        ;              ;         ; Column I/O ;                 ; no       ; On           ;
; F15      ; 403        ; 7        ; RESERVED_INPUT_WITH_WEAK_PULLUP                           ;        ;              ;         ; Column I/O ;                 ; no       ; On           ;
; F16      ;            ;          ; GND                                                       ; gnd    ;              ;         ; --         ;                 ; --       ; --           ;
; F17      ; 395        ; 6        ; RESERVED_INPUT_WITH_WEAK_PULLUP                           ;        ;              ;         ; Row I/O    ;                 ; no       ; On           ;
; F18      ;            ; --       ; VCCA2                                                     ; power  ;              ; 2.5V    ; --         ;                 ; --       ; --           ;
; F19      ; 373        ; 6        ; RESERVED_INPUT_WITH_WEAK_PULLUP                           ;        ;              ;         ; Row I/O    ;                 ; no       ; On           ;
; F20      ; 372        ; 6        ; RESERVED_INPUT_WITH_WEAK_PULLUP                           ;        ;              ;         ; Row I/O    ;                 ; no       ; On           ;
; F21      ; 360        ; 6        ; RESERVED_INPUT_WITH_WEAK_PULLUP                           ;        ;              ;         ; Row I/O    ;                 ; no       ; On           ;
; F22      ; 359        ; 6        ; RESERVED_INPUT_WITH_WEAK_PULLUP                           ;        ;              ;         ; Row I/O    ;                 ; no       ; On           ;
; G1       ; 64         ; 1        ; clk                                                       ; input  ; 2.5 V        ;         ; Row I/O    ; N               ; no       ; Off          ;
; G2       ;            ;          ; GND                                                       ; gnd    ;              ;         ; --         ;                 ; --       ; --           ;
; G3       ; 1          ; 1        ; RESERVED_INPUT_WITH_WEAK_PULLUP                           ;        ;              ;         ; Row I/O    ;                 ; no       ; On           ;
; G4       ;            ;          ; VCCINT                                                    ; power  ;              ; 1.2V    ; --         ;                 ; --       ; --           ;
; G5       ; 4          ; 1        ; RESERVED_INPUT_WITH_WEAK_PULLUP                           ;        ;              ;         ; Row I/O    ;                 ; --       ; --           ;
; G6       ;            ; --       ; VCCA3                                                     ; power  ;              ; 2.5V    ; --         ;                 ; --       ; --           ;
; G7       ;            ;          ; GND                                                       ; gnd    ;              ;         ; --         ;                 ; --       ; --           ;
; G8       ;            ;          ; VCCINT                                                    ; power  ;              ; 1.2V    ; --         ;                 ; --       ; --           ;
; G9       ;            ;          ; GND                                                       ; gnd    ;              ;         ; --         ;                 ; --       ; --           ;
; G10      ;            ;          ; VCCINT                                                    ; power  ;              ; 1.2V    ; --         ;                 ; --       ; --           ;
; G11      ;            ;          ; GND                                                       ; gnd    ;              ;         ; --         ;                 ; --       ; --           ;
; G12      ;            ;          ; VCCINT                                                    ; power  ;              ; 1.2V    ; --         ;                 ; --       ; --           ;
; G13      ;            ;          ; GND                                                       ; gnd    ;              ;         ; --         ;                 ; --       ; --           ;
; G14      ;            ;          ; VCCINT                                                    ; power  ;              ; 1.2V    ; --         ;                 ; --       ; --           ;
; G15      ;            ;          ; GND                                                       ; gnd    ;              ;         ; --         ;                 ; --       ; --           ;
; G16      ;            ;          ; VCCINT                                                    ; power  ;              ; 1.2V    ; --         ;                 ; --       ; --           ;
; G17      ;            ;          ; GND                                                       ; gnd    ;              ;         ; --         ;                 ; --       ; --           ;
; G18      ; 374        ; 6        ; RESERVED_INPUT_WITH_WEAK_PULLUP                           ;        ;              ;         ; Row I/O    ;                 ; no       ; On           ;
; G19      ;            ; 6        ; VCCIO6                                                    ; power  ;              ; 2.5V    ; --         ;                 ; --       ; --           ;
; G20      ;            ;          ; GND                                                       ; gnd    ;              ;         ; --         ;                 ; --       ; --           ;
; G21      ; 338        ; 6        ; GND+                                                      ;        ;              ;         ; Row I/O    ;                 ; --       ; --           ;
; G22      ; 337        ; 6        ; GND+                                                      ;        ;              ;         ; Row I/O    ;                 ; --       ; --           ;
; H1       ; 30         ; 1        ; RESERVED_INPUT_WITH_WEAK_PULLUP                           ;        ;              ;         ; Row I/O    ;                 ; no       ; On           ;
; H2       ; 29         ; 1        ; RESERVED_INPUT_WITH_WEAK_PULLUP                           ;        ;              ;         ; Row I/O    ;                 ; no       ; On           ;
; H3       ; 15         ; 1        ; RESERVED_INPUT_WITH_WEAK_PULLUP                           ;        ;              ;         ; Row I/O    ;                 ; no       ; On           ;
; H4       ; 20         ; 1        ; RESERVED_INPUT_WITH_WEAK_PULLUP                           ;        ;              ;         ; Row I/O    ;                 ; no       ; On           ;
; H5       ; 21         ; 1        ; RESERVED_INPUT_WITH_WEAK_PULLUP                           ;        ;              ;         ; Row I/O    ;                 ; --       ; --           ;
; H6       ; 12         ; 1        ; RESERVED_INPUT_WITH_WEAK_PULLUP                           ;        ;              ;         ; Row I/O    ;                 ; no       ; On           ;
; H7       ; 0          ; 1        ; RESERVED_INPUT_WITH_WEAK_PULLUP                           ;        ;              ;         ; Row I/O    ;                 ; no       ; On           ;
; H8       ;            ;          ; GND                                                       ; gnd    ;              ;         ; --         ;                 ; --       ; --           ;
; H9       ;            ;          ; VCCINT                                                    ; power  ;              ; 1.2V    ; --         ;                 ; --       ; --           ;
; H10      ;            ;          ; GND                                                       ; gnd    ;              ;         ; --         ;                 ; --       ; --           ;
; H11      ;            ;          ; VCCINT                                                    ; power  ;              ; 1.2V    ; --         ;                 ; --       ; --           ;
; H12      ;            ;          ; GND                                                       ; gnd    ;              ;         ; --         ;                 ; --       ; --           ;
; H13      ;            ;          ; GND                                                       ; gnd    ;              ;         ; --         ;                 ; --       ; --           ;
; H14      ;            ;          ; GND                                                       ; gnd    ;              ;         ; --         ;                 ; --       ; --           ;
; H15      ;            ;          ; VCCINT                                                    ; power  ;              ; 1.2V    ; --         ;                 ; --       ; --           ;
; H16      ;            ;          ; GND                                                       ; gnd    ;              ;         ; --         ;                 ; --       ; --           ;
; H17      ;            ;          ; VCCINT                                                    ; power  ;              ; 1.2V    ; --         ;                 ; --       ; --           ;
; H18      ; 368        ; 6        ; RESERVED_INPUT_WITH_WEAK_PULLUP                           ;        ;              ;         ; Row I/O    ;                 ; --       ; --           ;
; H19      ; 365        ; 6        ; RESERVED_INPUT_WITH_WEAK_PULLUP                           ;        ;              ;         ; Row I/O    ;                 ; no       ; On           ;
; H20      ; 364        ; 6        ; RESERVED_INPUT_WITH_WEAK_PULLUP                           ;        ;              ;         ; Row I/O    ;                 ; no       ; On           ;
; H21      ; 354        ; 6        ; RESERVED_INPUT_WITH_WEAK_PULLUP                           ;        ;              ;         ; Row I/O    ;                 ; no       ; On           ;
; H22      ; 353        ; 6        ; RESERVED_INPUT_WITH_WEAK_PULLUP                           ;        ;              ;         ; Row I/O    ;                 ; no       ; On           ;
; J1       ; 51         ; 1        ; RESERVED_INPUT_WITH_WEAK_PULLUP                           ;        ;              ;         ; Row I/O    ;                 ; no       ; On           ;
; J2       ; 50         ; 1        ; RESERVED_INPUT_WITH_WEAK_PULLUP                           ;        ;              ;         ; Row I/O    ;                 ; no       ; On           ;
; J3       ; 41         ; 1        ; RESERVED_INPUT_WITH_WEAK_PULLUP                           ;        ;              ;         ; Row I/O    ;                 ; --       ; --           ;
; J4       ; 27         ; 1        ; RESERVED_INPUT_WITH_WEAK_PULLUP                           ;        ;              ;         ; Row I/O    ;                 ; no       ; On           ;
; J5       ;            ;          ; GND                                                       ; gnd    ;              ;         ; --         ;                 ; --       ; --           ;
; J6       ; 13         ; 1        ; RESERVED_INPUT_WITH_WEAK_PULLUP                           ;        ;              ;         ; Row I/O    ;                 ; no       ; On           ;
; J7       ;            ;          ; VCCINT                                                    ; power  ;              ; 1.2V    ; --         ;                 ; --       ; --           ;
; J8       ;            ;          ; VCCINT                                                    ; power  ;              ; 1.2V    ; --         ;                 ; --       ; --           ;
; J9       ;            ;          ; GND                                                       ; gnd    ;              ;         ; --         ;                 ; --       ; --           ;
; J10      ;            ;          ; VCCINT                                                    ; power  ;              ; 1.2V    ; --         ;                 ; --       ; --           ;
; J11      ;            ;          ; VCCINT                                                    ; power  ;              ; 1.2V    ; --         ;                 ; --       ; --           ;
; J12      ;            ;          ; VCCINT                                                    ; power  ;              ; 1.2V    ; --         ;                 ; --       ; --           ;
; J13      ;            ;          ; VCCINT                                                    ; power  ;              ; 1.2V    ; --         ;                 ; --       ; --           ;
; J14      ;            ;          ; VCCINT                                                    ; power  ;              ; 1.2V    ; --         ;                 ; --       ; --           ;
; J15      ;            ;          ; GND                                                       ; gnd    ;              ;         ; --         ;                 ; --       ; --           ;
; J16      ;            ;          ; VCCINT                                                    ; power  ;              ; 1.2V    ; --         ;                 ; --       ; --           ;
; J17      ;            ;          ; VCCINT                                                    ; power  ;              ; 1.2V    ; --         ;                 ; --       ; --           ;
; J18      ; 356        ; 6        ; RESERVED_INPUT_WITH_WEAK_PULLUP                           ;        ;              ;         ; Row I/O    ;                 ; no       ; On           ;
; J19      ;            ;          ; GND                                                       ; gnd    ;              ;         ; --         ;                 ; --       ; --           ;
; J20      ; 361        ; 6        ; RESERVED_INPUT_WITH_WEAK_PULLUP                           ;        ;              ;         ; Row I/O    ;                 ; no       ; On           ;
; J21      ; 352        ; 6        ; RESERVED_INPUT_WITH_WEAK_PULLUP                           ;        ;              ;         ; Row I/O    ;                 ; no       ; On           ;
; J22      ; 351        ; 6        ; RESERVED_INPUT_WITH_WEAK_PULLUP                           ;        ;              ;         ; Row I/O    ;                 ; no       ; On           ;
; K1       ; 56         ; 1        ; ~ALTERA_DATA0~ / RESERVED_INPUT_WITH_WEAK_PULLUP          ; input  ; 2.5 V        ;         ; Row I/O    ; N               ; no       ; On           ;
; K2       ; 55         ; 1        ; ~ALTERA_DCLK~                                             ; output ; 2.5 V        ;         ; Row I/O    ; N               ; no       ; On           ;
; K3       ;            ;          ; GND                                                       ; gnd    ;              ;         ; --         ;                 ; --       ; --           ;
; K4       ;            ; 1        ; VCCIO1                                                    ; power  ;              ; 2.5V    ; --         ;                 ; --       ; --           ;
; K5       ; 57         ; 1        ; ^nCONFIG                                                  ;        ;              ;         ; --         ;                 ; --       ; --           ;
; K6       ; 24         ; 1        ; ^nSTATUS                                                  ;        ;              ;         ; --         ;                 ; --       ; --           ;
; K7       ;            ;          ; GND                                                       ; gnd    ;              ;         ; --         ;                 ; --       ; --           ;
; K8       ;            ;          ; VCCINT                                                    ; power  ;              ; 1.2V    ; --         ;                 ; --       ; --           ;
; K9       ;            ;          ; VCCINT                                                    ; power  ;              ; 1.2V    ; --         ;                 ; --       ; --           ;
; K10      ;            ;          ; GND                                                       ; gnd    ;              ;         ; --         ;                 ; --       ; --           ;
; K11      ;            ;          ; GND                                                       ; gnd    ;              ;         ; --         ;                 ; --       ; --           ;
; K12      ;            ;          ; GND                                                       ; gnd    ;              ;         ; --         ;                 ; --       ; --           ;
; K13      ;            ;          ; GND                                                       ; gnd    ;              ;         ; --         ;                 ; --       ; --           ;
; K14      ;            ;          ; VCCINT                                                    ; power  ;              ; 1.2V    ; --         ;                 ; --       ; --           ;
; K15      ;            ;          ; VCCINT                                                    ; power  ;              ; 1.2V    ; --         ;                 ; --       ; --           ;
; K16      ;            ;          ; GND                                                       ; gnd    ;              ;         ; --         ;                 ; --       ; --           ;
; K17      ;            ;          ; VCCINT                                                    ; power  ;              ; 1.2V    ; --         ;                 ; --       ; --           ;
; K18      ; 355        ; 6        ; RESERVED_INPUT_WITH_WEAK_PULLUP                           ;        ;              ;         ; Row I/O    ;                 ; no       ; On           ;
; K19      ; 348        ; 6        ; RESERVED_INPUT_WITH_WEAK_PULLUP                           ;        ;              ;         ; Row I/O    ;                 ; --       ; --           ;
; K20      ; 343        ; 6        ; ^MSEL3                                                    ;        ;              ;         ; --         ;                 ; --       ; --           ;
; K21      ; 350        ; 6        ; RESERVED_INPUT_WITH_WEAK_PULLUP                           ;        ;              ;         ; Row I/O    ;                 ; no       ; On           ;
; K22      ; 349        ; 6        ; ~ALTERA_nCEO~ / RESERVED_OUTPUT_OPEN_DRAIN                ; output ; 2.5 V        ;         ; Row I/O    ; N               ; no       ; Off          ;
; L1       ; 60         ; 1        ; #TMS                                                      ; input  ;              ;         ; --         ;                 ; --       ; --           ;
; L2       ; 59         ; 1        ; #TCK                                                      ; input  ;              ;         ; --         ;                 ; --       ; --           ;
; L3       ; 62         ; 1        ; ^nCE                                                      ;        ;              ;         ; --         ;                 ; --       ; --           ;
; L4       ; 61         ; 1        ; #TDO                                                      ; output ;              ;         ; --         ;                 ; --       ; --           ;
; L5       ; 58         ; 1        ; #TDI                                                      ; input  ;              ;         ; --         ;                 ; --       ; --           ;
; L6       ; 67         ; 2        ; RESERVED_INPUT_WITH_WEAK_PULLUP                           ;        ;              ;         ; Row I/O    ;                 ; no       ; On           ;
; L7       ;            ;          ; VCCINT                                                    ; power  ;              ; 1.2V    ; --         ;                 ; --       ; --           ;
; L8       ;            ;          ; GND                                                       ; gnd    ;              ;         ; --         ;                 ; --       ; --           ;
; L9       ;            ;          ; VCCINT                                                    ; power  ;              ; 1.2V    ; --         ;                 ; --       ; --           ;
; L10      ;            ;          ; GND                                                       ; gnd    ;              ;         ; --         ;                 ; --       ; --           ;
; L11      ;            ;          ; GND                                                       ; gnd    ;              ;         ; --         ;                 ; --       ; --           ;
; L12      ;            ;          ; GND                                                       ; gnd    ;              ;         ; --         ;                 ; --       ; --           ;
; L13      ;            ;          ; GND                                                       ; gnd    ;              ;         ; --         ;                 ; --       ; --           ;
; L14      ;            ;          ; VCCINT                                                    ; power  ;              ; 1.2V    ; --         ;                 ; --       ; --           ;
; L15      ;            ;          ; GND                                                       ; gnd    ;              ;         ; --         ;                 ; --       ; --           ;
; L16      ;            ;          ; VCCINT                                                    ; power  ;              ; 1.2V    ; --         ;                 ; --       ; --           ;
; L17      ; 342        ; 6        ; ^MSEL2                                                    ;        ;              ;         ; --         ;                 ; --       ; --           ;
; L18      ; 341        ; 6        ; ^MSEL1                                                    ;        ;              ;         ; --         ;                 ; --       ; --           ;
; L19      ;            ; 6        ; VCCIO6                                                    ; power  ;              ; 2.5V    ; --         ;                 ; --       ; --           ;
; L20      ;            ;          ; GND                                                       ; gnd    ;              ;         ; --         ;                 ; --       ; --           ;
; L21      ; 346        ; 6        ; RESERVED_INPUT_WITH_WEAK_PULLUP                           ;        ;              ;         ; Row I/O    ;                 ; no       ; On           ;
; L22      ; 345        ; 6        ; RESERVED_INPUT_WITH_WEAK_PULLUP                           ;        ;              ;         ; Row I/O    ;                 ; no       ; On           ;
; M1       ; 72         ; 2        ; RESERVED_INPUT_WITH_WEAK_PULLUP                           ;        ;              ;         ; Row I/O    ;                 ; no       ; On           ;
; M2       ; 71         ; 2        ; RESERVED_INPUT_WITH_WEAK_PULLUP                           ;        ;              ;         ; Row I/O    ;                 ; no       ; On           ;
; M3       ; 74         ; 2        ; RESERVED_INPUT_WITH_WEAK_PULLUP                           ;        ;              ;         ; Row I/O    ;                 ; no       ; On           ;
; M4       ; 73         ; 2        ; RESERVED_INPUT_WITH_WEAK_PULLUP                           ;        ;              ;         ; Row I/O    ;                 ; no       ; On           ;
; M5       ; 78         ; 2        ; RESERVED_INPUT_WITH_WEAK_PULLUP                           ;        ;              ;         ; Row I/O    ;                 ; --       ; --           ;
; M6       ; 68         ; 2        ; RESERVED_INPUT_WITH_WEAK_PULLUP                           ;        ;              ;         ; Row I/O    ;                 ; no       ; On           ;
; M7       ;            ;          ; GND                                                       ; gnd    ;              ;         ; --         ;                 ; --       ; --           ;
; M8       ;            ;          ; VCCINT                                                    ; power  ;              ; 1.2V    ; --         ;                 ; --       ; --           ;
; M9       ;            ;          ; VCCINT                                                    ; power  ;              ; 1.2V    ; --         ;                 ; --       ; --           ;
; M10      ;            ;          ; GND                                                       ; gnd    ;              ;         ; --         ;                 ; --       ; --           ;
; M11      ;            ;          ; GND                                                       ; gnd    ;              ;         ; --         ;                 ; --       ; --           ;
; M12      ;            ;          ; GND                                                       ; gnd    ;              ;         ; --         ;                 ; --       ; --           ;
; M13      ;            ;          ; GND                                                       ; gnd    ;              ;         ; --         ;                 ; --       ; --           ;
; M14      ;            ;          ; VCCINT                                                    ; power  ;              ; 1.2V    ; --         ;                 ; --       ; --           ;
; M15      ;            ;          ; VCCINT                                                    ; power  ;              ; 1.2V    ; --         ;                 ; --       ; --           ;
; M16      ; 284        ; 5        ; RESERVED_INPUT_WITH_WEAK_PULLUP                           ;        ;              ;         ; Row I/O    ;                 ; no       ; On           ;
; M17      ; 340        ; 6        ; ^MSEL0                                                    ;        ;              ;         ; --         ;                 ; --       ; --           ;
; M18      ; 339        ; 6        ; ^CONF_DONE                                                ;        ;              ;         ; --         ;                 ; --       ; --           ;
; M19      ; 329        ; 5        ; RESERVED_INPUT_WITH_WEAK_PULLUP                           ;        ;              ;         ; Row I/O    ;                 ; no       ; On           ;
; M20      ; 328        ; 5        ; RESERVED_INPUT_WITH_WEAK_PULLUP                           ;        ;              ;         ; Row I/O    ;                 ; no       ; On           ;
; M21      ; 327        ; 5        ; RESERVED_INPUT_WITH_WEAK_PULLUP                           ;        ;              ;         ; Row I/O    ;                 ; no       ; On           ;
; M22      ; 326        ; 5        ; RESERVED_INPUT_WITH_WEAK_PULLUP                           ;        ;              ;         ; Row I/O    ;                 ; no       ; On           ;
; N1       ; 76         ; 2        ; RESERVED_INPUT_WITH_WEAK_PULLUP                           ;        ;              ;         ; Row I/O    ;                 ; no       ; On           ;
; N2       ; 75         ; 2        ; RESERVED_INPUT_WITH_WEAK_PULLUP                           ;        ;              ;         ; Row I/O    ;                 ; no       ; On           ;
; N3       ;            ;          ; GND                                                       ; gnd    ;              ;         ; --         ;                 ; --       ; --           ;
; N4       ;            ; 2        ; VCCIO2                                                    ; power  ;              ; 2.5V    ; --         ;                 ; --       ; --           ;
; N5       ; 84         ; 2        ; ram_addr[0]                                               ; output ; 2.5 V        ;         ; Row I/O    ; N               ; no       ; Off          ;
; N6       ; 92         ; 2        ; counter_out[1]                                            ; output ; 2.5 V        ;         ; Row I/O    ; N               ; no       ; Off          ;
; N7       ;            ;          ; VCCINT                                                    ; power  ;              ; 1.2V    ; --         ;                 ; --       ; --           ;
; N8       ;            ;          ; GND                                                       ; gnd    ;              ;         ; --         ;                 ; --       ; --           ;
; N9       ;            ;          ; VCCINT                                                    ; power  ;              ; 1.2V    ; --         ;                 ; --       ; --           ;
; N10      ;            ;          ; GND                                                       ; gnd    ;              ;         ; --         ;                 ; --       ; --           ;
; N11      ;            ;          ; GND                                                       ; gnd    ;              ;         ; --         ;                 ; --       ; --           ;
; N12      ;            ;          ; GND                                                       ; gnd    ;              ;         ; --         ;                 ; --       ; --           ;
; N13      ;            ;          ; GND                                                       ; gnd    ;              ;         ; --         ;                 ; --       ; --           ;
; N14      ;            ;          ; VCCINT                                                    ; power  ;              ; 1.2V    ; --         ;                 ; --       ; --           ;
; N15      ;            ;          ; GND                                                       ; gnd    ;              ;         ; --         ;                 ; --       ; --           ;
; N16      ;            ;          ; VCCINT                                                    ; power  ;              ; 1.2V    ; --         ;                 ; --       ; --           ;
; N17      ;            ;          ; GND                                                       ; gnd    ;              ;         ; --         ;                 ; --       ; --           ;
; N18      ; 323        ; 5        ; RESERVED_INPUT_WITH_WEAK_PULLUP                           ;        ;              ;         ; Row I/O    ;                 ; no       ; On           ;
; N19      ; 316        ; 5        ; RESERVED_INPUT_WITH_WEAK_PULLUP                           ;        ;              ;         ; Row I/O    ;                 ; --       ; --           ;
; N20      ; 314        ; 5        ; RESERVED_INPUT_WITH_WEAK_PULLUP                           ;        ;              ;         ; Row I/O    ;                 ; no       ; On           ;
; N21      ; 325        ; 5        ; RESERVED_INPUT_WITH_WEAK_PULLUP                           ;        ;              ;         ; Row I/O    ;                 ; no       ; On           ;
; N22      ; 324        ; 5        ; RESERVED_INPUT_WITH_WEAK_PULLUP                           ;        ;              ;         ; Row I/O    ;                 ; no       ; On           ;
; P1       ; 80         ; 2        ; RESERVED_INPUT_WITH_WEAK_PULLUP                           ;        ;              ;         ; Row I/O    ;                 ; no       ; On           ;
; P2       ; 79         ; 2        ; RESERVED_INPUT_WITH_WEAK_PULLUP                           ;        ;              ;         ; Row I/O    ;                 ; no       ; On           ;
; P3       ; 86         ; 2        ; data_out[14]                                              ; output ; 2.5 V        ;         ; Row I/O    ; N               ; no       ; Off          ;
; P4       ; 85         ; 2        ; data_out[23]                                              ; output ; 2.5 V        ;         ; Row I/O    ; N               ; no       ; Off          ;
; P5       ; 91         ; 2        ; counter_out[0]                                            ; output ; 2.5 V        ;         ; Row I/O    ; N               ; no       ; Off          ;
; P6       ;            ;          ; GND                                                       ; gnd    ;              ;         ; --         ;                 ; --       ; --           ;
; P7       ;            ;          ; VCCINT                                                    ; power  ;              ; 1.2V    ; --         ;                 ; --       ; --           ;
; P8       ;            ;          ; GND                                                       ; gnd    ;              ;         ; --         ;                 ; --       ; --           ;
; P9       ;            ;          ; VCCINT                                                    ; power  ;              ; 1.2V    ; --         ;                 ; --       ; --           ;
; P10      ;            ;          ; VCCINT                                                    ; power  ;              ; 1.2V    ; --         ;                 ; --       ; --           ;
; P11      ;            ;          ; VCCINT                                                    ; power  ;              ; 1.2V    ; --         ;                 ; --       ; --           ;
; P12      ;            ;          ; VCCINT                                                    ; power  ;              ; 1.2V    ; --         ;                 ; --       ; --           ;
; P13      ;            ;          ; VCCINT                                                    ; power  ;              ; 1.2V    ; --         ;                 ; --       ; --           ;
; P14      ;            ;          ; VCCINT                                                    ; power  ;              ; 1.2V    ; --         ;                 ; --       ; --           ;
; P15      ;            ;          ; VCCINT                                                    ; power  ;              ; 1.2V    ; --         ;                 ; --       ; --           ;
; P16      ;            ;          ; GND                                                       ; gnd    ;              ;         ; --         ;                 ; --       ; --           ;
; P17      ;            ;          ; VCCINT                                                    ; power  ;              ; 1.2V    ; --         ;                 ; --       ; --           ;
; P18      ;            ; 5        ; VCCIO5                                                    ; power  ;              ; 2.5V    ; --         ;                 ; --       ; --           ;
; P19      ;            ;          ; GND                                                       ; gnd    ;              ;         ; --         ;                 ; --       ; --           ;
; P20      ; 305        ; 5        ; RESERVED_INPUT_WITH_WEAK_PULLUP                           ;        ;              ;         ; Row I/O    ;                 ; --       ; --           ;
; P21      ; 309        ; 5        ; data_out[31]                                              ; output ; 2.5 V        ;         ; Row I/O    ; N               ; no       ; Off          ;
; P22      ; 308        ; 5        ; RESERVED_INPUT_WITH_WEAK_PULLUP                           ;        ;              ;         ; Row I/O    ;                 ; no       ; On           ;
; R1       ; 82         ; 2        ; RESERVED_INPUT_WITH_WEAK_PULLUP                           ;        ;              ;         ; Row I/O    ;                 ; no       ; On           ;
; R2       ; 81         ; 2        ; RESERVED_INPUT_WITH_WEAK_PULLUP                           ;        ;              ;         ; Row I/O    ;                 ; no       ; On           ;
; R3       ; 94         ; 2        ; data_out[10]                                              ; output ; 2.5 V        ;         ; Row I/O    ; N               ; no       ; Off          ;
; R4       ; 93         ; 2        ; data_out[25]                                              ; output ; 2.5 V        ;         ; Row I/O    ; N               ; no       ; Off          ;
; R5       ; 121        ; 2        ; RESERVED_INPUT_WITH_WEAK_PULLUP                           ;        ;              ;         ; Row I/O    ;                 ; --       ; --           ;
; R6       ;            ;          ; VCCINT                                                    ; power  ;              ; 1.2V    ; --         ;                 ; --       ; --           ;
; R7       ;            ;          ; GND                                                       ; gnd    ;              ;         ; --         ;                 ; --       ; --           ;
; R8       ;            ;          ; VCCINT                                                    ; power  ;              ; 1.2V    ; --         ;                 ; --       ; --           ;
; R9       ;            ;          ; GND                                                       ; gnd    ;              ;         ; --         ;                 ; --       ; --           ;
; R10      ;            ;          ; VCCINT                                                    ; power  ;              ; 1.2V    ; --         ;                 ; --       ; --           ;
; R11      ;            ;          ; GND                                                       ; gnd    ;              ;         ; --         ;                 ; --       ; --           ;
; R12      ;            ;          ; VCCINT                                                    ; power  ;              ; 1.2V    ; --         ;                 ; --       ; --           ;
; R13      ;            ;          ; GND                                                       ; gnd    ;              ;         ; --         ;                 ; --       ; --           ;
; R14      ;            ;          ; VCCINT                                                    ; power  ;              ; 1.2V    ; --         ;                 ; --       ; --           ;
; R15      ;            ;          ; VCCINT                                                    ; power  ;              ; 1.2V    ; --         ;                 ; --       ; --           ;
; R16      ; 262        ; 4        ; RESERVED_INPUT_WITH_WEAK_PULLUP                           ;        ;              ;         ; Column I/O ;                 ; no       ; On           ;
; R17      ; 282        ; 5        ; RESERVED_INPUT_WITH_WEAK_PULLUP                           ;        ;              ;         ; Row I/O    ;                 ; no       ; On           ;
; R18      ;            ;          ; GND                                                       ; gnd    ;              ;         ; --         ;                 ; --       ; --           ;
; R19      ; 300        ; 5        ; RESERVED_INPUT_WITH_WEAK_PULLUP                           ;        ;              ;         ; Row I/O    ;                 ; no       ; On           ;
; R20      ; 295        ; 5        ; RESERVED_INPUT_WITH_WEAK_PULLUP                           ;        ;              ;         ; Row I/O    ;                 ; no       ; On           ;
; R21      ; 304        ; 5        ; RESERVED_INPUT_WITH_WEAK_PULLUP                           ;        ;              ;         ; Row I/O    ;                 ; no       ; On           ;
; R22      ; 303        ; 5        ; RESERVED_INPUT_WITH_WEAK_PULLUP                           ;        ;              ;         ; Row I/O    ;                 ; no       ; On           ;
; T1       ; 66         ; 2        ; GND+                                                      ;        ;              ;         ; Row I/O    ;                 ; --       ; --           ;
; T2       ; 65         ; 2        ; reset                                                     ; input  ; 2.5 V        ;         ; Row I/O    ; N               ; no       ; Off          ;
; T3       ; 100        ; 2        ; RESERVED_INPUT_WITH_WEAK_PULLUP                           ;        ;              ;         ; Row I/O    ;                 ; --       ; --           ;
; T4       ; 122        ; 2        ; RESERVED_INPUT_WITH_WEAK_PULLUP                           ;        ;              ;         ; Row I/O    ;                 ; no       ; On           ;
; T5       ; 123        ; 2        ; RESERVED_INPUT_WITH_WEAK_PULLUP                           ;        ;              ;         ; Row I/O    ;                 ; no       ; On           ;
; T6       ;            ; --       ; VCCA1                                                     ; power  ;              ; 2.5V    ; --         ;                 ; --       ; --           ;
; T7       ;            ;          ; VCCINT                                                    ; power  ;              ; 1.2V    ; --         ;                 ; --       ; --           ;
; T8       ;            ;          ; GND                                                       ; gnd    ;              ;         ; --         ;                 ; --       ; --           ;
; T9       ;            ;          ; VCCINT                                                    ; power  ;              ; 1.2V    ; --         ;                 ; --       ; --           ;
; T10      ;            ;          ; GND                                                       ; gnd    ;              ;         ; --         ;                 ; --       ; --           ;
; T11      ;            ;          ; VCCINT                                                    ; power  ;              ; 1.2V    ; --         ;                 ; --       ; --           ;
; T12      ;            ;          ; GND                                                       ; gnd    ;              ;         ; --         ;                 ; --       ; --           ;
; T13      ;            ;          ; VCCINT                                                    ; power  ;              ; 1.2V    ; --         ;                 ; --       ; --           ;
; T14      ;            ;          ; GND                                                       ; gnd    ;              ;         ; --         ;                 ; --       ; --           ;
; T15      ; 236        ; 4        ; RESERVED_INPUT_WITH_WEAK_PULLUP                           ;        ;              ;         ; Column I/O ;                 ; no       ; On           ;
; T16      ; 261        ; 4        ; RESERVED_INPUT_WITH_WEAK_PULLUP                           ;        ;              ;         ; Column I/O ;                 ; no       ; On           ;
; T17      ; 275        ; 5        ; RESERVED_INPUT_WITH_WEAK_PULLUP                           ;        ;              ;         ; Row I/O    ;                 ; no       ; On           ;
; T18      ; 276        ; 5        ; RESERVED_INPUT_WITH_WEAK_PULLUP                           ;        ;              ;         ; Row I/O    ;                 ; no       ; On           ;
; T19      ; 290        ; 5        ; RESERVED_INPUT_WITH_WEAK_PULLUP                           ;        ;              ;         ; Row I/O    ;                 ; no       ; On           ;
; T20      ; 289        ; 5        ; RESERVED_INPUT_WITH_WEAK_PULLUP                           ;        ;              ;         ; Row I/O    ;                 ; no       ; On           ;
; T21      ; 336        ; 5        ; GND+                                                      ;        ;              ;         ; Row I/O    ;                 ; --       ; --           ;
; T22      ; 335        ; 5        ; GND+                                                      ;        ;              ;         ; Row I/O    ;                 ; --       ; --           ;
; U1       ; 88         ; 2        ; data_out[21]                                              ; output ; 2.5 V        ;         ; Row I/O    ; N               ; no       ; Off          ;
; U2       ; 87         ; 2        ; data_out[3]                                               ; output ; 2.5 V        ;         ; Row I/O    ; N               ; no       ; Off          ;
; U3       ;            ;          ; GND                                                       ; gnd    ;              ;         ; --         ;                 ; --       ; --           ;
; U4       ;            ; 2        ; VCCIO2                                                    ; power  ;              ; 2.5V    ; --         ;                 ; --       ; --           ;
; U5       ;            ;          ; GNDA1                                                     ; gnd    ;              ;         ; --         ;                 ; --       ; --           ;
; U6       ;            ;          ; VCCD_PLL1                                                 ; power  ;              ; 1.2V    ; --         ;                 ; --       ; --           ;
; U7       ;            ;          ; GND                                                       ; gnd    ;              ;         ; --         ;                 ; --       ; --           ;
; U8       ;            ;          ; VCCINT                                                    ; power  ;              ; 1.2V    ; --         ;                 ; --       ; --           ;
; U9       ; 157        ; 3        ; RESERVED_INPUT_WITH_WEAK_PULLUP                           ;        ;              ;         ; Column I/O ;                 ; no       ; On           ;
; U10      ; 166        ; 3        ; data_out[19]                                              ; output ; 2.5 V        ;         ; Column I/O ; N               ; no       ; Off          ;
; U11      ; 181        ; 3        ; data_out[4]                                               ; output ; 2.5 V        ;         ; Column I/O ; N               ; no       ; Off          ;
; U12      ; 219        ; 4        ; RESERVED_INPUT_WITH_WEAK_PULLUP                           ;        ;              ;         ; Column I/O ;                 ; no       ; On           ;
; U13      ;            ;          ; GND                                                       ; gnd    ;              ;         ; --         ;                 ; --       ; --           ;
; U14      ; 231        ; 4        ; RESERVED_INPUT_WITH_WEAK_PULLUP                           ;        ;              ;         ; Column I/O ;                 ; no       ; On           ;
; U15      ;            ;          ; VCCINT                                                    ; power  ;              ; 1.2V    ; --         ;                 ; --       ; --           ;
; U16      ;            ;          ; VCCINT                                                    ; power  ;              ; 1.2V    ; --         ;                 ; --       ; --           ;
; U17      ;            ;          ; VCCINT                                                    ; power  ;              ; 1.2V    ; --         ;                 ; --       ; --           ;
; U18      ;            ; --       ; VCCA4                                                     ; power  ;              ; 2.5V    ; --         ;                 ; --       ; --           ;
; U19      ;            ;          ; GND                                                       ; gnd    ;              ;         ; --         ;                 ; --       ; --           ;
; U20      ; 283        ; 5        ; RESERVED_INPUT_WITH_WEAK_PULLUP                           ;        ;              ;         ; Row I/O    ;                 ; no       ; On           ;
; U21      ; 298        ; 5        ; RESERVED_INPUT_WITH_WEAK_PULLUP                           ;        ;              ;         ; Row I/O    ;                 ; no       ; On           ;
; U22      ; 297        ; 5        ; RESERVED_INPUT_WITH_WEAK_PULLUP                           ;        ;              ;         ; Row I/O    ;                 ; no       ; On           ;
; V1       ; 90         ; 2        ; ram_addr[1]                                               ; output ; 2.5 V        ;         ; Row I/O    ; N               ; no       ; Off          ;
; V2       ; 89         ; 2        ; AES_version[0]                                            ; input  ; 2.5 V        ;         ; Row I/O    ; N               ; no       ; Off          ;
; V3       ; 104        ; 2        ; RESERVED_INPUT_WITH_WEAK_PULLUP                           ;        ;              ;         ; Row I/O    ;                 ; no       ; On           ;
; V4       ; 103        ; 2        ; RESERVED_INPUT_WITH_WEAK_PULLUP                           ;        ;              ;         ; Row I/O    ;                 ; no       ; On           ;
; V5       ; 129        ; 3        ; RESERVED_INPUT_WITH_WEAK_PULLUP                           ;        ;              ;         ; Column I/O ;                 ; no       ; On           ;
; V6       ;            ;          ; GND                                                       ; gnd    ;              ;         ; --         ;                 ; --       ; --           ;
; V7       ;            ;          ; VCCINT                                                    ; power  ;              ; 1.2V    ; --         ;                 ; --       ; --           ;
; V8       ; 158        ; 3        ; data_out[15]                                              ; output ; 2.5 V        ;         ; Column I/O ; N               ; no       ; Off          ;
; V9       ; 164        ; 3        ; data_out[13]                                              ; output ; 2.5 V        ;         ; Column I/O ; N               ; no       ; Off          ;
; V10      ; 165        ; 3        ; AES_version[1]                                            ; input  ; 2.5 V        ;         ; Column I/O ; N               ; no       ; Off          ;
; V11      ; 182        ; 3        ; data_out[24]                                              ; output ; 2.5 V        ;         ; Column I/O ; N               ; no       ; Off          ;
; V12      ; 213        ; 4        ; data_out[16]                                              ; output ; 2.5 V        ;         ; Column I/O ; N               ; no       ; Off          ;
; V13      ; 225        ; 4        ; RESERVED_INPUT_WITH_WEAK_PULLUP                           ;        ;              ;         ; Column I/O ;                 ; no       ; On           ;
; V14      ; 229        ; 4        ; RESERVED_INPUT_WITH_WEAK_PULLUP                           ;        ;              ;         ; Column I/O ;                 ; no       ; On           ;
; V15      ; 232        ; 4        ; RESERVED_INPUT_WITH_WEAK_PULLUP                           ;        ;              ;         ; Column I/O ;                 ; no       ; On           ;
; V16      ; 257        ; 4        ; RESERVED_INPUT_WITH_WEAK_PULLUP                           ;        ;              ;         ; Column I/O ;                 ; --       ; --           ;
; V17      ;            ;          ; VCCD_PLL4                                                 ; power  ;              ; 1.2V    ; --         ;                 ; --       ; --           ;
; V18      ;            ;          ; GNDA4                                                     ; gnd    ;              ;         ; --         ;                 ; --       ; --           ;
; V19      ;            ; 5        ; VCCIO5                                                    ; power  ;              ; 2.5V    ; --         ;                 ; --       ; --           ;
; V20      ;            ;          ; GND                                                       ; gnd    ;              ;         ; --         ;                 ; --       ; --           ;
; V21      ; 294        ; 5        ; RESERVED_INPUT_WITH_WEAK_PULLUP                           ;        ;              ;         ; Row I/O    ;                 ; no       ; On           ;
; V22      ; 293        ; 5        ; RESERVED_INPUT_WITH_WEAK_PULLUP                           ;        ;              ;         ; Row I/O    ;                 ; no       ; On           ;
; W1       ; 96         ; 2        ; ram_addr[3]                                               ; output ; 2.5 V        ;         ; Row I/O    ; N               ; no       ; Off          ;
; W2       ; 95         ; 2        ; data_out[26]                                              ; output ; 2.5 V        ;         ; Row I/O    ; N               ; no       ; Off          ;
; W3       ;            ;          ; GND                                                       ; gnd    ;              ;         ; --         ;                 ; --       ; --           ;
; W4       ;            ; 2        ; VCCIO2                                                    ; power  ;              ; 2.5V    ; --         ;                 ; --       ; --           ;
; W5       ;            ; 3        ; VCCIO3                                                    ; power  ;              ; 2.5V    ; --         ;                 ; --       ; --           ;
; W6       ; 137        ; 3        ; RESERVED_INPUT_WITH_WEAK_PULLUP                           ;        ;              ;         ; Column I/O ;                 ; no       ; On           ;
; W7       ; 150        ; 3        ; RESERVED_INPUT_WITH_WEAK_PULLUP                           ;        ;              ;         ; Column I/O ;                 ; no       ; On           ;
; W8       ; 159        ; 3        ; RESERVED_INPUT_WITH_WEAK_PULLUP                           ;        ;              ;         ; Column I/O ;                 ; no       ; On           ;
; W9       ;            ; 3        ; VCCIO3                                                    ; power  ;              ; 2.5V    ; --         ;                 ; --       ; --           ;
; W10      ; 183        ; 3        ; data_out[22]                                              ; output ; 2.5 V        ;         ; Column I/O ; N               ; no       ; Off          ;
; W11      ;            ; 3        ; VCCIO3                                                    ; power  ;              ; 2.5V    ; --         ;                 ; --       ; --           ;
; W12      ;            ; 4        ; VCCIO4                                                    ; power  ;              ; 2.5V    ; --         ;                 ; --       ; --           ;
; W13      ; 215        ; 4        ; data_out[7]                                               ; output ; 2.5 V        ;         ; Column I/O ; N               ; no       ; Off          ;
; W14      ; 226        ; 4        ; RESERVED_INPUT_WITH_WEAK_PULLUP                           ;        ;              ;         ; Column I/O ;                 ; no       ; On           ;
; W15      ; 233        ; 4        ; RESERVED_INPUT_WITH_WEAK_PULLUP                           ;        ;              ;         ; Column I/O ;                 ; no       ; On           ;
; W16      ;            ; 4        ; VCCIO4                                                    ; power  ;              ; 2.5V    ; --         ;                 ; --       ; --           ;
; W17      ; 243        ; 4        ; RESERVED_INPUT_WITH_WEAK_PULLUP                           ;        ;              ;         ; Column I/O ;                 ; no       ; On           ;
; W18      ;            ; 4        ; VCCIO4                                                    ; power  ;              ; 2.5V    ; --         ;                 ; --       ; --           ;
; W19      ; 279        ; 5        ; RESERVED_INPUT_WITH_WEAK_PULLUP                           ;        ;              ;         ; Row I/O    ;                 ; --       ; --           ;
; W20      ; 277        ; 5        ; RESERVED_INPUT_WITH_WEAK_PULLUP                           ;        ;              ;         ; Row I/O    ;                 ; no       ; On           ;
; W21      ; 288        ; 5        ; RESERVED_INPUT_WITH_WEAK_PULLUP                           ;        ;              ;         ; Row I/O    ;                 ; no       ; On           ;
; W22      ; 287        ; 5        ; RESERVED_INPUT_WITH_WEAK_PULLUP                           ;        ;              ;         ; Row I/O    ;                 ; no       ; On           ;
; Y1       ; 98         ; 2        ; RESERVED_INPUT_WITH_WEAK_PULLUP                           ;        ;              ;         ; Row I/O    ;                 ; no       ; On           ;
; Y2       ; 97         ; 2        ; done_out                                                  ; output ; 2.5 V        ;         ; Row I/O    ; N               ; no       ; Off          ;
; Y3       ; 133        ; 3        ; RESERVED_INPUT_WITH_WEAK_PULLUP                           ;        ;              ;         ; Column I/O ;                 ; no       ; On           ;
; Y4       ; 132        ; 3        ; RESERVED_INPUT_WITH_WEAK_PULLUP                           ;        ;              ;         ; Column I/O ;                 ; no       ; On           ;
; Y5       ;            ;          ; GND                                                       ; gnd    ;              ;         ; --         ;                 ; --       ; --           ;
; Y6       ; 134        ; 3        ; RESERVED_INPUT_WITH_WEAK_PULLUP                           ;        ;              ;         ; Column I/O ;                 ; no       ; On           ;
; Y7       ; 151        ; 3        ; RESERVED_INPUT_WITH_WEAK_PULLUP                           ;        ;              ;         ; Column I/O ;                 ; no       ; On           ;
; Y8       ; 163        ; 3        ; start                                                     ; input  ; 2.5 V        ;         ; Column I/O ; N               ; no       ; Off          ;
; Y9       ;            ;          ; GND                                                       ; gnd    ;              ;         ; --         ;                 ; --       ; --           ;
; Y10      ; 184        ; 3        ; data_out[17]                                              ; output ; 2.5 V        ;         ; Column I/O ; N               ; no       ; Off          ;
; Y11      ;            ;          ; GND                                                       ; gnd    ;              ;         ; --         ;                 ; --       ; --           ;
; Y12      ;            ;          ; GND                                                       ; gnd    ;              ;         ; --         ;                 ; --       ; --           ;
; Y13      ; 216        ; 4        ; data_out[6]                                               ; output ; 2.5 V        ;         ; Column I/O ; N               ; no       ; Off          ;
; Y14      ; 221        ; 4        ; RESERVED_INPUT_WITH_WEAK_PULLUP                           ;        ;              ;         ; Column I/O ;                 ; no       ; On           ;
; Y15      ; 222        ; 4        ; RESERVED_INPUT_WITH_WEAK_PULLUP                           ;        ;              ;         ; Column I/O ;                 ; no       ; On           ;
; Y16      ;            ;          ; GND                                                       ; gnd    ;              ;         ; --         ;                 ; --       ; --           ;
; Y17      ; 244        ; 4        ; RESERVED_INPUT_WITH_WEAK_PULLUP                           ;        ;              ;         ; Column I/O ;                 ; no       ; On           ;
; Y18      ;            ;          ; GND                                                       ; gnd    ;              ;         ; --         ;                 ; --       ; --           ;
; Y19      ;            ; 5        ; VCCIO5                                                    ; power  ;              ; 2.5V    ; --         ;                 ; --       ; --           ;
; Y20      ;            ;          ; GND                                                       ; gnd    ;              ;         ; --         ;                 ; --       ; --           ;
; Y21      ;            ;          ; GND                                                       ; gnd    ;              ;         ; --         ;                 ; --       ; --           ;
; Y22      ; 281        ; 5        ; RESERVED_INPUT_WITH_WEAK_PULLUP                           ;        ;              ;         ; Row I/O    ;                 ; no       ; On           ;
+----------+------------+----------+-----------------------------------------------------------+--------+--------------+---------+------------+-----------------+----------+--------------+
Note: Pin directions (input, output or bidir) are based on device operating in user mode.


+-------------------------------------------------------------------------------------------------------------------------------------------------------------------------------------------------------------------------------------------------------------------------------------------------+
; Fitter Resource Utilization by Entity                                                                                                                                                                                                                                                           ;
+---------------------------------+-------------+---------------------------+---------------+-------------+------+--------------+---------+-----------+------+--------------+--------------+-------------------+------------------+------------------------------------------------+--------------+
; Compilation Hierarchy Node      ; Logic Cells ; Dedicated Logic Registers ; I/O Registers ; Memory Bits ; M9Ks ; DSP Elements ; DSP 9x9 ; DSP 18x18 ; Pins ; Virtual Pins ; LUT-Only LCs ; Register-Only LCs ; LUT/Register LCs ; Full Hierarchy Name                            ; Library Name ;
+---------------------------------+-------------+---------------------------+---------------+-------------+------+--------------+---------+-----------+------+--------------+--------------+-------------------+------------------+------------------------------------------------+--------------+
; |lorenz                         ; 653 (469)   ; 134 (134)                 ; 0 (0)         ; 0           ; 0    ; 16           ; 0       ; 8         ; 45   ; 0            ; 519 (339)    ; 6 (6)             ; 128 (124)        ; |lorenz                                        ; work         ;
;    |lpm_mult:Mult0|             ; 92 (0)      ; 0 (0)                     ; 0 (0)         ; 0           ; 0    ; 8            ; 0       ; 4         ; 0    ; 0            ; 88 (0)       ; 0 (0)             ; 4 (0)            ; |lorenz|lpm_mult:Mult0                         ; work         ;
;       |mult_46t:auto_generated| ; 92 (92)     ; 0 (0)                     ; 0 (0)         ; 0           ; 0    ; 8            ; 0       ; 4         ; 0    ; 0            ; 88 (88)      ; 0 (0)             ; 4 (4)            ; |lorenz|lpm_mult:Mult0|mult_46t:auto_generated ; work         ;
;    |lpm_mult:Mult1|             ; 92 (0)      ; 0 (0)                     ; 0 (0)         ; 0           ; 0    ; 8            ; 0       ; 4         ; 0    ; 0            ; 92 (0)       ; 0 (0)             ; 0 (0)            ; |lorenz|lpm_mult:Mult1                         ; work         ;
;       |mult_46t:auto_generated| ; 92 (92)     ; 0 (0)                     ; 0 (0)         ; 0           ; 0    ; 8            ; 0       ; 4         ; 0    ; 0            ; 92 (92)      ; 0 (0)             ; 0 (0)            ; |lorenz|lpm_mult:Mult1|mult_46t:auto_generated ; work         ;
+---------------------------------+-------------+---------------------------+---------------+-------------+------+--------------+---------+-----------+------+--------------+--------------+-------------------+------------------+------------------------------------------------+--------------+
Note: For table entries with two numbers listed, the numbers in parentheses indicate the number of resources of the given type used by the specific entity alone. The numbers listed outside of parentheses indicate the total resources of the given type used by the specific entity and all of its sub-entities in the hierarchy.


+------------------------------------------------------------------------------------------------+
; Delay Chain Summary                                                                            ;
+----------------+----------+---------------+---------------+-----------------------+-----+------+
; Name           ; Pin Type ; Pad to Core 0 ; Pad to Core 1 ; Pad to Input Register ; TCO ; TCOE ;
+----------------+----------+---------------+---------------+-----------------------+-----+------+
; done_out       ; Output   ; --            ; --            ; --                    ; --  ; --   ;
; data_out[0]    ; Output   ; --            ; --            ; --                    ; --  ; --   ;
; data_out[1]    ; Output   ; --            ; --            ; --                    ; --  ; --   ;
; data_out[2]    ; Output   ; --            ; --            ; --                    ; --  ; --   ;
; data_out[3]    ; Output   ; --            ; --            ; --                    ; --  ; --   ;
; data_out[4]    ; Output   ; --            ; --            ; --                    ; --  ; --   ;
; data_out[5]    ; Output   ; --            ; --            ; --                    ; --  ; --   ;
; data_out[6]    ; Output   ; --            ; --            ; --                    ; --  ; --   ;
; data_out[7]    ; Output   ; --            ; --            ; --                    ; --  ; --   ;
; data_out[8]    ; Output   ; --            ; --            ; --                    ; --  ; --   ;
; data_out[9]    ; Output   ; --            ; --            ; --                    ; --  ; --   ;
; data_out[10]   ; Output   ; --            ; --            ; --                    ; --  ; --   ;
; data_out[11]   ; Output   ; --            ; --            ; --                    ; --  ; --   ;
; data_out[12]   ; Output   ; --            ; --            ; --                    ; --  ; --   ;
; data_out[13]   ; Output   ; --            ; --            ; --                    ; --  ; --   ;
; data_out[14]   ; Output   ; --            ; --            ; --                    ; --  ; --   ;
; data_out[15]   ; Output   ; --            ; --            ; --                    ; --  ; --   ;
; data_out[16]   ; Output   ; --            ; --            ; --                    ; --  ; --   ;
; data_out[17]   ; Output   ; --            ; --            ; --                    ; --  ; --   ;
; data_out[18]   ; Output   ; --            ; --            ; --                    ; --  ; --   ;
; data_out[19]   ; Output   ; --            ; --            ; --                    ; --  ; --   ;
; data_out[20]   ; Output   ; --            ; --            ; --                    ; --  ; --   ;
; data_out[21]   ; Output   ; --            ; --            ; --                    ; --  ; --   ;
; data_out[22]   ; Output   ; --            ; --            ; --                    ; --  ; --   ;
; data_out[23]   ; Output   ; --            ; --            ; --                    ; --  ; --   ;
; data_out[24]   ; Output   ; --            ; --            ; --                    ; --  ; --   ;
; data_out[25]   ; Output   ; --            ; --            ; --                    ; --  ; --   ;
; data_out[26]   ; Output   ; --            ; --            ; --                    ; --  ; --   ;
; data_out[27]   ; Output   ; --            ; --            ; --                    ; --  ; --   ;
; data_out[28]   ; Output   ; --            ; --            ; --                    ; --  ; --   ;
; data_out[29]   ; Output   ; --            ; --            ; --                    ; --  ; --   ;
; data_out[30]   ; Output   ; --            ; --            ; --                    ; --  ; --   ;
; data_out[31]   ; Output   ; --            ; --            ; --                    ; --  ; --   ;
; data_valid     ; Output   ; --            ; --            ; --                    ; --  ; --   ;
; counter_out[0] ; Output   ; --            ; --            ; --                    ; --  ; --   ;
; counter_out[1] ; Output   ; --            ; --            ; --                    ; --  ; --   ;
; ram_addr[0]    ; Output   ; --            ; --            ; --                    ; --  ; --   ;
; ram_addr[1]    ; Output   ; --            ; --            ; --                    ; --  ; --   ;
; ram_addr[2]    ; Output   ; --            ; --            ; --                    ; --  ; --   ;
; ram_addr[3]    ; Output   ; --            ; --            ; --                    ; --  ; --   ;
; start          ; Input    ; (6) 1314 ps   ; --            ; --                    ; --  ; --   ;
; clk            ; Input    ; (0) 0 ps      ; --            ; --                    ; --  ; --   ;
; reset          ; Input    ; (0) 0 ps      ; --            ; --                    ; --  ; --   ;
; AES_version[1] ; Input    ; (6) 1314 ps   ; --            ; --                    ; --  ; --   ;
; AES_version[0] ; Input    ; --            ; (6) 1314 ps   ; --                    ; --  ; --   ;
+----------------+----------+---------------+---------------+-----------------------+-----+------+


+--------------------------------------------------------------+
; Pad To Core Delay Chain Fanout                               ;
+--------------------------------+-------------------+---------+
; Source Pin / Fanout            ; Pad To Core Index ; Setting ;
+--------------------------------+-------------------+---------+
; start                          ;                   ;         ;
;      - Selector111~0           ; 0                 ; 6       ;
;      - state.IDLE~0            ; 0                 ; 6       ;
;      - Selector112~0           ; 0                 ; 6       ;
;      - words_x_round[4]~0      ; 0                 ; 6       ;
; clk                            ;                   ;         ;
; reset                          ;                   ;         ;
; AES_version[1]                 ;                   ;         ;
;      - Mux0~0                  ; 0                 ; 6       ;
;      - Mux1~0                  ; 0                 ; 6       ;
;      - words_x_round[4]~1      ; 0                 ; 6       ;
;      - words_x_round[0]~feeder ; 0                 ; 6       ;
; AES_version[0]                 ;                   ;         ;
;      - Mux0~0                  ; 1                 ; 6       ;
;      - Mux1~0                  ; 1                 ; 6       ;
+--------------------------------+-------------------+---------+


+-------------------------------------------------------------------------------------------------------------------------------------------------+
; Control Signals                                                                                                                                 ;
+--------------------+--------------------+---------+--------------+--------+----------------------+------------------+---------------------------+
; Name               ; Location           ; Fan-Out ; Usage        ; Global ; Global Resource Used ; Global Line Name ; Enable Signal Source Name ;
+--------------------+--------------------+---------+--------------+--------+----------------------+------------------+---------------------------+
; Equal1~3           ; LCCOMB_X28_Y24_N6  ; 13      ; Sync. clear  ; no     ; --                   ; --               ; --                        ;
; clk                ; PIN_G1             ; 139     ; Clock        ; yes    ; Global Clock         ; GCLK2            ; --                        ;
; counter[0]~19      ; LCCOMB_X31_Y24_N12 ; 9       ; Sync. clear  ; no     ; --                   ; --               ; --                        ;
; counter_2[8]~12    ; LCCOMB_X31_Y24_N10 ; 9       ; Clock enable ; no     ; --                   ; --               ; --                        ;
; data_valid~0       ; LCCOMB_X31_Y24_N22 ; 13      ; Clock enable ; no     ; --                   ; --               ; --                        ;
; reset              ; PIN_T2             ; 7       ; Clock enable ; no     ; --                   ; --               ; --                        ;
; reset              ; PIN_T2             ; 105     ; Async. clear ; yes    ; Global Clock         ; GCLK4            ; --                        ;
; s_data_valid       ; FF_X11_Y24_N3      ; 4       ; Async. clear ; no     ; --                   ; --               ; --                        ;
; state.DONE         ; FF_X31_Y24_N19     ; 105     ; Clock enable ; no     ; --                   ; --               ; --                        ;
; words_x_round[4]~0 ; LCCOMB_X31_Y24_N6  ; 5       ; Clock enable ; no     ; --                   ; --               ; --                        ;
+--------------------+--------------------+---------+--------------+--------+----------------------+------------------+---------------------------+


+-----------------------------------------------------------------------------------------------------------------------------------------+
; Global & Other Fast Signals                                                                                                             ;
+-------+----------+---------+--------------------------------------+----------------------+------------------+---------------------------+
; Name  ; Location ; Fan-Out ; Fan-Out Using Intentional Clock Skew ; Global Resource Used ; Global Line Name ; Enable Signal Source Name ;
+-------+----------+---------+--------------------------------------+----------------------+------------------+---------------------------+
; clk   ; PIN_G1   ; 139     ; 2                                    ; Global Clock         ; GCLK2            ; --                        ;
; reset ; PIN_T2   ; 105     ; 0                                    ; Global Clock         ; GCLK4            ; --                        ;
+-------+----------+---------+--------------------------------------+----------------------+------------------+---------------------------+


+----------------------------------------------------------------------+
; Non-Global High Fan-Out Signals                                      ;
+------------------------------------------------------------+---------+
; Name                                                       ; Fan-Out ;
+------------------------------------------------------------+---------+
; state.DONE                                                 ; 105     ;
; state.GENERATE_VALUES                                      ; 103     ;
; state.INIT                                                 ; 49      ;
; y_reg[31]~_Duplicate_2                                     ; 18      ;
; z_reg[31]                                                  ; 16      ;
; Equal1~3                                                   ; 13      ;
; data_valid~0                                               ; 13      ;
; round[1]                                                   ; 13      ;
; round[0]                                                   ; 11      ;
; counter_2[8]~12                                            ; 9       ;
; counter[0]~19                                              ; 9       ;
; x_reg[31]~_Duplicate_4                                     ; 9       ;
; x_reg[3]                                                   ; 9       ;
; x_reg[2]                                                   ; 9       ;
; x_reg[1]                                                   ; 9       ;
; x_reg[0]                                                   ; 9       ;
; state.IDLE                                                 ; 8       ;
; x_reg[17]                                                  ; 8       ;
; x_reg[16]                                                  ; 8       ;
; x_reg[15]                                                  ; 8       ;
; x_reg[14]                                                  ; 8       ;
; x_reg[13]                                                  ; 8       ;
; x_reg[12]                                                  ; 8       ;
; x_reg[11]                                                  ; 8       ;
; x_reg[10]                                                  ; 8       ;
; x_reg[9]                                                   ; 8       ;
; x_reg[8]                                                   ; 8       ;
; x_reg[7]                                                   ; 8       ;
; x_reg[6]                                                   ; 8       ;
; x_reg[5]                                                   ; 8       ;
; x_reg[4]                                                   ; 8       ;
; y_reg[3]                                                   ; 7       ;
; y_reg[2]                                                   ; 7       ;
; y_reg[1]                                                   ; 7       ;
; y_reg[0]                                                   ; 7       ;
; reset~input                                                ; 6       ;
; s_counter_out[0]                                           ; 6       ;
; z_reg[30]                                                  ; 6       ;
; z_reg[29]                                                  ; 6       ;
; z_reg[28]                                                  ; 6       ;
; z_reg[27]                                                  ; 6       ;
; z_reg[23]                                                  ; 6       ;
; z_reg[21]                                                  ; 6       ;
; z_reg[20]                                                  ; 6       ;
; z_reg[19]                                                  ; 6       ;
; y_reg[17]                                                  ; 6       ;
; y_reg[16]                                                  ; 6       ;
; y_reg[15]                                                  ; 6       ;
; z_reg[14]                                                  ; 6       ;
; y_reg[14]                                                  ; 6       ;
; z_reg[13]                                                  ; 6       ;
; y_reg[13]                                                  ; 6       ;
; z_reg[12]                                                  ; 6       ;
; y_reg[12]                                                  ; 6       ;
; z_reg[11]                                                  ; 6       ;
; y_reg[11]                                                  ; 6       ;
; y_reg[10]                                                  ; 6       ;
; y_reg[9]                                                   ; 6       ;
; y_reg[8]                                                   ; 6       ;
; y_reg[7]                                                   ; 6       ;
; y_reg[6]                                                   ; 6       ;
; z_reg[5]                                                   ; 6       ;
; y_reg[5]                                                   ; 6       ;
; z_reg[4]                                                   ; 6       ;
; y_reg[4]                                                   ; 6       ;
; z_reg[3]                                                   ; 6       ;
; z_reg[2]                                                   ; 6       ;
; z_reg[1]                                                   ; 6       ;
; z_reg[0]                                                   ; 6       ;
; words_x_round[4]~0                                         ; 5       ;
; Add8~93                                                    ; 5       ;
; Add8~88                                                    ; 5       ;
; Add8~85                                                    ; 5       ;
; Add8~82                                                    ; 5       ;
; Add8~79                                                    ; 5       ;
; Add8~76                                                    ; 5       ;
; Add8~73                                                    ; 5       ;
; Add8~70                                                    ; 5       ;
; Add8~67                                                    ; 5       ;
; Add8~64                                                    ; 5       ;
; Add8~61                                                    ; 5       ;
; Add8~58                                                    ; 5       ;
; Add8~55                                                    ; 5       ;
; Add8~52                                                    ; 5       ;
; s_counter_out[1]                                           ; 5       ;
; z_reg[26]                                                  ; 5       ;
; z_reg[25]                                                  ; 5       ;
; z_reg[24]                                                  ; 5       ;
; z_reg[22]                                                  ; 5       ;
; z_reg[18]                                                  ; 5       ;
; z_reg[17]                                                  ; 5       ;
; z_reg[16]                                                  ; 5       ;
; z_reg[15]                                                  ; 5       ;
; z_reg[10]                                                  ; 5       ;
; z_reg[9]                                                   ; 5       ;
; z_reg[8]                                                   ; 5       ;
; z_reg[7]                                                   ; 5       ;
; z_reg[6]                                                   ; 5       ;
; AES_version[1]~input                                       ; 4       ;
; start~input                                                ; 4       ;
; Equal0~3                                                   ; 4       ;
; s_data_valid                                               ; 4       ;
; counter_2[8]~9                                             ; 4       ;
; s_ram_addr[0]                                              ; 4       ;
; y_reg[30]~_Duplicate_2                                     ; 4       ;
; x_reg[30]~_Duplicate_4                                     ; 4       ;
; y_reg[29]~_Duplicate_2                                     ; 4       ;
; x_reg[29]~_Duplicate_4                                     ; 4       ;
; y_reg[28]~_Duplicate_2                                     ; 4       ;
; x_reg[28]~_Duplicate_4                                     ; 4       ;
; y_reg[27]~_Duplicate_2                                     ; 4       ;
; x_reg[27]~_Duplicate_4                                     ; 4       ;
; y_reg[26]~_Duplicate_2                                     ; 4       ;
; x_reg[26]~_Duplicate_4                                     ; 4       ;
; y_reg[25]~_Duplicate_2                                     ; 4       ;
; x_reg[25]~_Duplicate_4                                     ; 4       ;
; y_reg[24]~_Duplicate_2                                     ; 4       ;
; x_reg[24]~_Duplicate_4                                     ; 4       ;
; y_reg[23]~_Duplicate_2                                     ; 4       ;
; x_reg[23]~_Duplicate_4                                     ; 4       ;
; y_reg[22]~_Duplicate_2                                     ; 4       ;
; x_reg[22]~_Duplicate_4                                     ; 4       ;
; y_reg[21]~_Duplicate_2                                     ; 4       ;
; x_reg[21]~_Duplicate_4                                     ; 4       ;
; y_reg[20]~_Duplicate_2                                     ; 4       ;
; x_reg[20]~_Duplicate_4                                     ; 4       ;
; y_reg[19]~_Duplicate_2                                     ; 4       ;
; x_reg[19]~_Duplicate_4                                     ; 4       ;
; y_reg[18]~_Duplicate_2                                     ; 4       ;
; x_reg[18]~_Duplicate_4                                     ; 4       ;
; Add0~64                                                    ; 4       ;
; Add9~99                                                    ; 3       ;
; Add9~88                                                    ; 3       ;
; Add9~85                                                    ; 3       ;
; Add9~82                                                    ; 3       ;
; Add9~79                                                    ; 3       ;
; Add9~76                                                    ; 3       ;
; Add9~73                                                    ; 3       ;
; Add9~70                                                    ; 3       ;
; Add9~67                                                    ; 3       ;
; Add9~64                                                    ; 3       ;
; Add9~61                                                    ; 3       ;
; Add9~58                                                    ; 3       ;
; Add9~55                                                    ; 3       ;
; Add9~52                                                    ; 3       ;
; s_ram_addr[2]                                              ; 3       ;
; s_ram_addr[1]                                              ; 3       ;
; AES_version[0]~input                                       ; 2       ;
; words_x_round[0]                                           ; 2       ;
; s_ram_addr[2]~2                                            ; 2       ;
; Selector109~0                                              ; 2       ;
; Equal0~2                                                   ; 2       ;
; Equal0~1                                                   ; 2       ;
; Equal0~0                                                   ; 2       ;
; total_key_words[3]                                         ; 2       ;
; s_ram_addr[3]                                              ; 2       ;
; done_out~reg0                                              ; 2       ;
; counter_2[8]                                               ; 2       ;
; counter_2[7]                                               ; 2       ;
; counter_2[6]                                               ; 2       ;
; counter_2[5]                                               ; 2       ;
; counter_2[1]                                               ; 2       ;
; counter_2[3]                                               ; 2       ;
; counter_2[4]                                               ; 2       ;
; counter_2[2]                                               ; 2       ;
; counter_2[0]                                               ; 2       ;
; counter[8]                                                 ; 2       ;
; counter[7]                                                 ; 2       ;
; counter[6]                                                 ; 2       ;
; counter[2]                                                 ; 2       ;
; counter[1]                                                 ; 2       ;
; counter[0]                                                 ; 2       ;
; counter[5]                                                 ; 2       ;
; counter[3]                                                 ; 2       ;
; counter[4]                                                 ; 2       ;
; z_aux_shifted[58]~0                                        ; 2       ;
; lpm_mult:Mult1|mult_46t:auto_generated|op_1~90             ; 2       ;
; y_aux_shifted[59]~0                                        ; 2       ;
; Add1~126                                                   ; 2       ;
; lpm_mult:Mult0|mult_46t:auto_generated|op_1~90             ; 2       ;
; total_key_words[5]~feeder                                  ; 1       ;
; words_x_round[4]~1                                         ; 1       ;
; Mux1~0                                                     ; 1       ;
; Mux0~0                                                     ; 1       ;
; Selector0~2                                                ; 1       ;
; Selector0~1                                                ; 1       ;
; Selector0~0                                                ; 1       ;
; Selector1~1                                                ; 1       ;
; Selector1~0                                                ; 1       ;
; state.DONE~0                                               ; 1       ;
; Selector113~0                                              ; 1       ;
; Selector112~0                                              ; 1       ;
; Equal1~2                                                   ; 1       ;
; Equal1~1                                                   ; 1       ;
; words_x_round[4]                                           ; 1       ;
; Equal1~0                                                   ; 1       ;
; state.IDLE~0                                               ; 1       ;
; s_ram_addr[3]~4                                            ; 1       ;
; s_ram_addr[2]~3                                            ; 1       ;
; s_ram_addr[1]~1                                            ; 1       ;
; s_ram_addr[0]~0                                            ; 1       ;
; Selector107~0                                              ; 1       ;
; Selector108~0                                              ; 1       ;
; total_key_words[5]                                         ; 1       ;
; total_key_words[4]                                         ; 1       ;
; Selector75~0                                               ; 1       ;
; Selector76~0                                               ; 1       ;
; Selector77~0                                               ; 1       ;
; Selector78~0                                               ; 1       ;
; Selector79~0                                               ; 1       ;
; Add10~66                                                   ; 1       ;
; Add10~63                                                   ; 1       ;
; Add10~60                                                   ; 1       ;
; Selector83~0                                               ; 1       ;
; Add10~55                                                   ; 1       ;
; Selector85~0                                               ; 1       ;
; Selector86~0                                               ; 1       ;
; Selector87~0                                               ; 1       ;
; Add10~46                                                   ; 1       ;
; Add10~43                                                   ; 1       ;
; Add9~49                                                    ; 1       ;
; Add8~49                                                    ; 1       ;
; Add10~40                                                   ; 1       ;
; Add9~46                                                    ; 1       ;
; Add8~46                                                    ; 1       ;
; Add10~37                                                   ; 1       ;
; Add9~43                                                    ; 1       ;
; Add8~43                                                    ; 1       ;
; Selector92~0                                               ; 1       ;
; Add9~40                                                    ; 1       ;
; Add8~40                                                    ; 1       ;
; Selector93~0                                               ; 1       ;
; Add9~37                                                    ; 1       ;
; Add8~37                                                    ; 1       ;
; Selector94~0                                               ; 1       ;
; Add9~34                                                    ; 1       ;
; Add8~34                                                    ; 1       ;
; Selector95~0                                               ; 1       ;
; Add9~31                                                    ; 1       ;
; Add8~31                                                    ; 1       ;
; Add10~26                                                   ; 1       ;
; Add9~28                                                    ; 1       ;
; Add8~28                                                    ; 1       ;
; Add10~23                                                   ; 1       ;
; Add9~25                                                    ; 1       ;
; Add8~25                                                    ; 1       ;
; Add10~20                                                   ; 1       ;
; Add9~22                                                    ; 1       ;
; Add8~22                                                    ; 1       ;
; Add10~17                                                   ; 1       ;
; Add9~19                                                    ; 1       ;
; Add8~19                                                    ; 1       ;
; Add10~14                                                   ; 1       ;
; Add9~16                                                    ; 1       ;
; Add8~16                                                    ; 1       ;
; Selector101~0                                              ; 1       ;
; Add9~13                                                    ; 1       ;
; Add8~13                                                    ; 1       ;
; Selector102~0                                              ; 1       ;
; Add9~10                                                    ; 1       ;
; Add8~10                                                    ; 1       ;
; Selector103~0                                              ; 1       ;
; Selector71~0                                               ; 1       ;
; Selector39~0                                               ; 1       ;
; Selector104~0                                              ; 1       ;
; Selector72~0                                               ; 1       ;
; Selector40~0                                               ; 1       ;
; Selector105~0                                              ; 1       ;
; Selector73~0                                               ; 1       ;
; Selector41~0                                               ; 1       ;
; Selector106~0                                              ; 1       ;
; Selector74~0                                               ; 1       ;
; Selector42~0                                               ; 1       ;
; Selector111~1                                              ; 1       ;
; Selector111~0                                              ; 1       ;
; data_valid~reg0                                            ; 1       ;
; data_out~31                                                ; 1       ;
; data_out~30                                                ; 1       ;
; data_out~29                                                ; 1       ;
; data_out~28                                                ; 1       ;
; data_out~27                                                ; 1       ;
; data_out~26                                                ; 1       ;
; data_out~25                                                ; 1       ;
; data_out~24                                                ; 1       ;
; data_out~23                                                ; 1       ;
; data_out~22                                                ; 1       ;
; data_out~21                                                ; 1       ;
; data_out~20                                                ; 1       ;
; data_out~19                                                ; 1       ;
; data_out~18                                                ; 1       ;
; data_out~17                                                ; 1       ;
; data_out~16                                                ; 1       ;
; data_out~15                                                ; 1       ;
; data_out~14                                                ; 1       ;
; data_out~13                                                ; 1       ;
; data_out~12                                                ; 1       ;
; data_out~11                                                ; 1       ;
; data_out~10                                                ; 1       ;
; data_out~9                                                 ; 1       ;
; data_out~8                                                 ; 1       ;
; data_out~7                                                 ; 1       ;
; data_out~6                                                 ; 1       ;
; data_out~5                                                 ; 1       ;
; data_out~4                                                 ; 1       ;
; data_out~3                                                 ; 1       ;
; data_out~2                                                 ; 1       ;
; data_out~1                                                 ; 1       ;
; data_out~0                                                 ; 1       ;
; counter_2[8]~27                                            ; 1       ;
; counter_2[7]~26                                            ; 1       ;
; counter_2[7]~25                                            ; 1       ;
; counter_2[6]~24                                            ; 1       ;
; counter_2[6]~23                                            ; 1       ;
; counter_2[5]~22                                            ; 1       ;
; counter_2[5]~21                                            ; 1       ;
; counter_2[4]~20                                            ; 1       ;
; counter_2[4]~19                                            ; 1       ;
; counter_2[3]~18                                            ; 1       ;
; counter_2[3]~17                                            ; 1       ;
; counter_2[2]~16                                            ; 1       ;
; counter_2[2]~15                                            ; 1       ;
; counter_2[1]~14                                            ; 1       ;
; counter_2[1]~13                                            ; 1       ;
; counter_2[0]~11                                            ; 1       ;
; counter_2[0]~10                                            ; 1       ;
; counter[8]~26                                              ; 1       ;
; counter[7]~25                                              ; 1       ;
; counter[7]~24                                              ; 1       ;
; counter[6]~23                                              ; 1       ;
; counter[6]~22                                              ; 1       ;
; counter[5]~21                                              ; 1       ;
; counter[5]~20                                              ; 1       ;
; counter[4]~18                                              ; 1       ;
; counter[4]~17                                              ; 1       ;
; counter[3]~16                                              ; 1       ;
; counter[3]~15                                              ; 1       ;
; counter[2]~14                                              ; 1       ;
; counter[2]~13                                              ; 1       ;
; counter[1]~12                                              ; 1       ;
; counter[1]~11                                              ; 1       ;
; counter[0]~10                                              ; 1       ;
; counter[0]~9                                               ; 1       ;
; lpm_mult:Mult1|mult_46t:auto_generated|mac_mult7~7         ; 1       ;
; lpm_mult:Mult1|mult_46t:auto_generated|mac_mult7~6         ; 1       ;
; lpm_mult:Mult1|mult_46t:auto_generated|mac_mult7~5         ; 1       ;
; lpm_mult:Mult1|mult_46t:auto_generated|mac_mult7~4         ; 1       ;
; lpm_mult:Mult1|mult_46t:auto_generated|mac_mult7~3         ; 1       ;
; lpm_mult:Mult1|mult_46t:auto_generated|mac_mult7~2         ; 1       ;
; lpm_mult:Mult1|mult_46t:auto_generated|mac_mult7~1         ; 1       ;
; lpm_mult:Mult1|mult_46t:auto_generated|mac_mult7~0         ; 1       ;
; lpm_mult:Mult1|mult_46t:auto_generated|mac_mult7~DATAOUT27 ; 1       ;
; lpm_mult:Mult1|mult_46t:auto_generated|mac_mult7~DATAOUT26 ; 1       ;
; lpm_mult:Mult1|mult_46t:auto_generated|mac_mult7~DATAOUT25 ; 1       ;
; lpm_mult:Mult1|mult_46t:auto_generated|mac_mult7~DATAOUT24 ; 1       ;
; lpm_mult:Mult1|mult_46t:auto_generated|mac_mult7~DATAOUT23 ; 1       ;
; lpm_mult:Mult1|mult_46t:auto_generated|mac_mult7~DATAOUT22 ; 1       ;
; lpm_mult:Mult1|mult_46t:auto_generated|mac_mult7~DATAOUT21 ; 1       ;
; lpm_mult:Mult1|mult_46t:auto_generated|mac_mult7~DATAOUT20 ; 1       ;
; lpm_mult:Mult1|mult_46t:auto_generated|mac_mult7~DATAOUT19 ; 1       ;
; lpm_mult:Mult1|mult_46t:auto_generated|mac_mult7~DATAOUT18 ; 1       ;
; lpm_mult:Mult1|mult_46t:auto_generated|mac_mult7~DATAOUT17 ; 1       ;
; lpm_mult:Mult1|mult_46t:auto_generated|mac_mult7~DATAOUT16 ; 1       ;
; lpm_mult:Mult1|mult_46t:auto_generated|mac_mult7~DATAOUT15 ; 1       ;
; lpm_mult:Mult1|mult_46t:auto_generated|mac_mult7~DATAOUT14 ; 1       ;
; lpm_mult:Mult1|mult_46t:auto_generated|mac_mult7~DATAOUT13 ; 1       ;
; lpm_mult:Mult1|mult_46t:auto_generated|mac_mult7~DATAOUT12 ; 1       ;
; lpm_mult:Mult1|mult_46t:auto_generated|mac_mult7~DATAOUT11 ; 1       ;
; lpm_mult:Mult1|mult_46t:auto_generated|mac_mult7~DATAOUT10 ; 1       ;
; lpm_mult:Mult1|mult_46t:auto_generated|mac_mult7~DATAOUT9  ; 1       ;
; lpm_mult:Mult1|mult_46t:auto_generated|mac_mult7~DATAOUT8  ; 1       ;
; lpm_mult:Mult1|mult_46t:auto_generated|mac_mult7~DATAOUT7  ; 1       ;
; lpm_mult:Mult1|mult_46t:auto_generated|mac_mult7~DATAOUT6  ; 1       ;
; lpm_mult:Mult1|mult_46t:auto_generated|mac_mult7~DATAOUT5  ; 1       ;
; lpm_mult:Mult1|mult_46t:auto_generated|mac_mult7~DATAOUT4  ; 1       ;
; lpm_mult:Mult1|mult_46t:auto_generated|mac_mult7~DATAOUT3  ; 1       ;
; lpm_mult:Mult1|mult_46t:auto_generated|mac_mult7~DATAOUT2  ; 1       ;
; lpm_mult:Mult1|mult_46t:auto_generated|mac_mult7~DATAOUT1  ; 1       ;
; lpm_mult:Mult1|mult_46t:auto_generated|mac_mult7           ; 1       ;
; lpm_mult:Mult0|mult_46t:auto_generated|mac_mult7~7         ; 1       ;
; lpm_mult:Mult0|mult_46t:auto_generated|mac_mult7~6         ; 1       ;
; lpm_mult:Mult0|mult_46t:auto_generated|mac_mult7~5         ; 1       ;
; lpm_mult:Mult0|mult_46t:auto_generated|mac_mult7~4         ; 1       ;
; lpm_mult:Mult0|mult_46t:auto_generated|mac_mult7~3         ; 1       ;
; lpm_mult:Mult0|mult_46t:auto_generated|mac_mult7~2         ; 1       ;
; lpm_mult:Mult0|mult_46t:auto_generated|mac_mult7~1         ; 1       ;
; lpm_mult:Mult0|mult_46t:auto_generated|mac_mult7~0         ; 1       ;
; lpm_mult:Mult0|mult_46t:auto_generated|mac_mult7~DATAOUT27 ; 1       ;
; lpm_mult:Mult0|mult_46t:auto_generated|mac_mult7~DATAOUT26 ; 1       ;
; lpm_mult:Mult0|mult_46t:auto_generated|mac_mult7~DATAOUT25 ; 1       ;
; lpm_mult:Mult0|mult_46t:auto_generated|mac_mult7~DATAOUT24 ; 1       ;
; lpm_mult:Mult0|mult_46t:auto_generated|mac_mult7~DATAOUT23 ; 1       ;
; lpm_mult:Mult0|mult_46t:auto_generated|mac_mult7~DATAOUT22 ; 1       ;
; lpm_mult:Mult0|mult_46t:auto_generated|mac_mult7~DATAOUT21 ; 1       ;
; lpm_mult:Mult0|mult_46t:auto_generated|mac_mult7~DATAOUT20 ; 1       ;
; lpm_mult:Mult0|mult_46t:auto_generated|mac_mult7~DATAOUT19 ; 1       ;
; lpm_mult:Mult0|mult_46t:auto_generated|mac_mult7~DATAOUT18 ; 1       ;
; lpm_mult:Mult0|mult_46t:auto_generated|mac_mult7~DATAOUT17 ; 1       ;
; lpm_mult:Mult0|mult_46t:auto_generated|mac_mult7~DATAOUT16 ; 1       ;
; lpm_mult:Mult0|mult_46t:auto_generated|mac_mult7~DATAOUT15 ; 1       ;
; lpm_mult:Mult0|mult_46t:auto_generated|mac_mult7~DATAOUT14 ; 1       ;
; lpm_mult:Mult0|mult_46t:auto_generated|mac_mult7~DATAOUT13 ; 1       ;
; lpm_mult:Mult0|mult_46t:auto_generated|mac_mult7~DATAOUT12 ; 1       ;
; lpm_mult:Mult0|mult_46t:auto_generated|mac_mult7~DATAOUT11 ; 1       ;
; lpm_mult:Mult0|mult_46t:auto_generated|mac_mult7~DATAOUT10 ; 1       ;
; lpm_mult:Mult0|mult_46t:auto_generated|mac_mult7~DATAOUT9  ; 1       ;
; lpm_mult:Mult0|mult_46t:auto_generated|mac_mult7~DATAOUT8  ; 1       ;
; lpm_mult:Mult0|mult_46t:auto_generated|mac_mult7~DATAOUT7  ; 1       ;
; lpm_mult:Mult0|mult_46t:auto_generated|mac_mult7~DATAOUT6  ; 1       ;
; lpm_mult:Mult0|mult_46t:auto_generated|mac_mult7~DATAOUT5  ; 1       ;
; lpm_mult:Mult0|mult_46t:auto_generated|mac_mult7~DATAOUT4  ; 1       ;
; lpm_mult:Mult0|mult_46t:auto_generated|mac_mult7~DATAOUT3  ; 1       ;
; lpm_mult:Mult0|mult_46t:auto_generated|mac_mult7~DATAOUT2  ; 1       ;
; lpm_mult:Mult0|mult_46t:auto_generated|mac_mult7~DATAOUT1  ; 1       ;
; lpm_mult:Mult0|mult_46t:auto_generated|mac_mult7           ; 1       ;
; lpm_mult:Mult1|mult_46t:auto_generated|mac_mult1~DATAOUT35 ; 1       ;
; lpm_mult:Mult1|mult_46t:auto_generated|mac_mult1~DATAOUT34 ; 1       ;
; lpm_mult:Mult1|mult_46t:auto_generated|mac_mult1~DATAOUT33 ; 1       ;
; lpm_mult:Mult1|mult_46t:auto_generated|mac_mult1~DATAOUT32 ; 1       ;
; lpm_mult:Mult1|mult_46t:auto_generated|mac_mult1~DATAOUT31 ; 1       ;
; lpm_mult:Mult1|mult_46t:auto_generated|mac_mult1~DATAOUT30 ; 1       ;
; lpm_mult:Mult1|mult_46t:auto_generated|mac_mult1~DATAOUT29 ; 1       ;
; lpm_mult:Mult1|mult_46t:auto_generated|mac_mult1~DATAOUT28 ; 1       ;
; lpm_mult:Mult1|mult_46t:auto_generated|mac_mult1~DATAOUT27 ; 1       ;
; lpm_mult:Mult1|mult_46t:auto_generated|mac_mult1~DATAOUT26 ; 1       ;
; lpm_mult:Mult1|mult_46t:auto_generated|mac_mult1~DATAOUT25 ; 1       ;
; lpm_mult:Mult1|mult_46t:auto_generated|mac_mult1~DATAOUT24 ; 1       ;
; lpm_mult:Mult1|mult_46t:auto_generated|mac_mult1~DATAOUT23 ; 1       ;
; lpm_mult:Mult1|mult_46t:auto_generated|mac_mult1~DATAOUT22 ; 1       ;
; lpm_mult:Mult1|mult_46t:auto_generated|mac_mult1~DATAOUT21 ; 1       ;
; lpm_mult:Mult1|mult_46t:auto_generated|mac_mult1~DATAOUT20 ; 1       ;
; lpm_mult:Mult1|mult_46t:auto_generated|mac_mult1~DATAOUT19 ; 1       ;
; lpm_mult:Mult1|mult_46t:auto_generated|mac_mult1~DATAOUT18 ; 1       ;
; lpm_mult:Mult1|mult_46t:auto_generated|mac_mult1~DATAOUT17 ; 1       ;
; lpm_mult:Mult1|mult_46t:auto_generated|mac_mult1~DATAOUT16 ; 1       ;
; lpm_mult:Mult1|mult_46t:auto_generated|mac_mult1~DATAOUT15 ; 1       ;
; lpm_mult:Mult1|mult_46t:auto_generated|mac_mult1~DATAOUT14 ; 1       ;
; lpm_mult:Mult1|mult_46t:auto_generated|mac_mult1~DATAOUT13 ; 1       ;
; lpm_mult:Mult1|mult_46t:auto_generated|mac_mult1~DATAOUT12 ; 1       ;
; lpm_mult:Mult1|mult_46t:auto_generated|mac_mult1~DATAOUT11 ; 1       ;
; lpm_mult:Mult1|mult_46t:auto_generated|mac_mult1~DATAOUT10 ; 1       ;
; lpm_mult:Mult1|mult_46t:auto_generated|mac_mult1~DATAOUT9  ; 1       ;
; lpm_mult:Mult1|mult_46t:auto_generated|mac_mult1~DATAOUT8  ; 1       ;
; lpm_mult:Mult1|mult_46t:auto_generated|mac_mult1~DATAOUT7  ; 1       ;
; lpm_mult:Mult1|mult_46t:auto_generated|mac_mult1~DATAOUT6  ; 1       ;
; lpm_mult:Mult1|mult_46t:auto_generated|mac_mult1~DATAOUT5  ; 1       ;
; lpm_mult:Mult1|mult_46t:auto_generated|mac_mult1~DATAOUT4  ; 1       ;
; lpm_mult:Mult1|mult_46t:auto_generated|mac_mult1~DATAOUT3  ; 1       ;
; lpm_mult:Mult1|mult_46t:auto_generated|mac_mult1~DATAOUT2  ; 1       ;
; lpm_mult:Mult1|mult_46t:auto_generated|mac_mult1~DATAOUT1  ; 1       ;
; lpm_mult:Mult1|mult_46t:auto_generated|mac_mult1           ; 1       ;
; lpm_mult:Mult1|mult_46t:auto_generated|mac_mult5~3         ; 1       ;
; lpm_mult:Mult1|mult_46t:auto_generated|mac_mult5~2         ; 1       ;
; lpm_mult:Mult1|mult_46t:auto_generated|mac_mult5~1         ; 1       ;
; lpm_mult:Mult1|mult_46t:auto_generated|mac_mult5~0         ; 1       ;
; lpm_mult:Mult1|mult_46t:auto_generated|mac_mult5~DATAOUT31 ; 1       ;
; lpm_mult:Mult1|mult_46t:auto_generated|mac_mult5~DATAOUT30 ; 1       ;
; lpm_mult:Mult1|mult_46t:auto_generated|mac_mult5~DATAOUT29 ; 1       ;
; lpm_mult:Mult1|mult_46t:auto_generated|mac_mult5~DATAOUT28 ; 1       ;
; lpm_mult:Mult1|mult_46t:auto_generated|mac_mult5~DATAOUT27 ; 1       ;
; lpm_mult:Mult1|mult_46t:auto_generated|mac_mult5~DATAOUT26 ; 1       ;
; lpm_mult:Mult1|mult_46t:auto_generated|mac_mult5~DATAOUT25 ; 1       ;
; lpm_mult:Mult1|mult_46t:auto_generated|mac_mult5~DATAOUT24 ; 1       ;
; lpm_mult:Mult1|mult_46t:auto_generated|mac_mult5~DATAOUT23 ; 1       ;
; lpm_mult:Mult1|mult_46t:auto_generated|mac_mult5~DATAOUT22 ; 1       ;
; lpm_mult:Mult1|mult_46t:auto_generated|mac_mult5~DATAOUT21 ; 1       ;
; lpm_mult:Mult1|mult_46t:auto_generated|mac_mult5~DATAOUT20 ; 1       ;
; lpm_mult:Mult1|mult_46t:auto_generated|mac_mult5~DATAOUT19 ; 1       ;
; lpm_mult:Mult1|mult_46t:auto_generated|mac_mult5~DATAOUT18 ; 1       ;
; lpm_mult:Mult1|mult_46t:auto_generated|mac_mult5~DATAOUT17 ; 1       ;
; lpm_mult:Mult1|mult_46t:auto_generated|mac_mult5~DATAOUT16 ; 1       ;
; lpm_mult:Mult1|mult_46t:auto_generated|mac_mult5~DATAOUT15 ; 1       ;
; lpm_mult:Mult1|mult_46t:auto_generated|mac_mult5~DATAOUT14 ; 1       ;
; lpm_mult:Mult1|mult_46t:auto_generated|mac_mult5~DATAOUT13 ; 1       ;
; lpm_mult:Mult1|mult_46t:auto_generated|mac_mult5~DATAOUT12 ; 1       ;
; lpm_mult:Mult1|mult_46t:auto_generated|mac_mult5~DATAOUT11 ; 1       ;
; lpm_mult:Mult1|mult_46t:auto_generated|mac_mult5~DATAOUT10 ; 1       ;
; lpm_mult:Mult1|mult_46t:auto_generated|mac_mult5~DATAOUT9  ; 1       ;
; lpm_mult:Mult1|mult_46t:auto_generated|mac_mult5~DATAOUT8  ; 1       ;
; lpm_mult:Mult1|mult_46t:auto_generated|mac_mult5~DATAOUT7  ; 1       ;
; lpm_mult:Mult1|mult_46t:auto_generated|mac_mult5~DATAOUT6  ; 1       ;
; lpm_mult:Mult1|mult_46t:auto_generated|mac_mult5~DATAOUT5  ; 1       ;
; lpm_mult:Mult1|mult_46t:auto_generated|mac_mult5~DATAOUT4  ; 1       ;
; lpm_mult:Mult1|mult_46t:auto_generated|mac_mult5~DATAOUT3  ; 1       ;
; lpm_mult:Mult1|mult_46t:auto_generated|mac_mult5~DATAOUT2  ; 1       ;
; lpm_mult:Mult1|mult_46t:auto_generated|mac_mult5~DATAOUT1  ; 1       ;
; lpm_mult:Mult1|mult_46t:auto_generated|mac_mult5           ; 1       ;
; lpm_mult:Mult1|mult_46t:auto_generated|mac_mult3~3         ; 1       ;
; lpm_mult:Mult1|mult_46t:auto_generated|mac_mult3~2         ; 1       ;
; lpm_mult:Mult1|mult_46t:auto_generated|mac_mult3~1         ; 1       ;
; lpm_mult:Mult1|mult_46t:auto_generated|mac_mult3~0         ; 1       ;
; lpm_mult:Mult1|mult_46t:auto_generated|mac_mult3~DATAOUT31 ; 1       ;
; lpm_mult:Mult1|mult_46t:auto_generated|mac_mult3~DATAOUT30 ; 1       ;
; lpm_mult:Mult1|mult_46t:auto_generated|mac_mult3~DATAOUT29 ; 1       ;
; lpm_mult:Mult1|mult_46t:auto_generated|mac_mult3~DATAOUT28 ; 1       ;
; lpm_mult:Mult1|mult_46t:auto_generated|mac_mult3~DATAOUT27 ; 1       ;
; lpm_mult:Mult1|mult_46t:auto_generated|mac_mult3~DATAOUT26 ; 1       ;
; lpm_mult:Mult1|mult_46t:auto_generated|mac_mult3~DATAOUT25 ; 1       ;
; lpm_mult:Mult1|mult_46t:auto_generated|mac_mult3~DATAOUT24 ; 1       ;
; lpm_mult:Mult1|mult_46t:auto_generated|mac_mult3~DATAOUT23 ; 1       ;
; lpm_mult:Mult1|mult_46t:auto_generated|mac_mult3~DATAOUT22 ; 1       ;
; lpm_mult:Mult1|mult_46t:auto_generated|mac_mult3~DATAOUT21 ; 1       ;
; lpm_mult:Mult1|mult_46t:auto_generated|mac_mult3~DATAOUT20 ; 1       ;
; lpm_mult:Mult1|mult_46t:auto_generated|mac_mult3~DATAOUT19 ; 1       ;
; lpm_mult:Mult1|mult_46t:auto_generated|mac_mult3~DATAOUT18 ; 1       ;
; lpm_mult:Mult1|mult_46t:auto_generated|mac_mult3~DATAOUT17 ; 1       ;
; lpm_mult:Mult1|mult_46t:auto_generated|mac_mult3~DATAOUT16 ; 1       ;
; lpm_mult:Mult1|mult_46t:auto_generated|mac_mult3~DATAOUT15 ; 1       ;
; lpm_mult:Mult1|mult_46t:auto_generated|mac_mult3~DATAOUT14 ; 1       ;
; lpm_mult:Mult1|mult_46t:auto_generated|mac_mult3~DATAOUT13 ; 1       ;
; lpm_mult:Mult1|mult_46t:auto_generated|mac_mult3~DATAOUT12 ; 1       ;
; lpm_mult:Mult1|mult_46t:auto_generated|mac_mult3~DATAOUT11 ; 1       ;
; lpm_mult:Mult1|mult_46t:auto_generated|mac_mult3~DATAOUT10 ; 1       ;
; lpm_mult:Mult1|mult_46t:auto_generated|mac_mult3~DATAOUT9  ; 1       ;
; lpm_mult:Mult1|mult_46t:auto_generated|mac_mult3~DATAOUT8  ; 1       ;
; lpm_mult:Mult1|mult_46t:auto_generated|mac_mult3~DATAOUT7  ; 1       ;
; lpm_mult:Mult1|mult_46t:auto_generated|mac_mult3~DATAOUT6  ; 1       ;
; lpm_mult:Mult1|mult_46t:auto_generated|mac_mult3~DATAOUT5  ; 1       ;
; lpm_mult:Mult1|mult_46t:auto_generated|mac_mult3~DATAOUT4  ; 1       ;
; lpm_mult:Mult1|mult_46t:auto_generated|mac_mult3~DATAOUT3  ; 1       ;
; lpm_mult:Mult1|mult_46t:auto_generated|mac_mult3~DATAOUT2  ; 1       ;
; lpm_mult:Mult1|mult_46t:auto_generated|mac_mult3~DATAOUT1  ; 1       ;
; lpm_mult:Mult1|mult_46t:auto_generated|mac_mult3           ; 1       ;
; lpm_mult:Mult0|mult_46t:auto_generated|mac_mult1~DATAOUT35 ; 1       ;
; lpm_mult:Mult0|mult_46t:auto_generated|mac_mult1~DATAOUT34 ; 1       ;
; lpm_mult:Mult0|mult_46t:auto_generated|mac_mult1~DATAOUT33 ; 1       ;
; lpm_mult:Mult0|mult_46t:auto_generated|mac_mult1~DATAOUT32 ; 1       ;
; lpm_mult:Mult0|mult_46t:auto_generated|mac_mult1~DATAOUT31 ; 1       ;
; lpm_mult:Mult0|mult_46t:auto_generated|mac_mult1~DATAOUT30 ; 1       ;
; lpm_mult:Mult0|mult_46t:auto_generated|mac_mult1~DATAOUT29 ; 1       ;
; lpm_mult:Mult0|mult_46t:auto_generated|mac_mult1~DATAOUT28 ; 1       ;
; lpm_mult:Mult0|mult_46t:auto_generated|mac_mult1~DATAOUT27 ; 1       ;
; lpm_mult:Mult0|mult_46t:auto_generated|mac_mult1~DATAOUT26 ; 1       ;
; lpm_mult:Mult0|mult_46t:auto_generated|mac_mult1~DATAOUT25 ; 1       ;
; lpm_mult:Mult0|mult_46t:auto_generated|mac_mult1~DATAOUT24 ; 1       ;
; lpm_mult:Mult0|mult_46t:auto_generated|mac_mult1~DATAOUT23 ; 1       ;
; lpm_mult:Mult0|mult_46t:auto_generated|mac_mult1~DATAOUT22 ; 1       ;
; lpm_mult:Mult0|mult_46t:auto_generated|mac_mult1~DATAOUT21 ; 1       ;
; lpm_mult:Mult0|mult_46t:auto_generated|mac_mult1~DATAOUT20 ; 1       ;
; lpm_mult:Mult0|mult_46t:auto_generated|mac_mult1~DATAOUT19 ; 1       ;
; lpm_mult:Mult0|mult_46t:auto_generated|mac_mult1~DATAOUT18 ; 1       ;
; lpm_mult:Mult0|mult_46t:auto_generated|mac_mult1~DATAOUT17 ; 1       ;
; lpm_mult:Mult0|mult_46t:auto_generated|mac_mult1~DATAOUT16 ; 1       ;
; lpm_mult:Mult0|mult_46t:auto_generated|mac_mult1~DATAOUT15 ; 1       ;
; lpm_mult:Mult0|mult_46t:auto_generated|mac_mult1~DATAOUT14 ; 1       ;
; lpm_mult:Mult0|mult_46t:auto_generated|mac_mult1~DATAOUT13 ; 1       ;
; lpm_mult:Mult0|mult_46t:auto_generated|mac_mult1~DATAOUT12 ; 1       ;
; lpm_mult:Mult0|mult_46t:auto_generated|mac_mult1~DATAOUT11 ; 1       ;
; lpm_mult:Mult0|mult_46t:auto_generated|mac_mult1~DATAOUT10 ; 1       ;
; lpm_mult:Mult0|mult_46t:auto_generated|mac_mult1~DATAOUT9  ; 1       ;
; lpm_mult:Mult0|mult_46t:auto_generated|mac_mult1~DATAOUT8  ; 1       ;
; lpm_mult:Mult0|mult_46t:auto_generated|mac_mult1~DATAOUT7  ; 1       ;
; lpm_mult:Mult0|mult_46t:auto_generated|mac_mult1~DATAOUT6  ; 1       ;
; lpm_mult:Mult0|mult_46t:auto_generated|mac_mult1~DATAOUT5  ; 1       ;
; lpm_mult:Mult0|mult_46t:auto_generated|mac_mult1~DATAOUT4  ; 1       ;
; lpm_mult:Mult0|mult_46t:auto_generated|mac_mult1~DATAOUT3  ; 1       ;
; lpm_mult:Mult0|mult_46t:auto_generated|mac_mult1~DATAOUT2  ; 1       ;
; lpm_mult:Mult0|mult_46t:auto_generated|mac_mult1~DATAOUT1  ; 1       ;
; lpm_mult:Mult0|mult_46t:auto_generated|mac_mult1           ; 1       ;
; lpm_mult:Mult0|mult_46t:auto_generated|mac_mult5~3         ; 1       ;
; lpm_mult:Mult0|mult_46t:auto_generated|mac_mult5~2         ; 1       ;
; lpm_mult:Mult0|mult_46t:auto_generated|mac_mult5~1         ; 1       ;
; lpm_mult:Mult0|mult_46t:auto_generated|mac_mult5~0         ; 1       ;
; lpm_mult:Mult0|mult_46t:auto_generated|mac_mult5~DATAOUT31 ; 1       ;
; lpm_mult:Mult0|mult_46t:auto_generated|mac_mult5~DATAOUT30 ; 1       ;
; lpm_mult:Mult0|mult_46t:auto_generated|mac_mult5~DATAOUT29 ; 1       ;
; lpm_mult:Mult0|mult_46t:auto_generated|mac_mult5~DATAOUT28 ; 1       ;
; lpm_mult:Mult0|mult_46t:auto_generated|mac_mult5~DATAOUT27 ; 1       ;
; lpm_mult:Mult0|mult_46t:auto_generated|mac_mult5~DATAOUT26 ; 1       ;
; lpm_mult:Mult0|mult_46t:auto_generated|mac_mult5~DATAOUT25 ; 1       ;
; lpm_mult:Mult0|mult_46t:auto_generated|mac_mult5~DATAOUT24 ; 1       ;
; lpm_mult:Mult0|mult_46t:auto_generated|mac_mult5~DATAOUT23 ; 1       ;
; lpm_mult:Mult0|mult_46t:auto_generated|mac_mult5~DATAOUT22 ; 1       ;
; lpm_mult:Mult0|mult_46t:auto_generated|mac_mult5~DATAOUT21 ; 1       ;
; lpm_mult:Mult0|mult_46t:auto_generated|mac_mult5~DATAOUT20 ; 1       ;
; lpm_mult:Mult0|mult_46t:auto_generated|mac_mult5~DATAOUT19 ; 1       ;
; lpm_mult:Mult0|mult_46t:auto_generated|mac_mult5~DATAOUT18 ; 1       ;
; lpm_mult:Mult0|mult_46t:auto_generated|mac_mult5~DATAOUT17 ; 1       ;
; lpm_mult:Mult0|mult_46t:auto_generated|mac_mult5~DATAOUT16 ; 1       ;
; lpm_mult:Mult0|mult_46t:auto_generated|mac_mult5~DATAOUT15 ; 1       ;
; lpm_mult:Mult0|mult_46t:auto_generated|mac_mult5~DATAOUT14 ; 1       ;
; lpm_mult:Mult0|mult_46t:auto_generated|mac_mult5~DATAOUT13 ; 1       ;
; lpm_mult:Mult0|mult_46t:auto_generated|mac_mult5~DATAOUT12 ; 1       ;
; lpm_mult:Mult0|mult_46t:auto_generated|mac_mult5~DATAOUT11 ; 1       ;
; lpm_mult:Mult0|mult_46t:auto_generated|mac_mult5~DATAOUT10 ; 1       ;
; lpm_mult:Mult0|mult_46t:auto_generated|mac_mult5~DATAOUT9  ; 1       ;
; lpm_mult:Mult0|mult_46t:auto_generated|mac_mult5~DATAOUT8  ; 1       ;
; lpm_mult:Mult0|mult_46t:auto_generated|mac_mult5~DATAOUT7  ; 1       ;
; lpm_mult:Mult0|mult_46t:auto_generated|mac_mult5~DATAOUT6  ; 1       ;
; lpm_mult:Mult0|mult_46t:auto_generated|mac_mult5~DATAOUT5  ; 1       ;
; lpm_mult:Mult0|mult_46t:auto_generated|mac_mult5~DATAOUT4  ; 1       ;
; lpm_mult:Mult0|mult_46t:auto_generated|mac_mult5~DATAOUT3  ; 1       ;
; lpm_mult:Mult0|mult_46t:auto_generated|mac_mult5~DATAOUT2  ; 1       ;
; lpm_mult:Mult0|mult_46t:auto_generated|mac_mult5~DATAOUT1  ; 1       ;
; lpm_mult:Mult0|mult_46t:auto_generated|mac_mult5           ; 1       ;
; lpm_mult:Mult0|mult_46t:auto_generated|mac_mult3~3         ; 1       ;
; lpm_mult:Mult0|mult_46t:auto_generated|mac_mult3~2         ; 1       ;
; lpm_mult:Mult0|mult_46t:auto_generated|mac_mult3~1         ; 1       ;
; lpm_mult:Mult0|mult_46t:auto_generated|mac_mult3~0         ; 1       ;
; lpm_mult:Mult0|mult_46t:auto_generated|mac_mult3~DATAOUT31 ; 1       ;
; lpm_mult:Mult0|mult_46t:auto_generated|mac_mult3~DATAOUT30 ; 1       ;
; lpm_mult:Mult0|mult_46t:auto_generated|mac_mult3~DATAOUT29 ; 1       ;
; lpm_mult:Mult0|mult_46t:auto_generated|mac_mult3~DATAOUT28 ; 1       ;
; lpm_mult:Mult0|mult_46t:auto_generated|mac_mult3~DATAOUT27 ; 1       ;
; lpm_mult:Mult0|mult_46t:auto_generated|mac_mult3~DATAOUT26 ; 1       ;
; lpm_mult:Mult0|mult_46t:auto_generated|mac_mult3~DATAOUT25 ; 1       ;
; lpm_mult:Mult0|mult_46t:auto_generated|mac_mult3~DATAOUT24 ; 1       ;
; lpm_mult:Mult0|mult_46t:auto_generated|mac_mult3~DATAOUT23 ; 1       ;
; lpm_mult:Mult0|mult_46t:auto_generated|mac_mult3~DATAOUT22 ; 1       ;
; lpm_mult:Mult0|mult_46t:auto_generated|mac_mult3~DATAOUT21 ; 1       ;
; lpm_mult:Mult0|mult_46t:auto_generated|mac_mult3~DATAOUT20 ; 1       ;
; lpm_mult:Mult0|mult_46t:auto_generated|mac_mult3~DATAOUT19 ; 1       ;
; lpm_mult:Mult0|mult_46t:auto_generated|mac_mult3~DATAOUT18 ; 1       ;
; lpm_mult:Mult0|mult_46t:auto_generated|mac_mult3~DATAOUT17 ; 1       ;
; lpm_mult:Mult0|mult_46t:auto_generated|mac_mult3~DATAOUT16 ; 1       ;
; lpm_mult:Mult0|mult_46t:auto_generated|mac_mult3~DATAOUT15 ; 1       ;
; lpm_mult:Mult0|mult_46t:auto_generated|mac_mult3~DATAOUT14 ; 1       ;
; lpm_mult:Mult0|mult_46t:auto_generated|mac_mult3~DATAOUT13 ; 1       ;
; lpm_mult:Mult0|mult_46t:auto_generated|mac_mult3~DATAOUT12 ; 1       ;
; lpm_mult:Mult0|mult_46t:auto_generated|mac_mult3~DATAOUT11 ; 1       ;
; lpm_mult:Mult0|mult_46t:auto_generated|mac_mult3~DATAOUT10 ; 1       ;
; lpm_mult:Mult0|mult_46t:auto_generated|mac_mult3~DATAOUT9  ; 1       ;
; lpm_mult:Mult0|mult_46t:auto_generated|mac_mult3~DATAOUT8  ; 1       ;
; lpm_mult:Mult0|mult_46t:auto_generated|mac_mult3~DATAOUT7  ; 1       ;
; lpm_mult:Mult0|mult_46t:auto_generated|mac_mult3~DATAOUT6  ; 1       ;
; lpm_mult:Mult0|mult_46t:auto_generated|mac_mult3~DATAOUT5  ; 1       ;
; lpm_mult:Mult0|mult_46t:auto_generated|mac_mult3~DATAOUT4  ; 1       ;
; lpm_mult:Mult0|mult_46t:auto_generated|mac_mult3~DATAOUT3  ; 1       ;
; lpm_mult:Mult0|mult_46t:auto_generated|mac_mult3~DATAOUT2  ; 1       ;
; lpm_mult:Mult0|mult_46t:auto_generated|mac_mult3~DATAOUT1  ; 1       ;
; lpm_mult:Mult0|mult_46t:auto_generated|mac_mult3           ; 1       ;
; Add10~81                                                   ; 1       ;
; Add10~80                                                   ; 1       ;
; Add10~78                                                   ; 1       ;
; Add10~76                                                   ; 1       ;
; z_aux[63]~75                                               ; 1       ;
; z_aux[63]~74                                               ; 1       ;
; z_aux[62]~73                                               ; 1       ;
; z_aux[62]~72                                               ; 1       ;
; lpm_mult:Mult1|mult_46t:auto_generated|op_1~89             ; 1       ;
; lpm_mult:Mult1|mult_46t:auto_generated|op_1~88             ; 1       ;
; lpm_mult:Mult1|mult_46t:auto_generated|add9_result[45]~90  ; 1       ;
; lpm_mult:Mult1|mult_46t:auto_generated|add9_result[44]~89  ; 1       ;
; lpm_mult:Mult1|mult_46t:auto_generated|add9_result[44]~88  ; 1       ;
; Add9~97                                                    ; 1       ;
; Add9~96                                                    ; 1       ;
; Add9~94                                                    ; 1       ;
; Add9~92                                                    ; 1       ;
; Add9~90                                                    ; 1       ;
; y_aux[64]~79                                               ; 1       ;
; y_aux[64]~78                                               ; 1       ;
; y_aux[63]~77                                               ; 1       ;
; y_aux[63]~76                                               ; 1       ;
; y_aux[62]~75                                               ; 1       ;
; y_aux[62]~74                                               ; 1       ;
; Add1~125                                                   ; 1       ;
; Add1~124                                                   ; 1       ;
; Add1~123                                                   ; 1       ;
; Add1~122                                                   ; 1       ;
; lpm_mult:Mult0|mult_46t:auto_generated|op_1~89             ; 1       ;
; lpm_mult:Mult0|mult_46t:auto_generated|op_1~88             ; 1       ;
; lpm_mult:Mult0|mult_46t:auto_generated|add9_result[45]~90  ; 1       ;
; lpm_mult:Mult0|mult_46t:auto_generated|add9_result[44]~89  ; 1       ;
; lpm_mult:Mult0|mult_46t:auto_generated|add9_result[44]~88  ; 1       ;
; Add8~91                                                    ; 1       ;
; Add8~90                                                    ; 1       ;
; Add10~74                                                   ; 1       ;
; Add10~73                                                   ; 1       ;
; z_aux[61]~71                                               ; 1       ;
; z_aux[61]~70                                               ; 1       ;
; lpm_mult:Mult1|mult_46t:auto_generated|op_1~87             ; 1       ;
; lpm_mult:Mult1|mult_46t:auto_generated|op_1~86             ; 1       ;
; lpm_mult:Mult1|mult_46t:auto_generated|add9_result[43]~87  ; 1       ;
; lpm_mult:Mult1|mult_46t:auto_generated|add9_result[43]~86  ; 1       ;
; Add9~87                                                    ; 1       ;
; Add9~86                                                    ; 1       ;
; y_aux[61]~73                                               ; 1       ;
; y_aux[61]~72                                               ; 1       ;
; Add1~121                                                   ; 1       ;
; Add1~120                                                   ; 1       ;
; lpm_mult:Mult0|mult_46t:auto_generated|op_1~87             ; 1       ;
; lpm_mult:Mult0|mult_46t:auto_generated|op_1~86             ; 1       ;
; lpm_mult:Mult0|mult_46t:auto_generated|add9_result[43]~87  ; 1       ;
; lpm_mult:Mult0|mult_46t:auto_generated|add9_result[43]~86  ; 1       ;
; Add8~87                                                    ; 1       ;
; Add8~86                                                    ; 1       ;
; Add10~72                                                   ; 1       ;
; Add10~71                                                   ; 1       ;
; z_aux[60]~69                                               ; 1       ;
; z_aux[60]~68                                               ; 1       ;
; lpm_mult:Mult1|mult_46t:auto_generated|op_1~85             ; 1       ;
; lpm_mult:Mult1|mult_46t:auto_generated|op_1~84             ; 1       ;
; lpm_mult:Mult1|mult_46t:auto_generated|add9_result[42]~85  ; 1       ;
; lpm_mult:Mult1|mult_46t:auto_generated|add9_result[42]~84  ; 1       ;
; Add9~84                                                    ; 1       ;
; Add9~83                                                    ; 1       ;
; y_aux[60]~71                                               ; 1       ;
; y_aux[60]~70                                               ; 1       ;
; Add1~119                                                   ; 1       ;
; Add1~118                                                   ; 1       ;
; lpm_mult:Mult0|mult_46t:auto_generated|op_1~85             ; 1       ;
; lpm_mult:Mult0|mult_46t:auto_generated|op_1~84             ; 1       ;
; lpm_mult:Mult0|mult_46t:auto_generated|add9_result[42]~85  ; 1       ;
; lpm_mult:Mult0|mult_46t:auto_generated|add9_result[42]~84  ; 1       ;
; Add8~84                                                    ; 1       ;
; Add8~83                                                    ; 1       ;
; Add10~70                                                   ; 1       ;
; Add10~69                                                   ; 1       ;
; z_aux[59]~67                                               ; 1       ;
; z_aux[59]~66                                               ; 1       ;
; lpm_mult:Mult1|mult_46t:auto_generated|op_1~83             ; 1       ;
; lpm_mult:Mult1|mult_46t:auto_generated|op_1~82             ; 1       ;
; lpm_mult:Mult1|mult_46t:auto_generated|add9_result[41]~83  ; 1       ;
; lpm_mult:Mult1|mult_46t:auto_generated|add9_result[41]~82  ; 1       ;
; Add9~81                                                    ; 1       ;
; Add9~80                                                    ; 1       ;
; y_aux[59]~69                                               ; 1       ;
; y_aux[59]~68                                               ; 1       ;
; Add1~117                                                   ; 1       ;
; Add1~116                                                   ; 1       ;
; lpm_mult:Mult0|mult_46t:auto_generated|op_1~83             ; 1       ;
; lpm_mult:Mult0|mult_46t:auto_generated|op_1~82             ; 1       ;
; lpm_mult:Mult0|mult_46t:auto_generated|add9_result[41]~83  ; 1       ;
; lpm_mult:Mult0|mult_46t:auto_generated|add9_result[41]~82  ; 1       ;
; Add8~81                                                    ; 1       ;
; Add8~80                                                    ; 1       ;
; Add0~63                                                    ; 1       ;
; Add0~62                                                    ; 1       ;
; Add10~68                                                   ; 1       ;
; Add10~67                                                   ; 1       ;
; z_aux[58]~65                                               ; 1       ;
; z_aux[58]~64                                               ; 1       ;
; lpm_mult:Mult1|mult_46t:auto_generated|op_1~81             ; 1       ;
; lpm_mult:Mult1|mult_46t:auto_generated|op_1~80             ; 1       ;
; lpm_mult:Mult1|mult_46t:auto_generated|add9_result[40]~81  ; 1       ;
; lpm_mult:Mult1|mult_46t:auto_generated|add9_result[40]~80  ; 1       ;
; Add9~78                                                    ; 1       ;
; Add9~77                                                    ; 1       ;
; y_aux[58]~67                                               ; 1       ;
; y_aux[58]~66                                               ; 1       ;
; Add1~115                                                   ; 1       ;
; Add1~114                                                   ; 1       ;
; lpm_mult:Mult0|mult_46t:auto_generated|op_1~81             ; 1       ;
; lpm_mult:Mult0|mult_46t:auto_generated|op_1~80             ; 1       ;
; lpm_mult:Mult0|mult_46t:auto_generated|add9_result[40]~81  ; 1       ;
; lpm_mult:Mult0|mult_46t:auto_generated|add9_result[40]~80  ; 1       ;
; Add8~78                                                    ; 1       ;
; Add8~77                                                    ; 1       ;
; Add0~61                                                    ; 1       ;
; Add0~60                                                    ; 1       ;
; Add10~65                                                   ; 1       ;
; Add10~64                                                   ; 1       ;
; z_aux[57]~63                                               ; 1       ;
; z_aux[57]~62                                               ; 1       ;
; lpm_mult:Mult1|mult_46t:auto_generated|op_1~79             ; 1       ;
; lpm_mult:Mult1|mult_46t:auto_generated|op_1~78             ; 1       ;
; lpm_mult:Mult1|mult_46t:auto_generated|add9_result[39]~79  ; 1       ;
; lpm_mult:Mult1|mult_46t:auto_generated|add9_result[39]~78  ; 1       ;
; Add9~75                                                    ; 1       ;
; Add9~74                                                    ; 1       ;
; y_aux[57]~65                                               ; 1       ;
; y_aux[57]~64                                               ; 1       ;
; Add1~113                                                   ; 1       ;
; Add1~112                                                   ; 1       ;
; lpm_mult:Mult0|mult_46t:auto_generated|op_1~79             ; 1       ;
; lpm_mult:Mult0|mult_46t:auto_generated|op_1~78             ; 1       ;
; lpm_mult:Mult0|mult_46t:auto_generated|add9_result[39]~79  ; 1       ;
; lpm_mult:Mult0|mult_46t:auto_generated|add9_result[39]~78  ; 1       ;
; Add8~75                                                    ; 1       ;
; Add8~74                                                    ; 1       ;
; Add0~59                                                    ; 1       ;
; Add0~58                                                    ; 1       ;
; Add10~62                                                   ; 1       ;
; Add10~61                                                   ; 1       ;
; z_aux[56]~61                                               ; 1       ;
; z_aux[56]~60                                               ; 1       ;
; lpm_mult:Mult1|mult_46t:auto_generated|op_1~77             ; 1       ;
; lpm_mult:Mult1|mult_46t:auto_generated|op_1~76             ; 1       ;
; lpm_mult:Mult1|mult_46t:auto_generated|add9_result[38]~77  ; 1       ;
; lpm_mult:Mult1|mult_46t:auto_generated|add9_result[38]~76  ; 1       ;
; Add9~72                                                    ; 1       ;
; Add9~71                                                    ; 1       ;
; y_aux[56]~63                                               ; 1       ;
; y_aux[56]~62                                               ; 1       ;
; Add1~111                                                   ; 1       ;
; Add1~110                                                   ; 1       ;
; lpm_mult:Mult0|mult_46t:auto_generated|op_1~77             ; 1       ;
; lpm_mult:Mult0|mult_46t:auto_generated|op_1~76             ; 1       ;
; lpm_mult:Mult0|mult_46t:auto_generated|add9_result[38]~77  ; 1       ;
; lpm_mult:Mult0|mult_46t:auto_generated|add9_result[38]~76  ; 1       ;
; Add8~72                                                    ; 1       ;
; Add8~71                                                    ; 1       ;
; Add0~57                                                    ; 1       ;
; Add0~56                                                    ; 1       ;
; Add10~59                                                   ; 1       ;
; Add10~58                                                   ; 1       ;
; z_aux[55]~59                                               ; 1       ;
; z_aux[55]~58                                               ; 1       ;
; lpm_mult:Mult1|mult_46t:auto_generated|op_1~75             ; 1       ;
; lpm_mult:Mult1|mult_46t:auto_generated|op_1~74             ; 1       ;
; lpm_mult:Mult1|mult_46t:auto_generated|add9_result[37]~75  ; 1       ;
; lpm_mult:Mult1|mult_46t:auto_generated|add9_result[37]~74  ; 1       ;
; Add9~69                                                    ; 1       ;
; Add9~68                                                    ; 1       ;
; y_aux[55]~61                                               ; 1       ;
; y_aux[55]~60                                               ; 1       ;
; Add1~109                                                   ; 1       ;
; Add1~108                                                   ; 1       ;
; lpm_mult:Mult0|mult_46t:auto_generated|op_1~75             ; 1       ;
; lpm_mult:Mult0|mult_46t:auto_generated|op_1~74             ; 1       ;
; lpm_mult:Mult0|mult_46t:auto_generated|add9_result[37]~75  ; 1       ;
; lpm_mult:Mult0|mult_46t:auto_generated|add9_result[37]~74  ; 1       ;
; Add8~69                                                    ; 1       ;
; Add8~68                                                    ; 1       ;
; Add0~55                                                    ; 1       ;
; Add0~54                                                    ; 1       ;
; Add10~57                                                   ; 1       ;
; Add10~56                                                   ; 1       ;
; z_aux[54]~57                                               ; 1       ;
; z_aux[54]~56                                               ; 1       ;
; lpm_mult:Mult1|mult_46t:auto_generated|op_1~73             ; 1       ;
; lpm_mult:Mult1|mult_46t:auto_generated|op_1~72             ; 1       ;
; lpm_mult:Mult1|mult_46t:auto_generated|add9_result[36]~73  ; 1       ;
; lpm_mult:Mult1|mult_46t:auto_generated|add9_result[36]~72  ; 1       ;
; Add9~66                                                    ; 1       ;
; Add9~65                                                    ; 1       ;
; y_aux[54]~59                                               ; 1       ;
; y_aux[54]~58                                               ; 1       ;
; Add1~107                                                   ; 1       ;
; Add1~106                                                   ; 1       ;
; lpm_mult:Mult0|mult_46t:auto_generated|op_1~73             ; 1       ;
; lpm_mult:Mult0|mult_46t:auto_generated|op_1~72             ; 1       ;
; lpm_mult:Mult0|mult_46t:auto_generated|add9_result[36]~73  ; 1       ;
; lpm_mult:Mult0|mult_46t:auto_generated|add9_result[36]~72  ; 1       ;
; Add8~66                                                    ; 1       ;
; Add8~65                                                    ; 1       ;
; Add0~53                                                    ; 1       ;
; Add0~52                                                    ; 1       ;
; Add10~54                                                   ; 1       ;
; Add10~53                                                   ; 1       ;
; z_aux[53]~55                                               ; 1       ;
; z_aux[53]~54                                               ; 1       ;
; lpm_mult:Mult1|mult_46t:auto_generated|op_1~71             ; 1       ;
; lpm_mult:Mult1|mult_46t:auto_generated|op_1~70             ; 1       ;
; lpm_mult:Mult1|mult_46t:auto_generated|add9_result[35]~71  ; 1       ;
; lpm_mult:Mult1|mult_46t:auto_generated|add9_result[35]~70  ; 1       ;
; Add9~63                                                    ; 1       ;
; Add9~62                                                    ; 1       ;
; y_aux[53]~57                                               ; 1       ;
; y_aux[53]~56                                               ; 1       ;
; Add1~105                                                   ; 1       ;
; Add1~104                                                   ; 1       ;
; lpm_mult:Mult0|mult_46t:auto_generated|op_1~71             ; 1       ;
; lpm_mult:Mult0|mult_46t:auto_generated|op_1~70             ; 1       ;
; lpm_mult:Mult0|mult_46t:auto_generated|add9_result[35]~71  ; 1       ;
; lpm_mult:Mult0|mult_46t:auto_generated|add9_result[35]~70  ; 1       ;
; Add8~63                                                    ; 1       ;
; Add8~62                                                    ; 1       ;
; Add0~51                                                    ; 1       ;
; Add0~50                                                    ; 1       ;
; Add10~52                                                   ; 1       ;
; Add10~51                                                   ; 1       ;
; z_aux[52]~53                                               ; 1       ;
; z_aux[52]~52                                               ; 1       ;
; lpm_mult:Mult1|mult_46t:auto_generated|op_1~69             ; 1       ;
; lpm_mult:Mult1|mult_46t:auto_generated|op_1~68             ; 1       ;
; lpm_mult:Mult1|mult_46t:auto_generated|add9_result[34]~69  ; 1       ;
; lpm_mult:Mult1|mult_46t:auto_generated|add9_result[34]~68  ; 1       ;
; Add9~60                                                    ; 1       ;
; Add9~59                                                    ; 1       ;
; y_aux[52]~55                                               ; 1       ;
; y_aux[52]~54                                               ; 1       ;
; Add1~103                                                   ; 1       ;
; Add1~102                                                   ; 1       ;
; lpm_mult:Mult0|mult_46t:auto_generated|op_1~69             ; 1       ;
; lpm_mult:Mult0|mult_46t:auto_generated|op_1~68             ; 1       ;
; lpm_mult:Mult0|mult_46t:auto_generated|add9_result[34]~69  ; 1       ;
; lpm_mult:Mult0|mult_46t:auto_generated|add9_result[34]~68  ; 1       ;
; Add8~60                                                    ; 1       ;
; Add8~59                                                    ; 1       ;
; Add0~49                                                    ; 1       ;
; Add0~48                                                    ; 1       ;
; Add10~50                                                   ; 1       ;
; Add10~49                                                   ; 1       ;
; z_aux[51]~51                                               ; 1       ;
; z_aux[51]~50                                               ; 1       ;
; lpm_mult:Mult1|mult_46t:auto_generated|op_1~67             ; 1       ;
; lpm_mult:Mult1|mult_46t:auto_generated|op_1~66             ; 1       ;
; lpm_mult:Mult1|mult_46t:auto_generated|add9_result[33]~67  ; 1       ;
; lpm_mult:Mult1|mult_46t:auto_generated|add9_result[33]~66  ; 1       ;
; Add9~57                                                    ; 1       ;
; Add9~56                                                    ; 1       ;
; y_aux[51]~53                                               ; 1       ;
; y_aux[51]~52                                               ; 1       ;
; Add1~101                                                   ; 1       ;
; Add1~100                                                   ; 1       ;
; lpm_mult:Mult0|mult_46t:auto_generated|op_1~67             ; 1       ;
; lpm_mult:Mult0|mult_46t:auto_generated|op_1~66             ; 1       ;
; lpm_mult:Mult0|mult_46t:auto_generated|add9_result[33]~67  ; 1       ;
; lpm_mult:Mult0|mult_46t:auto_generated|add9_result[33]~66  ; 1       ;
; Add8~57                                                    ; 1       ;
; Add8~56                                                    ; 1       ;
; Add0~47                                                    ; 1       ;
; Add0~46                                                    ; 1       ;
; Add10~48                                                   ; 1       ;
; Add10~47                                                   ; 1       ;
; z_aux[50]~49                                               ; 1       ;
; z_aux[50]~48                                               ; 1       ;
; lpm_mult:Mult1|mult_46t:auto_generated|op_1~65             ; 1       ;
; lpm_mult:Mult1|mult_46t:auto_generated|op_1~64             ; 1       ;
; lpm_mult:Mult1|mult_46t:auto_generated|add9_result[32]~65  ; 1       ;
; lpm_mult:Mult1|mult_46t:auto_generated|add9_result[32]~64  ; 1       ;
; Add9~54                                                    ; 1       ;
; Add9~53                                                    ; 1       ;
; y_aux[50]~51                                               ; 1       ;
; y_aux[50]~50                                               ; 1       ;
; Add1~99                                                    ; 1       ;
; Add1~98                                                    ; 1       ;
; lpm_mult:Mult0|mult_46t:auto_generated|op_1~65             ; 1       ;
; lpm_mult:Mult0|mult_46t:auto_generated|op_1~64             ; 1       ;
; lpm_mult:Mult0|mult_46t:auto_generated|add9_result[32]~65  ; 1       ;
; lpm_mult:Mult0|mult_46t:auto_generated|add9_result[32]~64  ; 1       ;
; Add8~54                                                    ; 1       ;
; Add8~53                                                    ; 1       ;
; Add0~45                                                    ; 1       ;
; Add0~44                                                    ; 1       ;
; Add10~45                                                   ; 1       ;
; Add10~44                                                   ; 1       ;
; z_aux[49]~47                                               ; 1       ;
; z_aux[49]~46                                               ; 1       ;
; lpm_mult:Mult1|mult_46t:auto_generated|op_1~63             ; 1       ;
; lpm_mult:Mult1|mult_46t:auto_generated|op_1~62             ; 1       ;
; lpm_mult:Mult1|mult_46t:auto_generated|add9_result[31]~63  ; 1       ;
; lpm_mult:Mult1|mult_46t:auto_generated|add9_result[31]~62  ; 1       ;
; Add9~51                                                    ; 1       ;
; Add9~50                                                    ; 1       ;
; y_aux[49]~49                                               ; 1       ;
; y_aux[49]~48                                               ; 1       ;
; Add1~97                                                    ; 1       ;
; Add1~96                                                    ; 1       ;
; lpm_mult:Mult0|mult_46t:auto_generated|op_1~63             ; 1       ;
; lpm_mult:Mult0|mult_46t:auto_generated|op_1~62             ; 1       ;
; lpm_mult:Mult0|mult_46t:auto_generated|add9_result[31]~63  ; 1       ;
; lpm_mult:Mult0|mult_46t:auto_generated|add9_result[31]~62  ; 1       ;
; Add8~51                                                    ; 1       ;
; Add8~50                                                    ; 1       ;
; Add0~43                                                    ; 1       ;
; Add0~42                                                    ; 1       ;
; Add10~42                                                   ; 1       ;
; Add10~41                                                   ; 1       ;
; z_aux[48]~45                                               ; 1       ;
; z_aux[48]~44                                               ; 1       ;
; lpm_mult:Mult1|mult_46t:auto_generated|op_1~61             ; 1       ;
; lpm_mult:Mult1|mult_46t:auto_generated|op_1~60             ; 1       ;
; lpm_mult:Mult1|mult_46t:auto_generated|add9_result[30]~61  ; 1       ;
; lpm_mult:Mult1|mult_46t:auto_generated|add9_result[30]~60  ; 1       ;
; Add9~48                                                    ; 1       ;
; Add9~47                                                    ; 1       ;
; y_aux[48]~47                                               ; 1       ;
; y_aux[48]~46                                               ; 1       ;
; Add1~95                                                    ; 1       ;
; Add1~94                                                    ; 1       ;
; lpm_mult:Mult0|mult_46t:auto_generated|op_1~61             ; 1       ;
; lpm_mult:Mult0|mult_46t:auto_generated|op_1~60             ; 1       ;
; lpm_mult:Mult0|mult_46t:auto_generated|add9_result[30]~61  ; 1       ;
; lpm_mult:Mult0|mult_46t:auto_generated|add9_result[30]~60  ; 1       ;
; Add8~48                                                    ; 1       ;
; Add8~47                                                    ; 1       ;
; Add0~41                                                    ; 1       ;
; Add0~40                                                    ; 1       ;
; Add10~39                                                   ; 1       ;
; Add10~38                                                   ; 1       ;
; z_aux[47]~43                                               ; 1       ;
; z_aux[47]~42                                               ; 1       ;
; lpm_mult:Mult1|mult_46t:auto_generated|op_1~59             ; 1       ;
; lpm_mult:Mult1|mult_46t:auto_generated|op_1~58             ; 1       ;
; lpm_mult:Mult1|mult_46t:auto_generated|add9_result[29]~59  ; 1       ;
; lpm_mult:Mult1|mult_46t:auto_generated|add9_result[29]~58  ; 1       ;
; Add9~45                                                    ; 1       ;
; Add9~44                                                    ; 1       ;
; y_aux[47]~45                                               ; 1       ;
; y_aux[47]~44                                               ; 1       ;
; Add1~93                                                    ; 1       ;
; Add1~92                                                    ; 1       ;
; lpm_mult:Mult0|mult_46t:auto_generated|op_1~59             ; 1       ;
; lpm_mult:Mult0|mult_46t:auto_generated|op_1~58             ; 1       ;
; lpm_mult:Mult0|mult_46t:auto_generated|add9_result[29]~59  ; 1       ;
; lpm_mult:Mult0|mult_46t:auto_generated|add9_result[29]~58  ; 1       ;
; Add8~45                                                    ; 1       ;
; Add8~44                                                    ; 1       ;
; Add0~39                                                    ; 1       ;
; Add0~38                                                    ; 1       ;
; Add10~36                                                   ; 1       ;
; Add10~35                                                   ; 1       ;
; z_aux[46]~41                                               ; 1       ;
; z_aux[46]~40                                               ; 1       ;
; lpm_mult:Mult1|mult_46t:auto_generated|op_1~57             ; 1       ;
; lpm_mult:Mult1|mult_46t:auto_generated|op_1~56             ; 1       ;
; lpm_mult:Mult1|mult_46t:auto_generated|add9_result[28]~57  ; 1       ;
; lpm_mult:Mult1|mult_46t:auto_generated|add9_result[28]~56  ; 1       ;
; Add9~42                                                    ; 1       ;
+------------------------------------------------------------+---------+


+-----------------------------------------------------------------------------------------------+
; Fitter DSP Block Usage Summary                                                                ;
+---------------------------------------+-------------+---------------------+-------------------+
; Statistic                             ; Number Used ; Available per Block ; Maximum Available ;
+---------------------------------------+-------------+---------------------+-------------------+
; Simple Multipliers (9-bit)            ; 0           ; 2                   ; 532               ;
; Simple Multipliers (18-bit)           ; 8           ; 1                   ; 266               ;
; Embedded Multiplier Blocks            ; 8           ; --                  ; 266               ;
; Embedded Multiplier 9-bit elements    ; 16          ; 2                   ; 532               ;
; Signed Embedded Multipliers           ; 2           ; --                  ; --                ;
; Unsigned Embedded Multipliers         ; 2           ; --                  ; --                ;
; Mixed Sign Embedded Multipliers       ; 4           ; --                  ; --                ;
; Variable Sign Embedded Multipliers    ; 0           ; --                  ; --                ;
; Dedicated Input Shift Register Chains ; 0           ; --                  ; --                ;
+---------------------------------------+-------------+---------------------+-------------------+


+----------------------------------------------------------------------------------------------------------------------------------------------------------------------------------------------------------------------------------------------------+
; DSP Block Details                                                                                                                                                                                                                                  ;
+-----------------------------------------------------+----------------------------+--------------------+---------------------+--------------------------------+-----------------------+-----------------------+-------------------+-----------------+
; Name                                                ; Mode                       ; Location           ; Sign Representation ; Has Input Shift Register Chain ; Data A Input Register ; Data B Input Register ; Pipeline Register ; Output Register ;
+-----------------------------------------------------+----------------------------+--------------------+---------------------+--------------------------------+-----------------------+-----------------------+-------------------+-----------------+
; lpm_mult:Mult0|mult_46t:auto_generated|mac_out4     ; Simple Multiplier (18-bit) ; DSPOUT_X44_Y25_N2  ;                     ; No                             ;                       ;                       ;                   ; no              ;
;    lpm_mult:Mult0|mult_46t:auto_generated|mac_mult3 ;                            ; DSPMULT_X44_Y25_N0 ; Mixed               ;                                ; no                    ; no                    ; no                ;                 ;
; lpm_mult:Mult0|mult_46t:auto_generated|mac_out6     ; Simple Multiplier (18-bit) ; DSPOUT_X44_Y26_N2  ;                     ; No                             ;                       ;                       ;                   ; no              ;
;    lpm_mult:Mult0|mult_46t:auto_generated|mac_mult5 ;                            ; DSPMULT_X44_Y26_N0 ; Mixed               ;                                ; no                    ; yes                   ; no                ;                 ;
; lpm_mult:Mult0|mult_46t:auto_generated|w569w[0]     ; Simple Multiplier (18-bit) ; DSPOUT_X44_Y27_N2  ;                     ; No                             ;                       ;                       ;                   ; no              ;
;    lpm_mult:Mult0|mult_46t:auto_generated|mac_mult1 ;                            ; DSPMULT_X44_Y27_N0 ; Unsigned            ;                                ; no                    ; no                    ; no                ;                 ;
; lpm_mult:Mult1|mult_46t:auto_generated|mac_out4     ; Simple Multiplier (18-bit) ; DSPOUT_X44_Y22_N2  ;                     ; No                             ;                       ;                       ;                   ; no              ;
;    lpm_mult:Mult1|mult_46t:auto_generated|mac_mult3 ;                            ; DSPMULT_X44_Y22_N0 ; Mixed               ;                                ; no                    ; yes                   ; no                ;                 ;
; lpm_mult:Mult1|mult_46t:auto_generated|mac_out6     ; Simple Multiplier (18-bit) ; DSPOUT_X44_Y21_N2  ;                     ; No                             ;                       ;                       ;                   ; no              ;
;    lpm_mult:Mult1|mult_46t:auto_generated|mac_mult5 ;                            ; DSPMULT_X44_Y21_N0 ; Mixed               ;                                ; no                    ; yes                   ; no                ;                 ;
; lpm_mult:Mult1|mult_46t:auto_generated|w569w[0]     ; Simple Multiplier (18-bit) ; DSPOUT_X44_Y20_N2  ;                     ; No                             ;                       ;                       ;                   ; no              ;
;    lpm_mult:Mult1|mult_46t:auto_generated|mac_mult1 ;                            ; DSPMULT_X44_Y20_N0 ; Unsigned            ;                                ; no                    ; no                    ; no                ;                 ;
; lpm_mult:Mult0|mult_46t:auto_generated|mac_out8     ; Simple Multiplier (18-bit) ; DSPOUT_X44_Y24_N2  ;                     ; No                             ;                       ;                       ;                   ; no              ;
;    lpm_mult:Mult0|mult_46t:auto_generated|mac_mult7 ;                            ; DSPMULT_X44_Y24_N0 ; Signed              ;                                ; yes                   ; no                    ; no                ;                 ;
; lpm_mult:Mult1|mult_46t:auto_generated|mac_out8     ; Simple Multiplier (18-bit) ; DSPOUT_X44_Y23_N2  ;                     ; No                             ;                       ;                       ;                   ; no              ;
;    lpm_mult:Mult1|mult_46t:auto_generated|mac_mult7 ;                            ; DSPMULT_X44_Y23_N0 ; Signed              ;                                ; yes                   ; yes                   ; no                ;                 ;
+-----------------------------------------------------+----------------------------+--------------------+---------------------+--------------------------------+-----------------------+-----------------------+-------------------+-----------------+


+---------------------------------------------------------+
; Other Routing Usage Summary                             ;
+-----------------------------+---------------------------+
; Other Routing Resource Type ; Usage                     ;
+-----------------------------+---------------------------+
; Block interconnects         ; 1,332 / 342,891 ( < 1 % ) ;
; C16 interconnects           ; 45 / 10,120 ( < 1 % )     ;
; C4 interconnects            ; 801 / 209,544 ( < 1 % )   ;
; Direct links                ; 303 / 342,891 ( < 1 % )   ;
; Global clocks               ; 2 / 20 ( 10 % )           ;
; Local interconnects         ; 107 / 119,088 ( < 1 % )   ;
; R24 interconnects           ; 51 / 9,963 ( < 1 % )      ;
; R4 interconnects            ; 1,008 / 289,782 ( < 1 % ) ;
+-----------------------------+---------------------------+


+----------------------------------------------------------------------------+
; LAB Logic Elements                                                         ;
+---------------------------------------------+------------------------------+
; Number of Logic Elements  (Average = 12.80) ; Number of LABs  (Total = 51) ;
+---------------------------------------------+------------------------------+
; 1                                           ; 3                            ;
; 2                                           ; 2                            ;
; 3                                           ; 1                            ;
; 4                                           ; 0                            ;
; 5                                           ; 1                            ;
; 6                                           ; 1                            ;
; 7                                           ; 0                            ;
; 8                                           ; 2                            ;
; 9                                           ; 2                            ;
; 10                                          ; 0                            ;
; 11                                          ; 0                            ;
; 12                                          ; 0                            ;
; 13                                          ; 4                            ;
; 14                                          ; 2                            ;
; 15                                          ; 10                           ;
; 16                                          ; 23                           ;
+---------------------------------------------+------------------------------+


+-------------------------------------------------------------------+
; LAB-wide Signals                                                  ;
+------------------------------------+------------------------------+
; LAB-wide Signals  (Average = 1.12) ; Number of LABs  (Total = 51) ;
+------------------------------------+------------------------------+
; 1 Async. clear                     ; 17                           ;
; 1 Clock                            ; 21                           ;
; 1 Clock enable                     ; 17                           ;
; 1 Sync. clear                      ; 1                            ;
; 2 Clock enables                    ; 1                            ;
+------------------------------------+------------------------------+


+-----------------------------------------------------------------------------+
; LAB Signals Sourced                                                         ;
+----------------------------------------------+------------------------------+
; Number of Signals Sourced  (Average = 14.37) ; Number of LABs  (Total = 51) ;
+----------------------------------------------+------------------------------+
; 0                                            ; 1                            ;
; 1                                            ; 3                            ;
; 2                                            ; 2                            ;
; 3                                            ; 0                            ;
; 4                                            ; 0                            ;
; 5                                            ; 0                            ;
; 6                                            ; 1                            ;
; 7                                            ; 1                            ;
; 8                                            ; 1                            ;
; 9                                            ; 1                            ;
; 10                                           ; 1                            ;
; 11                                           ; 2                            ;
; 12                                           ; 2                            ;
; 13                                           ; 4                            ;
; 14                                           ; 0                            ;
; 15                                           ; 7                            ;
; 16                                           ; 11                           ;
; 17                                           ; 1                            ;
; 18                                           ; 2                            ;
; 19                                           ; 3                            ;
; 20                                           ; 0                            ;
; 21                                           ; 1                            ;
; 22                                           ; 2                            ;
; 23                                           ; 1                            ;
; 24                                           ; 1                            ;
; 25                                           ; 1                            ;
; 26                                           ; 0                            ;
; 27                                           ; 0                            ;
; 28                                           ; 1                            ;
; 29                                           ; 0                            ;
; 30                                           ; 0                            ;
; 31                                           ; 0                            ;
; 32                                           ; 1                            ;
+----------------------------------------------+------------------------------+


+---------------------------------------------------------------------------------+
; LAB Signals Sourced Out                                                         ;
+--------------------------------------------------+------------------------------+
; Number of Signals Sourced Out  (Average = 11.14) ; Number of LABs  (Total = 51) ;
+--------------------------------------------------+------------------------------+
; 0                                                ; 1                            ;
; 1                                                ; 4                            ;
; 2                                                ; 2                            ;
; 3                                                ; 0                            ;
; 4                                                ; 2                            ;
; 5                                                ; 0                            ;
; 6                                                ; 1                            ;
; 7                                                ; 3                            ;
; 8                                                ; 3                            ;
; 9                                                ; 3                            ;
; 10                                               ; 2                            ;
; 11                                               ; 3                            ;
; 12                                               ; 2                            ;
; 13                                               ; 2                            ;
; 14                                               ; 1                            ;
; 15                                               ; 7                            ;
; 16                                               ; 11                           ;
; 17                                               ; 1                            ;
; 18                                               ; 0                            ;
; 19                                               ; 2                            ;
; 20                                               ; 0                            ;
; 21                                               ; 1                            ;
+--------------------------------------------------+------------------------------+


+-----------------------------------------------------------------------------+
; LAB Distinct Inputs                                                         ;
+----------------------------------------------+------------------------------+
; Number of Distinct Inputs  (Average = 20.59) ; Number of LABs  (Total = 51) ;
+----------------------------------------------+------------------------------+
; 0                                            ; 0                            ;
; 1                                            ; 0                            ;
; 2                                            ; 0                            ;
; 3                                            ; 3                            ;
; 4                                            ; 1                            ;
; 5                                            ; 1                            ;
; 6                                            ; 4                            ;
; 7                                            ; 1                            ;
; 8                                            ; 0                            ;
; 9                                            ; 1                            ;
; 10                                           ; 0                            ;
; 11                                           ; 0                            ;
; 12                                           ; 1                            ;
; 13                                           ; 1                            ;
; 14                                           ; 0                            ;
; 15                                           ; 1                            ;
; 16                                           ; 3                            ;
; 17                                           ; 3                            ;
; 18                                           ; 3                            ;
; 19                                           ; 1                            ;
; 20                                           ; 3                            ;
; 21                                           ; 1                            ;
; 22                                           ; 1                            ;
; 23                                           ; 2                            ;
; 24                                           ; 1                            ;
; 25                                           ; 1                            ;
; 26                                           ; 0                            ;
; 27                                           ; 0                            ;
; 28                                           ; 0                            ;
; 29                                           ; 3                            ;
; 30                                           ; 4                            ;
; 31                                           ; 0                            ;
; 32                                           ; 0                            ;
; 33                                           ; 9                            ;
; 34                                           ; 0                            ;
; 35                                           ; 0                            ;
; 36                                           ; 0                            ;
; 37                                           ; 0                            ;
; 38                                           ; 0                            ;
; 39                                           ; 2                            ;
+----------------------------------------------+------------------------------+


+------------------------------------------+
; I/O Rules Summary                        ;
+----------------------------------+-------+
; I/O Rules Statistic              ; Total ;
+----------------------------------+-------+
; Total I/O Rules                  ; 30    ;
; Number of I/O Rules Passed       ; 9     ;
; Number of I/O Rules Failed       ; 0     ;
; Number of I/O Rules Unchecked    ; 0     ;
; Number of I/O Rules Inapplicable ; 21    ;
+----------------------------------+-------+


+-----------------------------------------------------------------------------------------------------------------------------------------------------------------------------------------------------------------------------------------------------------------------------------------------------+
; I/O Rules Details                                                                                                                                                                                                                                                                                   ;
+--------------+-----------+-----------------------------------+------------------------------------------------------------------------------------------------------+----------+--------------------------------------------------------------------------+---------------------+-------------------+
; Status       ; ID        ; Category                          ; Rule Description                                                                                     ; Severity ; Information                                                              ; Area                ; Extra Information ;
+--------------+-----------+-----------------------------------+------------------------------------------------------------------------------------------------------+----------+--------------------------------------------------------------------------+---------------------+-------------------+
; Inapplicable ; IO_000001 ; Capacity Checks                   ; Number of pins in an I/O bank should not exceed the number of locations available.                   ; Critical ; No Location assignments found.                                           ; I/O                 ;                   ;
; Inapplicable ; IO_000002 ; Capacity Checks                   ; Number of clocks in an I/O bank should not exceed the number of clocks available.                    ; Critical ; No Global Signal assignments found.                                      ; I/O                 ;                   ;
; Inapplicable ; IO_000003 ; Capacity Checks                   ; Number of pins in a Vrefgroup should not exceed the number of locations available.                   ; Critical ; No Location assignments found.                                           ; I/O                 ;                   ;
; Inapplicable ; IO_000004 ; Voltage Compatibility Checks      ; The I/O bank should support the requested VCCIO.                                                     ; Critical ; No IOBANK_VCCIO assignments found.                                       ; I/O                 ;                   ;
; Inapplicable ; IO_000005 ; Voltage Compatibility Checks      ; The I/O bank should not have competing VREF values.                                                  ; Critical ; No VREF I/O Standard assignments found.                                  ; I/O                 ;                   ;
; Pass         ; IO_000006 ; Voltage Compatibility Checks      ; The I/O bank should not have competing VCCIO values.                                                 ; Critical ; 0 such failures found.                                                   ; I/O                 ;                   ;
; Inapplicable ; IO_000007 ; Valid Location Checks             ; Checks for unavailable locations.                                                                    ; Critical ; No Location assignments found.                                           ; I/O                 ;                   ;
; Inapplicable ; IO_000008 ; Valid Location Checks             ; Checks for reserved locations.                                                                       ; Critical ; No reserved LogicLock region found.                                      ; I/O                 ;                   ;
; Pass         ; IO_000009 ; I/O Properties Checks for One I/O ; The location should support the requested I/O standard.                                              ; Critical ; 0 such failures found.                                                   ; I/O                 ;                   ;
; Pass         ; IO_000010 ; I/O Properties Checks for One I/O ; The location should support the requested I/O direction.                                             ; Critical ; 0 such failures found.                                                   ; I/O                 ;                   ;
; Inapplicable ; IO_000011 ; I/O Properties Checks for One I/O ; The location should support the requested Current Strength.                                          ; Critical ; No Current Strength assignments found.                                   ; I/O                 ;                   ;
; Pass         ; IO_000012 ; I/O Properties Checks for One I/O ; The location should support the requested On Chip Termination value.                                 ; Critical ; 0 such failures found.                                                   ; I/O                 ;                   ;
; Inapplicable ; IO_000013 ; I/O Properties Checks for One I/O ; The location should support the requested Bus Hold value.                                            ; Critical ; No Enable Bus-Hold Circuitry assignments found.                          ; I/O                 ;                   ;
; Inapplicable ; IO_000014 ; I/O Properties Checks for One I/O ; The location should support the requested Weak Pull Up value.                                        ; Critical ; No Weak Pull-Up Resistor assignments found.                              ; I/O                 ;                   ;
; Pass         ; IO_000015 ; I/O Properties Checks for One I/O ; The location should support the requested PCI Clamp Diode.                                           ; Critical ; 0 such failures found.                                                   ; I/O                 ;                   ;
; Inapplicable ; IO_000018 ; I/O Properties Checks for One I/O ; The I/O standard should support the requested Current Strength.                                      ; Critical ; No Current Strength assignments found.                                   ; I/O                 ;                   ;
; Pass         ; IO_000019 ; I/O Properties Checks for One I/O ; The I/O standard should support the requested On Chip Termination value.                             ; Critical ; 0 such failures found.                                                   ; I/O                 ;                   ;
; Pass         ; IO_000020 ; I/O Properties Checks for One I/O ; The I/O standard should support the requested PCI Clamp Diode.                                       ; Critical ; 0 such failures found.                                                   ; I/O                 ;                   ;
; Inapplicable ; IO_000021 ; I/O Properties Checks for One I/O ; The I/O standard should support the requested Weak Pull Up value.                                    ; Critical ; No Weak Pull-Up Resistor assignments found.                              ; I/O                 ;                   ;
; Inapplicable ; IO_000022 ; I/O Properties Checks for One I/O ; The I/O standard should support the requested Bus Hold value.                                        ; Critical ; No Enable Bus-Hold Circuitry assignments found.                          ; I/O                 ;                   ;
; Inapplicable ; IO_000023 ; I/O Properties Checks for One I/O ; The I/O standard should support the Open Drain value.                                                ; Critical ; No open drain assignments found.                                         ; I/O                 ;                   ;
; Pass         ; IO_000024 ; I/O Properties Checks for One I/O ; The I/O direction should support the On Chip Termination value.                                      ; Critical ; 0 such failures found.                                                   ; I/O                 ;                   ;
; Inapplicable ; IO_000026 ; I/O Properties Checks for One I/O ; On Chip Termination and Current Strength should not be used at the same time.                        ; Critical ; No Current Strength assignments found.                                   ; I/O                 ;                   ;
; Inapplicable ; IO_000027 ; I/O Properties Checks for One I/O ; Weak Pull Up and Bus Hold should not be used at the same time.                                       ; Critical ; No Enable Bus-Hold Circuitry or Weak Pull-Up Resistor assignments found. ; I/O                 ;                   ;
; Inapplicable ; IO_000045 ; I/O Properties Checks for One I/O ; The I/O standard should support the requested Slew Rate value.                                       ; Critical ; No Slew Rate assignments found.                                          ; I/O                 ;                   ;
; Inapplicable ; IO_000046 ; I/O Properties Checks for One I/O ; The location should support the requested Slew Rate value.                                           ; Critical ; No Slew Rate assignments found.                                          ; I/O                 ;                   ;
; Inapplicable ; IO_000047 ; I/O Properties Checks for One I/O ; On Chip Termination and Slew Rate should not be used at the same time.                               ; Critical ; No Slew Rate assignments found.                                          ; I/O                 ;                   ;
; Pass         ; IO_000033 ; Electromigration Checks           ; Current density for consecutive I/Os should not exceed 240mA for row I/Os and 240mA for column I/Os. ; Critical ; 0 such failures found.                                                   ; I/O                 ;                   ;
; Inapplicable ; IO_000034 ; SI Related Distance Checks        ; Single-ended outputs should be 5 LAB row(s) away from a differential I/O.                            ; High     ; No Differential I/O Standard assignments found.                          ; I/O                 ;                   ;
; Inapplicable ; IO_000042 ; SI Related SSO Limit Checks       ; No more than 20 outputs are allowed in a VREF group when VREF is being read from.                    ; High     ; No VREF I/O Standard assignments found.                                  ; I/O                 ;                   ;
; ----         ; ----      ; Disclaimer                        ; OCT rules are checked but not reported.                                                              ; None     ; ----                                                                     ; On Chip Termination ;                   ;
+--------------+-----------+-----------------------------------+------------------------------------------------------------------------------------------------------+----------+--------------------------------------------------------------------------+---------------------+-------------------+


+--------------------------------------------------------------------------------------------------------------------------------------------------------------------------------------------------------------------------------------------------------------------------------------------------------------------------------------------------------------------------------------------------------------------------------------------------------------------------+
; I/O Rules Matrix                                                                                                                                                                                                                                                                                                                                                                                                                                                         ;
+--------------------+--------------+--------------+--------------+--------------+--------------+-----------+--------------+--------------+-----------+-----------+--------------+--------------+--------------+--------------+--------------+--------------+--------------+--------------+--------------+--------------+--------------+--------------+--------------+--------------+--------------+--------------+--------------+-----------+--------------+--------------+
; Pin/Rules          ; IO_000001    ; IO_000002    ; IO_000003    ; IO_000004    ; IO_000005    ; IO_000006 ; IO_000007    ; IO_000008    ; IO_000009 ; IO_000010 ; IO_000011    ; IO_000012    ; IO_000013    ; IO_000014    ; IO_000015    ; IO_000018    ; IO_000019    ; IO_000020    ; IO_000021    ; IO_000022    ; IO_000023    ; IO_000024    ; IO_000026    ; IO_000027    ; IO_000045    ; IO_000046    ; IO_000047    ; IO_000033 ; IO_000034    ; IO_000042    ;
+--------------------+--------------+--------------+--------------+--------------+--------------+-----------+--------------+--------------+-----------+-----------+--------------+--------------+--------------+--------------+--------------+--------------+--------------+--------------+--------------+--------------+--------------+--------------+--------------+--------------+--------------+--------------+--------------+-----------+--------------+--------------+
; Total Pass         ; 0            ; 0            ; 0            ; 0            ; 0            ; 45        ; 0            ; 0            ; 45        ; 45        ; 0            ; 40           ; 0            ; 0            ; 5            ; 0            ; 40           ; 5            ; 0            ; 0            ; 0            ; 40           ; 0            ; 0            ; 0            ; 0            ; 0            ; 45        ; 0            ; 0            ;
; Total Unchecked    ; 0            ; 0            ; 0            ; 0            ; 0            ; 0         ; 0            ; 0            ; 0         ; 0         ; 0            ; 0            ; 0            ; 0            ; 0            ; 0            ; 0            ; 0            ; 0            ; 0            ; 0            ; 0            ; 0            ; 0            ; 0            ; 0            ; 0            ; 0         ; 0            ; 0            ;
; Total Inapplicable ; 45           ; 45           ; 45           ; 45           ; 45           ; 0         ; 45           ; 45           ; 0         ; 0         ; 45           ; 5            ; 45           ; 45           ; 40           ; 45           ; 5            ; 40           ; 45           ; 45           ; 45           ; 5            ; 45           ; 45           ; 45           ; 45           ; 45           ; 0         ; 45           ; 45           ;
; Total Fail         ; 0            ; 0            ; 0            ; 0            ; 0            ; 0         ; 0            ; 0            ; 0         ; 0         ; 0            ; 0            ; 0            ; 0            ; 0            ; 0            ; 0            ; 0            ; 0            ; 0            ; 0            ; 0            ; 0            ; 0            ; 0            ; 0            ; 0            ; 0         ; 0            ; 0            ;
; done_out           ; Inapplicable ; Inapplicable ; Inapplicable ; Inapplicable ; Inapplicable ; Pass      ; Inapplicable ; Inapplicable ; Pass      ; Pass      ; Inapplicable ; Pass         ; Inapplicable ; Inapplicable ; Inapplicable ; Inapplicable ; Pass         ; Inapplicable ; Inapplicable ; Inapplicable ; Inapplicable ; Pass         ; Inapplicable ; Inapplicable ; Inapplicable ; Inapplicable ; Inapplicable ; Pass      ; Inapplicable ; Inapplicable ;
; data_out[0]        ; Inapplicable ; Inapplicable ; Inapplicable ; Inapplicable ; Inapplicable ; Pass      ; Inapplicable ; Inapplicable ; Pass      ; Pass      ; Inapplicable ; Pass         ; Inapplicable ; Inapplicable ; Inapplicable ; Inapplicable ; Pass         ; Inapplicable ; Inapplicable ; Inapplicable ; Inapplicable ; Pass         ; Inapplicable ; Inapplicable ; Inapplicable ; Inapplicable ; Inapplicable ; Pass      ; Inapplicable ; Inapplicable ;
; data_out[1]        ; Inapplicable ; Inapplicable ; Inapplicable ; Inapplicable ; Inapplicable ; Pass      ; Inapplicable ; Inapplicable ; Pass      ; Pass      ; Inapplicable ; Pass         ; Inapplicable ; Inapplicable ; Inapplicable ; Inapplicable ; Pass         ; Inapplicable ; Inapplicable ; Inapplicable ; Inapplicable ; Pass         ; Inapplicable ; Inapplicable ; Inapplicable ; Inapplicable ; Inapplicable ; Pass      ; Inapplicable ; Inapplicable ;
; data_out[2]        ; Inapplicable ; Inapplicable ; Inapplicable ; Inapplicable ; Inapplicable ; Pass      ; Inapplicable ; Inapplicable ; Pass      ; Pass      ; Inapplicable ; Pass         ; Inapplicable ; Inapplicable ; Inapplicable ; Inapplicable ; Pass         ; Inapplicable ; Inapplicable ; Inapplicable ; Inapplicable ; Pass         ; Inapplicable ; Inapplicable ; Inapplicable ; Inapplicable ; Inapplicable ; Pass      ; Inapplicable ; Inapplicable ;
; data_out[3]        ; Inapplicable ; Inapplicable ; Inapplicable ; Inapplicable ; Inapplicable ; Pass      ; Inapplicable ; Inapplicable ; Pass      ; Pass      ; Inapplicable ; Pass         ; Inapplicable ; Inapplicable ; Inapplicable ; Inapplicable ; Pass         ; Inapplicable ; Inapplicable ; Inapplicable ; Inapplicable ; Pass         ; Inapplicable ; Inapplicable ; Inapplicable ; Inapplicable ; Inapplicable ; Pass      ; Inapplicable ; Inapplicable ;
; data_out[4]        ; Inapplicable ; Inapplicable ; Inapplicable ; Inapplicable ; Inapplicable ; Pass      ; Inapplicable ; Inapplicable ; Pass      ; Pass      ; Inapplicable ; Pass         ; Inapplicable ; Inapplicable ; Inapplicable ; Inapplicable ; Pass         ; Inapplicable ; Inapplicable ; Inapplicable ; Inapplicable ; Pass         ; Inapplicable ; Inapplicable ; Inapplicable ; Inapplicable ; Inapplicable ; Pass      ; Inapplicable ; Inapplicable ;
; data_out[5]        ; Inapplicable ; Inapplicable ; Inapplicable ; Inapplicable ; Inapplicable ; Pass      ; Inapplicable ; Inapplicable ; Pass      ; Pass      ; Inapplicable ; Pass         ; Inapplicable ; Inapplicable ; Inapplicable ; Inapplicable ; Pass         ; Inapplicable ; Inapplicable ; Inapplicable ; Inapplicable ; Pass         ; Inapplicable ; Inapplicable ; Inapplicable ; Inapplicable ; Inapplicable ; Pass      ; Inapplicable ; Inapplicable ;
; data_out[6]        ; Inapplicable ; Inapplicable ; Inapplicable ; Inapplicable ; Inapplicable ; Pass      ; Inapplicable ; Inapplicable ; Pass      ; Pass      ; Inapplicable ; Pass         ; Inapplicable ; Inapplicable ; Inapplicable ; Inapplicable ; Pass         ; Inapplicable ; Inapplicable ; Inapplicable ; Inapplicable ; Pass         ; Inapplicable ; Inapplicable ; Inapplicable ; Inapplicable ; Inapplicable ; Pass      ; Inapplicable ; Inapplicable ;
; data_out[7]        ; Inapplicable ; Inapplicable ; Inapplicable ; Inapplicable ; Inapplicable ; Pass      ; Inapplicable ; Inapplicable ; Pass      ; Pass      ; Inapplicable ; Pass         ; Inapplicable ; Inapplicable ; Inapplicable ; Inapplicable ; Pass         ; Inapplicable ; Inapplicable ; Inapplicable ; Inapplicable ; Pass         ; Inapplicable ; Inapplicable ; Inapplicable ; Inapplicable ; Inapplicable ; Pass      ; Inapplicable ; Inapplicable ;
; data_out[8]        ; Inapplicable ; Inapplicable ; Inapplicable ; Inapplicable ; Inapplicable ; Pass      ; Inapplicable ; Inapplicable ; Pass      ; Pass      ; Inapplicable ; Pass         ; Inapplicable ; Inapplicable ; Inapplicable ; Inapplicable ; Pass         ; Inapplicable ; Inapplicable ; Inapplicable ; Inapplicable ; Pass         ; Inapplicable ; Inapplicable ; Inapplicable ; Inapplicable ; Inapplicable ; Pass      ; Inapplicable ; Inapplicable ;
; data_out[9]        ; Inapplicable ; Inapplicable ; Inapplicable ; Inapplicable ; Inapplicable ; Pass      ; Inapplicable ; Inapplicable ; Pass      ; Pass      ; Inapplicable ; Pass         ; Inapplicable ; Inapplicable ; Inapplicable ; Inapplicable ; Pass         ; Inapplicable ; Inapplicable ; Inapplicable ; Inapplicable ; Pass         ; Inapplicable ; Inapplicable ; Inapplicable ; Inapplicable ; Inapplicable ; Pass      ; Inapplicable ; Inapplicable ;
; data_out[10]       ; Inapplicable ; Inapplicable ; Inapplicable ; Inapplicable ; Inapplicable ; Pass      ; Inapplicable ; Inapplicable ; Pass      ; Pass      ; Inapplicable ; Pass         ; Inapplicable ; Inapplicable ; Inapplicable ; Inapplicable ; Pass         ; Inapplicable ; Inapplicable ; Inapplicable ; Inapplicable ; Pass         ; Inapplicable ; Inapplicable ; Inapplicable ; Inapplicable ; Inapplicable ; Pass      ; Inapplicable ; Inapplicable ;
; data_out[11]       ; Inapplicable ; Inapplicable ; Inapplicable ; Inapplicable ; Inapplicable ; Pass      ; Inapplicable ; Inapplicable ; Pass      ; Pass      ; Inapplicable ; Pass         ; Inapplicable ; Inapplicable ; Inapplicable ; Inapplicable ; Pass         ; Inapplicable ; Inapplicable ; Inapplicable ; Inapplicable ; Pass         ; Inapplicable ; Inapplicable ; Inapplicable ; Inapplicable ; Inapplicable ; Pass      ; Inapplicable ; Inapplicable ;
; data_out[12]       ; Inapplicable ; Inapplicable ; Inapplicable ; Inapplicable ; Inapplicable ; Pass      ; Inapplicable ; Inapplicable ; Pass      ; Pass      ; Inapplicable ; Pass         ; Inapplicable ; Inapplicable ; Inapplicable ; Inapplicable ; Pass         ; Inapplicable ; Inapplicable ; Inapplicable ; Inapplicable ; Pass         ; Inapplicable ; Inapplicable ; Inapplicable ; Inapplicable ; Inapplicable ; Pass      ; Inapplicable ; Inapplicable ;
; data_out[13]       ; Inapplicable ; Inapplicable ; Inapplicable ; Inapplicable ; Inapplicable ; Pass      ; Inapplicable ; Inapplicable ; Pass      ; Pass      ; Inapplicable ; Pass         ; Inapplicable ; Inapplicable ; Inapplicable ; Inapplicable ; Pass         ; Inapplicable ; Inapplicable ; Inapplicable ; Inapplicable ; Pass         ; Inapplicable ; Inapplicable ; Inapplicable ; Inapplicable ; Inapplicable ; Pass      ; Inapplicable ; Inapplicable ;
; data_out[14]       ; Inapplicable ; Inapplicable ; Inapplicable ; Inapplicable ; Inapplicable ; Pass      ; Inapplicable ; Inapplicable ; Pass      ; Pass      ; Inapplicable ; Pass         ; Inapplicable ; Inapplicable ; Inapplicable ; Inapplicable ; Pass         ; Inapplicable ; Inapplicable ; Inapplicable ; Inapplicable ; Pass         ; Inapplicable ; Inapplicable ; Inapplicable ; Inapplicable ; Inapplicable ; Pass      ; Inapplicable ; Inapplicable ;
; data_out[15]       ; Inapplicable ; Inapplicable ; Inapplicable ; Inapplicable ; Inapplicable ; Pass      ; Inapplicable ; Inapplicable ; Pass      ; Pass      ; Inapplicable ; Pass         ; Inapplicable ; Inapplicable ; Inapplicable ; Inapplicable ; Pass         ; Inapplicable ; Inapplicable ; Inapplicable ; Inapplicable ; Pass         ; Inapplicable ; Inapplicable ; Inapplicable ; Inapplicable ; Inapplicable ; Pass      ; Inapplicable ; Inapplicable ;
; data_out[16]       ; Inapplicable ; Inapplicable ; Inapplicable ; Inapplicable ; Inapplicable ; Pass      ; Inapplicable ; Inapplicable ; Pass      ; Pass      ; Inapplicable ; Pass         ; Inapplicable ; Inapplicable ; Inapplicable ; Inapplicable ; Pass         ; Inapplicable ; Inapplicable ; Inapplicable ; Inapplicable ; Pass         ; Inapplicable ; Inapplicable ; Inapplicable ; Inapplicable ; Inapplicable ; Pass      ; Inapplicable ; Inapplicable ;
; data_out[17]       ; Inapplicable ; Inapplicable ; Inapplicable ; Inapplicable ; Inapplicable ; Pass      ; Inapplicable ; Inapplicable ; Pass      ; Pass      ; Inapplicable ; Pass         ; Inapplicable ; Inapplicable ; Inapplicable ; Inapplicable ; Pass         ; Inapplicable ; Inapplicable ; Inapplicable ; Inapplicable ; Pass         ; Inapplicable ; Inapplicable ; Inapplicable ; Inapplicable ; Inapplicable ; Pass      ; Inapplicable ; Inapplicable ;
; data_out[18]       ; Inapplicable ; Inapplicable ; Inapplicable ; Inapplicable ; Inapplicable ; Pass      ; Inapplicable ; Inapplicable ; Pass      ; Pass      ; Inapplicable ; Pass         ; Inapplicable ; Inapplicable ; Inapplicable ; Inapplicable ; Pass         ; Inapplicable ; Inapplicable ; Inapplicable ; Inapplicable ; Pass         ; Inapplicable ; Inapplicable ; Inapplicable ; Inapplicable ; Inapplicable ; Pass      ; Inapplicable ; Inapplicable ;
; data_out[19]       ; Inapplicable ; Inapplicable ; Inapplicable ; Inapplicable ; Inapplicable ; Pass      ; Inapplicable ; Inapplicable ; Pass      ; Pass      ; Inapplicable ; Pass         ; Inapplicable ; Inapplicable ; Inapplicable ; Inapplicable ; Pass         ; Inapplicable ; Inapplicable ; Inapplicable ; Inapplicable ; Pass         ; Inapplicable ; Inapplicable ; Inapplicable ; Inapplicable ; Inapplicable ; Pass      ; Inapplicable ; Inapplicable ;
; data_out[20]       ; Inapplicable ; Inapplicable ; Inapplicable ; Inapplicable ; Inapplicable ; Pass      ; Inapplicable ; Inapplicable ; Pass      ; Pass      ; Inapplicable ; Pass         ; Inapplicable ; Inapplicable ; Inapplicable ; Inapplicable ; Pass         ; Inapplicable ; Inapplicable ; Inapplicable ; Inapplicable ; Pass         ; Inapplicable ; Inapplicable ; Inapplicable ; Inapplicable ; Inapplicable ; Pass      ; Inapplicable ; Inapplicable ;
; data_out[21]       ; Inapplicable ; Inapplicable ; Inapplicable ; Inapplicable ; Inapplicable ; Pass      ; Inapplicable ; Inapplicable ; Pass      ; Pass      ; Inapplicable ; Pass         ; Inapplicable ; Inapplicable ; Inapplicable ; Inapplicable ; Pass         ; Inapplicable ; Inapplicable ; Inapplicable ; Inapplicable ; Pass         ; Inapplicable ; Inapplicable ; Inapplicable ; Inapplicable ; Inapplicable ; Pass      ; Inapplicable ; Inapplicable ;
; data_out[22]       ; Inapplicable ; Inapplicable ; Inapplicable ; Inapplicable ; Inapplicable ; Pass      ; Inapplicable ; Inapplicable ; Pass      ; Pass      ; Inapplicable ; Pass         ; Inapplicable ; Inapplicable ; Inapplicable ; Inapplicable ; Pass         ; Inapplicable ; Inapplicable ; Inapplicable ; Inapplicable ; Pass         ; Inapplicable ; Inapplicable ; Inapplicable ; Inapplicable ; Inapplicable ; Pass      ; Inapplicable ; Inapplicable ;
; data_out[23]       ; Inapplicable ; Inapplicable ; Inapplicable ; Inapplicable ; Inapplicable ; Pass      ; Inapplicable ; Inapplicable ; Pass      ; Pass      ; Inapplicable ; Pass         ; Inapplicable ; Inapplicable ; Inapplicable ; Inapplicable ; Pass         ; Inapplicable ; Inapplicable ; Inapplicable ; Inapplicable ; Pass         ; Inapplicable ; Inapplicable ; Inapplicable ; Inapplicable ; Inapplicable ; Pass      ; Inapplicable ; Inapplicable ;
; data_out[24]       ; Inapplicable ; Inapplicable ; Inapplicable ; Inapplicable ; Inapplicable ; Pass      ; Inapplicable ; Inapplicable ; Pass      ; Pass      ; Inapplicable ; Pass         ; Inapplicable ; Inapplicable ; Inapplicable ; Inapplicable ; Pass         ; Inapplicable ; Inapplicable ; Inapplicable ; Inapplicable ; Pass         ; Inapplicable ; Inapplicable ; Inapplicable ; Inapplicable ; Inapplicable ; Pass      ; Inapplicable ; Inapplicable ;
; data_out[25]       ; Inapplicable ; Inapplicable ; Inapplicable ; Inapplicable ; Inapplicable ; Pass      ; Inapplicable ; Inapplicable ; Pass      ; Pass      ; Inapplicable ; Pass         ; Inapplicable ; Inapplicable ; Inapplicable ; Inapplicable ; Pass         ; Inapplicable ; Inapplicable ; Inapplicable ; Inapplicable ; Pass         ; Inapplicable ; Inapplicable ; Inapplicable ; Inapplicable ; Inapplicable ; Pass      ; Inapplicable ; Inapplicable ;
; data_out[26]       ; Inapplicable ; Inapplicable ; Inapplicable ; Inapplicable ; Inapplicable ; Pass      ; Inapplicable ; Inapplicable ; Pass      ; Pass      ; Inapplicable ; Pass         ; Inapplicable ; Inapplicable ; Inapplicable ; Inapplicable ; Pass         ; Inapplicable ; Inapplicable ; Inapplicable ; Inapplicable ; Pass         ; Inapplicable ; Inapplicable ; Inapplicable ; Inapplicable ; Inapplicable ; Pass      ; Inapplicable ; Inapplicable ;
; data_out[27]       ; Inapplicable ; Inapplicable ; Inapplicable ; Inapplicable ; Inapplicable ; Pass      ; Inapplicable ; Inapplicable ; Pass      ; Pass      ; Inapplicable ; Pass         ; Inapplicable ; Inapplicable ; Inapplicable ; Inapplicable ; Pass         ; Inapplicable ; Inapplicable ; Inapplicable ; Inapplicable ; Pass         ; Inapplicable ; Inapplicable ; Inapplicable ; Inapplicable ; Inapplicable ; Pass      ; Inapplicable ; Inapplicable ;
; data_out[28]       ; Inapplicable ; Inapplicable ; Inapplicable ; Inapplicable ; Inapplicable ; Pass      ; Inapplicable ; Inapplicable ; Pass      ; Pass      ; Inapplicable ; Pass         ; Inapplicable ; Inapplicable ; Inapplicable ; Inapplicable ; Pass         ; Inapplicable ; Inapplicable ; Inapplicable ; Inapplicable ; Pass         ; Inapplicable ; Inapplicable ; Inapplicable ; Inapplicable ; Inapplicable ; Pass      ; Inapplicable ; Inapplicable ;
; data_out[29]       ; Inapplicable ; Inapplicable ; Inapplicable ; Inapplicable ; Inapplicable ; Pass      ; Inapplicable ; Inapplicable ; Pass      ; Pass      ; Inapplicable ; Pass         ; Inapplicable ; Inapplicable ; Inapplicable ; Inapplicable ; Pass         ; Inapplicable ; Inapplicable ; Inapplicable ; Inapplicable ; Pass         ; Inapplicable ; Inapplicable ; Inapplicable ; Inapplicable ; Inapplicable ; Pass      ; Inapplicable ; Inapplicable ;
; data_out[30]       ; Inapplicable ; Inapplicable ; Inapplicable ; Inapplicable ; Inapplicable ; Pass      ; Inapplicable ; Inapplicable ; Pass      ; Pass      ; Inapplicable ; Pass         ; Inapplicable ; Inapplicable ; Inapplicable ; Inapplicable ; Pass         ; Inapplicable ; Inapplicable ; Inapplicable ; Inapplicable ; Pass         ; Inapplicable ; Inapplicable ; Inapplicable ; Inapplicable ; Inapplicable ; Pass      ; Inapplicable ; Inapplicable ;
; data_out[31]       ; Inapplicable ; Inapplicable ; Inapplicable ; Inapplicable ; Inapplicable ; Pass      ; Inapplicable ; Inapplicable ; Pass      ; Pass      ; Inapplicable ; Pass         ; Inapplicable ; Inapplicable ; Inapplicable ; Inapplicable ; Pass         ; Inapplicable ; Inapplicable ; Inapplicable ; Inapplicable ; Pass         ; Inapplicable ; Inapplicable ; Inapplicable ; Inapplicable ; Inapplicable ; Pass      ; Inapplicable ; Inapplicable ;
; data_valid         ; Inapplicable ; Inapplicable ; Inapplicable ; Inapplicable ; Inapplicable ; Pass      ; Inapplicable ; Inapplicable ; Pass      ; Pass      ; Inapplicable ; Pass         ; Inapplicable ; Inapplicable ; Inapplicable ; Inapplicable ; Pass         ; Inapplicable ; Inapplicable ; Inapplicable ; Inapplicable ; Pass         ; Inapplicable ; Inapplicable ; Inapplicable ; Inapplicable ; Inapplicable ; Pass      ; Inapplicable ; Inapplicable ;
; counter_out[0]     ; Inapplicable ; Inapplicable ; Inapplicable ; Inapplicable ; Inapplicable ; Pass      ; Inapplicable ; Inapplicable ; Pass      ; Pass      ; Inapplicable ; Pass         ; Inapplicable ; Inapplicable ; Inapplicable ; Inapplicable ; Pass         ; Inapplicable ; Inapplicable ; Inapplicable ; Inapplicable ; Pass         ; Inapplicable ; Inapplicable ; Inapplicable ; Inapplicable ; Inapplicable ; Pass      ; Inapplicable ; Inapplicable ;
; counter_out[1]     ; Inapplicable ; Inapplicable ; Inapplicable ; Inapplicable ; Inapplicable ; Pass      ; Inapplicable ; Inapplicable ; Pass      ; Pass      ; Inapplicable ; Pass         ; Inapplicable ; Inapplicable ; Inapplicable ; Inapplicable ; Pass         ; Inapplicable ; Inapplicable ; Inapplicable ; Inapplicable ; Pass         ; Inapplicable ; Inapplicable ; Inapplicable ; Inapplicable ; Inapplicable ; Pass      ; Inapplicable ; Inapplicable ;
; ram_addr[0]        ; Inapplicable ; Inapplicable ; Inapplicable ; Inapplicable ; Inapplicable ; Pass      ; Inapplicable ; Inapplicable ; Pass      ; Pass      ; Inapplicable ; Pass         ; Inapplicable ; Inapplicable ; Inapplicable ; Inapplicable ; Pass         ; Inapplicable ; Inapplicable ; Inapplicable ; Inapplicable ; Pass         ; Inapplicable ; Inapplicable ; Inapplicable ; Inapplicable ; Inapplicable ; Pass      ; Inapplicable ; Inapplicable ;
; ram_addr[1]        ; Inapplicable ; Inapplicable ; Inapplicable ; Inapplicable ; Inapplicable ; Pass      ; Inapplicable ; Inapplicable ; Pass      ; Pass      ; Inapplicable ; Pass         ; Inapplicable ; Inapplicable ; Inapplicable ; Inapplicable ; Pass         ; Inapplicable ; Inapplicable ; Inapplicable ; Inapplicable ; Pass         ; Inapplicable ; Inapplicable ; Inapplicable ; Inapplicable ; Inapplicable ; Pass      ; Inapplicable ; Inapplicable ;
; ram_addr[2]        ; Inapplicable ; Inapplicable ; Inapplicable ; Inapplicable ; Inapplicable ; Pass      ; Inapplicable ; Inapplicable ; Pass      ; Pass      ; Inapplicable ; Pass         ; Inapplicable ; Inapplicable ; Inapplicable ; Inapplicable ; Pass         ; Inapplicable ; Inapplicable ; Inapplicable ; Inapplicable ; Pass         ; Inapplicable ; Inapplicable ; Inapplicable ; Inapplicable ; Inapplicable ; Pass      ; Inapplicable ; Inapplicable ;
; ram_addr[3]        ; Inapplicable ; Inapplicable ; Inapplicable ; Inapplicable ; Inapplicable ; Pass      ; Inapplicable ; Inapplicable ; Pass      ; Pass      ; Inapplicable ; Pass         ; Inapplicable ; Inapplicable ; Inapplicable ; Inapplicable ; Pass         ; Inapplicable ; Inapplicable ; Inapplicable ; Inapplicable ; Pass         ; Inapplicable ; Inapplicable ; Inapplicable ; Inapplicable ; Inapplicable ; Pass      ; Inapplicable ; Inapplicable ;
; start              ; Inapplicable ; Inapplicable ; Inapplicable ; Inapplicable ; Inapplicable ; Pass      ; Inapplicable ; Inapplicable ; Pass      ; Pass      ; Inapplicable ; Inapplicable ; Inapplicable ; Inapplicable ; Pass         ; Inapplicable ; Inapplicable ; Pass         ; Inapplicable ; Inapplicable ; Inapplicable ; Inapplicable ; Inapplicable ; Inapplicable ; Inapplicable ; Inapplicable ; Inapplicable ; Pass      ; Inapplicable ; Inapplicable ;
; clk                ; Inapplicable ; Inapplicable ; Inapplicable ; Inapplicable ; Inapplicable ; Pass      ; Inapplicable ; Inapplicable ; Pass      ; Pass      ; Inapplicable ; Inapplicable ; Inapplicable ; Inapplicable ; Pass         ; Inapplicable ; Inapplicable ; Pass         ; Inapplicable ; Inapplicable ; Inapplicable ; Inapplicable ; Inapplicable ; Inapplicable ; Inapplicable ; Inapplicable ; Inapplicable ; Pass      ; Inapplicable ; Inapplicable ;
; reset              ; Inapplicable ; Inapplicable ; Inapplicable ; Inapplicable ; Inapplicable ; Pass      ; Inapplicable ; Inapplicable ; Pass      ; Pass      ; Inapplicable ; Inapplicable ; Inapplicable ; Inapplicable ; Pass         ; Inapplicable ; Inapplicable ; Pass         ; Inapplicable ; Inapplicable ; Inapplicable ; Inapplicable ; Inapplicable ; Inapplicable ; Inapplicable ; Inapplicable ; Inapplicable ; Pass      ; Inapplicable ; Inapplicable ;
; AES_version[1]     ; Inapplicable ; Inapplicable ; Inapplicable ; Inapplicable ; Inapplicable ; Pass      ; Inapplicable ; Inapplicable ; Pass      ; Pass      ; Inapplicable ; Inapplicable ; Inapplicable ; Inapplicable ; Pass         ; Inapplicable ; Inapplicable ; Pass         ; Inapplicable ; Inapplicable ; Inapplicable ; Inapplicable ; Inapplicable ; Inapplicable ; Inapplicable ; Inapplicable ; Inapplicable ; Pass      ; Inapplicable ; Inapplicable ;
; AES_version[0]     ; Inapplicable ; Inapplicable ; Inapplicable ; Inapplicable ; Inapplicable ; Pass      ; Inapplicable ; Inapplicable ; Pass      ; Pass      ; Inapplicable ; Inapplicable ; Inapplicable ; Inapplicable ; Pass         ; Inapplicable ; Inapplicable ; Pass         ; Inapplicable ; Inapplicable ; Inapplicable ; Inapplicable ; Inapplicable ; Inapplicable ; Inapplicable ; Inapplicable ; Inapplicable ; Pass      ; Inapplicable ; Inapplicable ;
+--------------------+--------------+--------------+--------------+--------------+--------------+-----------+--------------+--------------+-----------+-----------+--------------+--------------+--------------+--------------+--------------+--------------+--------------+--------------+--------------+--------------+--------------+--------------+--------------+--------------+--------------+--------------+--------------+-----------+--------------+--------------+


+---------------------------------------------------------------------------------------------+
; Fitter Device Options                                                                       ;
+------------------------------------------------------------------+--------------------------+
; Option                                                           ; Setting                  ;
+------------------------------------------------------------------+--------------------------+
; Enable user-supplied start-up clock (CLKUSR)                     ; Off                      ;
; Enable device-wide reset (DEV_CLRn)                              ; Off                      ;
; Enable device-wide output enable (DEV_OE)                        ; Off                      ;
; Enable INIT_DONE output                                          ; Off                      ;
; Configuration scheme                                             ; Active Serial            ;
; Error detection CRC                                              ; Off                      ;
; Enable open drain on CRC_ERROR pin                               ; Off                      ;
; Enable input tri-state on active configuration pins in user mode ; Off                      ;
; Configuration Voltage Level                                      ; Auto                     ;
; Force Configuration Voltage Level                                ; Off                      ;
; nCEO                                                             ; As output driving ground ;
; Data[0]                                                          ; As input tri-stated      ;
; Data[1]/ASDO                                                     ; As input tri-stated      ;
; Data[7..2]                                                       ; Unreserved               ;
; FLASH_nCE/nCSO                                                   ; As input tri-stated      ;
; Other Active Parallel pins                                       ; Unreserved               ;
; DCLK                                                             ; As output driving ground ;
; Base pin-out file on sameframe device                            ; Off                      ;
+------------------------------------------------------------------+--------------------------+


+------------------------------------+
; Operating Settings and Conditions  ;
+---------------------------+--------+
; Setting                   ; Value  ;
+---------------------------+--------+
; Nominal Core Voltage      ; 1.20 V ;
; Low Junction Temperature  ; 0 °C   ;
; High Junction Temperature ; 85 °C  ;
+---------------------------+--------+


+-----------------+
; Fitter Messages ;
+-----------------+
Warning (20028): Parallel compilation is not licensed and has been disabled
Info (119006): Selected device EP4CE115F23C8 for design "lorenz"
Info (21077): Core supply voltage is 1.2V
Info (21077): Low junction temperature is 0 degrees C
Info (21077): High junction temperature is 85 degrees C
Info (171003): Fitter is performing an Auto Fit compilation, which may decrease Fitter effort to reduce compilation time
Warning (292013): Feature LogicLock is only available with a valid subscription license. You can purchase a software subscription to gain full access to this feature.
Info (176444): Device migration not selected. If you intend to use device migration later, you may need to change the pin assignments as they may be incompatible with other devices
    Info (176445): Device EP4CE15F23C8 is compatible
    Info (176445): Device EP4CE40F23C8 is compatible
    Info (176445): Device EP4CE30F23C8 is compatible
    Info (176445): Device EP4CE55F23C8 is compatible
    Info (176445): Device EP4CE75F23C8 is compatible
Info (169124): Fitter converted 5 user pins into dedicated programming pins
    Info (169125): Pin ~ALTERA_ASDO_DATA1~ is reserved at location D1
    Info (169125): Pin ~ALTERA_FLASH_nCE_nCSO~ is reserved at location E2
    Info (169125): Pin ~ALTERA_DCLK~ is reserved at location K2
    Info (169125): Pin ~ALTERA_DATA0~ is reserved at location K1
    Info (169125): Pin ~ALTERA_nCEO~ is reserved at location K22
Warning (15714): Some pins have incomplete I/O assignments. Refer to the I/O Assignment Warnings report for details
Critical Warning (169085): No exact pin location assignment(s) for 45 pins of 45 total pins
    Info (169086): Pin done_out not assigned to an exact location on the device
    Info (169086): Pin data_out[0] not assigned to an exact location on the device
    Info (169086): Pin data_out[1] not assigned to an exact location on the device
    Info (169086): Pin data_out[2] not assigned to an exact location on the device
    Info (169086): Pin data_out[3] not assigned to an exact location on the device
    Info (169086): Pin data_out[4] not assigned to an exact location on the device
    Info (169086): Pin data_out[5] not assigned to an exact location on the device
    Info (169086): Pin data_out[6] not assigned to an exact location on the device
    Info (169086): Pin data_out[7] not assigned to an exact location on the device
    Info (169086): Pin data_out[8] not assigned to an exact location on the device
    Info (169086): Pin data_out[9] not assigned to an exact location on the device
    Info (169086): Pin data_out[10] not assigned to an exact location on the device
    Info (169086): Pin data_out[11] not assigned to an exact location on the device
    Info (169086): Pin data_out[12] not assigned to an exact location on the device
    Info (169086): Pin data_out[13] not assigned to an exact location on the device
    Info (169086): Pin data_out[14] not assigned to an exact location on the device
    Info (169086): Pin data_out[15] not assigned to an exact location on the device
    Info (169086): Pin data_out[16] not assigned to an exact location on the device
    Info (169086): Pin data_out[17] not assigned to an exact location on the device
    Info (169086): Pin data_out[18] not assigned to an exact location on the device
    Info (169086): Pin data_out[19] not assigned to an exact location on the device
    Info (169086): Pin data_out[20] not assigned to an exact location on the device
    Info (169086): Pin data_out[21] not assigned to an exact location on the device
    Info (169086): Pin data_out[22] not assigned to an exact location on the device
    Info (169086): Pin data_out[23] not assigned to an exact location on the device
    Info (169086): Pin data_out[24] not assigned to an exact location on the device
    Info (169086): Pin data_out[25] not assigned to an exact location on the device
    Info (169086): Pin data_out[26] not assigned to an exact location on the device
    Info (169086): Pin data_out[27] not assigned to an exact location on the device
    Info (169086): Pin data_out[28] not assigned to an exact location on the device
    Info (169086): Pin data_out[29] not assigned to an exact location on the device
    Info (169086): Pin data_out[30] not assigned to an exact location on the device
    Info (169086): Pin data_out[31] not assigned to an exact location on the device
    Info (169086): Pin data_valid not assigned to an exact location on the device
    Info (169086): Pin counter_out[0] not assigned to an exact location on the device
    Info (169086): Pin counter_out[1] not assigned to an exact location on the device
    Info (169086): Pin ram_addr[0] not assigned to an exact location on the device
    Info (169086): Pin ram_addr[1] not assigned to an exact location on the device
    Info (169086): Pin ram_addr[2] not assigned to an exact location on the device
    Info (169086): Pin ram_addr[3] not assigned to an exact location on the device
    Info (169086): Pin start not assigned to an exact location on the device
    Info (169086): Pin clk not assigned to an exact location on the device
    Info (169086): Pin reset not assigned to an exact location on the device
    Info (169086): Pin AES_version[1] not assigned to an exact location on the device
    Info (169086): Pin AES_version[0] not assigned to an exact location on the device
Critical Warning (332012): Synopsys Design Constraints File file not found: 'lorenz.sdc'. A Synopsys Design Constraints File is required by the TimeQuest Timing Analyzer to get proper timing constraints. Without it, the Compiler will not properly optimize the design.
Info (332144): No user constrained base clocks found in the design
Info (332143): No user constrained clock uncertainty found in the design. Calling "derive_clock_uncertainty"
Info (332154): The derive_clock_uncertainty command did not apply clock uncertainty to any clock-to-clock transfers.
Info (332130): Timing requirements not specified -- quality metrics such as performance may be sacrificed to reduce compilation time.
Info (176353): Automatically promoted node clk~input (placed in PIN G1 (CLK1, DIFFCLK_0n))
    Info (176355): Automatically promoted destinations to use location or clock signal Global Clock CLKCTRL_G2
Info (176353): Automatically promoted node reset~input (placed in PIN T2 (CLK2, DIFFCLK_1p))
    Info (176355): Automatically promoted destinations to use location or clock signal Global Clock CLKCTRL_G4
    Info (176356): Following destination nodes may be non-global or may not use global or regional clocks
        Info (176357): Destination node done_out~reg0
        Info (176357): Destination node round[0]
        Info (176357): Destination node round[1]
        Info (176357): Destination node data_valid~0
        Info (176357): Destination node words_x_round[4]~0
        Info (176357): Destination node counter_2[8]~12
Info (176233): Starting register packing
Info (176235): Finished register packing
    Extra Info (176218): Packed 84 registers into blocks of type Embedded multiplier block
    Extra Info (176220): Created 84 register duplicates
Info (176214): Statistics of I/O pins that need to be placed that use the same VCCIO and VREF, before I/O pin placement
    Info (176211): Number of I/O pins in group: 43 (unused VREF, 2.5V VCCIO, 3 input, 40 output, 0 bidirectional)
        Info (176212): I/O standards used: 2.5 V.
Info (176215): I/O bank details before I/O pin placement
    Info (176214): Statistics of I/O banks
        Info (176213): I/O bank number 1 does not use VREF pins and has undetermined VCCIO pins. 5 total pin(s) used --  24 pins available
        Info (176213): I/O bank number 2 does not use VREF pins and has undetermined VCCIO pins. 1 total pin(s) used --  36 pins available
        Info (176213): I/O bank number 3 does not use VREF pins and has undetermined VCCIO pins. 0 total pin(s) used --  36 pins available
        Info (176213): I/O bank number 4 does not use VREF pins and has undetermined VCCIO pins. 0 total pin(s) used --  36 pins available
        Info (176213): I/O bank number 5 does not use VREF pins and has undetermined VCCIO pins. 0 total pin(s) used --  35 pins available
        Info (176213): I/O bank number 6 does not use VREF pins and has undetermined VCCIO pins. 1 total pin(s) used --  32 pins available
        Info (176213): I/O bank number 7 does not use VREF pins and has undetermined VCCIO pins. 0 total pin(s) used --  38 pins available
        Info (176213): I/O bank number 8 does not use VREF pins and has undetermined VCCIO pins. 0 total pin(s) used --  37 pins available
Info (171121): Fitter preparation operations ending: elapsed time is 00:00:01
Info (170189): Fitter placement preparation operations beginning
Info (170190): Fitter placement preparation operations ending: elapsed time is 00:00:00
Info (170191): Fitter placement operations beginning
Info (170137): Fitter placement was successful
Info (170192): Fitter placement operations ending: elapsed time is 00:00:07
Info (170193): Fitter routing operations beginning
Info (170195): Router estimated average interconnect usage is 0% of the available device resources
    Info (170196): Router estimated peak interconnect usage is 5% of the available device resources in the region that extends from location X34_Y24 to location X45_Y36
Info (170194): Fitter routing operations ending: elapsed time is 00:00:04
Info (170199): The Fitter performed an Auto Fit compilation.  Optimizations were skipped to reduce compilation time.
    Info (170201): Optimizations that may affect the design's routability were skipped
Info (11888): Total time spent on timing analysis during the Fitter is 0.45 seconds.
Info (334003): Started post-fitting delay annotation
Info (334004): Delay annotation completed successfully
Info (334003): Started post-fitting delay annotation
Info (334004): Delay annotation completed successfully
Info (11218): Fitter post-fit operations ending: elapsed time is 00:00:01
Info (144001): Generated suppressed messages file E:/facultad 2025/Trabajo Final/bloques caoticos V2/lorenz/output_files/lorenz.fit.smsg
Info: Quartus II 64-Bit Fitter was successful. 0 errors, 5 warnings
    Info: Peak virtual memory: 5076 megabytes
    Info: Processing ended: Sun May 03 17:11:59 2026
    Info: Elapsed time: 00:00:23
    Info: Total CPU time (on all processors): 00:00:23


+----------------------------+
; Fitter Suppressed Messages ;
+----------------------------+
The suppressed messages can be found in E:/facultad 2025/Trabajo Final/bloques caoticos V2/lorenz/output_files/lorenz.fit.smsg.


