TimeQuest Timing Analyzer report for lorenz
Sun May 03 17:12:08 2026
Quartus II 64-Bit Version 13.0.1 Build 232 06/12/2013 Service Pack 1 SJ Web Edition


---------------------
; Table of Contents ;
---------------------
  1. Legal Notice
  2. TimeQuest Timing Analyzer Summary
  3. Parallel Compilation
  4. Clocks
  5. Slow 1200mV 85C Model Fmax Summary
  6. Timing Closure Recommendations
  7. Slow 1200mV 85C Model Setup Summary
  8. Slow 1200mV 85C Model Hold Summary
  9. Slow 1200mV 85C Model Recovery Summary
 10. Slow 1200mV 85C Model Removal Summary
 11. Slow 1200mV 85C Model Minimum Pulse Width Summary
 12. Slow 1200mV 85C Model Setup: 'clk'
 13. Slow 1200mV 85C Model Hold: 'clk'
 14. Slow 1200mV 85C Model Recovery: 'clk'
 15. Slow 1200mV 85C Model Removal: 'clk'
 16. Slow 1200mV 85C Model Minimum Pulse Width: 'clk'
 17. Setup Times
 18. Hold Times
 19. Clock to Output Times
 20. Minimum Clock to Output Times
 21. Slow 1200mV 85C Model Metastability Report
 22. Slow 1200mV 0C Model Fmax Summary
 23. Slow 1200mV 0C Model Setup Summary
 24. Slow 1200mV 0C Model Hold Summary
 25. Slow 1200mV 0C Model Recovery Summary
 26. Slow 1200mV 0C Model Removal Summary
 27. Slow 1200mV 0C Model Minimum Pulse Width Summary
 28. Slow 1200mV 0C Model Setup: 'clk'
 29. Slow 1200mV 0C Model Hold: 'clk'
 30. Slow 1200mV 0C Model Recovery: 'clk'
 31. Slow 1200mV 0C Model Removal: 'clk'
 32. Slow 1200mV 0C Model Minimum Pulse Width: 'clk'
 33. Setup Times
 34. Hold Times
 35. Clock to Output Times
 36. Minimum Clock to Output Times
 37. Slow 1200mV 0C Model Metastability Report
 38. Fast 1200mV 0C Model Setup Summary
 39. Fast 1200mV 0C Model Hold Summary
 40. Fast 1200mV 0C Model Recovery Summary
 41. Fast 1200mV 0C Model Removal Summary
 42. Fast 1200mV 0C Model Minimum Pulse Width Summary
 43. Fast 1200mV 0C Model Setup: 'clk'
 44. Fast 1200mV 0C Model Hold: 'clk'
 45. Fast 1200mV 0C Model Recovery: 'clk'
 46. Fast 1200mV 0C Model Removal: 'clk'
 47. Fast 1200mV 0C Model Minimum Pulse Width: 'clk'
 48. Setup Times
 49. Hold Times
 50. Clock to Output Times
 51. Minimum Clock to Output Times
 52. Fast 1200mV 0C Model Metastability Report
 53. Multicorner Timing Analysis Summary
 54. Setup Times
 55. Hold Times
 56. Clock to Output Times
 57. Minimum Clock to Output Times
 58. Board Trace Model Assignments
 59. Input Transition Times
 60. Signal Integrity Metrics (Slow 1200mv 0c Model)
 61. Signal Integrity Metrics (Slow 1200mv 85c Model)
 62. Signal Integrity Metrics (Fast 1200mv 0c Model)
 63. Setup Transfers
 64. Hold Transfers
 65. Recovery Transfers
 66. Removal Transfers
 67. Report TCCS
 68. Report RSKM
 69. Unconstrained Paths
 70. TimeQuest Timing Analyzer Messages



----------------
; Legal Notice ;
----------------
Copyright (C) 1991-2013 Altera Corporation
Your use of Altera Corporation's design tools, logic functions 
and other software and tools, and its AMPP partner logic 
functions, and any output files from any of the foregoing 
(including device programming or simulation files), and any 
associated documentation or information are expressly subject 
to the terms and conditions of the Altera Program License 
Subscription Agreement, Altera MegaCore Function License 
Agreement, or other applicable license agreement, including, 
without limitation, that your use is for the sole purpose of 
programming logic devices manufactured by Altera and sold by 
Altera or its authorized distributors.  Please refer to the 
applicable agreement for further details.



+----------------------------------------------------------------------------------------+
; TimeQuest Timing Analyzer Summary                                                      ;
+--------------------+-------------------------------------------------------------------+
; Quartus II Version ; Version 13.0.1 Build 232 06/12/2013 Service Pack 1 SJ Web Edition ;
; Revision Name      ; lorenz                                                            ;
; Device Family      ; Cyclone IV E                                                      ;
; Device Name        ; EP4CE115F23C8                                                     ;
; Timing Models      ; Final                                                             ;
; Delay Model        ; Combined                                                          ;
; Rise/Fall Delays   ; Enabled                                                           ;
+--------------------+-------------------------------------------------------------------+


Parallel compilation was disabled, but you have multiple processors available. Enable parallel compilation to reduce compilation time.
+-------------------------------------+
; Parallel Compilation                ;
+----------------------------+--------+
; Processors                 ; Number ;
+----------------------------+--------+
; Number detected on machine ; 12     ;
; Maximum allowed            ; 1      ;
+----------------------------+--------+


+---------------------------------------------------------------------------------------------------------------------------------------------------------------------------------+
; Clocks                                                                                                                                                                          ;
+------------+------+--------+------------+-------+-------+------------+-----------+-------------+-------+--------+-----------+------------+----------+--------+--------+---------+
; Clock Name ; Type ; Period ; Frequency  ; Rise  ; Fall  ; Duty Cycle ; Divide by ; Multiply by ; Phase ; Offset ; Edge List ; Edge Shift ; Inverted ; Master ; Source ; Targets ;
+------------+------+--------+------------+-------+-------+------------+-----------+-------------+-------+--------+-----------+------------+----------+--------+--------+---------+
; clk        ; Base ; 1.000  ; 1000.0 MHz ; 0.000 ; 0.500 ;            ;           ;             ;       ;        ;           ;            ;          ;        ;        ; { clk } ;
+------------+------+--------+------------+-------+-------+------------+-----------+-------------+-------+--------+-----------+------------+----------+--------+--------+---------+


+-------------------------------------------------+
; Slow 1200mV 85C Model Fmax Summary              ;
+-----------+-----------------+------------+------+
; Fmax      ; Restricted Fmax ; Clock Name ; Note ;
+-----------+-----------------+------------+------+
; 48.46 MHz ; 48.46 MHz       ; clk        ;      ;
+-----------+-----------------+------------+------+
This panel reports FMAX for every clock in the design, regardless of the user-specified clock periods.  FMAX is only computed for paths where the source and destination registers or ports are driven by the same clock.  Paths of different clocks, including generated clocks, are ignored.  For paths between a clock and its inversion, FMAX is computed as if the rising and falling edges are scaled along with FMAX, such that the duty cycle (in terms of a percentage) is maintained. Altera recommends that you always use clock constraints and other slack reports for sign-off analysis.


----------------------------------
; Timing Closure Recommendations ;
----------------------------------
HTML report is unavailable in plain text report export.


+-------------------------------------+
; Slow 1200mV 85C Model Setup Summary ;
+-------+---------+-------------------+
; Clock ; Slack   ; End Point TNS     ;
+-------+---------+-------------------+
; clk   ; -19.635 ; -2490.549         ;
+-------+---------+-------------------+


+------------------------------------+
; Slow 1200mV 85C Model Hold Summary ;
+-------+-------+--------------------+
; Clock ; Slack ; End Point TNS      ;
+-------+-------+--------------------+
; clk   ; 0.443 ; 0.000              ;
+-------+-------+--------------------+


+----------------------------------------+
; Slow 1200mV 85C Model Recovery Summary ;
+-------+--------+-----------------------+
; Clock ; Slack  ; End Point TNS         ;
+-------+--------+-----------------------+
; clk   ; -0.688 ; -2.752                ;
+-------+--------+-----------------------+


+---------------------------------------+
; Slow 1200mV 85C Model Removal Summary ;
+-------+-------+-----------------------+
; Clock ; Slack ; End Point TNS         ;
+-------+-------+-----------------------+
; clk   ; 1.148 ; 0.000                 ;
+-------+-------+-----------------------+


+---------------------------------------------------+
; Slow 1200mV 85C Model Minimum Pulse Width Summary ;
+-------+--------+----------------------------------+
; Clock ; Slack  ; End Point TNS                    ;
+-------+--------+----------------------------------+
; clk   ; -4.000 ; -538.258                         ;
+-------+--------+----------------------------------+


+--------------------------------------------------------------------------------------------------------------------+
; Slow 1200mV 85C Model Setup: 'clk'                                                                                 ;
+---------+-----------+------------------------+--------------+-------------+--------------+------------+------------+
; Slack   ; From Node ; To Node                ; Launch Clock ; Latch Clock ; Relationship ; Clock Skew ; Data Delay ;
+---------+-----------+------------------------+--------------+-------------+--------------+------------+------------+
; -19.635 ; x_reg[3]  ; y_reg[31]              ; clk          ; clk         ; 1.000        ; 0.060      ; 20.447     ;
; -19.612 ; x_reg[17] ; y_reg[31]              ; clk          ; clk         ; 1.000        ; 0.060      ; 20.424     ;
; -19.598 ; x_reg[12] ; y_reg[31]              ; clk          ; clk         ; 1.000        ; 0.060      ; 20.410     ;
; -19.594 ; z_reg[27] ; y_reg[31]              ; clk          ; clk         ; 1.000        ; 0.062      ; 20.408     ;
; -19.564 ; x_reg[9]  ; y_reg[31]              ; clk          ; clk         ; 1.000        ; 0.060      ; 20.376     ;
; -19.526 ; z_reg[29] ; y_reg[31]              ; clk          ; clk         ; 1.000        ; 0.062      ; 20.340     ;
; -19.525 ; z_reg[28] ; y_reg[31]              ; clk          ; clk         ; 1.000        ; 0.062      ; 20.339     ;
; -19.520 ; z_reg[18] ; y_reg[31]              ; clk          ; clk         ; 1.000        ; 0.078      ; 20.350     ;
; -19.516 ; z_reg[31] ; y_reg[31]              ; clk          ; clk         ; 1.000        ; 0.062      ; 20.330     ;
; -19.501 ; z_reg[30] ; y_reg[31]              ; clk          ; clk         ; 1.000        ; 0.062      ; 20.315     ;
; -19.405 ; x_reg[3]  ; y_reg[28]~_Duplicate_1 ; clk          ; clk         ; 1.000        ; 0.064      ; 20.221     ;
; -19.382 ; x_reg[17] ; y_reg[28]~_Duplicate_1 ; clk          ; clk         ; 1.000        ; 0.064      ; 20.198     ;
; -19.368 ; x_reg[12] ; y_reg[28]~_Duplicate_1 ; clk          ; clk         ; 1.000        ; 0.064      ; 20.184     ;
; -19.364 ; z_reg[27] ; y_reg[28]~_Duplicate_1 ; clk          ; clk         ; 1.000        ; 0.066      ; 20.182     ;
; -19.348 ; x_reg[5]  ; y_reg[31]              ; clk          ; clk         ; 1.000        ; 0.060      ; 20.160     ;
; -19.334 ; x_reg[9]  ; y_reg[28]~_Duplicate_1 ; clk          ; clk         ; 1.000        ; 0.064      ; 20.150     ;
; -19.327 ; x_reg[2]  ; y_reg[31]              ; clk          ; clk         ; 1.000        ; 0.060      ; 20.139     ;
; -19.324 ; x_reg[11] ; y_reg[31]              ; clk          ; clk         ; 1.000        ; 0.063      ; 20.139     ;
; -19.319 ; z_reg[12] ; y_reg[31]              ; clk          ; clk         ; 1.000        ; 0.060      ; 20.131     ;
; -19.308 ; z_reg[17] ; y_reg[31]              ; clk          ; clk         ; 1.000        ; 0.060      ; 20.120     ;
; -19.304 ; x_reg[1]  ; y_reg[31]              ; clk          ; clk         ; 1.000        ; 0.060      ; 20.116     ;
; -19.303 ; z_reg[16] ; y_reg[31]              ; clk          ; clk         ; 1.000        ; 0.060      ; 20.115     ;
; -19.302 ; x_reg[14] ; y_reg[31]              ; clk          ; clk         ; 1.000        ; 0.063      ; 20.117     ;
; -19.301 ; x_reg[3]  ; y_reg[30]              ; clk          ; clk         ; 1.000        ; 0.060      ; 20.113     ;
; -19.296 ; z_reg[29] ; y_reg[28]~_Duplicate_1 ; clk          ; clk         ; 1.000        ; 0.066      ; 20.114     ;
; -19.295 ; z_reg[28] ; y_reg[28]~_Duplicate_1 ; clk          ; clk         ; 1.000        ; 0.066      ; 20.113     ;
; -19.291 ; x_reg[15] ; y_reg[31]              ; clk          ; clk         ; 1.000        ; 0.063      ; 20.106     ;
; -19.290 ; z_reg[18] ; y_reg[28]~_Duplicate_1 ; clk          ; clk         ; 1.000        ; 0.082      ; 20.124     ;
; -19.289 ; x_reg[10] ; y_reg[31]              ; clk          ; clk         ; 1.000        ; 0.063      ; 20.104     ;
; -19.288 ; x_reg[3]  ; y_reg[23]~_Duplicate_1 ; clk          ; clk         ; 1.000        ; 0.064      ; 20.104     ;
; -19.286 ; z_reg[31] ; y_reg[28]~_Duplicate_1 ; clk          ; clk         ; 1.000        ; 0.066      ; 20.104     ;
; -19.278 ; x_reg[17] ; y_reg[30]              ; clk          ; clk         ; 1.000        ; 0.060      ; 20.090     ;
; -19.271 ; z_reg[30] ; y_reg[28]~_Duplicate_1 ; clk          ; clk         ; 1.000        ; 0.066      ; 20.089     ;
; -19.265 ; x_reg[17] ; y_reg[23]~_Duplicate_1 ; clk          ; clk         ; 1.000        ; 0.064      ; 20.081     ;
; -19.264 ; x_reg[12] ; y_reg[30]              ; clk          ; clk         ; 1.000        ; 0.060      ; 20.076     ;
; -19.262 ; z_reg[10] ; y_reg[31]              ; clk          ; clk         ; 1.000        ; 0.060      ; 20.074     ;
; -19.261 ; x_reg[13] ; y_reg[31]              ; clk          ; clk         ; 1.000        ; 0.063      ; 20.076     ;
; -19.260 ; z_reg[27] ; y_reg[30]              ; clk          ; clk         ; 1.000        ; 0.062      ; 20.074     ;
; -19.255 ; z_reg[19] ; y_reg[31]              ; clk          ; clk         ; 1.000        ; 0.078      ; 20.085     ;
; -19.255 ; z_reg[23] ; y_reg[31]              ; clk          ; clk         ; 1.000        ; 0.078      ; 20.085     ;
; -19.253 ; z_reg[25] ; y_reg[31]              ; clk          ; clk         ; 1.000        ; 0.062      ; 20.067     ;
; -19.253 ; z_reg[26] ; y_reg[31]              ; clk          ; clk         ; 1.000        ; 0.064      ; 20.069     ;
; -19.251 ; x_reg[3]  ; y_reg[31]~_Duplicate_1 ; clk          ; clk         ; 1.000        ; 0.064      ; 20.067     ;
; -19.251 ; z_reg[20] ; y_reg[31]              ; clk          ; clk         ; 1.000        ; 0.078      ; 20.081     ;
; -19.251 ; x_reg[12] ; y_reg[23]~_Duplicate_1 ; clk          ; clk         ; 1.000        ; 0.064      ; 20.067     ;
; -19.250 ; x_reg[3]  ; y_reg[29]~_Duplicate_1 ; clk          ; clk         ; 1.000        ; 0.064      ; 20.066     ;
; -19.247 ; z_reg[27] ; y_reg[23]~_Duplicate_1 ; clk          ; clk         ; 1.000        ; 0.066      ; 20.065     ;
; -19.236 ; x_reg[3]  ; y_reg[29]              ; clk          ; clk         ; 1.000        ; 0.060      ; 20.048     ;
; -19.234 ; z_reg[22] ; y_reg[31]              ; clk          ; clk         ; 1.000        ; 0.078      ; 20.064     ;
; -19.230 ; x_reg[9]  ; y_reg[30]              ; clk          ; clk         ; 1.000        ; 0.060      ; 20.042     ;
; -19.228 ; x_reg[17] ; y_reg[31]~_Duplicate_1 ; clk          ; clk         ; 1.000        ; 0.064      ; 20.044     ;
; -19.227 ; x_reg[17] ; y_reg[29]~_Duplicate_1 ; clk          ; clk         ; 1.000        ; 0.064      ; 20.043     ;
; -19.225 ; x_reg[3]  ; y_reg[30]~_Duplicate_1 ; clk          ; clk         ; 1.000        ; 0.064      ; 20.041     ;
; -19.221 ; z_reg[21] ; y_reg[31]              ; clk          ; clk         ; 1.000        ; 0.078      ; 20.051     ;
; -19.217 ; x_reg[9]  ; y_reg[23]~_Duplicate_1 ; clk          ; clk         ; 1.000        ; 0.064      ; 20.033     ;
; -19.214 ; x_reg[12] ; y_reg[31]~_Duplicate_1 ; clk          ; clk         ; 1.000        ; 0.064      ; 20.030     ;
; -19.213 ; x_reg[12] ; y_reg[29]~_Duplicate_1 ; clk          ; clk         ; 1.000        ; 0.064      ; 20.029     ;
; -19.213 ; x_reg[17] ; y_reg[29]              ; clk          ; clk         ; 1.000        ; 0.060      ; 20.025     ;
; -19.210 ; z_reg[27] ; y_reg[31]~_Duplicate_1 ; clk          ; clk         ; 1.000        ; 0.066      ; 20.028     ;
; -19.209 ; z_reg[27] ; y_reg[29]~_Duplicate_1 ; clk          ; clk         ; 1.000        ; 0.066      ; 20.027     ;
; -19.202 ; x_reg[17] ; y_reg[30]~_Duplicate_1 ; clk          ; clk         ; 1.000        ; 0.064      ; 20.018     ;
; -19.199 ; x_reg[12] ; y_reg[29]              ; clk          ; clk         ; 1.000        ; 0.060      ; 20.011     ;
; -19.195 ; z_reg[27] ; y_reg[29]              ; clk          ; clk         ; 1.000        ; 0.062      ; 20.009     ;
; -19.192 ; x_reg[8]  ; y_reg[31]              ; clk          ; clk         ; 1.000        ; 0.068      ; 20.012     ;
; -19.192 ; z_reg[29] ; y_reg[30]              ; clk          ; clk         ; 1.000        ; 0.062      ; 20.006     ;
; -19.191 ; z_reg[28] ; y_reg[30]              ; clk          ; clk         ; 1.000        ; 0.062      ; 20.005     ;
; -19.188 ; x_reg[12] ; y_reg[30]~_Duplicate_1 ; clk          ; clk         ; 1.000        ; 0.064      ; 20.004     ;
; -19.186 ; z_reg[18] ; y_reg[30]              ; clk          ; clk         ; 1.000        ; 0.078      ; 20.016     ;
; -19.185 ; z_reg[24] ; y_reg[31]              ; clk          ; clk         ; 1.000        ; 0.078      ; 20.015     ;
; -19.184 ; z_reg[27] ; y_reg[30]~_Duplicate_1 ; clk          ; clk         ; 1.000        ; 0.066      ; 20.002     ;
; -19.182 ; x_reg[3]  ; y_reg[24]~_Duplicate_1 ; clk          ; clk         ; 1.000        ; 0.064      ; 19.998     ;
; -19.182 ; z_reg[31] ; y_reg[30]              ; clk          ; clk         ; 1.000        ; 0.062      ; 19.996     ;
; -19.180 ; x_reg[9]  ; y_reg[31]~_Duplicate_1 ; clk          ; clk         ; 1.000        ; 0.064      ; 19.996     ;
; -19.179 ; z_reg[29] ; y_reg[23]~_Duplicate_1 ; clk          ; clk         ; 1.000        ; 0.066      ; 19.997     ;
; -19.179 ; x_reg[9]  ; y_reg[29]~_Duplicate_1 ; clk          ; clk         ; 1.000        ; 0.064      ; 19.995     ;
; -19.178 ; z_reg[28] ; y_reg[23]~_Duplicate_1 ; clk          ; clk         ; 1.000        ; 0.066      ; 19.996     ;
; -19.174 ; x_reg[4]  ; y_reg[31]              ; clk          ; clk         ; 1.000        ; 0.068      ; 19.994     ;
; -19.173 ; z_reg[18] ; y_reg[23]~_Duplicate_1 ; clk          ; clk         ; 1.000        ; 0.082      ; 20.007     ;
; -19.169 ; z_reg[31] ; y_reg[23]~_Duplicate_1 ; clk          ; clk         ; 1.000        ; 0.066      ; 19.987     ;
; -19.167 ; z_reg[30] ; y_reg[30]              ; clk          ; clk         ; 1.000        ; 0.062      ; 19.981     ;
; -19.165 ; x_reg[3]  ; y_reg[20]              ; clk          ; clk         ; 1.000        ; 0.060      ; 19.977     ;
; -19.165 ; x_reg[9]  ; y_reg[29]              ; clk          ; clk         ; 1.000        ; 0.060      ; 19.977     ;
; -19.159 ; x_reg[17] ; y_reg[24]~_Duplicate_1 ; clk          ; clk         ; 1.000        ; 0.064      ; 19.975     ;
; -19.154 ; z_reg[30] ; y_reg[23]~_Duplicate_1 ; clk          ; clk         ; 1.000        ; 0.066      ; 19.972     ;
; -19.154 ; x_reg[9]  ; y_reg[30]~_Duplicate_1 ; clk          ; clk         ; 1.000        ; 0.064      ; 19.970     ;
; -19.145 ; x_reg[12] ; y_reg[24]~_Duplicate_1 ; clk          ; clk         ; 1.000        ; 0.064      ; 19.961     ;
; -19.142 ; z_reg[29] ; y_reg[31]~_Duplicate_1 ; clk          ; clk         ; 1.000        ; 0.066      ; 19.960     ;
; -19.142 ; x_reg[17] ; y_reg[20]              ; clk          ; clk         ; 1.000        ; 0.060      ; 19.954     ;
; -19.141 ; z_reg[28] ; y_reg[31]~_Duplicate_1 ; clk          ; clk         ; 1.000        ; 0.066      ; 19.959     ;
; -19.141 ; z_reg[29] ; y_reg[29]~_Duplicate_1 ; clk          ; clk         ; 1.000        ; 0.066      ; 19.959     ;
; -19.141 ; z_reg[27] ; y_reg[24]~_Duplicate_1 ; clk          ; clk         ; 1.000        ; 0.066      ; 19.959     ;
; -19.140 ; z_reg[28] ; y_reg[29]~_Duplicate_1 ; clk          ; clk         ; 1.000        ; 0.066      ; 19.958     ;
; -19.136 ; z_reg[18] ; y_reg[31]~_Duplicate_1 ; clk          ; clk         ; 1.000        ; 0.082      ; 19.970     ;
; -19.135 ; z_reg[18] ; y_reg[29]~_Duplicate_1 ; clk          ; clk         ; 1.000        ; 0.082      ; 19.969     ;
; -19.132 ; z_reg[31] ; y_reg[31]~_Duplicate_1 ; clk          ; clk         ; 1.000        ; 0.066      ; 19.950     ;
; -19.131 ; z_reg[31] ; y_reg[29]~_Duplicate_1 ; clk          ; clk         ; 1.000        ; 0.066      ; 19.949     ;
; -19.128 ; x_reg[12] ; y_reg[20]              ; clk          ; clk         ; 1.000        ; 0.060      ; 19.940     ;
; -19.127 ; z_reg[29] ; y_reg[29]              ; clk          ; clk         ; 1.000        ; 0.062      ; 19.941     ;
; -19.126 ; z_reg[28] ; y_reg[29]              ; clk          ; clk         ; 1.000        ; 0.062      ; 19.940     ;
; -19.124 ; z_reg[27] ; y_reg[20]              ; clk          ; clk         ; 1.000        ; 0.062      ; 19.938     ;
+---------+-----------+------------------------+--------------+-------------+--------------+------------+------------+


+-------------------------------------------------------------------------------------------------------------------------------+
; Slow 1200mV 85C Model Hold: 'clk'                                                                                             ;
+-------+------------------------+------------------------+--------------+-------------+--------------+------------+------------+
; Slack ; From Node              ; To Node                ; Launch Clock ; Latch Clock ; Relationship ; Clock Skew ; Data Delay ;
+-------+------------------------+------------------------+--------------+-------------+--------------+------------+------------+
; 0.443 ; x_reg[3]               ; x_reg[3]               ; clk          ; clk         ; 0.000        ; 0.091      ; 0.746      ;
; 0.443 ; x_reg[1]               ; x_reg[1]               ; clk          ; clk         ; 0.000        ; 0.091      ; 0.746      ;
; 0.443 ; x_reg[2]               ; x_reg[2]               ; clk          ; clk         ; 0.000        ; 0.091      ; 0.746      ;
; 0.443 ; z_reg[13]              ; z_reg[13]              ; clk          ; clk         ; 0.000        ; 0.091      ; 0.746      ;
; 0.443 ; z_reg[12]              ; z_reg[12]              ; clk          ; clk         ; 0.000        ; 0.091      ; 0.746      ;
; 0.443 ; z_reg[11]              ; z_reg[11]              ; clk          ; clk         ; 0.000        ; 0.091      ; 0.746      ;
; 0.443 ; z_reg[14]              ; z_reg[14]              ; clk          ; clk         ; 0.000        ; 0.091      ; 0.746      ;
; 0.443 ; y_reg[3]               ; y_reg[3]               ; clk          ; clk         ; 0.000        ; 0.091      ; 0.746      ;
; 0.443 ; y_reg[2]               ; y_reg[2]               ; clk          ; clk         ; 0.000        ; 0.091      ; 0.746      ;
; 0.443 ; y_reg[1]               ; y_reg[1]               ; clk          ; clk         ; 0.000        ; 0.091      ; 0.746      ;
; 0.443 ; s_counter_out[1]       ; s_counter_out[1]       ; clk          ; clk         ; 0.000        ; 0.091      ; 0.746      ;
; 0.443 ; s_ram_addr[0]          ; s_ram_addr[0]          ; clk          ; clk         ; 0.000        ; 0.091      ; 0.746      ;
; 0.443 ; s_ram_addr[1]          ; s_ram_addr[1]          ; clk          ; clk         ; 0.000        ; 0.091      ; 0.746      ;
; 0.443 ; s_ram_addr[2]          ; s_ram_addr[2]          ; clk          ; clk         ; 0.000        ; 0.091      ; 0.746      ;
; 0.443 ; s_ram_addr[3]          ; s_ram_addr[3]          ; clk          ; clk         ; 0.000        ; 0.091      ; 0.746      ;
; 0.444 ; state.IDLE             ; state.IDLE             ; clk          ; clk         ; 0.000        ; 0.090      ; 0.746      ;
; 0.444 ; state.DONE             ; state.DONE             ; clk          ; clk         ; 0.000        ; 0.090      ; 0.746      ;
; 0.444 ; round[0]               ; round[0]               ; clk          ; clk         ; 0.000        ; 0.090      ; 0.746      ;
; 0.444 ; round[1]               ; round[1]               ; clk          ; clk         ; 0.000        ; 0.090      ; 0.746      ;
; 0.444 ; z_reg[27]              ; z_reg[27]              ; clk          ; clk         ; 0.000        ; 0.090      ; 0.746      ;
; 0.444 ; z_reg[28]              ; z_reg[28]              ; clk          ; clk         ; 0.000        ; 0.090      ; 0.746      ;
; 0.444 ; z_reg[23]              ; z_reg[23]              ; clk          ; clk         ; 0.000        ; 0.090      ; 0.746      ;
; 0.444 ; z_reg[29]              ; z_reg[29]              ; clk          ; clk         ; 0.000        ; 0.090      ; 0.746      ;
; 0.444 ; z_reg[30]              ; z_reg[30]              ; clk          ; clk         ; 0.000        ; 0.090      ; 0.746      ;
; 0.444 ; z_reg[21]              ; z_reg[21]              ; clk          ; clk         ; 0.000        ; 0.090      ; 0.746      ;
; 0.444 ; z_reg[20]              ; z_reg[20]              ; clk          ; clk         ; 0.000        ; 0.090      ; 0.746      ;
; 0.444 ; z_reg[19]              ; z_reg[19]              ; clk          ; clk         ; 0.000        ; 0.090      ; 0.746      ;
; 0.444 ; z_reg[3]               ; z_reg[3]               ; clk          ; clk         ; 0.000        ; 0.090      ; 0.746      ;
; 0.444 ; z_reg[2]               ; z_reg[2]               ; clk          ; clk         ; 0.000        ; 0.090      ; 0.746      ;
; 0.444 ; z_reg[4]               ; z_reg[4]               ; clk          ; clk         ; 0.000        ; 0.090      ; 0.746      ;
; 0.444 ; z_reg[5]               ; z_reg[5]               ; clk          ; clk         ; 0.000        ; 0.090      ; 0.746      ;
; 0.444 ; z_reg[31]              ; z_reg[31]              ; clk          ; clk         ; 0.000        ; 0.090      ; 0.746      ;
; 0.444 ; y_reg[0]               ; y_reg[0]               ; clk          ; clk         ; 0.000        ; 0.090      ; 0.746      ;
; 0.455 ; s_counter_out[0]       ; s_counter_out[0]       ; clk          ; clk         ; 0.000        ; 0.091      ; 0.758      ;
; 0.483 ; counter[8]             ; counter[8]             ; clk          ; clk         ; 0.000        ; 0.090      ; 0.785      ;
; 0.517 ; s_counter_out[1]       ; s_ram_addr[1]          ; clk          ; clk         ; 0.000        ; 0.091      ; 0.820      ;
; 0.552 ; state.INIT             ; round[0]               ; clk          ; clk         ; 0.000        ; 0.090      ; 0.854      ;
; 0.553 ; state.INIT             ; state.GENERATE_VALUES  ; clk          ; clk         ; 0.000        ; 0.090      ; 0.855      ;
; 0.556 ; state.GENERATE_VALUES  ; done_out~reg0          ; clk          ; clk         ; 0.000        ; 0.090      ; 0.858      ;
; 0.573 ; state.GENERATE_VALUES  ; round[1]               ; clk          ; clk         ; 0.000        ; 0.090      ; 0.875      ;
; 0.575 ; state.GENERATE_VALUES  ; state.DONE             ; clk          ; clk         ; 0.000        ; 0.090      ; 0.877      ;
; 0.672 ; state.IDLE             ; state.INIT             ; clk          ; clk         ; 0.000        ; 0.090      ; 0.974      ;
; 0.692 ; state.IDLE             ; done_out~reg0          ; clk          ; clk         ; 0.000        ; 0.090      ; 0.994      ;
; 0.736 ; counter[5]             ; counter[5]             ; clk          ; clk         ; 0.000        ; 0.090      ; 1.038      ;
; 0.736 ; counter_2[7]           ; counter_2[7]           ; clk          ; clk         ; 0.000        ; 0.090      ; 1.038      ;
; 0.737 ; counter[2]             ; counter[2]             ; clk          ; clk         ; 0.000        ; 0.090      ; 1.039      ;
; 0.737 ; counter_2[1]           ; counter_2[1]           ; clk          ; clk         ; 0.000        ; 0.090      ; 1.039      ;
; 0.737 ; counter_2[3]           ; counter_2[3]           ; clk          ; clk         ; 0.000        ; 0.090      ; 1.039      ;
; 0.737 ; counter_2[4]           ; counter_2[4]           ; clk          ; clk         ; 0.000        ; 0.090      ; 1.039      ;
; 0.737 ; counter_2[6]           ; counter_2[6]           ; clk          ; clk         ; 0.000        ; 0.090      ; 1.039      ;
; 0.738 ; counter[6]             ; counter[6]             ; clk          ; clk         ; 0.000        ; 0.090      ; 1.040      ;
; 0.738 ; counter[7]             ; counter[7]             ; clk          ; clk         ; 0.000        ; 0.090      ; 1.040      ;
; 0.738 ; counter_2[8]           ; counter_2[8]           ; clk          ; clk         ; 0.000        ; 0.090      ; 1.040      ;
; 0.740 ; counter_2[2]           ; counter_2[2]           ; clk          ; clk         ; 0.000        ; 0.090      ; 1.042      ;
; 0.753 ; counter[3]             ; counter[3]             ; clk          ; clk         ; 0.000        ; 0.090      ; 1.055      ;
; 0.755 ; counter_2[5]           ; counter_2[5]           ; clk          ; clk         ; 0.000        ; 0.090      ; 1.057      ;
; 0.755 ; s_ram_addr[2]          ; s_ram_addr[3]          ; clk          ; clk         ; 0.000        ; 0.091      ; 1.058      ;
; 0.757 ; counter[4]             ; counter[4]             ; clk          ; clk         ; 0.000        ; 0.090      ; 1.059      ;
; 0.760 ; counter[0]             ; counter[0]             ; clk          ; clk         ; 0.000        ; 0.090      ; 1.062      ;
; 0.761 ; s_ram_addr[0]          ; s_ram_addr[1]          ; clk          ; clk         ; 0.000        ; 0.091      ; 1.064      ;
; 0.762 ; counter_2[0]           ; counter_2[0]           ; clk          ; clk         ; 0.000        ; 0.090      ; 1.064      ;
; 0.773 ; s_counter_out[1]       ; s_ram_addr[0]          ; clk          ; clk         ; 0.000        ; 0.091      ; 1.076      ;
; 0.839 ; state.DONE             ; round[0]               ; clk          ; clk         ; 0.000        ; 0.090      ; 1.141      ;
; 0.871 ; state.INIT             ; done_out~reg0          ; clk          ; clk         ; 0.000        ; 0.090      ; 1.173      ;
; 0.883 ; x_reg[31]~_Duplicate_4 ; x_reg[31]~_Duplicate_4 ; clk          ; clk         ; 0.000        ; 0.091      ; 1.186      ;
; 0.924 ; s_counter_out[1]       ; s_ram_addr[2]          ; clk          ; clk         ; 0.000        ; 0.091      ; 1.227      ;
; 0.944 ; counter[1]             ; counter[1]             ; clk          ; clk         ; 0.000        ; 0.090      ; 1.246      ;
; 1.090 ; counter_2[7]           ; counter_2[8]           ; clk          ; clk         ; 0.000        ; 0.090      ; 1.392      ;
; 1.091 ; counter_2[3]           ; counter_2[4]           ; clk          ; clk         ; 0.000        ; 0.090      ; 1.393      ;
; 1.091 ; counter[5]             ; counter[6]             ; clk          ; clk         ; 0.000        ; 0.090      ; 1.393      ;
; 1.091 ; counter_2[1]           ; counter_2[2]           ; clk          ; clk         ; 0.000        ; 0.090      ; 1.393      ;
; 1.092 ; counter[7]             ; counter[8]             ; clk          ; clk         ; 0.000        ; 0.090      ; 1.394      ;
; 1.098 ; counter_2[6]           ; counter_2[7]           ; clk          ; clk         ; 0.000        ; 0.090      ; 1.400      ;
; 1.098 ; counter[2]             ; counter[3]             ; clk          ; clk         ; 0.000        ; 0.090      ; 1.400      ;
; 1.098 ; counter_2[4]           ; counter_2[5]           ; clk          ; clk         ; 0.000        ; 0.090      ; 1.400      ;
; 1.098 ; counter[0]             ; counter[1]             ; clk          ; clk         ; 0.000        ; 0.090      ; 1.400      ;
; 1.099 ; counter[6]             ; counter[7]             ; clk          ; clk         ; 0.000        ; 0.090      ; 1.401      ;
; 1.100 ; counter_2[0]           ; counter_2[1]           ; clk          ; clk         ; 0.000        ; 0.090      ; 1.402      ;
; 1.101 ; counter_2[2]           ; counter_2[3]           ; clk          ; clk         ; 0.000        ; 0.090      ; 1.403      ;
; 1.107 ; counter[0]             ; counter[2]             ; clk          ; clk         ; 0.000        ; 0.090      ; 1.409      ;
; 1.107 ; counter_2[4]           ; counter_2[6]           ; clk          ; clk         ; 0.000        ; 0.090      ; 1.409      ;
; 1.107 ; counter[2]             ; counter[4]             ; clk          ; clk         ; 0.000        ; 0.090      ; 1.409      ;
; 1.107 ; counter_2[6]           ; counter_2[8]           ; clk          ; clk         ; 0.000        ; 0.090      ; 1.409      ;
; 1.108 ; counter[6]             ; counter[8]             ; clk          ; clk         ; 0.000        ; 0.090      ; 1.410      ;
; 1.108 ; counter[3]             ; counter[4]             ; clk          ; clk         ; 0.000        ; 0.090      ; 1.410      ;
; 1.109 ; counter_2[0]           ; counter_2[2]           ; clk          ; clk         ; 0.000        ; 0.090      ; 1.411      ;
; 1.109 ; counter_2[5]           ; counter_2[6]           ; clk          ; clk         ; 0.000        ; 0.090      ; 1.411      ;
; 1.110 ; counter_2[2]           ; counter_2[4]           ; clk          ; clk         ; 0.000        ; 0.090      ; 1.412      ;
; 1.118 ; counter[4]             ; counter[5]             ; clk          ; clk         ; 0.000        ; 0.090      ; 1.420      ;
; 1.127 ; counter[4]             ; counter[6]             ; clk          ; clk         ; 0.000        ; 0.090      ; 1.429      ;
; 1.150 ; y_reg[29]~_Duplicate_2 ; y_reg[29]~_Duplicate_2 ; clk          ; clk         ; 0.000        ; 0.091      ; 1.453      ;
; 1.152 ; y_reg[27]~_Duplicate_2 ; y_reg[27]~_Duplicate_2 ; clk          ; clk         ; 0.000        ; 0.091      ; 1.455      ;
; 1.153 ; x_reg[27]~_Duplicate_4 ; x_reg[27]~_Duplicate_4 ; clk          ; clk         ; 0.000        ; 0.091      ; 1.456      ;
; 1.153 ; y_reg[8]               ; y_reg[8]               ; clk          ; clk         ; 0.000        ; 0.091      ; 1.456      ;
; 1.154 ; x_reg[29]~_Duplicate_4 ; x_reg[29]~_Duplicate_4 ; clk          ; clk         ; 0.000        ; 0.091      ; 1.457      ;
; 1.159 ; round[0]               ; round[1]               ; clk          ; clk         ; 0.000        ; 0.090      ; 1.461      ;
; 1.159 ; s_ram_addr[0]          ; s_ram_addr[2]          ; clk          ; clk         ; 0.000        ; 0.091      ; 1.462      ;
; 1.174 ; y_reg[31]~_Duplicate_2 ; y_reg[31]~_Duplicate_2 ; clk          ; clk         ; 0.000        ; 0.091      ; 1.477      ;
; 1.178 ; s_counter_out[1]       ; s_ram_addr[3]          ; clk          ; clk         ; 0.000        ; 0.091      ; 1.481      ;
; 1.181 ; z_reg[25]              ; z_reg[25]              ; clk          ; clk         ; 0.000        ; 0.090      ; 1.483      ;
+-------+------------------------+------------------------+--------------+-------------+--------------+------------+------------+


+-------------------------------------------------------------------------------------------------------------+
; Slow 1200mV 85C Model Recovery: 'clk'                                                                       ;
+--------+--------------+---------------+--------------+-------------+--------------+------------+------------+
; Slack  ; From Node    ; To Node       ; Launch Clock ; Latch Clock ; Relationship ; Clock Skew ; Data Delay ;
+--------+--------------+---------------+--------------+-------------+--------------+------------+------------+
; -0.688 ; s_data_valid ; s_ram_addr[0] ; clk          ; clk         ; 1.000        ; -0.091     ; 1.598      ;
; -0.688 ; s_data_valid ; s_ram_addr[1] ; clk          ; clk         ; 1.000        ; -0.091     ; 1.598      ;
; -0.688 ; s_data_valid ; s_ram_addr[2] ; clk          ; clk         ; 1.000        ; -0.091     ; 1.598      ;
; -0.688 ; s_data_valid ; s_ram_addr[3] ; clk          ; clk         ; 1.000        ; -0.091     ; 1.598      ;
+--------+--------------+---------------+--------------+-------------+--------------+------------+------------+


+------------------------------------------------------------------------------------------------------------+
; Slow 1200mV 85C Model Removal: 'clk'                                                                       ;
+-------+--------------+---------------+--------------+-------------+--------------+------------+------------+
; Slack ; From Node    ; To Node       ; Launch Clock ; Latch Clock ; Relationship ; Clock Skew ; Data Delay ;
+-------+--------------+---------------+--------------+-------------+--------------+------------+------------+
; 1.148 ; s_data_valid ; s_ram_addr[0] ; clk          ; clk         ; 0.000        ; 0.091      ; 1.451      ;
; 1.148 ; s_data_valid ; s_ram_addr[1] ; clk          ; clk         ; 0.000        ; 0.091      ; 1.451      ;
; 1.148 ; s_data_valid ; s_ram_addr[2] ; clk          ; clk         ; 0.000        ; 0.091      ; 1.451      ;
; 1.148 ; s_data_valid ; s_ram_addr[3] ; clk          ; clk         ; 0.000        ; 0.091      ; 1.451      ;
+-------+--------------+---------------+--------------+-------------+--------------+------------+------------+


+---------------------------------------------------------------------------------------------------+
; Slow 1200mV 85C Model Minimum Pulse Width: 'clk'                                                  ;
+--------+--------------+----------------+------------+-------+------------+------------------------+
; Slack  ; Actual Width ; Required Width ; Type       ; Clock ; Clock Edge ; Target                 ;
+--------+--------------+----------------+------------+-------+------------+------------------------+
; -4.000 ; 1.000        ; 5.000          ; Min Period ; clk   ; Rise       ; x_reg[18]              ;
; -4.000 ; 1.000        ; 5.000          ; Min Period ; clk   ; Rise       ; x_reg[18]~_Duplicate_1 ;
; -4.000 ; 1.000        ; 5.000          ; Min Period ; clk   ; Rise       ; x_reg[18]~_Duplicate_2 ;
; -4.000 ; 1.000        ; 5.000          ; Min Period ; clk   ; Rise       ; x_reg[18]~_Duplicate_3 ;
; -4.000 ; 1.000        ; 5.000          ; Min Period ; clk   ; Rise       ; x_reg[19]              ;
; -4.000 ; 1.000        ; 5.000          ; Min Period ; clk   ; Rise       ; x_reg[19]~_Duplicate_1 ;
; -4.000 ; 1.000        ; 5.000          ; Min Period ; clk   ; Rise       ; x_reg[19]~_Duplicate_2 ;
; -4.000 ; 1.000        ; 5.000          ; Min Period ; clk   ; Rise       ; x_reg[19]~_Duplicate_3 ;
; -4.000 ; 1.000        ; 5.000          ; Min Period ; clk   ; Rise       ; x_reg[20]              ;
; -4.000 ; 1.000        ; 5.000          ; Min Period ; clk   ; Rise       ; x_reg[20]~_Duplicate_1 ;
; -4.000 ; 1.000        ; 5.000          ; Min Period ; clk   ; Rise       ; x_reg[20]~_Duplicate_2 ;
; -4.000 ; 1.000        ; 5.000          ; Min Period ; clk   ; Rise       ; x_reg[20]~_Duplicate_3 ;
; -4.000 ; 1.000        ; 5.000          ; Min Period ; clk   ; Rise       ; x_reg[21]              ;
; -4.000 ; 1.000        ; 5.000          ; Min Period ; clk   ; Rise       ; x_reg[21]~_Duplicate_1 ;
; -4.000 ; 1.000        ; 5.000          ; Min Period ; clk   ; Rise       ; x_reg[21]~_Duplicate_2 ;
; -4.000 ; 1.000        ; 5.000          ; Min Period ; clk   ; Rise       ; x_reg[21]~_Duplicate_3 ;
; -4.000 ; 1.000        ; 5.000          ; Min Period ; clk   ; Rise       ; x_reg[22]              ;
; -4.000 ; 1.000        ; 5.000          ; Min Period ; clk   ; Rise       ; x_reg[22]~_Duplicate_1 ;
; -4.000 ; 1.000        ; 5.000          ; Min Period ; clk   ; Rise       ; x_reg[22]~_Duplicate_2 ;
; -4.000 ; 1.000        ; 5.000          ; Min Period ; clk   ; Rise       ; x_reg[22]~_Duplicate_3 ;
; -4.000 ; 1.000        ; 5.000          ; Min Period ; clk   ; Rise       ; x_reg[23]              ;
; -4.000 ; 1.000        ; 5.000          ; Min Period ; clk   ; Rise       ; x_reg[23]~_Duplicate_1 ;
; -4.000 ; 1.000        ; 5.000          ; Min Period ; clk   ; Rise       ; x_reg[23]~_Duplicate_2 ;
; -4.000 ; 1.000        ; 5.000          ; Min Period ; clk   ; Rise       ; x_reg[23]~_Duplicate_3 ;
; -4.000 ; 1.000        ; 5.000          ; Min Period ; clk   ; Rise       ; x_reg[24]              ;
; -4.000 ; 1.000        ; 5.000          ; Min Period ; clk   ; Rise       ; x_reg[24]~_Duplicate_1 ;
; -4.000 ; 1.000        ; 5.000          ; Min Period ; clk   ; Rise       ; x_reg[24]~_Duplicate_2 ;
; -4.000 ; 1.000        ; 5.000          ; Min Period ; clk   ; Rise       ; x_reg[24]~_Duplicate_3 ;
; -4.000 ; 1.000        ; 5.000          ; Min Period ; clk   ; Rise       ; x_reg[25]              ;
; -4.000 ; 1.000        ; 5.000          ; Min Period ; clk   ; Rise       ; x_reg[25]~_Duplicate_1 ;
; -4.000 ; 1.000        ; 5.000          ; Min Period ; clk   ; Rise       ; x_reg[25]~_Duplicate_2 ;
; -4.000 ; 1.000        ; 5.000          ; Min Period ; clk   ; Rise       ; x_reg[25]~_Duplicate_3 ;
; -4.000 ; 1.000        ; 5.000          ; Min Period ; clk   ; Rise       ; x_reg[26]              ;
; -4.000 ; 1.000        ; 5.000          ; Min Period ; clk   ; Rise       ; x_reg[26]~_Duplicate_1 ;
; -4.000 ; 1.000        ; 5.000          ; Min Period ; clk   ; Rise       ; x_reg[26]~_Duplicate_2 ;
; -4.000 ; 1.000        ; 5.000          ; Min Period ; clk   ; Rise       ; x_reg[26]~_Duplicate_3 ;
; -4.000 ; 1.000        ; 5.000          ; Min Period ; clk   ; Rise       ; x_reg[27]              ;
; -4.000 ; 1.000        ; 5.000          ; Min Period ; clk   ; Rise       ; x_reg[27]~_Duplicate_1 ;
; -4.000 ; 1.000        ; 5.000          ; Min Period ; clk   ; Rise       ; x_reg[27]~_Duplicate_2 ;
; -4.000 ; 1.000        ; 5.000          ; Min Period ; clk   ; Rise       ; x_reg[27]~_Duplicate_3 ;
; -4.000 ; 1.000        ; 5.000          ; Min Period ; clk   ; Rise       ; x_reg[28]              ;
; -4.000 ; 1.000        ; 5.000          ; Min Period ; clk   ; Rise       ; x_reg[28]~_Duplicate_1 ;
; -4.000 ; 1.000        ; 5.000          ; Min Period ; clk   ; Rise       ; x_reg[28]~_Duplicate_2 ;
; -4.000 ; 1.000        ; 5.000          ; Min Period ; clk   ; Rise       ; x_reg[28]~_Duplicate_3 ;
; -4.000 ; 1.000        ; 5.000          ; Min Period ; clk   ; Rise       ; x_reg[29]              ;
; -4.000 ; 1.000        ; 5.000          ; Min Period ; clk   ; Rise       ; x_reg[29]~_Duplicate_1 ;
; -4.000 ; 1.000        ; 5.000          ; Min Period ; clk   ; Rise       ; x_reg[29]~_Duplicate_2 ;
; -4.000 ; 1.000        ; 5.000          ; Min Period ; clk   ; Rise       ; x_reg[29]~_Duplicate_3 ;
; -4.000 ; 1.000        ; 5.000          ; Min Period ; clk   ; Rise       ; x_reg[30]              ;
; -4.000 ; 1.000        ; 5.000          ; Min Period ; clk   ; Rise       ; x_reg[30]~_Duplicate_1 ;
; -4.000 ; 1.000        ; 5.000          ; Min Period ; clk   ; Rise       ; x_reg[30]~_Duplicate_2 ;
; -4.000 ; 1.000        ; 5.000          ; Min Period ; clk   ; Rise       ; x_reg[30]~_Duplicate_3 ;
; -4.000 ; 1.000        ; 5.000          ; Min Period ; clk   ; Rise       ; x_reg[31]              ;
; -4.000 ; 1.000        ; 5.000          ; Min Period ; clk   ; Rise       ; x_reg[31]~_Duplicate_1 ;
; -4.000 ; 1.000        ; 5.000          ; Min Period ; clk   ; Rise       ; x_reg[31]~_Duplicate_2 ;
; -4.000 ; 1.000        ; 5.000          ; Min Period ; clk   ; Rise       ; x_reg[31]~_Duplicate_3 ;
; -4.000 ; 1.000        ; 5.000          ; Min Period ; clk   ; Rise       ; y_reg[18]              ;
; -4.000 ; 1.000        ; 5.000          ; Min Period ; clk   ; Rise       ; y_reg[18]~_Duplicate_1 ;
; -4.000 ; 1.000        ; 5.000          ; Min Period ; clk   ; Rise       ; y_reg[19]              ;
; -4.000 ; 1.000        ; 5.000          ; Min Period ; clk   ; Rise       ; y_reg[19]~_Duplicate_1 ;
; -4.000 ; 1.000        ; 5.000          ; Min Period ; clk   ; Rise       ; y_reg[20]              ;
; -4.000 ; 1.000        ; 5.000          ; Min Period ; clk   ; Rise       ; y_reg[20]~_Duplicate_1 ;
; -4.000 ; 1.000        ; 5.000          ; Min Period ; clk   ; Rise       ; y_reg[21]              ;
; -4.000 ; 1.000        ; 5.000          ; Min Period ; clk   ; Rise       ; y_reg[21]~_Duplicate_1 ;
; -4.000 ; 1.000        ; 5.000          ; Min Period ; clk   ; Rise       ; y_reg[22]              ;
; -4.000 ; 1.000        ; 5.000          ; Min Period ; clk   ; Rise       ; y_reg[22]~_Duplicate_1 ;
; -4.000 ; 1.000        ; 5.000          ; Min Period ; clk   ; Rise       ; y_reg[23]              ;
; -4.000 ; 1.000        ; 5.000          ; Min Period ; clk   ; Rise       ; y_reg[23]~_Duplicate_1 ;
; -4.000 ; 1.000        ; 5.000          ; Min Period ; clk   ; Rise       ; y_reg[24]              ;
; -4.000 ; 1.000        ; 5.000          ; Min Period ; clk   ; Rise       ; y_reg[24]~_Duplicate_1 ;
; -4.000 ; 1.000        ; 5.000          ; Min Period ; clk   ; Rise       ; y_reg[25]              ;
; -4.000 ; 1.000        ; 5.000          ; Min Period ; clk   ; Rise       ; y_reg[25]~_Duplicate_1 ;
; -4.000 ; 1.000        ; 5.000          ; Min Period ; clk   ; Rise       ; y_reg[26]              ;
; -4.000 ; 1.000        ; 5.000          ; Min Period ; clk   ; Rise       ; y_reg[26]~_Duplicate_1 ;
; -4.000 ; 1.000        ; 5.000          ; Min Period ; clk   ; Rise       ; y_reg[27]              ;
; -4.000 ; 1.000        ; 5.000          ; Min Period ; clk   ; Rise       ; y_reg[27]~_Duplicate_1 ;
; -4.000 ; 1.000        ; 5.000          ; Min Period ; clk   ; Rise       ; y_reg[28]              ;
; -4.000 ; 1.000        ; 5.000          ; Min Period ; clk   ; Rise       ; y_reg[28]~_Duplicate_1 ;
; -4.000 ; 1.000        ; 5.000          ; Min Period ; clk   ; Rise       ; y_reg[29]              ;
; -4.000 ; 1.000        ; 5.000          ; Min Period ; clk   ; Rise       ; y_reg[29]~_Duplicate_1 ;
; -4.000 ; 1.000        ; 5.000          ; Min Period ; clk   ; Rise       ; y_reg[30]              ;
; -4.000 ; 1.000        ; 5.000          ; Min Period ; clk   ; Rise       ; y_reg[30]~_Duplicate_1 ;
; -4.000 ; 1.000        ; 5.000          ; Min Period ; clk   ; Rise       ; y_reg[31]              ;
; -4.000 ; 1.000        ; 5.000          ; Min Period ; clk   ; Rise       ; y_reg[31]~_Duplicate_1 ;
; -3.000 ; 1.000        ; 4.000          ; Port Rate  ; clk   ; Rise       ; clk                    ;
; -1.487 ; 1.000        ; 2.487          ; Min Period ; clk   ; Rise       ; counter[0]             ;
; -1.487 ; 1.000        ; 2.487          ; Min Period ; clk   ; Rise       ; counter[1]             ;
; -1.487 ; 1.000        ; 2.487          ; Min Period ; clk   ; Rise       ; counter[2]             ;
; -1.487 ; 1.000        ; 2.487          ; Min Period ; clk   ; Rise       ; counter[3]             ;
; -1.487 ; 1.000        ; 2.487          ; Min Period ; clk   ; Rise       ; counter[4]             ;
; -1.487 ; 1.000        ; 2.487          ; Min Period ; clk   ; Rise       ; counter[5]             ;
; -1.487 ; 1.000        ; 2.487          ; Min Period ; clk   ; Rise       ; counter[6]             ;
; -1.487 ; 1.000        ; 2.487          ; Min Period ; clk   ; Rise       ; counter[7]             ;
; -1.487 ; 1.000        ; 2.487          ; Min Period ; clk   ; Rise       ; counter[8]             ;
; -1.487 ; 1.000        ; 2.487          ; Min Period ; clk   ; Rise       ; counter_2[0]           ;
; -1.487 ; 1.000        ; 2.487          ; Min Period ; clk   ; Rise       ; counter_2[1]           ;
; -1.487 ; 1.000        ; 2.487          ; Min Period ; clk   ; Rise       ; counter_2[2]           ;
; -1.487 ; 1.000        ; 2.487          ; Min Period ; clk   ; Rise       ; counter_2[3]           ;
; -1.487 ; 1.000        ; 2.487          ; Min Period ; clk   ; Rise       ; counter_2[4]           ;
; -1.487 ; 1.000        ; 2.487          ; Min Period ; clk   ; Rise       ; counter_2[5]           ;
+--------+--------------+----------------+------------+-------+------------+------------------------+


+-----------------------------------------------------------------------------+
; Setup Times                                                                 ;
+-----------------+------------+-------+-------+------------+-----------------+
; Data Port       ; Clock Port ; Rise  ; Fall  ; Clock Edge ; Clock Reference ;
+-----------------+------------+-------+-------+------------+-----------------+
; AES_version[*]  ; clk        ; 2.115 ; 2.356 ; Rise       ; clk             ;
;  AES_version[0] ; clk        ; 2.115 ; 2.356 ; Rise       ; clk             ;
;  AES_version[1] ; clk        ; 1.876 ; 2.148 ; Rise       ; clk             ;
; reset           ; clk        ; 2.312 ; 2.293 ; Rise       ; clk             ;
; start           ; clk        ; 3.763 ; 3.946 ; Rise       ; clk             ;
+-----------------+------------+-------+-------+------------+-----------------+


+-------------------------------------------------------------------------------+
; Hold Times                                                                    ;
+-----------------+------------+--------+--------+------------+-----------------+
; Data Port       ; Clock Port ; Rise   ; Fall   ; Clock Edge ; Clock Reference ;
+-----------------+------------+--------+--------+------------+-----------------+
; AES_version[*]  ; clk        ; -1.340 ; -1.598 ; Rise       ; clk             ;
;  AES_version[0] ; clk        ; -1.576 ; -1.790 ; Rise       ; clk             ;
;  AES_version[1] ; clk        ; -1.340 ; -1.598 ; Rise       ; clk             ;
; reset           ; clk        ; -0.189 ; -0.258 ; Rise       ; clk             ;
; start           ; clk        ; -1.650 ; -1.945 ; Rise       ; clk             ;
+-----------------+------------+--------+--------+------------+-----------------+


+-------------------------------------------------------------------------------+
; Clock to Output Times                                                         ;
+-----------------+------------+--------+--------+------------+-----------------+
; Data Port       ; Clock Port ; Rise   ; Fall   ; Clock Edge ; Clock Reference ;
+-----------------+------------+--------+--------+------------+-----------------+
; counter_out[*]  ; clk        ; 8.062  ; 7.927  ; Rise       ; clk             ;
;  counter_out[0] ; clk        ; 8.062  ; 7.927  ; Rise       ; clk             ;
;  counter_out[1] ; clk        ; 7.848  ; 7.764  ; Rise       ; clk             ;
; data_out[*]     ; clk        ; 15.672 ; 15.349 ; Rise       ; clk             ;
;  data_out[0]    ; clk        ; 11.304 ; 11.069 ; Rise       ; clk             ;
;  data_out[1]    ; clk        ; 14.033 ; 13.679 ; Rise       ; clk             ;
;  data_out[2]    ; clk        ; 12.276 ; 12.015 ; Rise       ; clk             ;
;  data_out[3]    ; clk        ; 12.957 ; 12.881 ; Rise       ; clk             ;
;  data_out[4]    ; clk        ; 13.560 ; 13.399 ; Rise       ; clk             ;
;  data_out[5]    ; clk        ; 12.219 ; 11.962 ; Rise       ; clk             ;
;  data_out[6]    ; clk        ; 11.503 ; 11.298 ; Rise       ; clk             ;
;  data_out[7]    ; clk        ; 11.344 ; 11.185 ; Rise       ; clk             ;
;  data_out[8]    ; clk        ; 11.958 ; 11.921 ; Rise       ; clk             ;
;  data_out[9]    ; clk        ; 12.410 ; 12.169 ; Rise       ; clk             ;
;  data_out[10]   ; clk        ; 13.086 ; 12.727 ; Rise       ; clk             ;
;  data_out[11]   ; clk        ; 13.782 ; 13.614 ; Rise       ; clk             ;
;  data_out[12]   ; clk        ; 11.775 ; 11.524 ; Rise       ; clk             ;
;  data_out[13]   ; clk        ; 13.123 ; 13.040 ; Rise       ; clk             ;
;  data_out[14]   ; clk        ; 10.237 ; 10.186 ; Rise       ; clk             ;
;  data_out[15]   ; clk        ; 13.096 ; 12.796 ; Rise       ; clk             ;
;  data_out[16]   ; clk        ; 14.572 ; 14.313 ; Rise       ; clk             ;
;  data_out[17]   ; clk        ; 11.124 ; 10.936 ; Rise       ; clk             ;
;  data_out[18]   ; clk        ; 12.759 ; 12.639 ; Rise       ; clk             ;
;  data_out[19]   ; clk        ; 10.481 ; 10.291 ; Rise       ; clk             ;
;  data_out[20]   ; clk        ; 10.931 ; 10.794 ; Rise       ; clk             ;
;  data_out[21]   ; clk        ; 12.899 ; 12.381 ; Rise       ; clk             ;
;  data_out[22]   ; clk        ; 11.731 ; 11.481 ; Rise       ; clk             ;
;  data_out[23]   ; clk        ; 11.045 ; 10.933 ; Rise       ; clk             ;
;  data_out[24]   ; clk        ; 11.879 ; 11.655 ; Rise       ; clk             ;
;  data_out[25]   ; clk        ; 11.020 ; 10.940 ; Rise       ; clk             ;
;  data_out[26]   ; clk        ; 10.357 ; 10.270 ; Rise       ; clk             ;
;  data_out[27]   ; clk        ; 12.817 ; 12.646 ; Rise       ; clk             ;
;  data_out[28]   ; clk        ; 11.990 ; 11.730 ; Rise       ; clk             ;
;  data_out[29]   ; clk        ; 11.310 ; 11.183 ; Rise       ; clk             ;
;  data_out[30]   ; clk        ; 15.672 ; 15.349 ; Rise       ; clk             ;
;  data_out[31]   ; clk        ; 12.192 ; 12.061 ; Rise       ; clk             ;
; data_valid      ; clk        ; 8.584  ; 8.446  ; Rise       ; clk             ;
; done_out        ; clk        ; 8.393  ; 8.348  ; Rise       ; clk             ;
; ram_addr[*]     ; clk        ; 9.471  ; 9.267  ; Rise       ; clk             ;
;  ram_addr[0]    ; clk        ; 8.254  ; 8.139  ; Rise       ; clk             ;
;  ram_addr[1]    ; clk        ; 7.854  ; 7.771  ; Rise       ; clk             ;
;  ram_addr[2]    ; clk        ; 9.471  ; 9.267  ; Rise       ; clk             ;
;  ram_addr[3]    ; clk        ; 8.245  ; 8.130  ; Rise       ; clk             ;
+-----------------+------------+--------+--------+------------+-----------------+


+-------------------------------------------------------------------------------+
; Minimum Clock to Output Times                                                 ;
+-----------------+------------+--------+--------+------------+-----------------+
; Data Port       ; Clock Port ; Rise   ; Fall   ; Clock Edge ; Clock Reference ;
+-----------------+------------+--------+--------+------------+-----------------+
; counter_out[*]  ; clk        ; 7.573  ; 7.491  ; Rise       ; clk             ;
;  counter_out[0] ; clk        ; 7.778  ; 7.648  ; Rise       ; clk             ;
;  counter_out[1] ; clk        ; 7.573  ; 7.491  ; Rise       ; clk             ;
; data_out[*]     ; clk        ; 8.510  ; 8.426  ; Rise       ; clk             ;
;  data_out[0]    ; clk        ; 10.071 ; 9.837  ; Rise       ; clk             ;
;  data_out[1]    ; clk        ; 12.077 ; 11.695 ; Rise       ; clk             ;
;  data_out[2]    ; clk        ; 10.929 ; 10.687 ; Rise       ; clk             ;
;  data_out[3]    ; clk        ; 11.347 ; 11.283 ; Rise       ; clk             ;
;  data_out[4]    ; clk        ; 11.821 ; 11.670 ; Rise       ; clk             ;
;  data_out[5]    ; clk        ; 10.549 ; 10.260 ; Rise       ; clk             ;
;  data_out[6]    ; clk        ; 10.203 ; 9.996  ; Rise       ; clk             ;
;  data_out[7]    ; clk        ; 9.920  ; 9.713  ; Rise       ; clk             ;
;  data_out[8]    ; clk        ; 10.275 ; 10.242 ; Rise       ; clk             ;
;  data_out[9]    ; clk        ; 11.166 ; 10.934 ; Rise       ; clk             ;
;  data_out[10]   ; clk        ; 10.909 ; 10.569 ; Rise       ; clk             ;
;  data_out[11]   ; clk        ; 12.058 ; 11.938 ; Rise       ; clk             ;
;  data_out[12]   ; clk        ; 10.772 ; 10.490 ; Rise       ; clk             ;
;  data_out[13]   ; clk        ; 12.040 ; 11.922 ; Rise       ; clk             ;
;  data_out[14]   ; clk        ; 8.510  ; 8.426  ; Rise       ; clk             ;
;  data_out[15]   ; clk        ; 12.059 ; 11.728 ; Rise       ; clk             ;
;  data_out[16]   ; clk        ; 12.729 ; 12.460 ; Rise       ; clk             ;
;  data_out[17]   ; clk        ; 9.903  ; 9.713  ; Rise       ; clk             ;
;  data_out[18]   ; clk        ; 10.281 ; 10.166 ; Rise       ; clk             ;
;  data_out[19]   ; clk        ; 8.966  ; 8.787  ; Rise       ; clk             ;
;  data_out[20]   ; clk        ; 9.270  ; 9.129  ; Rise       ; clk             ;
;  data_out[21]   ; clk        ; 10.834 ; 10.341 ; Rise       ; clk             ;
;  data_out[22]   ; clk        ; 9.884  ; 9.683  ; Rise       ; clk             ;
;  data_out[23]   ; clk        ; 9.436  ; 9.319  ; Rise       ; clk             ;
;  data_out[24]   ; clk        ; 10.438 ; 10.219 ; Rise       ; clk             ;
;  data_out[25]   ; clk        ; 9.227  ; 9.101  ; Rise       ; clk             ;
;  data_out[26]   ; clk        ; 9.679  ; 9.543  ; Rise       ; clk             ;
;  data_out[27]   ; clk        ; 10.766 ; 10.551 ; Rise       ; clk             ;
;  data_out[28]   ; clk        ; 11.179 ; 10.944 ; Rise       ; clk             ;
;  data_out[29]   ; clk        ; 9.356  ; 9.192  ; Rise       ; clk             ;
;  data_out[30]   ; clk        ; 13.997 ; 13.640 ; Rise       ; clk             ;
;  data_out[31]   ; clk        ; 9.984  ; 9.818  ; Rise       ; clk             ;
; data_valid      ; clk        ; 8.281  ; 8.147  ; Rise       ; clk             ;
; done_out        ; clk        ; 8.097  ; 8.052  ; Rise       ; clk             ;
; ram_addr[*]     ; clk        ; 7.579  ; 7.499  ; Rise       ; clk             ;
;  ram_addr[0]    ; clk        ; 7.962  ; 7.850  ; Rise       ; clk             ;
;  ram_addr[1]    ; clk        ; 7.579  ; 7.499  ; Rise       ; clk             ;
;  ram_addr[2]    ; clk        ; 9.132  ; 8.934  ; Rise       ; clk             ;
;  ram_addr[3]    ; clk        ; 7.954  ; 7.843  ; Rise       ; clk             ;
+-----------------+------------+--------+--------+------------+-----------------+


----------------------------------------------
; Slow 1200mV 85C Model Metastability Report ;
----------------------------------------------
No synchronizer chains to report.


+-------------------------------------------------+
; Slow 1200mV 0C Model Fmax Summary               ;
+-----------+-----------------+------------+------+
; Fmax      ; Restricted Fmax ; Clock Name ; Note ;
+-----------+-----------------+------------+------+
; 52.64 MHz ; 52.64 MHz       ; clk        ;      ;
+-----------+-----------------+------------+------+
This panel reports FMAX for every clock in the design, regardless of the user-specified clock periods.  FMAX is only computed for paths where the source and destination registers or ports are driven by the same clock.  Paths of different clocks, including generated clocks, are ignored.  For paths between a clock and its inversion, FMAX is computed as if the rising and falling edges are scaled along with FMAX, such that the duty cycle (in terms of a percentage) is maintained. Altera recommends that you always use clock constraints and other slack reports for sign-off analysis.


+------------------------------------+
; Slow 1200mV 0C Model Setup Summary ;
+-------+---------+------------------+
; Clock ; Slack   ; End Point TNS    ;
+-------+---------+------------------+
; clk   ; -17.996 ; -2283.798        ;
+-------+---------+------------------+


+-----------------------------------+
; Slow 1200mV 0C Model Hold Summary ;
+-------+-------+-------------------+
; Clock ; Slack ; End Point TNS     ;
+-------+-------+-------------------+
; clk   ; 0.392 ; 0.000             ;
+-------+-------+-------------------+


+---------------------------------------+
; Slow 1200mV 0C Model Recovery Summary ;
+-------+--------+----------------------+
; Clock ; Slack  ; End Point TNS        ;
+-------+--------+----------------------+
; clk   ; -0.519 ; -2.076               ;
+-------+--------+----------------------+


+--------------------------------------+
; Slow 1200mV 0C Model Removal Summary ;
+-------+-------+----------------------+
; Clock ; Slack ; End Point TNS        ;
+-------+-------+----------------------+
; clk   ; 1.058 ; 0.000                ;
+-------+-------+----------------------+


+--------------------------------------------------+
; Slow 1200mV 0C Model Minimum Pulse Width Summary ;
+-------+--------+---------------------------------+
; Clock ; Slack  ; End Point TNS                   ;
+-------+--------+---------------------------------+
; clk   ; -4.000 ; -538.258                        ;
+-------+--------+---------------------------------+


+--------------------------------------------------------------------------------------------------------------------+
; Slow 1200mV 0C Model Setup: 'clk'                                                                                  ;
+---------+-----------+------------------------+--------------+-------------+--------------+------------+------------+
; Slack   ; From Node ; To Node                ; Launch Clock ; Latch Clock ; Relationship ; Clock Skew ; Data Delay ;
+---------+-----------+------------------------+--------------+-------------+--------------+------------+------------+
; -17.996 ; x_reg[3]  ; y_reg[31]              ; clk          ; clk         ; 1.000        ; 0.036      ; 18.801     ;
; -17.979 ; x_reg[17] ; y_reg[31]              ; clk          ; clk         ; 1.000        ; 0.036      ; 18.784     ;
; -17.966 ; x_reg[12] ; y_reg[31]              ; clk          ; clk         ; 1.000        ; 0.036      ; 18.771     ;
; -17.947 ; z_reg[27] ; y_reg[31]              ; clk          ; clk         ; 1.000        ; 0.039      ; 18.755     ;
; -17.927 ; x_reg[9]  ; y_reg[31]              ; clk          ; clk         ; 1.000        ; 0.036      ; 18.732     ;
; -17.877 ; z_reg[28] ; y_reg[31]              ; clk          ; clk         ; 1.000        ; 0.039      ; 18.685     ;
; -17.875 ; z_reg[29] ; y_reg[31]              ; clk          ; clk         ; 1.000        ; 0.039      ; 18.683     ;
; -17.870 ; z_reg[18] ; y_reg[31]              ; clk          ; clk         ; 1.000        ; 0.053      ; 18.692     ;
; -17.865 ; z_reg[31] ; y_reg[31]              ; clk          ; clk         ; 1.000        ; 0.039      ; 18.673     ;
; -17.849 ; z_reg[30] ; y_reg[31]              ; clk          ; clk         ; 1.000        ; 0.039      ; 18.657     ;
; -17.760 ; x_reg[3]  ; y_reg[23]~_Duplicate_1 ; clk          ; clk         ; 1.000        ; 0.042      ; 18.571     ;
; -17.743 ; x_reg[17] ; y_reg[23]~_Duplicate_1 ; clk          ; clk         ; 1.000        ; 0.042      ; 18.554     ;
; -17.730 ; x_reg[12] ; y_reg[23]~_Duplicate_1 ; clk          ; clk         ; 1.000        ; 0.042      ; 18.541     ;
; -17.719 ; x_reg[3]  ; y_reg[28]~_Duplicate_1 ; clk          ; clk         ; 1.000        ; 0.042      ; 18.530     ;
; -17.716 ; z_reg[12] ; y_reg[31]              ; clk          ; clk         ; 1.000        ; 0.036      ; 18.521     ;
; -17.715 ; x_reg[5]  ; y_reg[31]              ; clk          ; clk         ; 1.000        ; 0.036      ; 18.520     ;
; -17.711 ; z_reg[27] ; y_reg[23]~_Duplicate_1 ; clk          ; clk         ; 1.000        ; 0.045      ; 18.525     ;
; -17.702 ; x_reg[17] ; y_reg[28]~_Duplicate_1 ; clk          ; clk         ; 1.000        ; 0.042      ; 18.513     ;
; -17.701 ; z_reg[16] ; y_reg[31]              ; clk          ; clk         ; 1.000        ; 0.036      ; 18.506     ;
; -17.701 ; z_reg[17] ; y_reg[31]              ; clk          ; clk         ; 1.000        ; 0.036      ; 18.506     ;
; -17.697 ; x_reg[2]  ; y_reg[31]              ; clk          ; clk         ; 1.000        ; 0.036      ; 18.502     ;
; -17.691 ; x_reg[9]  ; y_reg[23]~_Duplicate_1 ; clk          ; clk         ; 1.000        ; 0.042      ; 18.502     ;
; -17.689 ; x_reg[12] ; y_reg[28]~_Duplicate_1 ; clk          ; clk         ; 1.000        ; 0.042      ; 18.500     ;
; -17.688 ; x_reg[11] ; y_reg[31]              ; clk          ; clk         ; 1.000        ; 0.038      ; 18.495     ;
; -17.673 ; x_reg[3]  ; y_reg[29]~_Duplicate_1 ; clk          ; clk         ; 1.000        ; 0.042      ; 18.484     ;
; -17.670 ; z_reg[27] ; y_reg[28]~_Duplicate_1 ; clk          ; clk         ; 1.000        ; 0.045      ; 18.484     ;
; -17.669 ; x_reg[1]  ; y_reg[31]              ; clk          ; clk         ; 1.000        ; 0.036      ; 18.474     ;
; -17.668 ; x_reg[14] ; y_reg[31]              ; clk          ; clk         ; 1.000        ; 0.038      ; 18.475     ;
; -17.662 ; x_reg[3]  ; y_reg[29]              ; clk          ; clk         ; 1.000        ; 0.036      ; 18.467     ;
; -17.656 ; x_reg[15] ; y_reg[31]              ; clk          ; clk         ; 1.000        ; 0.038      ; 18.463     ;
; -17.656 ; x_reg[17] ; y_reg[29]~_Duplicate_1 ; clk          ; clk         ; 1.000        ; 0.042      ; 18.467     ;
; -17.655 ; x_reg[10] ; y_reg[31]              ; clk          ; clk         ; 1.000        ; 0.038      ; 18.462     ;
; -17.653 ; z_reg[10] ; y_reg[31]              ; clk          ; clk         ; 1.000        ; 0.036      ; 18.458     ;
; -17.650 ; x_reg[9]  ; y_reg[28]~_Duplicate_1 ; clk          ; clk         ; 1.000        ; 0.042      ; 18.461     ;
; -17.645 ; x_reg[17] ; y_reg[29]              ; clk          ; clk         ; 1.000        ; 0.036      ; 18.450     ;
; -17.643 ; x_reg[12] ; y_reg[29]~_Duplicate_1 ; clk          ; clk         ; 1.000        ; 0.042      ; 18.454     ;
; -17.641 ; z_reg[28] ; y_reg[23]~_Duplicate_1 ; clk          ; clk         ; 1.000        ; 0.045      ; 18.455     ;
; -17.639 ; z_reg[29] ; y_reg[23]~_Duplicate_1 ; clk          ; clk         ; 1.000        ; 0.045      ; 18.453     ;
; -17.634 ; z_reg[18] ; y_reg[23]~_Duplicate_1 ; clk          ; clk         ; 1.000        ; 0.059      ; 18.462     ;
; -17.632 ; x_reg[13] ; y_reg[31]              ; clk          ; clk         ; 1.000        ; 0.038      ; 18.439     ;
; -17.632 ; x_reg[12] ; y_reg[29]              ; clk          ; clk         ; 1.000        ; 0.036      ; 18.437     ;
; -17.629 ; z_reg[31] ; y_reg[23]~_Duplicate_1 ; clk          ; clk         ; 1.000        ; 0.045      ; 18.443     ;
; -17.627 ; x_reg[3]  ; y_reg[31]~_Duplicate_1 ; clk          ; clk         ; 1.000        ; 0.042      ; 18.438     ;
; -17.624 ; z_reg[27] ; y_reg[29]~_Duplicate_1 ; clk          ; clk         ; 1.000        ; 0.045      ; 18.438     ;
; -17.613 ; z_reg[30] ; y_reg[23]~_Duplicate_1 ; clk          ; clk         ; 1.000        ; 0.045      ; 18.427     ;
; -17.613 ; z_reg[27] ; y_reg[29]              ; clk          ; clk         ; 1.000        ; 0.039      ; 18.421     ;
; -17.612 ; z_reg[23] ; y_reg[31]              ; clk          ; clk         ; 1.000        ; 0.053      ; 18.434     ;
; -17.610 ; x_reg[17] ; y_reg[31]~_Duplicate_1 ; clk          ; clk         ; 1.000        ; 0.042      ; 18.421     ;
; -17.608 ; z_reg[25] ; y_reg[31]              ; clk          ; clk         ; 1.000        ; 0.039      ; 18.416     ;
; -17.607 ; x_reg[3]  ; y_reg[30]              ; clk          ; clk         ; 1.000        ; 0.036      ; 18.412     ;
; -17.607 ; z_reg[19] ; y_reg[31]              ; clk          ; clk         ; 1.000        ; 0.053      ; 18.429     ;
; -17.607 ; z_reg[26] ; y_reg[31]              ; clk          ; clk         ; 1.000        ; 0.041      ; 18.417     ;
; -17.605 ; z_reg[20] ; y_reg[31]              ; clk          ; clk         ; 1.000        ; 0.053      ; 18.427     ;
; -17.604 ; x_reg[9]  ; y_reg[29]~_Duplicate_1 ; clk          ; clk         ; 1.000        ; 0.042      ; 18.415     ;
; -17.600 ; z_reg[28] ; y_reg[28]~_Duplicate_1 ; clk          ; clk         ; 1.000        ; 0.045      ; 18.414     ;
; -17.598 ; z_reg[29] ; y_reg[28]~_Duplicate_1 ; clk          ; clk         ; 1.000        ; 0.045      ; 18.412     ;
; -17.597 ; x_reg[12] ; y_reg[31]~_Duplicate_1 ; clk          ; clk         ; 1.000        ; 0.042      ; 18.408     ;
; -17.593 ; z_reg[18] ; y_reg[28]~_Duplicate_1 ; clk          ; clk         ; 1.000        ; 0.059      ; 18.421     ;
; -17.593 ; x_reg[9]  ; y_reg[29]              ; clk          ; clk         ; 1.000        ; 0.036      ; 18.398     ;
; -17.590 ; z_reg[22] ; y_reg[31]              ; clk          ; clk         ; 1.000        ; 0.053      ; 18.412     ;
; -17.590 ; x_reg[17] ; y_reg[30]              ; clk          ; clk         ; 1.000        ; 0.036      ; 18.395     ;
; -17.588 ; z_reg[31] ; y_reg[28]~_Duplicate_1 ; clk          ; clk         ; 1.000        ; 0.045      ; 18.402     ;
; -17.583 ; x_reg[3]  ; y_reg[20]              ; clk          ; clk         ; 1.000        ; 0.036      ; 18.388     ;
; -17.578 ; z_reg[27] ; y_reg[31]~_Duplicate_1 ; clk          ; clk         ; 1.000        ; 0.045      ; 18.392     ;
; -17.577 ; x_reg[12] ; y_reg[30]              ; clk          ; clk         ; 1.000        ; 0.036      ; 18.382     ;
; -17.575 ; z_reg[21] ; y_reg[31]              ; clk          ; clk         ; 1.000        ; 0.053      ; 18.397     ;
; -17.573 ; x_reg[8]  ; y_reg[31]              ; clk          ; clk         ; 1.000        ; 0.044      ; 18.386     ;
; -17.572 ; z_reg[30] ; y_reg[28]~_Duplicate_1 ; clk          ; clk         ; 1.000        ; 0.045      ; 18.386     ;
; -17.566 ; x_reg[17] ; y_reg[20]              ; clk          ; clk         ; 1.000        ; 0.036      ; 18.371     ;
; -17.560 ; x_reg[4]  ; y_reg[31]              ; clk          ; clk         ; 1.000        ; 0.044      ; 18.373     ;
; -17.558 ; x_reg[9]  ; y_reg[31]~_Duplicate_1 ; clk          ; clk         ; 1.000        ; 0.042      ; 18.369     ;
; -17.558 ; z_reg[27] ; y_reg[30]              ; clk          ; clk         ; 1.000        ; 0.039      ; 18.366     ;
; -17.554 ; x_reg[3]  ; y_reg[24]~_Duplicate_1 ; clk          ; clk         ; 1.000        ; 0.042      ; 18.365     ;
; -17.554 ; z_reg[28] ; y_reg[29]~_Duplicate_1 ; clk          ; clk         ; 1.000        ; 0.045      ; 18.368     ;
; -17.553 ; x_reg[12] ; y_reg[20]              ; clk          ; clk         ; 1.000        ; 0.036      ; 18.358     ;
; -17.552 ; z_reg[29] ; y_reg[29]~_Duplicate_1 ; clk          ; clk         ; 1.000        ; 0.045      ; 18.366     ;
; -17.547 ; z_reg[18] ; y_reg[29]~_Duplicate_1 ; clk          ; clk         ; 1.000        ; 0.059      ; 18.375     ;
; -17.544 ; z_reg[24] ; y_reg[31]              ; clk          ; clk         ; 1.000        ; 0.053      ; 18.366     ;
; -17.543 ; z_reg[28] ; y_reg[29]              ; clk          ; clk         ; 1.000        ; 0.039      ; 18.351     ;
; -17.542 ; z_reg[31] ; y_reg[29]~_Duplicate_1 ; clk          ; clk         ; 1.000        ; 0.045      ; 18.356     ;
; -17.541 ; z_reg[29] ; y_reg[29]              ; clk          ; clk         ; 1.000        ; 0.039      ; 18.349     ;
; -17.538 ; x_reg[9]  ; y_reg[30]              ; clk          ; clk         ; 1.000        ; 0.036      ; 18.343     ;
; -17.537 ; x_reg[17] ; y_reg[24]~_Duplicate_1 ; clk          ; clk         ; 1.000        ; 0.042      ; 18.348     ;
; -17.536 ; z_reg[18] ; y_reg[29]              ; clk          ; clk         ; 1.000        ; 0.053      ; 18.358     ;
; -17.534 ; z_reg[27] ; y_reg[20]              ; clk          ; clk         ; 1.000        ; 0.039      ; 18.342     ;
; -17.531 ; z_reg[31] ; y_reg[29]              ; clk          ; clk         ; 1.000        ; 0.039      ; 18.339     ;
; -17.530 ; x_reg[3]  ; y_reg[30]~_Duplicate_1 ; clk          ; clk         ; 1.000        ; 0.042      ; 18.341     ;
; -17.526 ; z_reg[30] ; y_reg[29]~_Duplicate_1 ; clk          ; clk         ; 1.000        ; 0.045      ; 18.340     ;
; -17.524 ; x_reg[12] ; y_reg[24]~_Duplicate_1 ; clk          ; clk         ; 1.000        ; 0.042      ; 18.335     ;
; -17.517 ; x_reg[3]  ; y_reg[27]              ; clk          ; clk         ; 1.000        ; 0.036      ; 18.322     ;
; -17.515 ; z_reg[30] ; y_reg[29]              ; clk          ; clk         ; 1.000        ; 0.039      ; 18.323     ;
; -17.514 ; x_reg[9]  ; y_reg[20]              ; clk          ; clk         ; 1.000        ; 0.036      ; 18.319     ;
; -17.513 ; x_reg[17] ; y_reg[30]~_Duplicate_1 ; clk          ; clk         ; 1.000        ; 0.042      ; 18.324     ;
; -17.508 ; z_reg[28] ; y_reg[31]~_Duplicate_1 ; clk          ; clk         ; 1.000        ; 0.045      ; 18.322     ;
; -17.506 ; z_reg[29] ; y_reg[31]~_Duplicate_1 ; clk          ; clk         ; 1.000        ; 0.045      ; 18.320     ;
; -17.505 ; z_reg[27] ; y_reg[24]~_Duplicate_1 ; clk          ; clk         ; 1.000        ; 0.045      ; 18.319     ;
; -17.501 ; z_reg[18] ; y_reg[31]~_Duplicate_1 ; clk          ; clk         ; 1.000        ; 0.059      ; 18.329     ;
; -17.500 ; x_reg[12] ; y_reg[30]~_Duplicate_1 ; clk          ; clk         ; 1.000        ; 0.042      ; 18.311     ;
; -17.500 ; x_reg[17] ; y_reg[27]              ; clk          ; clk         ; 1.000        ; 0.036      ; 18.305     ;
; -17.496 ; z_reg[31] ; y_reg[31]~_Duplicate_1 ; clk          ; clk         ; 1.000        ; 0.045      ; 18.310     ;
+---------+-----------+------------------------+--------------+-------------+--------------+------------+------------+


+-------------------------------------------------------------------------------------------------------------------------------+
; Slow 1200mV 0C Model Hold: 'clk'                                                                                              ;
+-------+------------------------+------------------------+--------------+-------------+--------------+------------+------------+
; Slack ; From Node              ; To Node                ; Launch Clock ; Latch Clock ; Relationship ; Clock Skew ; Data Delay ;
+-------+------------------------+------------------------+--------------+-------------+--------------+------------+------------+
; 0.392 ; x_reg[3]               ; x_reg[3]               ; clk          ; clk         ; 0.000        ; 0.082      ; 0.669      ;
; 0.392 ; x_reg[1]               ; x_reg[1]               ; clk          ; clk         ; 0.000        ; 0.082      ; 0.669      ;
; 0.392 ; x_reg[2]               ; x_reg[2]               ; clk          ; clk         ; 0.000        ; 0.082      ; 0.669      ;
; 0.392 ; z_reg[13]              ; z_reg[13]              ; clk          ; clk         ; 0.000        ; 0.082      ; 0.669      ;
; 0.392 ; z_reg[12]              ; z_reg[12]              ; clk          ; clk         ; 0.000        ; 0.082      ; 0.669      ;
; 0.392 ; z_reg[11]              ; z_reg[11]              ; clk          ; clk         ; 0.000        ; 0.082      ; 0.669      ;
; 0.392 ; z_reg[14]              ; z_reg[14]              ; clk          ; clk         ; 0.000        ; 0.082      ; 0.669      ;
; 0.392 ; y_reg[2]               ; y_reg[2]               ; clk          ; clk         ; 0.000        ; 0.082      ; 0.669      ;
; 0.392 ; y_reg[1]               ; y_reg[1]               ; clk          ; clk         ; 0.000        ; 0.082      ; 0.669      ;
; 0.392 ; s_counter_out[1]       ; s_counter_out[1]       ; clk          ; clk         ; 0.000        ; 0.082      ; 0.669      ;
; 0.392 ; s_ram_addr[0]          ; s_ram_addr[0]          ; clk          ; clk         ; 0.000        ; 0.082      ; 0.669      ;
; 0.392 ; s_ram_addr[1]          ; s_ram_addr[1]          ; clk          ; clk         ; 0.000        ; 0.082      ; 0.669      ;
; 0.392 ; s_ram_addr[2]          ; s_ram_addr[2]          ; clk          ; clk         ; 0.000        ; 0.082      ; 0.669      ;
; 0.392 ; s_ram_addr[3]          ; s_ram_addr[3]          ; clk          ; clk         ; 0.000        ; 0.082      ; 0.669      ;
; 0.393 ; z_reg[27]              ; z_reg[27]              ; clk          ; clk         ; 0.000        ; 0.081      ; 0.669      ;
; 0.393 ; z_reg[28]              ; z_reg[28]              ; clk          ; clk         ; 0.000        ; 0.081      ; 0.669      ;
; 0.393 ; z_reg[23]              ; z_reg[23]              ; clk          ; clk         ; 0.000        ; 0.081      ; 0.669      ;
; 0.393 ; z_reg[29]              ; z_reg[29]              ; clk          ; clk         ; 0.000        ; 0.081      ; 0.669      ;
; 0.393 ; z_reg[30]              ; z_reg[30]              ; clk          ; clk         ; 0.000        ; 0.081      ; 0.669      ;
; 0.393 ; z_reg[21]              ; z_reg[21]              ; clk          ; clk         ; 0.000        ; 0.081      ; 0.669      ;
; 0.393 ; z_reg[20]              ; z_reg[20]              ; clk          ; clk         ; 0.000        ; 0.081      ; 0.669      ;
; 0.393 ; z_reg[19]              ; z_reg[19]              ; clk          ; clk         ; 0.000        ; 0.081      ; 0.669      ;
; 0.393 ; z_reg[3]               ; z_reg[3]               ; clk          ; clk         ; 0.000        ; 0.081      ; 0.669      ;
; 0.393 ; z_reg[2]               ; z_reg[2]               ; clk          ; clk         ; 0.000        ; 0.081      ; 0.669      ;
; 0.393 ; z_reg[4]               ; z_reg[4]               ; clk          ; clk         ; 0.000        ; 0.081      ; 0.669      ;
; 0.393 ; y_reg[3]               ; y_reg[3]               ; clk          ; clk         ; 0.000        ; 0.081      ; 0.669      ;
; 0.393 ; z_reg[5]               ; z_reg[5]               ; clk          ; clk         ; 0.000        ; 0.081      ; 0.669      ;
; 0.393 ; z_reg[31]              ; z_reg[31]              ; clk          ; clk         ; 0.000        ; 0.081      ; 0.669      ;
; 0.394 ; state.IDLE             ; state.IDLE             ; clk          ; clk         ; 0.000        ; 0.080      ; 0.669      ;
; 0.394 ; state.DONE             ; state.DONE             ; clk          ; clk         ; 0.000        ; 0.080      ; 0.669      ;
; 0.394 ; round[0]               ; round[0]               ; clk          ; clk         ; 0.000        ; 0.080      ; 0.669      ;
; 0.394 ; round[1]               ; round[1]               ; clk          ; clk         ; 0.000        ; 0.080      ; 0.669      ;
; 0.394 ; y_reg[0]               ; y_reg[0]               ; clk          ; clk         ; 0.000        ; 0.080      ; 0.669      ;
; 0.407 ; s_counter_out[0]       ; s_counter_out[0]       ; clk          ; clk         ; 0.000        ; 0.082      ; 0.684      ;
; 0.448 ; counter[8]             ; counter[8]             ; clk          ; clk         ; 0.000        ; 0.080      ; 0.723      ;
; 0.478 ; s_counter_out[1]       ; s_ram_addr[1]          ; clk          ; clk         ; 0.000        ; 0.082      ; 0.755      ;
; 0.511 ; state.GENERATE_VALUES  ; done_out~reg0          ; clk          ; clk         ; 0.000        ; 0.080      ; 0.786      ;
; 0.516 ; state.INIT             ; round[0]               ; clk          ; clk         ; 0.000        ; 0.080      ; 0.791      ;
; 0.517 ; state.INIT             ; state.GENERATE_VALUES  ; clk          ; clk         ; 0.000        ; 0.080      ; 0.792      ;
; 0.533 ; state.GENERATE_VALUES  ; round[1]               ; clk          ; clk         ; 0.000        ; 0.080      ; 0.808      ;
; 0.534 ; state.GENERATE_VALUES  ; state.DONE             ; clk          ; clk         ; 0.000        ; 0.080      ; 0.809      ;
; 0.626 ; state.IDLE             ; state.INIT             ; clk          ; clk         ; 0.000        ; 0.080      ; 0.901      ;
; 0.647 ; state.IDLE             ; done_out~reg0          ; clk          ; clk         ; 0.000        ; 0.080      ; 0.922      ;
; 0.685 ; counter_2[7]           ; counter_2[7]           ; clk          ; clk         ; 0.000        ; 0.080      ; 0.960      ;
; 0.686 ; counter[5]             ; counter[5]             ; clk          ; clk         ; 0.000        ; 0.080      ; 0.961      ;
; 0.686 ; counter_2[4]           ; counter_2[4]           ; clk          ; clk         ; 0.000        ; 0.080      ; 0.961      ;
; 0.686 ; counter_2[6]           ; counter_2[6]           ; clk          ; clk         ; 0.000        ; 0.080      ; 0.961      ;
; 0.687 ; counter_2[8]           ; counter_2[8]           ; clk          ; clk         ; 0.000        ; 0.080      ; 0.962      ;
; 0.688 ; counter_2[1]           ; counter_2[1]           ; clk          ; clk         ; 0.000        ; 0.080      ; 0.963      ;
; 0.688 ; counter_2[3]           ; counter_2[3]           ; clk          ; clk         ; 0.000        ; 0.080      ; 0.963      ;
; 0.689 ; counter[2]             ; counter[2]             ; clk          ; clk         ; 0.000        ; 0.080      ; 0.964      ;
; 0.689 ; counter[6]             ; counter[6]             ; clk          ; clk         ; 0.000        ; 0.080      ; 0.964      ;
; 0.689 ; counter[7]             ; counter[7]             ; clk          ; clk         ; 0.000        ; 0.080      ; 0.964      ;
; 0.690 ; counter_2[2]           ; counter_2[2]           ; clk          ; clk         ; 0.000        ; 0.080      ; 0.965      ;
; 0.698 ; counter[3]             ; counter[3]             ; clk          ; clk         ; 0.000        ; 0.080      ; 0.973      ;
; 0.699 ; s_ram_addr[2]          ; s_ram_addr[3]          ; clk          ; clk         ; 0.000        ; 0.082      ; 0.976      ;
; 0.701 ; counter_2[5]           ; counter_2[5]           ; clk          ; clk         ; 0.000        ; 0.080      ; 0.976      ;
; 0.704 ; counter[4]             ; counter[4]             ; clk          ; clk         ; 0.000        ; 0.080      ; 0.979      ;
; 0.706 ; s_ram_addr[0]          ; s_ram_addr[1]          ; clk          ; clk         ; 0.000        ; 0.082      ; 0.983      ;
; 0.713 ; counter[0]             ; counter[0]             ; clk          ; clk         ; 0.000        ; 0.080      ; 0.988      ;
; 0.714 ; s_counter_out[1]       ; s_ram_addr[0]          ; clk          ; clk         ; 0.000        ; 0.082      ; 0.991      ;
; 0.715 ; counter_2[0]           ; counter_2[0]           ; clk          ; clk         ; 0.000        ; 0.080      ; 0.990      ;
; 0.785 ; state.DONE             ; round[0]               ; clk          ; clk         ; 0.000        ; 0.080      ; 1.060      ;
; 0.807 ; x_reg[31]~_Duplicate_4 ; x_reg[31]~_Duplicate_4 ; clk          ; clk         ; 0.000        ; 0.081      ; 1.083      ;
; 0.814 ; state.INIT             ; done_out~reg0          ; clk          ; clk         ; 0.000        ; 0.080      ; 1.089      ;
; 0.850 ; counter[1]             ; counter[1]             ; clk          ; clk         ; 0.000        ; 0.080      ; 1.125      ;
; 0.865 ; s_counter_out[1]       ; s_ram_addr[2]          ; clk          ; clk         ; 0.000        ; 0.082      ; 1.142      ;
; 1.005 ; counter_2[6]           ; counter_2[7]           ; clk          ; clk         ; 0.000        ; 0.080      ; 1.280      ;
; 1.005 ; counter_2[4]           ; counter_2[5]           ; clk          ; clk         ; 0.000        ; 0.080      ; 1.280      ;
; 1.008 ; counter[5]             ; counter[6]             ; clk          ; clk         ; 0.000        ; 0.080      ; 1.283      ;
; 1.008 ; counter[6]             ; counter[7]             ; clk          ; clk         ; 0.000        ; 0.080      ; 1.283      ;
; 1.008 ; counter[2]             ; counter[3]             ; clk          ; clk         ; 0.000        ; 0.080      ; 1.283      ;
; 1.008 ; counter[0]             ; counter[1]             ; clk          ; clk         ; 0.000        ; 0.080      ; 1.283      ;
; 1.009 ; counter_2[7]           ; counter_2[8]           ; clk          ; clk         ; 0.000        ; 0.080      ; 1.284      ;
; 1.009 ; counter_2[2]           ; counter_2[3]           ; clk          ; clk         ; 0.000        ; 0.080      ; 1.284      ;
; 1.010 ; counter_2[0]           ; counter_2[1]           ; clk          ; clk         ; 0.000        ; 0.080      ; 1.285      ;
; 1.012 ; counter_2[3]           ; counter_2[4]           ; clk          ; clk         ; 0.000        ; 0.080      ; 1.287      ;
; 1.012 ; counter_2[1]           ; counter_2[2]           ; clk          ; clk         ; 0.000        ; 0.080      ; 1.287      ;
; 1.013 ; counter[7]             ; counter[8]             ; clk          ; clk         ; 0.000        ; 0.080      ; 1.288      ;
; 1.020 ; counter_2[4]           ; counter_2[6]           ; clk          ; clk         ; 0.000        ; 0.080      ; 1.295      ;
; 1.020 ; counter[3]             ; counter[4]             ; clk          ; clk         ; 0.000        ; 0.080      ; 1.295      ;
; 1.020 ; counter_2[6]           ; counter_2[8]           ; clk          ; clk         ; 0.000        ; 0.080      ; 1.295      ;
; 1.022 ; counter[4]             ; counter[5]             ; clk          ; clk         ; 0.000        ; 0.080      ; 1.297      ;
; 1.023 ; counter[0]             ; counter[2]             ; clk          ; clk         ; 0.000        ; 0.080      ; 1.298      ;
; 1.023 ; counter[6]             ; counter[8]             ; clk          ; clk         ; 0.000        ; 0.080      ; 1.298      ;
; 1.023 ; counter[2]             ; counter[4]             ; clk          ; clk         ; 0.000        ; 0.080      ; 1.298      ;
; 1.024 ; counter_2[2]           ; counter_2[4]           ; clk          ; clk         ; 0.000        ; 0.080      ; 1.299      ;
; 1.025 ; counter_2[0]           ; counter_2[2]           ; clk          ; clk         ; 0.000        ; 0.080      ; 1.300      ;
; 1.025 ; counter_2[5]           ; counter_2[6]           ; clk          ; clk         ; 0.000        ; 0.080      ; 1.300      ;
; 1.038 ; counter[4]             ; counter[6]             ; clk          ; clk         ; 0.000        ; 0.080      ; 1.313      ;
; 1.061 ; y_reg[29]~_Duplicate_2 ; y_reg[29]~_Duplicate_2 ; clk          ; clk         ; 0.000        ; 0.082      ; 1.338      ;
; 1.063 ; y_reg[27]~_Duplicate_2 ; y_reg[27]~_Duplicate_2 ; clk          ; clk         ; 0.000        ; 0.082      ; 1.340      ;
; 1.067 ; y_reg[8]               ; y_reg[8]               ; clk          ; clk         ; 0.000        ; 0.081      ; 1.343      ;
; 1.068 ; x_reg[27]~_Duplicate_4 ; x_reg[27]~_Duplicate_4 ; clk          ; clk         ; 0.000        ; 0.081      ; 1.344      ;
; 1.069 ; x_reg[29]~_Duplicate_4 ; x_reg[29]~_Duplicate_4 ; clk          ; clk         ; 0.000        ; 0.081      ; 1.345      ;
; 1.079 ; s_counter_out[0]       ; s_counter_out[1]       ; clk          ; clk         ; 0.000        ; 0.082      ; 1.356      ;
; 1.080 ; s_ram_addr[0]          ; s_ram_addr[2]          ; clk          ; clk         ; 0.000        ; 0.082      ; 1.357      ;
; 1.085 ; round[0]               ; round[1]               ; clk          ; clk         ; 0.000        ; 0.080      ; 1.360      ;
; 1.091 ; y_reg[31]~_Duplicate_2 ; y_reg[31]~_Duplicate_2 ; clk          ; clk         ; 0.000        ; 0.082      ; 1.368      ;
; 1.094 ; z_reg[25]              ; z_reg[25]              ; clk          ; clk         ; 0.000        ; 0.081      ; 1.370      ;
+-------+------------------------+------------------------+--------------+-------------+--------------+------------+------------+


+-------------------------------------------------------------------------------------------------------------+
; Slow 1200mV 0C Model Recovery: 'clk'                                                                        ;
+--------+--------------+---------------+--------------+-------------+--------------+------------+------------+
; Slack  ; From Node    ; To Node       ; Launch Clock ; Latch Clock ; Relationship ; Clock Skew ; Data Delay ;
+--------+--------------+---------------+--------------+-------------+--------------+------------+------------+
; -0.519 ; s_data_valid ; s_ram_addr[0] ; clk          ; clk         ; 1.000        ; -0.082     ; 1.439      ;
; -0.519 ; s_data_valid ; s_ram_addr[1] ; clk          ; clk         ; 1.000        ; -0.082     ; 1.439      ;
; -0.519 ; s_data_valid ; s_ram_addr[2] ; clk          ; clk         ; 1.000        ; -0.082     ; 1.439      ;
; -0.519 ; s_data_valid ; s_ram_addr[3] ; clk          ; clk         ; 1.000        ; -0.082     ; 1.439      ;
+--------+--------------+---------------+--------------+-------------+--------------+------------+------------+


+------------------------------------------------------------------------------------------------------------+
; Slow 1200mV 0C Model Removal: 'clk'                                                                        ;
+-------+--------------+---------------+--------------+-------------+--------------+------------+------------+
; Slack ; From Node    ; To Node       ; Launch Clock ; Latch Clock ; Relationship ; Clock Skew ; Data Delay ;
+-------+--------------+---------------+--------------+-------------+--------------+------------+------------+
; 1.058 ; s_data_valid ; s_ram_addr[0] ; clk          ; clk         ; 0.000        ; 0.082      ; 1.335      ;
; 1.058 ; s_data_valid ; s_ram_addr[1] ; clk          ; clk         ; 0.000        ; 0.082      ; 1.335      ;
; 1.058 ; s_data_valid ; s_ram_addr[2] ; clk          ; clk         ; 0.000        ; 0.082      ; 1.335      ;
; 1.058 ; s_data_valid ; s_ram_addr[3] ; clk          ; clk         ; 0.000        ; 0.082      ; 1.335      ;
+-------+--------------+---------------+--------------+-------------+--------------+------------+------------+


+---------------------------------------------------------------------------------------------------+
; Slow 1200mV 0C Model Minimum Pulse Width: 'clk'                                                   ;
+--------+--------------+----------------+------------+-------+------------+------------------------+
; Slack  ; Actual Width ; Required Width ; Type       ; Clock ; Clock Edge ; Target                 ;
+--------+--------------+----------------+------------+-------+------------+------------------------+
; -4.000 ; 1.000        ; 5.000          ; Min Period ; clk   ; Rise       ; x_reg[18]              ;
; -4.000 ; 1.000        ; 5.000          ; Min Period ; clk   ; Rise       ; x_reg[18]~_Duplicate_1 ;
; -4.000 ; 1.000        ; 5.000          ; Min Period ; clk   ; Rise       ; x_reg[18]~_Duplicate_2 ;
; -4.000 ; 1.000        ; 5.000          ; Min Period ; clk   ; Rise       ; x_reg[18]~_Duplicate_3 ;
; -4.000 ; 1.000        ; 5.000          ; Min Period ; clk   ; Rise       ; x_reg[19]              ;
; -4.000 ; 1.000        ; 5.000          ; Min Period ; clk   ; Rise       ; x_reg[19]~_Duplicate_1 ;
; -4.000 ; 1.000        ; 5.000          ; Min Period ; clk   ; Rise       ; x_reg[19]~_Duplicate_2 ;
; -4.000 ; 1.000        ; 5.000          ; Min Period ; clk   ; Rise       ; x_reg[19]~_Duplicate_3 ;
; -4.000 ; 1.000        ; 5.000          ; Min Period ; clk   ; Rise       ; x_reg[20]              ;
; -4.000 ; 1.000        ; 5.000          ; Min Period ; clk   ; Rise       ; x_reg[20]~_Duplicate_1 ;
; -4.000 ; 1.000        ; 5.000          ; Min Period ; clk   ; Rise       ; x_reg[20]~_Duplicate_2 ;
; -4.000 ; 1.000        ; 5.000          ; Min Period ; clk   ; Rise       ; x_reg[20]~_Duplicate_3 ;
; -4.000 ; 1.000        ; 5.000          ; Min Period ; clk   ; Rise       ; x_reg[21]              ;
; -4.000 ; 1.000        ; 5.000          ; Min Period ; clk   ; Rise       ; x_reg[21]~_Duplicate_1 ;
; -4.000 ; 1.000        ; 5.000          ; Min Period ; clk   ; Rise       ; x_reg[21]~_Duplicate_2 ;
; -4.000 ; 1.000        ; 5.000          ; Min Period ; clk   ; Rise       ; x_reg[21]~_Duplicate_3 ;
; -4.000 ; 1.000        ; 5.000          ; Min Period ; clk   ; Rise       ; x_reg[22]              ;
; -4.000 ; 1.000        ; 5.000          ; Min Period ; clk   ; Rise       ; x_reg[22]~_Duplicate_1 ;
; -4.000 ; 1.000        ; 5.000          ; Min Period ; clk   ; Rise       ; x_reg[22]~_Duplicate_2 ;
; -4.000 ; 1.000        ; 5.000          ; Min Period ; clk   ; Rise       ; x_reg[22]~_Duplicate_3 ;
; -4.000 ; 1.000        ; 5.000          ; Min Period ; clk   ; Rise       ; x_reg[23]              ;
; -4.000 ; 1.000        ; 5.000          ; Min Period ; clk   ; Rise       ; x_reg[23]~_Duplicate_1 ;
; -4.000 ; 1.000        ; 5.000          ; Min Period ; clk   ; Rise       ; x_reg[23]~_Duplicate_2 ;
; -4.000 ; 1.000        ; 5.000          ; Min Period ; clk   ; Rise       ; x_reg[23]~_Duplicate_3 ;
; -4.000 ; 1.000        ; 5.000          ; Min Period ; clk   ; Rise       ; x_reg[24]              ;
; -4.000 ; 1.000        ; 5.000          ; Min Period ; clk   ; Rise       ; x_reg[24]~_Duplicate_1 ;
; -4.000 ; 1.000        ; 5.000          ; Min Period ; clk   ; Rise       ; x_reg[24]~_Duplicate_2 ;
; -4.000 ; 1.000        ; 5.000          ; Min Period ; clk   ; Rise       ; x_reg[24]~_Duplicate_3 ;
; -4.000 ; 1.000        ; 5.000          ; Min Period ; clk   ; Rise       ; x_reg[25]              ;
; -4.000 ; 1.000        ; 5.000          ; Min Period ; clk   ; Rise       ; x_reg[25]~_Duplicate_1 ;
; -4.000 ; 1.000        ; 5.000          ; Min Period ; clk   ; Rise       ; x_reg[25]~_Duplicate_2 ;
; -4.000 ; 1.000        ; 5.000          ; Min Period ; clk   ; Rise       ; x_reg[25]~_Duplicate_3 ;
; -4.000 ; 1.000        ; 5.000          ; Min Period ; clk   ; Rise       ; x_reg[26]              ;
; -4.000 ; 1.000        ; 5.000          ; Min Period ; clk   ; Rise       ; x_reg[26]~_Duplicate_1 ;
; -4.000 ; 1.000        ; 5.000          ; Min Period ; clk   ; Rise       ; x_reg[26]~_Duplicate_2 ;
; -4.000 ; 1.000        ; 5.000          ; Min Period ; clk   ; Rise       ; x_reg[26]~_Duplicate_3 ;
; -4.000 ; 1.000        ; 5.000          ; Min Period ; clk   ; Rise       ; x_reg[27]              ;
; -4.000 ; 1.000        ; 5.000          ; Min Period ; clk   ; Rise       ; x_reg[27]~_Duplicate_1 ;
; -4.000 ; 1.000        ; 5.000          ; Min Period ; clk   ; Rise       ; x_reg[27]~_Duplicate_2 ;
; -4.000 ; 1.000        ; 5.000          ; Min Period ; clk   ; Rise       ; x_reg[27]~_Duplicate_3 ;
; -4.000 ; 1.000        ; 5.000          ; Min Period ; clk   ; Rise       ; x_reg[28]              ;
; -4.000 ; 1.000        ; 5.000          ; Min Period ; clk   ; Rise       ; x_reg[28]~_Duplicate_1 ;
; -4.000 ; 1.000        ; 5.000          ; Min Period ; clk   ; Rise       ; x_reg[28]~_Duplicate_2 ;
; -4.000 ; 1.000        ; 5.000          ; Min Period ; clk   ; Rise       ; x_reg[28]~_Duplicate_3 ;
; -4.000 ; 1.000        ; 5.000          ; Min Period ; clk   ; Rise       ; x_reg[29]              ;
; -4.000 ; 1.000        ; 5.000          ; Min Period ; clk   ; Rise       ; x_reg[29]~_Duplicate_1 ;
; -4.000 ; 1.000        ; 5.000          ; Min Period ; clk   ; Rise       ; x_reg[29]~_Duplicate_2 ;
; -4.000 ; 1.000        ; 5.000          ; Min Period ; clk   ; Rise       ; x_reg[29]~_Duplicate_3 ;
; -4.000 ; 1.000        ; 5.000          ; Min Period ; clk   ; Rise       ; x_reg[30]              ;
; -4.000 ; 1.000        ; 5.000          ; Min Period ; clk   ; Rise       ; x_reg[30]~_Duplicate_1 ;
; -4.000 ; 1.000        ; 5.000          ; Min Period ; clk   ; Rise       ; x_reg[30]~_Duplicate_2 ;
; -4.000 ; 1.000        ; 5.000          ; Min Period ; clk   ; Rise       ; x_reg[30]~_Duplicate_3 ;
; -4.000 ; 1.000        ; 5.000          ; Min Period ; clk   ; Rise       ; x_reg[31]              ;
; -4.000 ; 1.000        ; 5.000          ; Min Period ; clk   ; Rise       ; x_reg[31]~_Duplicate_1 ;
; -4.000 ; 1.000        ; 5.000          ; Min Period ; clk   ; Rise       ; x_reg[31]~_Duplicate_2 ;
; -4.000 ; 1.000        ; 5.000          ; Min Period ; clk   ; Rise       ; x_reg[31]~_Duplicate_3 ;
; -4.000 ; 1.000        ; 5.000          ; Min Period ; clk   ; Rise       ; y_reg[18]              ;
; -4.000 ; 1.000        ; 5.000          ; Min Period ; clk   ; Rise       ; y_reg[18]~_Duplicate_1 ;
; -4.000 ; 1.000        ; 5.000          ; Min Period ; clk   ; Rise       ; y_reg[19]              ;
; -4.000 ; 1.000        ; 5.000          ; Min Period ; clk   ; Rise       ; y_reg[19]~_Duplicate_1 ;
; -4.000 ; 1.000        ; 5.000          ; Min Period ; clk   ; Rise       ; y_reg[20]              ;
; -4.000 ; 1.000        ; 5.000          ; Min Period ; clk   ; Rise       ; y_reg[20]~_Duplicate_1 ;
; -4.000 ; 1.000        ; 5.000          ; Min Period ; clk   ; Rise       ; y_reg[21]              ;
; -4.000 ; 1.000        ; 5.000          ; Min Period ; clk   ; Rise       ; y_reg[21]~_Duplicate_1 ;
; -4.000 ; 1.000        ; 5.000          ; Min Period ; clk   ; Rise       ; y_reg[22]              ;
; -4.000 ; 1.000        ; 5.000          ; Min Period ; clk   ; Rise       ; y_reg[22]~_Duplicate_1 ;
; -4.000 ; 1.000        ; 5.000          ; Min Period ; clk   ; Rise       ; y_reg[23]              ;
; -4.000 ; 1.000        ; 5.000          ; Min Period ; clk   ; Rise       ; y_reg[23]~_Duplicate_1 ;
; -4.000 ; 1.000        ; 5.000          ; Min Period ; clk   ; Rise       ; y_reg[24]              ;
; -4.000 ; 1.000        ; 5.000          ; Min Period ; clk   ; Rise       ; y_reg[24]~_Duplicate_1 ;
; -4.000 ; 1.000        ; 5.000          ; Min Period ; clk   ; Rise       ; y_reg[25]              ;
; -4.000 ; 1.000        ; 5.000          ; Min Period ; clk   ; Rise       ; y_reg[25]~_Duplicate_1 ;
; -4.000 ; 1.000        ; 5.000          ; Min Period ; clk   ; Rise       ; y_reg[26]              ;
; -4.000 ; 1.000        ; 5.000          ; Min Period ; clk   ; Rise       ; y_reg[26]~_Duplicate_1 ;
; -4.000 ; 1.000        ; 5.000          ; Min Period ; clk   ; Rise       ; y_reg[27]              ;
; -4.000 ; 1.000        ; 5.000          ; Min Period ; clk   ; Rise       ; y_reg[27]~_Duplicate_1 ;
; -4.000 ; 1.000        ; 5.000          ; Min Period ; clk   ; Rise       ; y_reg[28]              ;
; -4.000 ; 1.000        ; 5.000          ; Min Period ; clk   ; Rise       ; y_reg[28]~_Duplicate_1 ;
; -4.000 ; 1.000        ; 5.000          ; Min Period ; clk   ; Rise       ; y_reg[29]              ;
; -4.000 ; 1.000        ; 5.000          ; Min Period ; clk   ; Rise       ; y_reg[29]~_Duplicate_1 ;
; -4.000 ; 1.000        ; 5.000          ; Min Period ; clk   ; Rise       ; y_reg[30]              ;
; -4.000 ; 1.000        ; 5.000          ; Min Period ; clk   ; Rise       ; y_reg[30]~_Duplicate_1 ;
; -4.000 ; 1.000        ; 5.000          ; Min Period ; clk   ; Rise       ; y_reg[31]              ;
; -4.000 ; 1.000        ; 5.000          ; Min Period ; clk   ; Rise       ; y_reg[31]~_Duplicate_1 ;
; -3.000 ; 1.000        ; 4.000          ; Port Rate  ; clk   ; Rise       ; clk                    ;
; -1.487 ; 1.000        ; 2.487          ; Min Period ; clk   ; Rise       ; counter[0]             ;
; -1.487 ; 1.000        ; 2.487          ; Min Period ; clk   ; Rise       ; counter[1]             ;
; -1.487 ; 1.000        ; 2.487          ; Min Period ; clk   ; Rise       ; counter[2]             ;
; -1.487 ; 1.000        ; 2.487          ; Min Period ; clk   ; Rise       ; counter[3]             ;
; -1.487 ; 1.000        ; 2.487          ; Min Period ; clk   ; Rise       ; counter[4]             ;
; -1.487 ; 1.000        ; 2.487          ; Min Period ; clk   ; Rise       ; counter[5]             ;
; -1.487 ; 1.000        ; 2.487          ; Min Period ; clk   ; Rise       ; counter[6]             ;
; -1.487 ; 1.000        ; 2.487          ; Min Period ; clk   ; Rise       ; counter[7]             ;
; -1.487 ; 1.000        ; 2.487          ; Min Period ; clk   ; Rise       ; counter[8]             ;
; -1.487 ; 1.000        ; 2.487          ; Min Period ; clk   ; Rise       ; counter_2[0]           ;
; -1.487 ; 1.000        ; 2.487          ; Min Period ; clk   ; Rise       ; counter_2[1]           ;
; -1.487 ; 1.000        ; 2.487          ; Min Period ; clk   ; Rise       ; counter_2[2]           ;
; -1.487 ; 1.000        ; 2.487          ; Min Period ; clk   ; Rise       ; counter_2[3]           ;
; -1.487 ; 1.000        ; 2.487          ; Min Period ; clk   ; Rise       ; counter_2[4]           ;
; -1.487 ; 1.000        ; 2.487          ; Min Period ; clk   ; Rise       ; counter_2[5]           ;
+--------+--------------+----------------+------------+-------+------------+------------------------+


+-----------------------------------------------------------------------------+
; Setup Times                                                                 ;
+-----------------+------------+-------+-------+------------+-----------------+
; Data Port       ; Clock Port ; Rise  ; Fall  ; Clock Edge ; Clock Reference ;
+-----------------+------------+-------+-------+------------+-----------------+
; AES_version[*]  ; clk        ; 1.928 ; 1.972 ; Rise       ; clk             ;
;  AES_version[0] ; clk        ; 1.928 ; 1.972 ; Rise       ; clk             ;
;  AES_version[1] ; clk        ; 1.693 ; 1.787 ; Rise       ; clk             ;
; reset           ; clk        ; 2.244 ; 2.224 ; Rise       ; clk             ;
; start           ; clk        ; 3.514 ; 3.412 ; Rise       ; clk             ;
+-----------------+------------+-------+-------+------------+-----------------+


+-------------------------------------------------------------------------------+
; Hold Times                                                                    ;
+-----------------+------------+--------+--------+------------+-----------------+
; Data Port       ; Clock Port ; Rise   ; Fall   ; Clock Edge ; Clock Reference ;
+-----------------+------------+--------+--------+------------+-----------------+
; AES_version[*]  ; clk        ; -1.206 ; -1.295 ; Rise       ; clk             ;
;  AES_version[0] ; clk        ; -1.437 ; -1.477 ; Rise       ; clk             ;
;  AES_version[1] ; clk        ; -1.206 ; -1.295 ; Rise       ; clk             ;
; reset           ; clk        ; -0.210 ; -0.401 ; Rise       ; clk             ;
; start           ; clk        ; -1.509 ; -1.607 ; Rise       ; clk             ;
+-----------------+------------+--------+--------+------------+-----------------+


+-------------------------------------------------------------------------------+
; Clock to Output Times                                                         ;
+-----------------+------------+--------+--------+------------+-----------------+
; Data Port       ; Clock Port ; Rise   ; Fall   ; Clock Edge ; Clock Reference ;
+-----------------+------------+--------+--------+------------+-----------------+
; counter_out[*]  ; clk        ; 7.376  ; 7.108  ; Rise       ; clk             ;
;  counter_out[0] ; clk        ; 7.376  ; 7.108  ; Rise       ; clk             ;
;  counter_out[1] ; clk        ; 7.160  ; 6.970  ; Rise       ; clk             ;
; data_out[*]     ; clk        ; 14.537 ; 13.905 ; Rise       ; clk             ;
;  data_out[0]    ; clk        ; 10.510 ; 10.087 ; Rise       ; clk             ;
;  data_out[1]    ; clk        ; 13.116 ; 12.442 ; Rise       ; clk             ;
;  data_out[2]    ; clk        ; 11.384 ; 10.959 ; Rise       ; clk             ;
;  data_out[3]    ; clk        ; 12.093 ; 11.681 ; Rise       ; clk             ;
;  data_out[4]    ; clk        ; 12.494 ; 12.138 ; Rise       ; clk             ;
;  data_out[5]    ; clk        ; 11.312 ; 10.887 ; Rise       ; clk             ;
;  data_out[6]    ; clk        ; 10.656 ; 10.278 ; Rise       ; clk             ;
;  data_out[7]    ; clk        ; 10.498 ; 10.161 ; Rise       ; clk             ;
;  data_out[8]    ; clk        ; 11.097 ; 10.877 ; Rise       ; clk             ;
;  data_out[9]    ; clk        ; 11.550 ; 11.076 ; Rise       ; clk             ;
;  data_out[10]   ; clk        ; 12.274 ; 11.618 ; Rise       ; clk             ;
;  data_out[11]   ; clk        ; 12.844 ; 12.373 ; Rise       ; clk             ;
;  data_out[12]   ; clk        ; 10.895 ; 10.501 ; Rise       ; clk             ;
;  data_out[13]   ; clk        ; 12.062 ; 11.760 ; Rise       ; clk             ;
;  data_out[14]   ; clk        ; 9.453  ; 9.250  ; Rise       ; clk             ;
;  data_out[15]   ; clk        ; 12.182 ; 11.656 ; Rise       ; clk             ;
;  data_out[16]   ; clk        ; 13.484 ; 12.977 ; Rise       ; clk             ;
;  data_out[17]   ; clk        ; 10.281 ; 9.986  ; Rise       ; clk             ;
;  data_out[18]   ; clk        ; 11.855 ; 11.530 ; Rise       ; clk             ;
;  data_out[19]   ; clk        ; 9.703  ; 9.363  ; Rise       ; clk             ;
;  data_out[20]   ; clk        ; 10.106 ; 9.819  ; Rise       ; clk             ;
;  data_out[21]   ; clk        ; 12.098 ; 11.217 ; Rise       ; clk             ;
;  data_out[22]   ; clk        ; 10.872 ; 10.495 ; Rise       ; clk             ;
;  data_out[23]   ; clk        ; 10.247 ; 9.938  ; Rise       ; clk             ;
;  data_out[24]   ; clk        ; 10.996 ; 10.636 ; Rise       ; clk             ;
;  data_out[25]   ; clk        ; 10.212 ; 9.949  ; Rise       ; clk             ;
;  data_out[26]   ; clk        ; 9.582  ; 9.314  ; Rise       ; clk             ;
;  data_out[27]   ; clk        ; 11.910 ; 11.508 ; Rise       ; clk             ;
;  data_out[28]   ; clk        ; 11.122 ; 10.635 ; Rise       ; clk             ;
;  data_out[29]   ; clk        ; 10.471 ; 10.193 ; Rise       ; clk             ;
;  data_out[30]   ; clk        ; 14.537 ; 13.905 ; Rise       ; clk             ;
;  data_out[31]   ; clk        ; 11.328 ; 10.999 ; Rise       ; clk             ;
; data_valid      ; clk        ; 7.871  ; 7.585  ; Rise       ; clk             ;
; done_out        ; clk        ; 7.676  ; 7.492  ; Rise       ; clk             ;
; ram_addr[*]     ; clk        ; 8.677  ; 8.345  ; Rise       ; clk             ;
;  ram_addr[0]    ; clk        ; 7.548  ; 7.308  ; Rise       ; clk             ;
;  ram_addr[1]    ; clk        ; 7.168  ; 6.975  ; Rise       ; clk             ;
;  ram_addr[2]    ; clk        ; 8.677  ; 8.345  ; Rise       ; clk             ;
;  ram_addr[3]    ; clk        ; 7.545  ; 7.300  ; Rise       ; clk             ;
+-----------------+------------+--------+--------+------------+-----------------+


+-------------------------------------------------------------------------------+
; Minimum Clock to Output Times                                                 ;
+-----------------+------------+--------+--------+------------+-----------------+
; Data Port       ; Clock Port ; Rise   ; Fall   ; Clock Edge ; Clock Reference ;
+-----------------+------------+--------+--------+------------+-----------------+
; counter_out[*]  ; clk        ; 6.891  ; 6.708  ; Rise       ; clk             ;
;  counter_out[0] ; clk        ; 7.099  ; 6.839  ; Rise       ; clk             ;
;  counter_out[1] ; clk        ; 6.891  ; 6.708  ; Rise       ; clk             ;
; data_out[*]     ; clk        ; 7.788  ; 7.555  ; Rise       ; clk             ;
;  data_out[0]    ; clk        ; 9.215  ; 8.805  ; Rise       ; clk             ;
;  data_out[1]    ; clk        ; 11.145 ; 10.463 ; Rise       ; clk             ;
;  data_out[2]    ; clk        ; 9.994  ; 9.590  ; Rise       ; clk             ;
;  data_out[3]    ; clk        ; 10.472 ; 10.080 ; Rise       ; clk             ;
;  data_out[4]    ; clk        ; 10.747 ; 10.406 ; Rise       ; clk             ;
;  data_out[5]    ; clk        ; 9.638  ; 9.195  ; Rise       ; clk             ;
;  data_out[6]    ; clk        ; 9.320  ; 8.949  ; Rise       ; clk             ;
;  data_out[7]    ; clk        ; 9.066  ; 8.695  ; Rise       ; clk             ;
;  data_out[8]    ; clk        ; 9.372  ; 9.160  ; Rise       ; clk             ;
;  data_out[9]    ; clk        ; 10.244 ; 9.788  ; Rise       ; clk             ;
;  data_out[10]   ; clk        ; 10.073 ; 9.442  ; Rise       ; clk             ;
;  data_out[11]   ; clk        ; 11.143 ; 10.731 ; Rise       ; clk             ;
;  data_out[12]   ; clk        ; 9.817  ; 9.403  ; Rise       ; clk             ;
;  data_out[13]   ; clk        ; 10.931 ; 10.608 ; Rise       ; clk             ;
;  data_out[14]   ; clk        ; 7.788  ; 7.555  ; Rise       ; clk             ;
;  data_out[15]   ; clk        ; 11.052 ; 10.512 ; Rise       ; clk             ;
;  data_out[16]   ; clk        ; 11.589 ; 11.089 ; Rise       ; clk             ;
;  data_out[17]   ; clk        ; 8.998  ; 8.710  ; Rise       ; clk             ;
;  data_out[18]   ; clk        ; 9.454  ; 9.152  ; Rise       ; clk             ;
;  data_out[19]   ; clk        ; 8.195  ; 7.872  ; Rise       ; clk             ;
;  data_out[20]   ; clk        ; 8.446  ; 8.162  ; Rise       ; clk             ;
;  data_out[21]   ; clk        ; 10.076 ; 9.234  ; Rise       ; clk             ;
;  data_out[22]   ; clk        ; 9.005  ; 8.679  ; Rise       ; clk             ;
;  data_out[23]   ; clk        ; 8.673  ; 8.379  ; Rise       ; clk             ;
;  data_out[24]   ; clk        ; 9.515  ; 9.165  ; Rise       ; clk             ;
;  data_out[25]   ; clk        ; 8.432  ; 8.135  ; Rise       ; clk             ;
;  data_out[26]   ; clk        ; 8.838  ; 8.533  ; Rise       ; clk             ;
;  data_out[27]   ; clk        ; 9.872  ; 9.442  ; Rise       ; clk             ;
;  data_out[28]   ; clk        ; 10.240 ; 9.790  ; Rise       ; clk             ;
;  data_out[29]   ; clk        ; 8.562  ; 8.251  ; Rise       ; clk             ;
;  data_out[30]   ; clk        ; 12.829 ; 12.181 ; Rise       ; clk             ;
;  data_out[31]   ; clk        ; 9.129  ; 8.774  ; Rise       ; clk             ;
; data_valid      ; clk        ; 7.576  ; 7.300  ; Rise       ; clk             ;
; done_out        ; clk        ; 7.388  ; 7.210  ; Rise       ; clk             ;
; ram_addr[*]     ; clk        ; 6.900  ; 6.713  ; Rise       ; clk             ;
;  ram_addr[0]    ; clk        ; 7.263  ; 7.031  ; Rise       ; clk             ;
;  ram_addr[1]    ; clk        ; 6.900  ; 6.713  ; Rise       ; clk             ;
;  ram_addr[2]    ; clk        ; 8.348  ; 8.027  ; Rise       ; clk             ;
;  ram_addr[3]    ; clk        ; 7.262  ; 7.025  ; Rise       ; clk             ;
+-----------------+------------+--------+--------+------------+-----------------+


---------------------------------------------
; Slow 1200mV 0C Model Metastability Report ;
---------------------------------------------
No synchronizer chains to report.


+------------------------------------+
; Fast 1200mV 0C Model Setup Summary ;
+-------+--------+-------------------+
; Clock ; Slack  ; End Point TNS     ;
+-------+--------+-------------------+
; clk   ; -8.029 ; -968.180          ;
+-------+--------+-------------------+


+-----------------------------------+
; Fast 1200mV 0C Model Hold Summary ;
+-------+-------+-------------------+
; Clock ; Slack ; End Point TNS     ;
+-------+-------+-------------------+
; clk   ; 0.182 ; 0.000             ;
+-------+-------+-------------------+


+---------------------------------------+
; Fast 1200mV 0C Model Recovery Summary ;
+-------+-------+-----------------------+
; Clock ; Slack ; End Point TNS         ;
+-------+-------+-----------------------+
; clk   ; 0.233 ; 0.000                 ;
+-------+-------+-----------------------+


+--------------------------------------+
; Fast 1200mV 0C Model Removal Summary ;
+-------+-------+----------------------+
; Clock ; Slack ; End Point TNS        ;
+-------+-------+----------------------+
; clk   ; 0.486 ; 0.000                ;
+-------+-------+----------------------+


+--------------------------------------------------+
; Fast 1200mV 0C Model Minimum Pulse Width Summary ;
+-------+--------+---------------------------------+
; Clock ; Slack  ; End Point TNS                   ;
+-------+--------+---------------------------------+
; clk   ; -3.000 ; -236.080                        ;
+-------+--------+---------------------------------+


+-------------------------------------------------------------------------------------------------------------------+
; Fast 1200mV 0C Model Setup: 'clk'                                                                                 ;
+--------+-----------+------------------------+--------------+-------------+--------------+------------+------------+
; Slack  ; From Node ; To Node                ; Launch Clock ; Latch Clock ; Relationship ; Clock Skew ; Data Delay ;
+--------+-----------+------------------------+--------------+-------------+--------------+------------+------------+
; -8.029 ; x_reg[3]  ; y_reg[31]              ; clk          ; clk         ; 1.000        ; 0.026      ; 8.927      ;
; -8.019 ; x_reg[17] ; y_reg[31]              ; clk          ; clk         ; 1.000        ; 0.026      ; 8.917      ;
; -8.009 ; x_reg[12] ; y_reg[31]              ; clk          ; clk         ; 1.000        ; 0.026      ; 8.907      ;
; -7.994 ; x_reg[9]  ; y_reg[31]              ; clk          ; clk         ; 1.000        ; 0.026      ; 8.892      ;
; -7.981 ; z_reg[27] ; y_reg[31]              ; clk          ; clk         ; 1.000        ; 0.032      ; 8.885      ;
; -7.954 ; z_reg[18] ; y_reg[31]              ; clk          ; clk         ; 1.000        ; 0.044      ; 8.870      ;
; -7.952 ; z_reg[28] ; y_reg[31]              ; clk          ; clk         ; 1.000        ; 0.032      ; 8.856      ;
; -7.951 ; z_reg[31] ; y_reg[31]              ; clk          ; clk         ; 1.000        ; 0.032      ; 8.855      ;
; -7.942 ; z_reg[29] ; y_reg[31]              ; clk          ; clk         ; 1.000        ; 0.032      ; 8.846      ;
; -7.938 ; x_reg[3]  ; y_reg[28]~_Duplicate_1 ; clk          ; clk         ; 1.000        ; 0.030      ; 8.840      ;
; -7.937 ; z_reg[30] ; y_reg[31]              ; clk          ; clk         ; 1.000        ; 0.032      ; 8.841      ;
; -7.928 ; x_reg[17] ; y_reg[28]~_Duplicate_1 ; clk          ; clk         ; 1.000        ; 0.030      ; 8.830      ;
; -7.918 ; x_reg[12] ; y_reg[28]~_Duplicate_1 ; clk          ; clk         ; 1.000        ; 0.030      ; 8.820      ;
; -7.908 ; x_reg[3]  ; y_reg[30]              ; clk          ; clk         ; 1.000        ; 0.026      ; 8.806      ;
; -7.907 ; x_reg[5]  ; y_reg[31]              ; clk          ; clk         ; 1.000        ; 0.026      ; 8.805      ;
; -7.903 ; x_reg[9]  ; y_reg[28]~_Duplicate_1 ; clk          ; clk         ; 1.000        ; 0.030      ; 8.805      ;
; -7.898 ; x_reg[17] ; y_reg[30]              ; clk          ; clk         ; 1.000        ; 0.026      ; 8.796      ;
; -7.893 ; x_reg[2]  ; y_reg[31]              ; clk          ; clk         ; 1.000        ; 0.026      ; 8.791      ;
; -7.893 ; x_reg[11] ; y_reg[31]              ; clk          ; clk         ; 1.000        ; 0.029      ; 8.794      ;
; -7.890 ; z_reg[27] ; y_reg[28]~_Duplicate_1 ; clk          ; clk         ; 1.000        ; 0.036      ; 8.798      ;
; -7.888 ; x_reg[12] ; y_reg[30]              ; clk          ; clk         ; 1.000        ; 0.026      ; 8.786      ;
; -7.885 ; x_reg[1]  ; y_reg[31]              ; clk          ; clk         ; 1.000        ; 0.026      ; 8.783      ;
; -7.881 ; z_reg[17] ; y_reg[31]              ; clk          ; clk         ; 1.000        ; 0.026      ; 8.779      ;
; -7.880 ; z_reg[12] ; y_reg[31]              ; clk          ; clk         ; 1.000        ; 0.026      ; 8.778      ;
; -7.880 ; z_reg[16] ; y_reg[31]              ; clk          ; clk         ; 1.000        ; 0.026      ; 8.778      ;
; -7.878 ; x_reg[14] ; y_reg[31]              ; clk          ; clk         ; 1.000        ; 0.029      ; 8.779      ;
; -7.877 ; x_reg[3]  ; y_reg[23]~_Duplicate_1 ; clk          ; clk         ; 1.000        ; 0.030      ; 8.779      ;
; -7.873 ; x_reg[15] ; y_reg[31]              ; clk          ; clk         ; 1.000        ; 0.029      ; 8.774      ;
; -7.873 ; x_reg[9]  ; y_reg[30]              ; clk          ; clk         ; 1.000        ; 0.026      ; 8.771      ;
; -7.871 ; x_reg[3]  ; y_reg[30]~_Duplicate_1 ; clk          ; clk         ; 1.000        ; 0.030      ; 8.773      ;
; -7.867 ; x_reg[10] ; y_reg[31]              ; clk          ; clk         ; 1.000        ; 0.029      ; 8.768      ;
; -7.867 ; x_reg[17] ; y_reg[23]~_Duplicate_1 ; clk          ; clk         ; 1.000        ; 0.030      ; 8.769      ;
; -7.863 ; z_reg[18] ; y_reg[28]~_Duplicate_1 ; clk          ; clk         ; 1.000        ; 0.048      ; 8.783      ;
; -7.861 ; z_reg[28] ; y_reg[28]~_Duplicate_1 ; clk          ; clk         ; 1.000        ; 0.036      ; 8.769      ;
; -7.861 ; x_reg[17] ; y_reg[30]~_Duplicate_1 ; clk          ; clk         ; 1.000        ; 0.030      ; 8.763      ;
; -7.860 ; z_reg[31] ; y_reg[28]~_Duplicate_1 ; clk          ; clk         ; 1.000        ; 0.036      ; 8.768      ;
; -7.860 ; z_reg[27] ; y_reg[30]              ; clk          ; clk         ; 1.000        ; 0.032      ; 8.764      ;
; -7.858 ; x_reg[13] ; y_reg[31]              ; clk          ; clk         ; 1.000        ; 0.029      ; 8.759      ;
; -7.857 ; x_reg[12] ; y_reg[23]~_Duplicate_1 ; clk          ; clk         ; 1.000        ; 0.030      ; 8.759      ;
; -7.852 ; x_reg[3]  ; y_reg[22]              ; clk          ; clk         ; 1.000        ; 0.026      ; 8.750      ;
; -7.851 ; z_reg[29] ; y_reg[28]~_Duplicate_1 ; clk          ; clk         ; 1.000        ; 0.036      ; 8.759      ;
; -7.851 ; x_reg[12] ; y_reg[30]~_Duplicate_1 ; clk          ; clk         ; 1.000        ; 0.030      ; 8.753      ;
; -7.847 ; x_reg[3]  ; y_reg[29]~_Duplicate_1 ; clk          ; clk         ; 1.000        ; 0.030      ; 8.749      ;
; -7.847 ; x_reg[3]  ; y_reg[31]~_Duplicate_1 ; clk          ; clk         ; 1.000        ; 0.030      ; 8.749      ;
; -7.846 ; z_reg[30] ; y_reg[28]~_Duplicate_1 ; clk          ; clk         ; 1.000        ; 0.036      ; 8.754      ;
; -7.842 ; x_reg[3]  ; y_reg[29]              ; clk          ; clk         ; 1.000        ; 0.026      ; 8.740      ;
; -7.842 ; z_reg[19] ; y_reg[31]              ; clk          ; clk         ; 1.000        ; 0.044      ; 8.758      ;
; -7.842 ; x_reg[9]  ; y_reg[23]~_Duplicate_1 ; clk          ; clk         ; 1.000        ; 0.030      ; 8.744      ;
; -7.842 ; x_reg[17] ; y_reg[22]              ; clk          ; clk         ; 1.000        ; 0.026      ; 8.740      ;
; -7.838 ; z_reg[10] ; y_reg[31]              ; clk          ; clk         ; 1.000        ; 0.026      ; 8.736      ;
; -7.837 ; x_reg[3]  ; y_reg[24]~_Duplicate_1 ; clk          ; clk         ; 1.000        ; 0.030      ; 8.739      ;
; -7.837 ; x_reg[17] ; y_reg[29]~_Duplicate_1 ; clk          ; clk         ; 1.000        ; 0.030      ; 8.739      ;
; -7.837 ; x_reg[17] ; y_reg[31]~_Duplicate_1 ; clk          ; clk         ; 1.000        ; 0.030      ; 8.739      ;
; -7.836 ; z_reg[20] ; y_reg[31]              ; clk          ; clk         ; 1.000        ; 0.044      ; 8.752      ;
; -7.836 ; x_reg[9]  ; y_reg[30]~_Duplicate_1 ; clk          ; clk         ; 1.000        ; 0.030      ; 8.738      ;
; -7.835 ; z_reg[23] ; y_reg[31]              ; clk          ; clk         ; 1.000        ; 0.044      ; 8.751      ;
; -7.834 ; z_reg[25] ; y_reg[31]              ; clk          ; clk         ; 1.000        ; 0.032      ; 8.738      ;
; -7.833 ; z_reg[18] ; y_reg[30]              ; clk          ; clk         ; 1.000        ; 0.044      ; 8.749      ;
; -7.832 ; x_reg[3]  ; y_reg[20]              ; clk          ; clk         ; 1.000        ; 0.026      ; 8.730      ;
; -7.832 ; x_reg[12] ; y_reg[22]              ; clk          ; clk         ; 1.000        ; 0.026      ; 8.730      ;
; -7.832 ; x_reg[17] ; y_reg[29]              ; clk          ; clk         ; 1.000        ; 0.026      ; 8.730      ;
; -7.831 ; z_reg[28] ; y_reg[30]              ; clk          ; clk         ; 1.000        ; 0.032      ; 8.735      ;
; -7.830 ; z_reg[31] ; y_reg[30]              ; clk          ; clk         ; 1.000        ; 0.032      ; 8.734      ;
; -7.829 ; z_reg[26] ; y_reg[31]              ; clk          ; clk         ; 1.000        ; 0.036      ; 8.737      ;
; -7.829 ; z_reg[27] ; y_reg[23]~_Duplicate_1 ; clk          ; clk         ; 1.000        ; 0.036      ; 8.737      ;
; -7.827 ; x_reg[12] ; y_reg[29]~_Duplicate_1 ; clk          ; clk         ; 1.000        ; 0.030      ; 8.729      ;
; -7.827 ; x_reg[12] ; y_reg[31]~_Duplicate_1 ; clk          ; clk         ; 1.000        ; 0.030      ; 8.729      ;
; -7.827 ; x_reg[17] ; y_reg[24]~_Duplicate_1 ; clk          ; clk         ; 1.000        ; 0.030      ; 8.729      ;
; -7.824 ; z_reg[22] ; y_reg[31]              ; clk          ; clk         ; 1.000        ; 0.044      ; 8.740      ;
; -7.823 ; z_reg[27] ; y_reg[30]~_Duplicate_1 ; clk          ; clk         ; 1.000        ; 0.036      ; 8.731      ;
; -7.822 ; x_reg[12] ; y_reg[29]              ; clk          ; clk         ; 1.000        ; 0.026      ; 8.720      ;
; -7.822 ; x_reg[17] ; y_reg[20]              ; clk          ; clk         ; 1.000        ; 0.026      ; 8.720      ;
; -7.821 ; z_reg[21] ; y_reg[31]              ; clk          ; clk         ; 1.000        ; 0.044      ; 8.737      ;
; -7.821 ; z_reg[29] ; y_reg[30]              ; clk          ; clk         ; 1.000        ; 0.032      ; 8.725      ;
; -7.820 ; x_reg[3]  ; y_reg[28]              ; clk          ; clk         ; 1.000        ; 0.026      ; 8.718      ;
; -7.817 ; x_reg[9]  ; y_reg[22]              ; clk          ; clk         ; 1.000        ; 0.026      ; 8.715      ;
; -7.817 ; x_reg[12] ; y_reg[24]~_Duplicate_1 ; clk          ; clk         ; 1.000        ; 0.030      ; 8.719      ;
; -7.816 ; x_reg[5]  ; y_reg[28]~_Duplicate_1 ; clk          ; clk         ; 1.000        ; 0.030      ; 8.718      ;
; -7.816 ; z_reg[30] ; y_reg[30]              ; clk          ; clk         ; 1.000        ; 0.032      ; 8.720      ;
; -7.814 ; x_reg[8]  ; y_reg[31]              ; clk          ; clk         ; 1.000        ; 0.033      ; 8.719      ;
; -7.812 ; x_reg[9]  ; y_reg[29]~_Duplicate_1 ; clk          ; clk         ; 1.000        ; 0.030      ; 8.714      ;
; -7.812 ; x_reg[9]  ; y_reg[31]~_Duplicate_1 ; clk          ; clk         ; 1.000        ; 0.030      ; 8.714      ;
; -7.812 ; x_reg[12] ; y_reg[20]              ; clk          ; clk         ; 1.000        ; 0.026      ; 8.710      ;
; -7.810 ; x_reg[17] ; y_reg[28]              ; clk          ; clk         ; 1.000        ; 0.026      ; 8.708      ;
; -7.808 ; x_reg[4]  ; y_reg[31]              ; clk          ; clk         ; 1.000        ; 0.033      ; 8.713      ;
; -7.807 ; x_reg[9]  ; y_reg[29]              ; clk          ; clk         ; 1.000        ; 0.026      ; 8.705      ;
; -7.804 ; z_reg[27] ; y_reg[22]              ; clk          ; clk         ; 1.000        ; 0.032      ; 8.708      ;
; -7.802 ; x_reg[2]  ; y_reg[28]~_Duplicate_1 ; clk          ; clk         ; 1.000        ; 0.030      ; 8.704      ;
; -7.802 ; x_reg[11] ; y_reg[28]~_Duplicate_1 ; clk          ; clk         ; 1.000        ; 0.033      ; 8.707      ;
; -7.802 ; z_reg[18] ; y_reg[23]~_Duplicate_1 ; clk          ; clk         ; 1.000        ; 0.048      ; 8.722      ;
; -7.802 ; x_reg[9]  ; y_reg[24]~_Duplicate_1 ; clk          ; clk         ; 1.000        ; 0.030      ; 8.704      ;
; -7.801 ; z_reg[24] ; y_reg[31]              ; clk          ; clk         ; 1.000        ; 0.044      ; 8.717      ;
; -7.800 ; z_reg[28] ; y_reg[23]~_Duplicate_1 ; clk          ; clk         ; 1.000        ; 0.036      ; 8.708      ;
; -7.800 ; x_reg[12] ; y_reg[28]              ; clk          ; clk         ; 1.000        ; 0.026      ; 8.698      ;
; -7.799 ; z_reg[31] ; y_reg[23]~_Duplicate_1 ; clk          ; clk         ; 1.000        ; 0.036      ; 8.707      ;
; -7.799 ; z_reg[27] ; y_reg[29]~_Duplicate_1 ; clk          ; clk         ; 1.000        ; 0.036      ; 8.707      ;
; -7.799 ; z_reg[27] ; y_reg[31]~_Duplicate_1 ; clk          ; clk         ; 1.000        ; 0.036      ; 8.707      ;
; -7.797 ; x_reg[9]  ; y_reg[20]              ; clk          ; clk         ; 1.000        ; 0.026      ; 8.695      ;
; -7.796 ; z_reg[18] ; y_reg[30]~_Duplicate_1 ; clk          ; clk         ; 1.000        ; 0.048      ; 8.716      ;
; -7.794 ; x_reg[1]  ; y_reg[28]~_Duplicate_1 ; clk          ; clk         ; 1.000        ; 0.030      ; 8.696      ;
+--------+-----------+------------------------+--------------+-------------+--------------+------------+------------+


+-------------------------------------------------------------------------------------------------------------------------------+
; Fast 1200mV 0C Model Hold: 'clk'                                                                                              ;
+-------+------------------------+------------------------+--------------+-------------+--------------+------------+------------+
; Slack ; From Node              ; To Node                ; Launch Clock ; Latch Clock ; Relationship ; Clock Skew ; Data Delay ;
+-------+------------------------+------------------------+--------------+-------------+--------------+------------+------------+
; 0.182 ; z_reg[27]              ; z_reg[27]              ; clk          ; clk         ; 0.000        ; 0.041      ; 0.307      ;
; 0.182 ; z_reg[28]              ; z_reg[28]              ; clk          ; clk         ; 0.000        ; 0.041      ; 0.307      ;
; 0.182 ; z_reg[29]              ; z_reg[29]              ; clk          ; clk         ; 0.000        ; 0.041      ; 0.307      ;
; 0.182 ; z_reg[30]              ; z_reg[30]              ; clk          ; clk         ; 0.000        ; 0.041      ; 0.307      ;
; 0.182 ; x_reg[3]               ; x_reg[3]               ; clk          ; clk         ; 0.000        ; 0.041      ; 0.307      ;
; 0.182 ; x_reg[1]               ; x_reg[1]               ; clk          ; clk         ; 0.000        ; 0.041      ; 0.307      ;
; 0.182 ; x_reg[2]               ; x_reg[2]               ; clk          ; clk         ; 0.000        ; 0.041      ; 0.307      ;
; 0.182 ; z_reg[13]              ; z_reg[13]              ; clk          ; clk         ; 0.000        ; 0.041      ; 0.307      ;
; 0.182 ; z_reg[3]               ; z_reg[3]               ; clk          ; clk         ; 0.000        ; 0.041      ; 0.307      ;
; 0.182 ; z_reg[12]              ; z_reg[12]              ; clk          ; clk         ; 0.000        ; 0.041      ; 0.307      ;
; 0.182 ; z_reg[2]               ; z_reg[2]               ; clk          ; clk         ; 0.000        ; 0.041      ; 0.307      ;
; 0.182 ; z_reg[11]              ; z_reg[11]              ; clk          ; clk         ; 0.000        ; 0.041      ; 0.307      ;
; 0.182 ; z_reg[14]              ; z_reg[14]              ; clk          ; clk         ; 0.000        ; 0.041      ; 0.307      ;
; 0.182 ; z_reg[4]               ; z_reg[4]               ; clk          ; clk         ; 0.000        ; 0.041      ; 0.307      ;
; 0.182 ; y_reg[2]               ; y_reg[2]               ; clk          ; clk         ; 0.000        ; 0.041      ; 0.307      ;
; 0.182 ; z_reg[5]               ; z_reg[5]               ; clk          ; clk         ; 0.000        ; 0.041      ; 0.307      ;
; 0.182 ; z_reg[31]              ; z_reg[31]              ; clk          ; clk         ; 0.000        ; 0.041      ; 0.307      ;
; 0.182 ; y_reg[0]               ; y_reg[0]               ; clk          ; clk         ; 0.000        ; 0.041      ; 0.307      ;
; 0.182 ; y_reg[1]               ; y_reg[1]               ; clk          ; clk         ; 0.000        ; 0.041      ; 0.307      ;
; 0.182 ; s_counter_out[1]       ; s_counter_out[1]       ; clk          ; clk         ; 0.000        ; 0.041      ; 0.307      ;
; 0.182 ; s_ram_addr[0]          ; s_ram_addr[0]          ; clk          ; clk         ; 0.000        ; 0.041      ; 0.307      ;
; 0.182 ; s_ram_addr[1]          ; s_ram_addr[1]          ; clk          ; clk         ; 0.000        ; 0.041      ; 0.307      ;
; 0.182 ; s_ram_addr[2]          ; s_ram_addr[2]          ; clk          ; clk         ; 0.000        ; 0.041      ; 0.307      ;
; 0.182 ; s_ram_addr[3]          ; s_ram_addr[3]          ; clk          ; clk         ; 0.000        ; 0.041      ; 0.307      ;
; 0.183 ; state.IDLE             ; state.IDLE             ; clk          ; clk         ; 0.000        ; 0.040      ; 0.307      ;
; 0.183 ; state.DONE             ; state.DONE             ; clk          ; clk         ; 0.000        ; 0.040      ; 0.307      ;
; 0.183 ; round[0]               ; round[0]               ; clk          ; clk         ; 0.000        ; 0.040      ; 0.307      ;
; 0.183 ; round[1]               ; round[1]               ; clk          ; clk         ; 0.000        ; 0.040      ; 0.307      ;
; 0.183 ; z_reg[23]              ; z_reg[23]              ; clk          ; clk         ; 0.000        ; 0.040      ; 0.307      ;
; 0.183 ; z_reg[21]              ; z_reg[21]              ; clk          ; clk         ; 0.000        ; 0.040      ; 0.307      ;
; 0.183 ; z_reg[20]              ; z_reg[20]              ; clk          ; clk         ; 0.000        ; 0.040      ; 0.307      ;
; 0.183 ; z_reg[19]              ; z_reg[19]              ; clk          ; clk         ; 0.000        ; 0.040      ; 0.307      ;
; 0.183 ; y_reg[3]               ; y_reg[3]               ; clk          ; clk         ; 0.000        ; 0.040      ; 0.307      ;
; 0.189 ; s_counter_out[0]       ; s_counter_out[0]       ; clk          ; clk         ; 0.000        ; 0.041      ; 0.314      ;
; 0.193 ; counter[8]             ; counter[8]             ; clk          ; clk         ; 0.000        ; 0.040      ; 0.317      ;
; 0.211 ; s_counter_out[1]       ; s_ram_addr[1]          ; clk          ; clk         ; 0.000        ; 0.041      ; 0.336      ;
; 0.221 ; state.INIT             ; state.GENERATE_VALUES  ; clk          ; clk         ; 0.000        ; 0.040      ; 0.345      ;
; 0.221 ; state.INIT             ; round[0]               ; clk          ; clk         ; 0.000        ; 0.040      ; 0.345      ;
; 0.227 ; state.GENERATE_VALUES  ; round[1]               ; clk          ; clk         ; 0.000        ; 0.040      ; 0.351      ;
; 0.229 ; state.GENERATE_VALUES  ; state.DONE             ; clk          ; clk         ; 0.000        ; 0.040      ; 0.353      ;
; 0.232 ; state.GENERATE_VALUES  ; done_out~reg0          ; clk          ; clk         ; 0.000        ; 0.040      ; 0.356      ;
; 0.278 ; state.IDLE             ; state.INIT             ; clk          ; clk         ; 0.000        ; 0.040      ; 0.402      ;
; 0.279 ; state.IDLE             ; done_out~reg0          ; clk          ; clk         ; 0.000        ; 0.040      ; 0.403      ;
; 0.294 ; counter_2[7]           ; counter_2[7]           ; clk          ; clk         ; 0.000        ; 0.040      ; 0.418      ;
; 0.294 ; counter_2[8]           ; counter_2[8]           ; clk          ; clk         ; 0.000        ; 0.040      ; 0.418      ;
; 0.295 ; counter[5]             ; counter[5]             ; clk          ; clk         ; 0.000        ; 0.040      ; 0.419      ;
; 0.295 ; counter[7]             ; counter[7]             ; clk          ; clk         ; 0.000        ; 0.040      ; 0.419      ;
; 0.295 ; counter_2[1]           ; counter_2[1]           ; clk          ; clk         ; 0.000        ; 0.040      ; 0.419      ;
; 0.295 ; counter_2[4]           ; counter_2[4]           ; clk          ; clk         ; 0.000        ; 0.040      ; 0.419      ;
; 0.295 ; counter_2[6]           ; counter_2[6]           ; clk          ; clk         ; 0.000        ; 0.040      ; 0.419      ;
; 0.296 ; counter[2]             ; counter[2]             ; clk          ; clk         ; 0.000        ; 0.040      ; 0.420      ;
; 0.296 ; counter[6]             ; counter[6]             ; clk          ; clk         ; 0.000        ; 0.040      ; 0.420      ;
; 0.296 ; counter_2[2]           ; counter_2[2]           ; clk          ; clk         ; 0.000        ; 0.040      ; 0.420      ;
; 0.296 ; counter_2[3]           ; counter_2[3]           ; clk          ; clk         ; 0.000        ; 0.040      ; 0.420      ;
; 0.301 ; counter[3]             ; counter[3]             ; clk          ; clk         ; 0.000        ; 0.040      ; 0.425      ;
; 0.301 ; s_ram_addr[2]          ; s_ram_addr[3]          ; clk          ; clk         ; 0.000        ; 0.041      ; 0.426      ;
; 0.303 ; counter_2[5]           ; counter_2[5]           ; clk          ; clk         ; 0.000        ; 0.040      ; 0.427      ;
; 0.304 ; counter[4]             ; counter[4]             ; clk          ; clk         ; 0.000        ; 0.040      ; 0.428      ;
; 0.304 ; s_ram_addr[0]          ; s_ram_addr[1]          ; clk          ; clk         ; 0.000        ; 0.041      ; 0.429      ;
; 0.305 ; counter[0]             ; counter[0]             ; clk          ; clk         ; 0.000        ; 0.040      ; 0.429      ;
; 0.307 ; counter_2[0]           ; counter_2[0]           ; clk          ; clk         ; 0.000        ; 0.040      ; 0.431      ;
; 0.310 ; s_counter_out[1]       ; s_ram_addr[0]          ; clk          ; clk         ; 0.000        ; 0.041      ; 0.435      ;
; 0.338 ; state.DONE             ; round[0]               ; clk          ; clk         ; 0.000        ; 0.040      ; 0.462      ;
; 0.356 ; state.INIT             ; done_out~reg0          ; clk          ; clk         ; 0.000        ; 0.040      ; 0.480      ;
; 0.357 ; x_reg[31]~_Duplicate_4 ; x_reg[31]~_Duplicate_4 ; clk          ; clk         ; 0.000        ; 0.041      ; 0.482      ;
; 0.363 ; counter[1]             ; counter[1]             ; clk          ; clk         ; 0.000        ; 0.040      ; 0.487      ;
; 0.369 ; s_counter_out[1]       ; s_ram_addr[2]          ; clk          ; clk         ; 0.000        ; 0.041      ; 0.494      ;
; 0.443 ; counter_2[7]           ; counter_2[8]           ; clk          ; clk         ; 0.000        ; 0.040      ; 0.567      ;
; 0.444 ; counter[7]             ; counter[8]             ; clk          ; clk         ; 0.000        ; 0.040      ; 0.568      ;
; 0.444 ; counter[5]             ; counter[6]             ; clk          ; clk         ; 0.000        ; 0.040      ; 0.568      ;
; 0.444 ; counter_2[1]           ; counter_2[2]           ; clk          ; clk         ; 0.000        ; 0.040      ; 0.568      ;
; 0.445 ; counter_2[3]           ; counter_2[4]           ; clk          ; clk         ; 0.000        ; 0.040      ; 0.569      ;
; 0.450 ; counter[3]             ; counter[4]             ; clk          ; clk         ; 0.000        ; 0.040      ; 0.574      ;
; 0.452 ; counter_2[5]           ; counter_2[6]           ; clk          ; clk         ; 0.000        ; 0.040      ; 0.576      ;
; 0.452 ; counter[0]             ; counter[1]             ; clk          ; clk         ; 0.000        ; 0.040      ; 0.576      ;
; 0.453 ; counter_2[6]           ; counter_2[7]           ; clk          ; clk         ; 0.000        ; 0.040      ; 0.577      ;
; 0.453 ; counter_2[4]           ; counter_2[5]           ; clk          ; clk         ; 0.000        ; 0.040      ; 0.577      ;
; 0.454 ; counter[6]             ; counter[7]             ; clk          ; clk         ; 0.000        ; 0.040      ; 0.578      ;
; 0.454 ; counter_2[0]           ; counter_2[1]           ; clk          ; clk         ; 0.000        ; 0.040      ; 0.578      ;
; 0.454 ; counter_2[2]           ; counter_2[3]           ; clk          ; clk         ; 0.000        ; 0.040      ; 0.578      ;
; 0.454 ; counter[2]             ; counter[3]             ; clk          ; clk         ; 0.000        ; 0.040      ; 0.578      ;
; 0.455 ; counter[0]             ; counter[2]             ; clk          ; clk         ; 0.000        ; 0.040      ; 0.579      ;
; 0.456 ; x_reg[29]~_Duplicate_4 ; x_reg[29]~_Duplicate_4 ; clk          ; clk         ; 0.000        ; 0.041      ; 0.581      ;
; 0.456 ; y_reg[29]~_Duplicate_2 ; y_reg[29]~_Duplicate_2 ; clk          ; clk         ; 0.000        ; 0.040      ; 0.580      ;
; 0.456 ; x_reg[27]~_Duplicate_4 ; x_reg[27]~_Duplicate_4 ; clk          ; clk         ; 0.000        ; 0.041      ; 0.581      ;
; 0.456 ; y_reg[8]               ; y_reg[8]               ; clk          ; clk         ; 0.000        ; 0.040      ; 0.580      ;
; 0.456 ; counter_2[6]           ; counter_2[8]           ; clk          ; clk         ; 0.000        ; 0.040      ; 0.580      ;
; 0.456 ; counter_2[4]           ; counter_2[6]           ; clk          ; clk         ; 0.000        ; 0.040      ; 0.580      ;
; 0.457 ; round[0]               ; round[1]               ; clk          ; clk         ; 0.000        ; 0.040      ; 0.581      ;
; 0.457 ; counter[6]             ; counter[8]             ; clk          ; clk         ; 0.000        ; 0.040      ; 0.581      ;
; 0.457 ; counter_2[0]           ; counter_2[2]           ; clk          ; clk         ; 0.000        ; 0.040      ; 0.581      ;
; 0.457 ; counter_2[2]           ; counter_2[4]           ; clk          ; clk         ; 0.000        ; 0.040      ; 0.581      ;
; 0.457 ; counter[2]             ; counter[4]             ; clk          ; clk         ; 0.000        ; 0.040      ; 0.581      ;
; 0.458 ; y_reg[27]~_Duplicate_2 ; y_reg[27]~_Duplicate_2 ; clk          ; clk         ; 0.000        ; 0.040      ; 0.582      ;
; 0.462 ; counter[4]             ; counter[5]             ; clk          ; clk         ; 0.000        ; 0.040      ; 0.586      ;
; 0.465 ; counter[4]             ; counter[6]             ; clk          ; clk         ; 0.000        ; 0.040      ; 0.589      ;
; 0.469 ; s_counter_out[1]       ; s_ram_addr[3]          ; clk          ; clk         ; 0.000        ; 0.041      ; 0.594      ;
; 0.470 ; y_reg[31]~_Duplicate_2 ; y_reg[31]~_Duplicate_2 ; clk          ; clk         ; 0.000        ; 0.040      ; 0.594      ;
; 0.470 ; z_reg[25]              ; z_reg[25]              ; clk          ; clk         ; 0.000        ; 0.041      ; 0.595      ;
; 0.470 ; s_ram_addr[0]          ; s_ram_addr[2]          ; clk          ; clk         ; 0.000        ; 0.041      ; 0.595      ;
+-------+------------------------+------------------------+--------------+-------------+--------------+------------+------------+


+------------------------------------------------------------------------------------------------------------+
; Fast 1200mV 0C Model Recovery: 'clk'                                                                       ;
+-------+--------------+---------------+--------------+-------------+--------------+------------+------------+
; Slack ; From Node    ; To Node       ; Launch Clock ; Latch Clock ; Relationship ; Clock Skew ; Data Delay ;
+-------+--------------+---------------+--------------+-------------+--------------+------------+------------+
; 0.233 ; s_data_valid ; s_ram_addr[0] ; clk          ; clk         ; 1.000        ; -0.041     ; 0.713      ;
; 0.233 ; s_data_valid ; s_ram_addr[1] ; clk          ; clk         ; 1.000        ; -0.041     ; 0.713      ;
; 0.233 ; s_data_valid ; s_ram_addr[2] ; clk          ; clk         ; 1.000        ; -0.041     ; 0.713      ;
; 0.233 ; s_data_valid ; s_ram_addr[3] ; clk          ; clk         ; 1.000        ; -0.041     ; 0.713      ;
+-------+--------------+---------------+--------------+-------------+--------------+------------+------------+


+------------------------------------------------------------------------------------------------------------+
; Fast 1200mV 0C Model Removal: 'clk'                                                                        ;
+-------+--------------+---------------+--------------+-------------+--------------+------------+------------+
; Slack ; From Node    ; To Node       ; Launch Clock ; Latch Clock ; Relationship ; Clock Skew ; Data Delay ;
+-------+--------------+---------------+--------------+-------------+--------------+------------+------------+
; 0.486 ; s_data_valid ; s_ram_addr[0] ; clk          ; clk         ; 0.000        ; 0.041      ; 0.611      ;
; 0.486 ; s_data_valid ; s_ram_addr[1] ; clk          ; clk         ; 0.000        ; 0.041      ; 0.611      ;
; 0.486 ; s_data_valid ; s_ram_addr[2] ; clk          ; clk         ; 0.000        ; 0.041      ; 0.611      ;
; 0.486 ; s_data_valid ; s_ram_addr[3] ; clk          ; clk         ; 0.000        ; 0.041      ; 0.611      ;
+-------+--------------+---------------+--------------+-------------+--------------+------------+------------+


+---------------------------------------------------------------------------------------------------+
; Fast 1200mV 0C Model Minimum Pulse Width: 'clk'                                                   ;
+--------+--------------+----------------+------------+-------+------------+------------------------+
; Slack  ; Actual Width ; Required Width ; Type       ; Clock ; Clock Edge ; Target                 ;
+--------+--------------+----------------+------------+-------+------------+------------------------+
; -3.000 ; 1.000        ; 4.000          ; Port Rate  ; clk   ; Rise       ; clk                    ;
; -1.000 ; 1.000        ; 2.000          ; Min Period ; clk   ; Rise       ; counter[0]             ;
; -1.000 ; 1.000        ; 2.000          ; Min Period ; clk   ; Rise       ; counter[1]             ;
; -1.000 ; 1.000        ; 2.000          ; Min Period ; clk   ; Rise       ; counter[2]             ;
; -1.000 ; 1.000        ; 2.000          ; Min Period ; clk   ; Rise       ; counter[3]             ;
; -1.000 ; 1.000        ; 2.000          ; Min Period ; clk   ; Rise       ; counter[4]             ;
; -1.000 ; 1.000        ; 2.000          ; Min Period ; clk   ; Rise       ; counter[5]             ;
; -1.000 ; 1.000        ; 2.000          ; Min Period ; clk   ; Rise       ; counter[6]             ;
; -1.000 ; 1.000        ; 2.000          ; Min Period ; clk   ; Rise       ; counter[7]             ;
; -1.000 ; 1.000        ; 2.000          ; Min Period ; clk   ; Rise       ; counter[8]             ;
; -1.000 ; 1.000        ; 2.000          ; Min Period ; clk   ; Rise       ; counter_2[0]           ;
; -1.000 ; 1.000        ; 2.000          ; Min Period ; clk   ; Rise       ; counter_2[1]           ;
; -1.000 ; 1.000        ; 2.000          ; Min Period ; clk   ; Rise       ; counter_2[2]           ;
; -1.000 ; 1.000        ; 2.000          ; Min Period ; clk   ; Rise       ; counter_2[3]           ;
; -1.000 ; 1.000        ; 2.000          ; Min Period ; clk   ; Rise       ; counter_2[4]           ;
; -1.000 ; 1.000        ; 2.000          ; Min Period ; clk   ; Rise       ; counter_2[5]           ;
; -1.000 ; 1.000        ; 2.000          ; Min Period ; clk   ; Rise       ; counter_2[6]           ;
; -1.000 ; 1.000        ; 2.000          ; Min Period ; clk   ; Rise       ; counter_2[7]           ;
; -1.000 ; 1.000        ; 2.000          ; Min Period ; clk   ; Rise       ; counter_2[8]           ;
; -1.000 ; 1.000        ; 2.000          ; Min Period ; clk   ; Rise       ; data_valid~reg0        ;
; -1.000 ; 1.000        ; 2.000          ; Min Period ; clk   ; Rise       ; done_out~reg0          ;
; -1.000 ; 1.000        ; 2.000          ; Min Period ; clk   ; Rise       ; round[0]               ;
; -1.000 ; 1.000        ; 2.000          ; Min Period ; clk   ; Rise       ; round[1]               ;
; -1.000 ; 1.000        ; 2.000          ; Min Period ; clk   ; Rise       ; s_counter_out[0]       ;
; -1.000 ; 1.000        ; 2.000          ; Min Period ; clk   ; Rise       ; s_counter_out[1]       ;
; -1.000 ; 1.000        ; 2.000          ; Min Period ; clk   ; Rise       ; s_data_valid           ;
; -1.000 ; 1.000        ; 2.000          ; Min Period ; clk   ; Rise       ; s_ram_addr[0]          ;
; -1.000 ; 1.000        ; 2.000          ; Min Period ; clk   ; Rise       ; s_ram_addr[1]          ;
; -1.000 ; 1.000        ; 2.000          ; Min Period ; clk   ; Rise       ; s_ram_addr[2]          ;
; -1.000 ; 1.000        ; 2.000          ; Min Period ; clk   ; Rise       ; s_ram_addr[3]          ;
; -1.000 ; 1.000        ; 2.000          ; Min Period ; clk   ; Rise       ; state.DONE             ;
; -1.000 ; 1.000        ; 2.000          ; Min Period ; clk   ; Rise       ; state.GENERATE_VALUES  ;
; -1.000 ; 1.000        ; 2.000          ; Min Period ; clk   ; Rise       ; state.IDLE             ;
; -1.000 ; 1.000        ; 2.000          ; Min Period ; clk   ; Rise       ; state.INIT             ;
; -1.000 ; 1.000        ; 2.000          ; Min Period ; clk   ; Rise       ; total_key_words[3]     ;
; -1.000 ; 1.000        ; 2.000          ; Min Period ; clk   ; Rise       ; total_key_words[4]     ;
; -1.000 ; 1.000        ; 2.000          ; Min Period ; clk   ; Rise       ; total_key_words[5]     ;
; -1.000 ; 1.000        ; 2.000          ; Min Period ; clk   ; Rise       ; words_x_round[0]       ;
; -1.000 ; 1.000        ; 2.000          ; Min Period ; clk   ; Rise       ; words_x_round[4]       ;
; -1.000 ; 1.000        ; 2.000          ; Min Period ; clk   ; Rise       ; x_reg[0]               ;
; -1.000 ; 1.000        ; 2.000          ; Min Period ; clk   ; Rise       ; x_reg[10]              ;
; -1.000 ; 1.000        ; 2.000          ; Min Period ; clk   ; Rise       ; x_reg[11]              ;
; -1.000 ; 1.000        ; 2.000          ; Min Period ; clk   ; Rise       ; x_reg[12]              ;
; -1.000 ; 1.000        ; 2.000          ; Min Period ; clk   ; Rise       ; x_reg[13]              ;
; -1.000 ; 1.000        ; 2.000          ; Min Period ; clk   ; Rise       ; x_reg[14]              ;
; -1.000 ; 1.000        ; 2.000          ; Min Period ; clk   ; Rise       ; x_reg[15]              ;
; -1.000 ; 1.000        ; 2.000          ; Min Period ; clk   ; Rise       ; x_reg[16]              ;
; -1.000 ; 1.000        ; 2.000          ; Min Period ; clk   ; Rise       ; x_reg[17]              ;
; -1.000 ; 1.000        ; 2.000          ; Min Period ; clk   ; Rise       ; x_reg[18]              ;
; -1.000 ; 1.000        ; 2.000          ; Min Period ; clk   ; Rise       ; x_reg[18]~_Duplicate_1 ;
; -1.000 ; 1.000        ; 2.000          ; Min Period ; clk   ; Rise       ; x_reg[18]~_Duplicate_2 ;
; -1.000 ; 1.000        ; 2.000          ; Min Period ; clk   ; Rise       ; x_reg[18]~_Duplicate_3 ;
; -1.000 ; 1.000        ; 2.000          ; Min Period ; clk   ; Rise       ; x_reg[18]~_Duplicate_4 ;
; -1.000 ; 1.000        ; 2.000          ; Min Period ; clk   ; Rise       ; x_reg[19]              ;
; -1.000 ; 1.000        ; 2.000          ; Min Period ; clk   ; Rise       ; x_reg[19]~_Duplicate_1 ;
; -1.000 ; 1.000        ; 2.000          ; Min Period ; clk   ; Rise       ; x_reg[19]~_Duplicate_2 ;
; -1.000 ; 1.000        ; 2.000          ; Min Period ; clk   ; Rise       ; x_reg[19]~_Duplicate_3 ;
; -1.000 ; 1.000        ; 2.000          ; Min Period ; clk   ; Rise       ; x_reg[19]~_Duplicate_4 ;
; -1.000 ; 1.000        ; 2.000          ; Min Period ; clk   ; Rise       ; x_reg[1]               ;
; -1.000 ; 1.000        ; 2.000          ; Min Period ; clk   ; Rise       ; x_reg[20]              ;
; -1.000 ; 1.000        ; 2.000          ; Min Period ; clk   ; Rise       ; x_reg[20]~_Duplicate_1 ;
; -1.000 ; 1.000        ; 2.000          ; Min Period ; clk   ; Rise       ; x_reg[20]~_Duplicate_2 ;
; -1.000 ; 1.000        ; 2.000          ; Min Period ; clk   ; Rise       ; x_reg[20]~_Duplicate_3 ;
; -1.000 ; 1.000        ; 2.000          ; Min Period ; clk   ; Rise       ; x_reg[20]~_Duplicate_4 ;
; -1.000 ; 1.000        ; 2.000          ; Min Period ; clk   ; Rise       ; x_reg[21]              ;
; -1.000 ; 1.000        ; 2.000          ; Min Period ; clk   ; Rise       ; x_reg[21]~_Duplicate_1 ;
; -1.000 ; 1.000        ; 2.000          ; Min Period ; clk   ; Rise       ; x_reg[21]~_Duplicate_2 ;
; -1.000 ; 1.000        ; 2.000          ; Min Period ; clk   ; Rise       ; x_reg[21]~_Duplicate_3 ;
; -1.000 ; 1.000        ; 2.000          ; Min Period ; clk   ; Rise       ; x_reg[21]~_Duplicate_4 ;
; -1.000 ; 1.000        ; 2.000          ; Min Period ; clk   ; Rise       ; x_reg[22]              ;
; -1.000 ; 1.000        ; 2.000          ; Min Period ; clk   ; Rise       ; x_reg[22]~_Duplicate_1 ;
; -1.000 ; 1.000        ; 2.000          ; Min Period ; clk   ; Rise       ; x_reg[22]~_Duplicate_2 ;
; -1.000 ; 1.000        ; 2.000          ; Min Period ; clk   ; Rise       ; x_reg[22]~_Duplicate_3 ;
; -1.000 ; 1.000        ; 2.000          ; Min Period ; clk   ; Rise       ; x_reg[22]~_Duplicate_4 ;
; -1.000 ; 1.000        ; 2.000          ; Min Period ; clk   ; Rise       ; x_reg[23]              ;
; -1.000 ; 1.000        ; 2.000          ; Min Period ; clk   ; Rise       ; x_reg[23]~_Duplicate_1 ;
; -1.000 ; 1.000        ; 2.000          ; Min Period ; clk   ; Rise       ; x_reg[23]~_Duplicate_2 ;
; -1.000 ; 1.000        ; 2.000          ; Min Period ; clk   ; Rise       ; x_reg[23]~_Duplicate_3 ;
; -1.000 ; 1.000        ; 2.000          ; Min Period ; clk   ; Rise       ; x_reg[23]~_Duplicate_4 ;
; -1.000 ; 1.000        ; 2.000          ; Min Period ; clk   ; Rise       ; x_reg[24]              ;
; -1.000 ; 1.000        ; 2.000          ; Min Period ; clk   ; Rise       ; x_reg[24]~_Duplicate_1 ;
; -1.000 ; 1.000        ; 2.000          ; Min Period ; clk   ; Rise       ; x_reg[24]~_Duplicate_2 ;
; -1.000 ; 1.000        ; 2.000          ; Min Period ; clk   ; Rise       ; x_reg[24]~_Duplicate_3 ;
; -1.000 ; 1.000        ; 2.000          ; Min Period ; clk   ; Rise       ; x_reg[24]~_Duplicate_4 ;
; -1.000 ; 1.000        ; 2.000          ; Min Period ; clk   ; Rise       ; x_reg[25]              ;
; -1.000 ; 1.000        ; 2.000          ; Min Period ; clk   ; Rise       ; x_reg[25]~_Duplicate_1 ;
; -1.000 ; 1.000        ; 2.000          ; Min Period ; clk   ; Rise       ; x_reg[25]~_Duplicate_2 ;
; -1.000 ; 1.000        ; 2.000          ; Min Period ; clk   ; Rise       ; x_reg[25]~_Duplicate_3 ;
; -1.000 ; 1.000        ; 2.000          ; Min Period ; clk   ; Rise       ; x_reg[25]~_Duplicate_4 ;
; -1.000 ; 1.000        ; 2.000          ; Min Period ; clk   ; Rise       ; x_reg[26]              ;
; -1.000 ; 1.000        ; 2.000          ; Min Period ; clk   ; Rise       ; x_reg[26]~_Duplicate_1 ;
; -1.000 ; 1.000        ; 2.000          ; Min Period ; clk   ; Rise       ; x_reg[26]~_Duplicate_2 ;
; -1.000 ; 1.000        ; 2.000          ; Min Period ; clk   ; Rise       ; x_reg[26]~_Duplicate_3 ;
; -1.000 ; 1.000        ; 2.000          ; Min Period ; clk   ; Rise       ; x_reg[26]~_Duplicate_4 ;
; -1.000 ; 1.000        ; 2.000          ; Min Period ; clk   ; Rise       ; x_reg[27]              ;
; -1.000 ; 1.000        ; 2.000          ; Min Period ; clk   ; Rise       ; x_reg[27]~_Duplicate_1 ;
; -1.000 ; 1.000        ; 2.000          ; Min Period ; clk   ; Rise       ; x_reg[27]~_Duplicate_2 ;
; -1.000 ; 1.000        ; 2.000          ; Min Period ; clk   ; Rise       ; x_reg[27]~_Duplicate_3 ;
; -1.000 ; 1.000        ; 2.000          ; Min Period ; clk   ; Rise       ; x_reg[27]~_Duplicate_4 ;
; -1.000 ; 1.000        ; 2.000          ; Min Period ; clk   ; Rise       ; x_reg[28]              ;
+--------+--------------+----------------+------------+-------+------------+------------------------+


+-----------------------------------------------------------------------------+
; Setup Times                                                                 ;
+-----------------+------------+-------+-------+------------+-----------------+
; Data Port       ; Clock Port ; Rise  ; Fall  ; Clock Edge ; Clock Reference ;
+-----------------+------------+-------+-------+------------+-----------------+
; AES_version[*]  ; clk        ; 0.918 ; 1.553 ; Rise       ; clk             ;
;  AES_version[0] ; clk        ; 0.918 ; 1.553 ; Rise       ; clk             ;
;  AES_version[1] ; clk        ; 0.832 ; 1.466 ; Rise       ; clk             ;
; reset           ; clk        ; 0.967 ; 1.304 ; Rise       ; clk             ;
; start           ; clk        ; 1.593 ; 2.283 ; Rise       ; clk             ;
+-----------------+------------+-------+-------+------------+-----------------+


+-------------------------------------------------------------------------------+
; Hold Times                                                                    ;
+-----------------+------------+--------+--------+------------+-----------------+
; Data Port       ; Clock Port ; Rise   ; Fall   ; Clock Edge ; Clock Reference ;
+-----------------+------------+--------+--------+------------+-----------------+
; AES_version[*]  ; clk        ; -0.595 ; -1.220 ; Rise       ; clk             ;
;  AES_version[0] ; clk        ; -0.679 ; -1.289 ; Rise       ; clk             ;
;  AES_version[1] ; clk        ; -0.595 ; -1.220 ; Rise       ; clk             ;
; reset           ; clk        ; -0.119 ; -0.361 ; Rise       ; clk             ;
; start           ; clk        ; -0.727 ; -1.377 ; Rise       ; clk             ;
+-----------------+------------+--------+--------+------------+-----------------+


+-----------------------------------------------------------------------------+
; Clock to Output Times                                                       ;
+-----------------+------------+-------+-------+------------+-----------------+
; Data Port       ; Clock Port ; Rise  ; Fall  ; Clock Edge ; Clock Reference ;
+-----------------+------------+-------+-------+------------+-----------------+
; counter_out[*]  ; clk        ; 3.785 ; 3.879 ; Rise       ; clk             ;
;  counter_out[0] ; clk        ; 3.785 ; 3.879 ; Rise       ; clk             ;
;  counter_out[1] ; clk        ; 3.715 ; 3.801 ; Rise       ; clk             ;
; data_out[*]     ; clk        ; 7.447 ; 7.735 ; Rise       ; clk             ;
;  data_out[0]    ; clk        ; 5.221 ; 5.340 ; Rise       ; clk             ;
;  data_out[1]    ; clk        ; 6.428 ; 6.654 ; Rise       ; clk             ;
;  data_out[2]    ; clk        ; 5.710 ; 5.889 ; Rise       ; clk             ;
;  data_out[3]    ; clk        ; 5.992 ; 6.273 ; Rise       ; clk             ;
;  data_out[4]    ; clk        ; 6.581 ; 6.764 ; Rise       ; clk             ;
;  data_out[5]    ; clk        ; 5.698 ; 5.831 ; Rise       ; clk             ;
;  data_out[6]    ; clk        ; 5.297 ; 5.463 ; Rise       ; clk             ;
;  data_out[7]    ; clk        ; 5.284 ; 5.410 ; Rise       ; clk             ;
;  data_out[8]    ; clk        ; 5.586 ; 5.752 ; Rise       ; clk             ;
;  data_out[9]    ; clk        ; 5.711 ; 5.870 ; Rise       ; clk             ;
;  data_out[10]   ; clk        ; 5.963 ; 6.122 ; Rise       ; clk             ;
;  data_out[11]   ; clk        ; 6.355 ; 6.690 ; Rise       ; clk             ;
;  data_out[12]   ; clk        ; 5.434 ; 5.543 ; Rise       ; clk             ;
;  data_out[13]   ; clk        ; 6.323 ; 6.508 ; Rise       ; clk             ;
;  data_out[14]   ; clk        ; 4.789 ; 4.905 ; Rise       ; clk             ;
;  data_out[15]   ; clk        ; 6.029 ; 6.230 ; Rise       ; clk             ;
;  data_out[16]   ; clk        ; 6.915 ; 7.094 ; Rise       ; clk             ;
;  data_out[17]   ; clk        ; 5.134 ; 5.260 ; Rise       ; clk             ;
;  data_out[18]   ; clk        ; 5.920 ; 6.108 ; Rise       ; clk             ;
;  data_out[19]   ; clk        ; 4.839 ; 4.948 ; Rise       ; clk             ;
;  data_out[20]   ; clk        ; 5.107 ; 5.235 ; Rise       ; clk             ;
;  data_out[21]   ; clk        ; 5.858 ; 6.060 ; Rise       ; clk             ;
;  data_out[22]   ; clk        ; 5.423 ; 5.534 ; Rise       ; clk             ;
;  data_out[23]   ; clk        ; 5.126 ; 5.268 ; Rise       ; clk             ;
;  data_out[24]   ; clk        ; 5.552 ; 5.662 ; Rise       ; clk             ;
;  data_out[25]   ; clk        ; 5.136 ; 5.252 ; Rise       ; clk             ;
;  data_out[26]   ; clk        ; 4.879 ; 4.979 ; Rise       ; clk             ;
;  data_out[27]   ; clk        ; 5.934 ; 6.119 ; Rise       ; clk             ;
;  data_out[28]   ; clk        ; 5.476 ; 5.669 ; Rise       ; clk             ;
;  data_out[29]   ; clk        ; 5.221 ; 5.335 ; Rise       ; clk             ;
;  data_out[30]   ; clk        ; 7.447 ; 7.735 ; Rise       ; clk             ;
;  data_out[31]   ; clk        ; 5.680 ; 5.852 ; Rise       ; clk             ;
; data_valid      ; clk        ; 4.048 ; 4.172 ; Rise       ; clk             ;
; done_out        ; clk        ; 3.973 ; 4.104 ; Rise       ; clk             ;
; ram_addr[*]     ; clk        ; 4.438 ; 4.589 ; Rise       ; clk             ;
;  ram_addr[0]    ; clk        ; 3.880 ; 3.995 ; Rise       ; clk             ;
;  ram_addr[1]    ; clk        ; 3.725 ; 3.812 ; Rise       ; clk             ;
;  ram_addr[2]    ; clk        ; 4.438 ; 4.589 ; Rise       ; clk             ;
;  ram_addr[3]    ; clk        ; 3.886 ; 4.000 ; Rise       ; clk             ;
+-----------------+------------+-------+-------+------------+-----------------+


+-----------------------------------------------------------------------------+
; Minimum Clock to Output Times                                               ;
+-----------------+------------+-------+-------+------------+-----------------+
; Data Port       ; Clock Port ; Rise  ; Fall  ; Clock Edge ; Clock Reference ;
+-----------------+------------+-------+-------+------------+-----------------+
; counter_out[*]  ; clk        ; 3.596 ; 3.679 ; Rise       ; clk             ;
;  counter_out[0] ; clk        ; 3.662 ; 3.753 ; Rise       ; clk             ;
;  counter_out[1] ; clk        ; 3.596 ; 3.679 ; Rise       ; clk             ;
; data_out[*]     ; clk        ; 3.996 ; 4.111 ; Rise       ; clk             ;
;  data_out[0]    ; clk        ; 4.587 ; 4.716 ; Rise       ; clk             ;
;  data_out[1]    ; clk        ; 5.456 ; 5.699 ; Rise       ; clk             ;
;  data_out[2]    ; clk        ; 5.041 ; 5.208 ; Rise       ; clk             ;
;  data_out[3]    ; clk        ; 5.231 ; 5.497 ; Rise       ; clk             ;
;  data_out[4]    ; clk        ; 5.703 ; 5.894 ; Rise       ; clk             ;
;  data_out[5]    ; clk        ; 4.828 ; 4.982 ; Rise       ; clk             ;
;  data_out[6]    ; clk        ; 4.680 ; 4.826 ; Rise       ; clk             ;
;  data_out[7]    ; clk        ; 4.543 ; 4.689 ; Rise       ; clk             ;
;  data_out[8]    ; clk        ; 4.744 ; 4.900 ; Rise       ; clk             ;
;  data_out[9]    ; clk        ; 5.098 ; 5.263 ; Rise       ; clk             ;
;  data_out[10]   ; clk        ; 4.947 ; 5.099 ; Rise       ; clk             ;
;  data_out[11]   ; clk        ; 5.548 ; 5.885 ; Rise       ; clk             ;
;  data_out[12]   ; clk        ; 4.937 ; 5.068 ; Rise       ; clk             ;
;  data_out[13]   ; clk        ; 5.771 ; 5.976 ; Rise       ; clk             ;
;  data_out[14]   ; clk        ; 3.996 ; 4.111 ; Rise       ; clk             ;
;  data_out[15]   ; clk        ; 5.465 ; 5.683 ; Rise       ; clk             ;
;  data_out[16]   ; clk        ; 6.019 ; 6.224 ; Rise       ; clk             ;
;  data_out[17]   ; clk        ; 4.567 ; 4.682 ; Rise       ; clk             ;
;  data_out[18]   ; clk        ; 4.771 ; 4.979 ; Rise       ; clk             ;
;  data_out[19]   ; clk        ; 4.166 ; 4.282 ; Rise       ; clk             ;
;  data_out[20]   ; clk        ; 4.284 ; 4.394 ; Rise       ; clk             ;
;  data_out[21]   ; clk        ; 4.917 ; 5.123 ; Rise       ; clk             ;
;  data_out[22]   ; clk        ; 4.529 ; 4.638 ; Rise       ; clk             ;
;  data_out[23]   ; clk        ; 4.373 ; 4.540 ; Rise       ; clk             ;
;  data_out[24]   ; clk        ; 4.795 ; 4.920 ; Rise       ; clk             ;
;  data_out[25]   ; clk        ; 4.282 ; 4.412 ; Rise       ; clk             ;
;  data_out[26]   ; clk        ; 4.492 ; 4.613 ; Rise       ; clk             ;
;  data_out[27]   ; clk        ; 4.936 ; 5.131 ; Rise       ; clk             ;
;  data_out[28]   ; clk        ; 5.072 ; 5.273 ; Rise       ; clk             ;
;  data_out[29]   ; clk        ; 4.329 ; 4.457 ; Rise       ; clk             ;
;  data_out[30]   ; clk        ; 6.648 ; 6.945 ; Rise       ; clk             ;
;  data_out[31]   ; clk        ; 4.604 ; 4.770 ; Rise       ; clk             ;
; data_valid      ; clk        ; 3.916 ; 4.036 ; Rise       ; clk             ;
; done_out        ; clk        ; 3.844 ; 3.971 ; Rise       ; clk             ;
; ram_addr[*]     ; clk        ; 3.606 ; 3.690 ; Rise       ; clk             ;
;  ram_addr[0]    ; clk        ; 3.753 ; 3.864 ; Rise       ; clk             ;
;  ram_addr[1]    ; clk        ; 3.606 ; 3.690 ; Rise       ; clk             ;
;  ram_addr[2]    ; clk        ; 4.286 ; 4.431 ; Rise       ; clk             ;
;  ram_addr[3]    ; clk        ; 3.760 ; 3.870 ; Rise       ; clk             ;
+-----------------+------------+-------+-------+------------+-----------------+


---------------------------------------------
; Fast 1200mV 0C Model Metastability Report ;
---------------------------------------------
No synchronizer chains to report.


+---------------------------------------------------------------------------------+
; Multicorner Timing Analysis Summary                                             ;
+------------------+-----------+-------+----------+---------+---------------------+
; Clock            ; Setup     ; Hold  ; Recovery ; Removal ; Minimum Pulse Width ;
+------------------+-----------+-------+----------+---------+---------------------+
; Worst-case Slack ; -19.635   ; 0.182 ; -0.688   ; 0.486   ; -4.000              ;
;  clk             ; -19.635   ; 0.182 ; -0.688   ; 0.486   ; -4.000              ;
; Design-wide TNS  ; -2490.549 ; 0.0   ; -2.752   ; 0.0     ; -538.258            ;
;  clk             ; -2490.549 ; 0.000 ; -2.752   ; 0.000   ; -538.258            ;
+------------------+-----------+-------+----------+---------+---------------------+


+-----------------------------------------------------------------------------+
; Setup Times                                                                 ;
+-----------------+------------+-------+-------+------------+-----------------+
; Data Port       ; Clock Port ; Rise  ; Fall  ; Clock Edge ; Clock Reference ;
+-----------------+------------+-------+-------+------------+-----------------+
; AES_version[*]  ; clk        ; 2.115 ; 2.356 ; Rise       ; clk             ;
;  AES_version[0] ; clk        ; 2.115 ; 2.356 ; Rise       ; clk             ;
;  AES_version[1] ; clk        ; 1.876 ; 2.148 ; Rise       ; clk             ;
; reset           ; clk        ; 2.312 ; 2.293 ; Rise       ; clk             ;
; start           ; clk        ; 3.763 ; 3.946 ; Rise       ; clk             ;
+-----------------+------------+-------+-------+------------+-----------------+


+-------------------------------------------------------------------------------+
; Hold Times                                                                    ;
+-----------------+------------+--------+--------+------------+-----------------+
; Data Port       ; Clock Port ; Rise   ; Fall   ; Clock Edge ; Clock Reference ;
+-----------------+------------+--------+--------+------------+-----------------+
; AES_version[*]  ; clk        ; -0.595 ; -1.220 ; Rise       ; clk             ;
;  AES_version[0] ; clk        ; -0.679 ; -1.289 ; Rise       ; clk             ;
;  AES_version[1] ; clk        ; -0.595 ; -1.220 ; Rise       ; clk             ;
; reset           ; clk        ; -0.119 ; -0.258 ; Rise       ; clk             ;
; start           ; clk        ; -0.727 ; -1.377 ; Rise       ; clk             ;
+-----------------+------------+--------+--------+------------+-----------------+


+-------------------------------------------------------------------------------+
; Clock to Output Times                                                         ;
+-----------------+------------+--------+--------+------------+-----------------+
; Data Port       ; Clock Port ; Rise   ; Fall   ; Clock Edge ; Clock Reference ;
+-----------------+------------+--------+--------+------------+-----------------+
; counter_out[*]  ; clk        ; 8.062  ; 7.927  ; Rise       ; clk             ;
;  counter_out[0] ; clk        ; 8.062  ; 7.927  ; Rise       ; clk             ;
;  counter_out[1] ; clk        ; 7.848  ; 7.764  ; Rise       ; clk             ;
; data_out[*]     ; clk        ; 15.672 ; 15.349 ; Rise       ; clk             ;
;  data_out[0]    ; clk        ; 11.304 ; 11.069 ; Rise       ; clk             ;
;  data_out[1]    ; clk        ; 14.033 ; 13.679 ; Rise       ; clk             ;
;  data_out[2]    ; clk        ; 12.276 ; 12.015 ; Rise       ; clk             ;
;  data_out[3]    ; clk        ; 12.957 ; 12.881 ; Rise       ; clk             ;
;  data_out[4]    ; clk        ; 13.560 ; 13.399 ; Rise       ; clk             ;
;  data_out[5]    ; clk        ; 12.219 ; 11.962 ; Rise       ; clk             ;
;  data_out[6]    ; clk        ; 11.503 ; 11.298 ; Rise       ; clk             ;
;  data_out[7]    ; clk        ; 11.344 ; 11.185 ; Rise       ; clk             ;
;  data_out[8]    ; clk        ; 11.958 ; 11.921 ; Rise       ; clk             ;
;  data_out[9]    ; clk        ; 12.410 ; 12.169 ; Rise       ; clk             ;
;  data_out[10]   ; clk        ; 13.086 ; 12.727 ; Rise       ; clk             ;
;  data_out[11]   ; clk        ; 13.782 ; 13.614 ; Rise       ; clk             ;
;  data_out[12]   ; clk        ; 11.775 ; 11.524 ; Rise       ; clk             ;
;  data_out[13]   ; clk        ; 13.123 ; 13.040 ; Rise       ; clk             ;
;  data_out[14]   ; clk        ; 10.237 ; 10.186 ; Rise       ; clk             ;
;  data_out[15]   ; clk        ; 13.096 ; 12.796 ; Rise       ; clk             ;
;  data_out[16]   ; clk        ; 14.572 ; 14.313 ; Rise       ; clk             ;
;  data_out[17]   ; clk        ; 11.124 ; 10.936 ; Rise       ; clk             ;
;  data_out[18]   ; clk        ; 12.759 ; 12.639 ; Rise       ; clk             ;
;  data_out[19]   ; clk        ; 10.481 ; 10.291 ; Rise       ; clk             ;
;  data_out[20]   ; clk        ; 10.931 ; 10.794 ; Rise       ; clk             ;
;  data_out[21]   ; clk        ; 12.899 ; 12.381 ; Rise       ; clk             ;
;  data_out[22]   ; clk        ; 11.731 ; 11.481 ; Rise       ; clk             ;
;  data_out[23]   ; clk        ; 11.045 ; 10.933 ; Rise       ; clk             ;
;  data_out[24]   ; clk        ; 11.879 ; 11.655 ; Rise       ; clk             ;
;  data_out[25]   ; clk        ; 11.020 ; 10.940 ; Rise       ; clk             ;
;  data_out[26]   ; clk        ; 10.357 ; 10.270 ; Rise       ; clk             ;
;  data_out[27]   ; clk        ; 12.817 ; 12.646 ; Rise       ; clk             ;
;  data_out[28]   ; clk        ; 11.990 ; 11.730 ; Rise       ; clk             ;
;  data_out[29]   ; clk        ; 11.310 ; 11.183 ; Rise       ; clk             ;
;  data_out[30]   ; clk        ; 15.672 ; 15.349 ; Rise       ; clk             ;
;  data_out[31]   ; clk        ; 12.192 ; 12.061 ; Rise       ; clk             ;
; data_valid      ; clk        ; 8.584  ; 8.446  ; Rise       ; clk             ;
; done_out        ; clk        ; 8.393  ; 8.348  ; Rise       ; clk             ;
; ram_addr[*]     ; clk        ; 9.471  ; 9.267  ; Rise       ; clk             ;
;  ram_addr[0]    ; clk        ; 8.254  ; 8.139  ; Rise       ; clk             ;
;  ram_addr[1]    ; clk        ; 7.854  ; 7.771  ; Rise       ; clk             ;
;  ram_addr[2]    ; clk        ; 9.471  ; 9.267  ; Rise       ; clk             ;
;  ram_addr[3]    ; clk        ; 8.245  ; 8.130  ; Rise       ; clk             ;
+-----------------+------------+--------+--------+------------+-----------------+


+-----------------------------------------------------------------------------+
; Minimum Clock to Output Times                                               ;
+-----------------+------------+-------+-------+------------+-----------------+
; Data Port       ; Clock Port ; Rise  ; Fall  ; Clock Edge ; Clock Reference ;
+-----------------+------------+-------+-------+------------+-----------------+
; counter_out[*]  ; clk        ; 3.596 ; 3.679 ; Rise       ; clk             ;
;  counter_out[0] ; clk        ; 3.662 ; 3.753 ; Rise       ; clk             ;
;  counter_out[1] ; clk        ; 3.596 ; 3.679 ; Rise       ; clk             ;
; data_out[*]     ; clk        ; 3.996 ; 4.111 ; Rise       ; clk             ;
;  data_out[0]    ; clk        ; 4.587 ; 4.716 ; Rise       ; clk             ;
;  data_out[1]    ; clk        ; 5.456 ; 5.699 ; Rise       ; clk             ;
;  data_out[2]    ; clk        ; 5.041 ; 5.208 ; Rise       ; clk             ;
;  data_out[3]    ; clk        ; 5.231 ; 5.497 ; Rise       ; clk             ;
;  data_out[4]    ; clk        ; 5.703 ; 5.894 ; Rise       ; clk             ;
;  data_out[5]    ; clk        ; 4.828 ; 4.982 ; Rise       ; clk             ;
;  data_out[6]    ; clk        ; 4.680 ; 4.826 ; Rise       ; clk             ;
;  data_out[7]    ; clk        ; 4.543 ; 4.689 ; Rise       ; clk             ;
;  data_out[8]    ; clk        ; 4.744 ; 4.900 ; Rise       ; clk             ;
;  data_out[9]    ; clk        ; 5.098 ; 5.263 ; Rise       ; clk             ;
;  data_out[10]   ; clk        ; 4.947 ; 5.099 ; Rise       ; clk             ;
;  data_out[11]   ; clk        ; 5.548 ; 5.885 ; Rise       ; clk             ;
;  data_out[12]   ; clk        ; 4.937 ; 5.068 ; Rise       ; clk             ;
;  data_out[13]   ; clk        ; 5.771 ; 5.976 ; Rise       ; clk             ;
;  data_out[14]   ; clk        ; 3.996 ; 4.111 ; Rise       ; clk             ;
;  data_out[15]   ; clk        ; 5.465 ; 5.683 ; Rise       ; clk             ;
;  data_out[16]   ; clk        ; 6.019 ; 6.224 ; Rise       ; clk             ;
;  data_out[17]   ; clk        ; 4.567 ; 4.682 ; Rise       ; clk             ;
;  data_out[18]   ; clk        ; 4.771 ; 4.979 ; Rise       ; clk             ;
;  data_out[19]   ; clk        ; 4.166 ; 4.282 ; Rise       ; clk             ;
;  data_out[20]   ; clk        ; 4.284 ; 4.394 ; Rise       ; clk             ;
;  data_out[21]   ; clk        ; 4.917 ; 5.123 ; Rise       ; clk             ;
;  data_out[22]   ; clk        ; 4.529 ; 4.638 ; Rise       ; clk             ;
;  data_out[23]   ; clk        ; 4.373 ; 4.540 ; Rise       ; clk             ;
;  data_out[24]   ; clk        ; 4.795 ; 4.920 ; Rise       ; clk             ;
;  data_out[25]   ; clk        ; 4.282 ; 4.412 ; Rise       ; clk             ;
;  data_out[26]   ; clk        ; 4.492 ; 4.613 ; Rise       ; clk             ;
;  data_out[27]   ; clk        ; 4.936 ; 5.131 ; Rise       ; clk             ;
;  data_out[28]   ; clk        ; 5.072 ; 5.273 ; Rise       ; clk             ;
;  data_out[29]   ; clk        ; 4.329 ; 4.457 ; Rise       ; clk             ;
;  data_out[30]   ; clk        ; 6.648 ; 6.945 ; Rise       ; clk             ;
;  data_out[31]   ; clk        ; 4.604 ; 4.770 ; Rise       ; clk             ;
; data_valid      ; clk        ; 3.916 ; 4.036 ; Rise       ; clk             ;
; done_out        ; clk        ; 3.844 ; 3.971 ; Rise       ; clk             ;
; ram_addr[*]     ; clk        ; 3.606 ; 3.690 ; Rise       ; clk             ;
;  ram_addr[0]    ; clk        ; 3.753 ; 3.864 ; Rise       ; clk             ;
;  ram_addr[1]    ; clk        ; 3.606 ; 3.690 ; Rise       ; clk             ;
;  ram_addr[2]    ; clk        ; 4.286 ; 4.431 ; Rise       ; clk             ;
;  ram_addr[3]    ; clk        ; 3.760 ; 3.870 ; Rise       ; clk             ;
+-----------------+------------+-------+-------+------------+-----------------+


+-------------------------------------------------------------------------------------------------------------------------------------------------------------------------------------------------------------------------------------------------------------------------------------------------------------------------------------------------------------------------------------------------------------------+
; Board Trace Model Assignments                                                                                                                                                                                                                                                                                                                                                                                     ;
+----------------+--------------+-------------------+-------------------------+-------------------------+---------------+---------------------+----------------+------------------+--------+------------------+------------------------+------------------------+--------------+---------------+-----------------+-------+---------------------+--------------------+---------------+-----------------+-------------+
; Pin            ; I/O Standard ; Near Tline Length ; Near Tline L per Length ; Near Tline C per Length ; Near Series R ; Near Differential R ; Near Pull-up R ; Near Pull-down R ; Near C ; Far Tline Length ; Far Tline L per Length ; Far Tline C per Length ; Far Series R ; Far Pull-up R ; Far Pull-down R ; Far C ; Termination Voltage ; Far Differential R ; EBD File Name ; EBD Signal Name ; EBD Far-end ;
+----------------+--------------+-------------------+-------------------------+-------------------------+---------------+---------------------+----------------+------------------+--------+------------------+------------------------+------------------------+--------------+---------------+-----------------+-------+---------------------+--------------------+---------------+-----------------+-------------+
; done_out       ; 2.5 V        ; 0 in              ; 0 H/in                  ; 0 F/in                  ; short         ; -                   ; open           ; open             ; open   ; 0 in             ; 0 H/in                 ; 0 F/in                 ; short        ; open          ; open            ; open  ; 0 V                 ; -                  ; n/a           ; n/a             ; n/a         ;
; data_out[0]    ; 2.5 V        ; 0 in              ; 0 H/in                  ; 0 F/in                  ; short         ; -                   ; open           ; open             ; open   ; 0 in             ; 0 H/in                 ; 0 F/in                 ; short        ; open          ; open            ; open  ; 0 V                 ; -                  ; n/a           ; n/a             ; n/a         ;
; data_out[1]    ; 2.5 V        ; 0 in              ; 0 H/in                  ; 0 F/in                  ; short         ; -                   ; open           ; open             ; open   ; 0 in             ; 0 H/in                 ; 0 F/in                 ; short        ; open          ; open            ; open  ; 0 V                 ; -                  ; n/a           ; n/a             ; n/a         ;
; data_out[2]    ; 2.5 V        ; 0 in              ; 0 H/in                  ; 0 F/in                  ; short         ; -                   ; open           ; open             ; open   ; 0 in             ; 0 H/in                 ; 0 F/in                 ; short        ; open          ; open            ; open  ; 0 V                 ; -                  ; n/a           ; n/a             ; n/a         ;
; data_out[3]    ; 2.5 V        ; 0 in              ; 0 H/in                  ; 0 F/in                  ; short         ; -                   ; open           ; open             ; open   ; 0 in             ; 0 H/in                 ; 0 F/in                 ; short        ; open          ; open            ; open  ; 0 V                 ; -                  ; n/a           ; n/a             ; n/a         ;
; data_out[4]    ; 2.5 V        ; 0 in              ; 0 H/in                  ; 0 F/in                  ; short         ; -                   ; open           ; open             ; open   ; 0 in             ; 0 H/in                 ; 0 F/in                 ; short        ; open          ; open            ; open  ; 0 V                 ; -                  ; n/a           ; n/a             ; n/a         ;
; data_out[5]    ; 2.5 V        ; 0 in              ; 0 H/in                  ; 0 F/in                  ; short         ; -                   ; open           ; open             ; open   ; 0 in             ; 0 H/in                 ; 0 F/in                 ; short        ; open          ; open            ; open  ; 0 V                 ; -                  ; n/a           ; n/a             ; n/a         ;
; data_out[6]    ; 2.5 V        ; 0 in              ; 0 H/in                  ; 0 F/in                  ; short         ; -                   ; open           ; open             ; open   ; 0 in             ; 0 H/in                 ; 0 F/in                 ; short        ; open          ; open            ; open  ; 0 V                 ; -                  ; n/a           ; n/a             ; n/a         ;
; data_out[7]    ; 2.5 V        ; 0 in              ; 0 H/in                  ; 0 F/in                  ; short         ; -                   ; open           ; open             ; open   ; 0 in             ; 0 H/in                 ; 0 F/in                 ; short        ; open          ; open            ; open  ; 0 V                 ; -                  ; n/a           ; n/a             ; n/a         ;
; data_out[8]    ; 2.5 V        ; 0 in              ; 0 H/in                  ; 0 F/in                  ; short         ; -                   ; open           ; open             ; open   ; 0 in             ; 0 H/in                 ; 0 F/in                 ; short        ; open          ; open            ; open  ; 0 V                 ; -                  ; n/a           ; n/a             ; n/a         ;
; data_out[9]    ; 2.5 V        ; 0 in              ; 0 H/in                  ; 0 F/in                  ; short         ; -                   ; open           ; open             ; open   ; 0 in             ; 0 H/in                 ; 0 F/in                 ; short        ; open          ; open            ; open  ; 0 V                 ; -                  ; n/a           ; n/a             ; n/a         ;
; data_out[10]   ; 2.5 V        ; 0 in              ; 0 H/in                  ; 0 F/in                  ; short         ; -                   ; open           ; open             ; open   ; 0 in             ; 0 H/in                 ; 0 F/in                 ; short        ; open          ; open            ; open  ; 0 V                 ; -                  ; n/a           ; n/a             ; n/a         ;
; data_out[11]   ; 2.5 V        ; 0 in              ; 0 H/in                  ; 0 F/in                  ; short         ; -                   ; open           ; open             ; open   ; 0 in             ; 0 H/in                 ; 0 F/in                 ; short        ; open          ; open            ; open  ; 0 V                 ; -                  ; n/a           ; n/a             ; n/a         ;
; data_out[12]   ; 2.5 V        ; 0 in              ; 0 H/in                  ; 0 F/in                  ; short         ; -                   ; open           ; open             ; open   ; 0 in             ; 0 H/in                 ; 0 F/in                 ; short        ; open          ; open            ; open  ; 0 V                 ; -                  ; n/a           ; n/a             ; n/a         ;
; data_out[13]   ; 2.5 V        ; 0 in              ; 0 H/in                  ; 0 F/in                  ; short         ; -                   ; open           ; open             ; open   ; 0 in             ; 0 H/in                 ; 0 F/in                 ; short        ; open          ; open            ; open  ; 0 V                 ; -                  ; n/a           ; n/a             ; n/a         ;
; data_out[14]   ; 2.5 V        ; 0 in              ; 0 H/in                  ; 0 F/in                  ; short         ; -                   ; open           ; open             ; open   ; 0 in             ; 0 H/in                 ; 0 F/in                 ; short        ; open          ; open            ; open  ; 0 V                 ; -                  ; n/a           ; n/a             ; n/a         ;
; data_out[15]   ; 2.5 V        ; 0 in              ; 0 H/in                  ; 0 F/in                  ; short         ; -                   ; open           ; open             ; open   ; 0 in             ; 0 H/in                 ; 0 F/in                 ; short        ; open          ; open            ; open  ; 0 V                 ; -                  ; n/a           ; n/a             ; n/a         ;
; data_out[16]   ; 2.5 V        ; 0 in              ; 0 H/in                  ; 0 F/in                  ; short         ; -                   ; open           ; open             ; open   ; 0 in             ; 0 H/in                 ; 0 F/in                 ; short        ; open          ; open            ; open  ; 0 V                 ; -                  ; n/a           ; n/a             ; n/a         ;
; data_out[17]   ; 2.5 V        ; 0 in              ; 0 H/in                  ; 0 F/in                  ; short         ; -                   ; open           ; open             ; open   ; 0 in             ; 0 H/in                 ; 0 F/in                 ; short        ; open          ; open            ; open  ; 0 V                 ; -                  ; n/a           ; n/a             ; n/a         ;
; data_out[18]   ; 2.5 V        ; 0 in              ; 0 H/in                  ; 0 F/in                  ; short         ; -                   ; open           ; open             ; open   ; 0 in             ; 0 H/in                 ; 0 F/in                 ; short        ; open          ; open            ; open  ; 0 V                 ; -                  ; n/a           ; n/a             ; n/a         ;
; data_out[19]   ; 2.5 V        ; 0 in              ; 0 H/in                  ; 0 F/in                  ; short         ; -                   ; open           ; open             ; open   ; 0 in             ; 0 H/in                 ; 0 F/in                 ; short        ; open          ; open            ; open  ; 0 V                 ; -                  ; n/a           ; n/a             ; n/a         ;
; data_out[20]   ; 2.5 V        ; 0 in              ; 0 H/in                  ; 0 F/in                  ; short         ; -                   ; open           ; open             ; open   ; 0 in             ; 0 H/in                 ; 0 F/in                 ; short        ; open          ; open            ; open  ; 0 V                 ; -                  ; n/a           ; n/a             ; n/a         ;
; data_out[21]   ; 2.5 V        ; 0 in              ; 0 H/in                  ; 0 F/in                  ; short         ; -                   ; open           ; open             ; open   ; 0 in             ; 0 H/in                 ; 0 F/in                 ; short        ; open          ; open            ; open  ; 0 V                 ; -                  ; n/a           ; n/a             ; n/a         ;
; data_out[22]   ; 2.5 V        ; 0 in              ; 0 H/in                  ; 0 F/in                  ; short         ; -                   ; open           ; open             ; open   ; 0 in             ; 0 H/in                 ; 0 F/in                 ; short        ; open          ; open            ; open  ; 0 V                 ; -                  ; n/a           ; n/a             ; n/a         ;
; data_out[23]   ; 2.5 V        ; 0 in              ; 0 H/in                  ; 0 F/in                  ; short         ; -                   ; open           ; open             ; open   ; 0 in             ; 0 H/in                 ; 0 F/in                 ; short        ; open          ; open            ; open  ; 0 V                 ; -                  ; n/a           ; n/a             ; n/a         ;
; data_out[24]   ; 2.5 V        ; 0 in              ; 0 H/in                  ; 0 F/in                  ; short         ; -                   ; open           ; open             ; open   ; 0 in             ; 0 H/in                 ; 0 F/in                 ; short        ; open          ; open            ; open  ; 0 V                 ; -                  ; n/a           ; n/a             ; n/a         ;
; data_out[25]   ; 2.5 V        ; 0 in              ; 0 H/in                  ; 0 F/in                  ; short         ; -                   ; open           ; open             ; open   ; 0 in             ; 0 H/in                 ; 0 F/in                 ; short        ; open          ; open            ; open  ; 0 V                 ; -                  ; n/a           ; n/a             ; n/a         ;
; data_out[26]   ; 2.5 V        ; 0 in              ; 0 H/in                  ; 0 F/in                  ; short         ; -                   ; open           ; open             ; open   ; 0 in             ; 0 H/in                 ; 0 F/in                 ; short        ; open          ; open            ; open  ; 0 V                 ; -                  ; n/a           ; n/a             ; n/a         ;
; data_out[27]   ; 2.5 V        ; 0 in              ; 0 H/in                  ; 0 F/in                  ; short         ; -                   ; open           ; open             ; open   ; 0 in             ; 0 H/in                 ; 0 F/in                 ; short        ; open          ; open            ; open  ; 0 V                 ; -                  ; n/a           ; n/a             ; n/a         ;
; data_out[28]   ; 2.5 V        ; 0 in              ; 0 H/in                  ; 0 F/in                  ; short         ; -                   ; open           ; open             ; open   ; 0 in             ; 0 H/in                 ; 0 F/in                 ; short        ; open          ; open            ; open  ; 0 V                 ; -                  ; n/a           ; n/a             ; n/a         ;
; data_out[29]   ; 2.5 V        ; 0 in              ; 0 H/in                  ; 0 F/in                  ; short         ; -                   ; open           ; open             ; open   ; 0 in             ; 0 H/in                 ; 0 F/in                 ; short        ; open          ; open            ; open  ; 0 V                 ; -                  ; n/a           ; n/a             ; n/a         ;
; data_out[30]   ; 2.5 V        ; 0 in              ; 0 H/in                  ; 0 F/in                  ; short         ; -                   ; open           ; open             ; open   ; 0 in             ; 0 H/in                 ; 0 F/in                 ; short        ; open          ; open            ; open  ; 0 V                 ; -                  ; n/a           ; n/a             ; n/a         ;
; data_out[31]   ; 2.5 V        ; 0 in              ; 0 H/in                  ; 0 F/in                  ; short         ; -                   ; open           ; open             ; open   ; 0 in             ; 0 H/in                 ; 0 F/in                 ; short        ; open          ; open            ; open  ; 0 V                 ; -                  ; n/a           ; n/a             ; n/a         ;
; data_valid     ; 2.5 V        ; 0 in              ; 0 H/in                  ; 0 F/in                  ; short         ; -                   ; open           ; open             ; open   ; 0 in             ; 0 H/in                 ; 0 F/in                 ; short        ; open          ; open            ; open  ; 0 V                 ; -                  ; n/a           ; n/a             ; n/a         ;
; counter_out[0] ; 2.5 V        ; 0 in              ; 0 H/in                  ; 0 F/in                  ; short         ; -                   ; open           ; open             ; open   ; 0 in             ; 0 H/in                 ; 0 F/in                 ; short        ; open          ; open            ; open  ; 0 V                 ; -                  ; n/a           ; n/a             ; n/a         ;
; counter_out[1] ; 2.5 V        ; 0 in              ; 0 H/in                  ; 0 F/in                  ; short         ; -                   ; open           ; open             ; open   ; 0 in             ; 0 H/in                 ; 0 F/in                 ; short        ; open          ; open            ; open  ; 0 V                 ; -                  ; n/a           ; n/a             ; n/a         ;
; ram_addr[0]    ; 2.5 V        ; 0 in              ; 0 H/in                  ; 0 F/in                  ; short         ; -                   ; open           ; open             ; open   ; 0 in             ; 0 H/in                 ; 0 F/in                 ; short        ; open          ; open            ; open  ; 0 V                 ; -                  ; n/a           ; n/a             ; n/a         ;
; ram_addr[1]    ; 2.5 V        ; 0 in              ; 0 H/in                  ; 0 F/in                  ; short         ; -                   ; open           ; open             ; open   ; 0 in             ; 0 H/in                 ; 0 F/in                 ; short        ; open          ; open            ; open  ; 0 V                 ; -                  ; n/a           ; n/a             ; n/a         ;
; ram_addr[2]    ; 2.5 V        ; 0 in              ; 0 H/in                  ; 0 F/in                  ; short         ; -                   ; open           ; open             ; open   ; 0 in             ; 0 H/in                 ; 0 F/in                 ; short        ; open          ; open            ; open  ; 0 V                 ; -                  ; n/a           ; n/a             ; n/a         ;
; ram_addr[3]    ; 2.5 V        ; 0 in              ; 0 H/in                  ; 0 F/in                  ; short         ; -                   ; open           ; open             ; open   ; 0 in             ; 0 H/in                 ; 0 F/in                 ; short        ; open          ; open            ; open  ; 0 V                 ; -                  ; n/a           ; n/a             ; n/a         ;
; ~ALTERA_DCLK~  ; 2.5 V        ; 0 in              ; 0 H/in                  ; 0 F/in                  ; short         ; -                   ; open           ; open             ; open   ; 0 in             ; 0 H/in                 ; 0 F/in                 ; short        ; open          ; open            ; open  ; 0 V                 ; -                  ; n/a           ; n/a             ; n/a         ;
; ~ALTERA_nCEO~  ; 2.5 V        ; 0 in              ; 0 H/in                  ; 0 F/in                  ; short         ; -                   ; open           ; open             ; open   ; 0 in             ; 0 H/in                 ; 0 F/in                 ; short        ; open          ; open            ; open  ; 0 V                 ; -                  ; n/a           ; n/a             ; n/a         ;
+----------------+--------------+-------------------+-------------------------+-------------------------+---------------+---------------------+----------------+------------------+--------+------------------+------------------------+------------------------+--------------+---------------+-----------------+-------+---------------------+--------------------+---------------+-----------------+-------------+


+----------------------------------------------------------------------------+
; Input Transition Times                                                     ;
+-------------------------+--------------+-----------------+-----------------+
; Pin                     ; I/O Standard ; 10-90 Rise Time ; 90-10 Fall Time ;
+-------------------------+--------------+-----------------+-----------------+
; start                   ; 2.5 V        ; 2000 ps         ; 2000 ps         ;
; clk                     ; 2.5 V        ; 2000 ps         ; 2000 ps         ;
; reset                   ; 2.5 V        ; 2000 ps         ; 2000 ps         ;
; AES_version[1]          ; 2.5 V        ; 2000 ps         ; 2000 ps         ;
; AES_version[0]          ; 2.5 V        ; 2000 ps         ; 2000 ps         ;
; ~ALTERA_ASDO_DATA1~     ; 2.5 V        ; 2000 ps         ; 2000 ps         ;
; ~ALTERA_FLASH_nCE_nCSO~ ; 2.5 V        ; 2000 ps         ; 2000 ps         ;
; ~ALTERA_DATA0~          ; 2.5 V        ; 2000 ps         ; 2000 ps         ;
+-------------------------+--------------+-----------------+-----------------+


+---------------------------------------------------------------------------------------------------------------------------------------------------------------------------------------------------------------------------------------------------------------------------------------------------------------------------------------------------------------------------------------------------------------------------------------------------------------------------------------------------------------------------------------------------------------------------------------------------------------------------------------------------------------------------------------------+
; Signal Integrity Metrics (Slow 1200mv 0c Model)                                                                                                                                                                                                                                                                                                                                                                                                                                                                                                                                                                                                                                             ;
+----------------+--------------+---------------------+---------------------+------------------------------+------------------------------+---------------------+---------------------+--------------------------------------+--------------------------------------+-----------------------------+-----------------------------+----------------------------+----------------------------+-----------------------------+-----------------------------+--------------------+--------------------+-------------------------------------+-------------------------------------+----------------------------+----------------------------+---------------------------+---------------------------+
; Pin            ; I/O Standard ; Board Delay on Rise ; Board Delay on Fall ; Steady State Voh at FPGA Pin ; Steady State Vol at FPGA Pin ; Voh Max at FPGA Pin ; Vol Min at FPGA Pin ; Ringback Voltage on Rise at FPGA Pin ; Ringback Voltage on Fall at FPGA Pin ; 10-90 Rise Time at FPGA Pin ; 90-10 Fall Time at FPGA Pin ; Monotonic Rise at FPGA Pin ; Monotonic Fall at FPGA Pin ; Steady State Voh at Far-end ; Steady State Vol at Far-end ; Voh Max at Far-end ; Vol Min at Far-end ; Ringback Voltage on Rise at Far-end ; Ringback Voltage on Fall at Far-end ; 10-90 Rise Time at Far-end ; 90-10 Fall Time at Far-end ; Monotonic Rise at Far-end ; Monotonic Fall at Far-end ;
+----------------+--------------+---------------------+---------------------+------------------------------+------------------------------+---------------------+---------------------+--------------------------------------+--------------------------------------+-----------------------------+-----------------------------+----------------------------+----------------------------+-----------------------------+-----------------------------+--------------------+--------------------+-------------------------------------+-------------------------------------+----------------------------+----------------------------+---------------------------+---------------------------+
; done_out       ; 2.5 V        ; 0 s                 ; 0 s                 ; 2.32 V                       ; 2.07e-09 V                   ; 2.36 V              ; -0.00737 V          ; 0.209 V                              ; 0.012 V                              ; 5.22e-10 s                  ; 5.33e-10 s                  ; Yes                        ; Yes                        ; 2.32 V                      ; 2.07e-09 V                  ; 2.36 V             ; -0.00737 V         ; 0.209 V                             ; 0.012 V                             ; 5.22e-10 s                 ; 5.33e-10 s                 ; Yes                       ; Yes                       ;
; data_out[0]    ; 2.5 V        ; 0 s                 ; 0 s                 ; 2.32 V                       ; 2.8e-09 V                    ; 2.37 V              ; -0.00373 V          ; 0.104 V                              ; 0.011 V                              ; 4.34e-10 s                  ; 3.82e-10 s                  ; Yes                        ; Yes                        ; 2.32 V                      ; 2.8e-09 V                   ; 2.37 V             ; -0.00373 V         ; 0.104 V                             ; 0.011 V                             ; 4.34e-10 s                 ; 3.82e-10 s                 ; Yes                       ; Yes                       ;
; data_out[1]    ; 2.5 V        ; 0 s                 ; 0 s                 ; 2.32 V                       ; 2.8e-09 V                    ; 2.37 V              ; -0.00373 V          ; 0.104 V                              ; 0.011 V                              ; 4.34e-10 s                  ; 3.82e-10 s                  ; Yes                        ; Yes                        ; 2.32 V                      ; 2.8e-09 V                   ; 2.37 V             ; -0.00373 V         ; 0.104 V                             ; 0.011 V                             ; 4.34e-10 s                 ; 3.82e-10 s                 ; Yes                       ; Yes                       ;
; data_out[2]    ; 2.5 V        ; 0 s                 ; 0 s                 ; 2.32 V                       ; 2.8e-09 V                    ; 2.37 V              ; -0.00373 V          ; 0.104 V                              ; 0.011 V                              ; 4.34e-10 s                  ; 3.82e-10 s                  ; Yes                        ; Yes                        ; 2.32 V                      ; 2.8e-09 V                   ; 2.37 V             ; -0.00373 V         ; 0.104 V                             ; 0.011 V                             ; 4.34e-10 s                 ; 3.82e-10 s                 ; Yes                       ; Yes                       ;
; data_out[3]    ; 2.5 V        ; 0 s                 ; 0 s                 ; 2.32 V                       ; 2.07e-09 V                   ; 2.36 V              ; -0.00737 V          ; 0.209 V                              ; 0.012 V                              ; 5.22e-10 s                  ; 5.33e-10 s                  ; Yes                        ; Yes                        ; 2.32 V                      ; 2.07e-09 V                  ; 2.36 V             ; -0.00737 V         ; 0.209 V                             ; 0.012 V                             ; 5.22e-10 s                 ; 5.33e-10 s                 ; Yes                       ; Yes                       ;
; data_out[4]    ; 2.5 V        ; 0 s                 ; 0 s                 ; 2.32 V                       ; 2.8e-09 V                    ; 2.33 V              ; -0.00425 V          ; 0.168 V                              ; 0.058 V                              ; 3.12e-09 s                  ; 2.87e-09 s                  ; Yes                        ; Yes                        ; 2.32 V                      ; 2.8e-09 V                   ; 2.33 V             ; -0.00425 V         ; 0.168 V                             ; 0.058 V                             ; 3.12e-09 s                 ; 2.87e-09 s                 ; Yes                       ; Yes                       ;
; data_out[5]    ; 2.5 V        ; 0 s                 ; 0 s                 ; 2.32 V                       ; 2.8e-09 V                    ; 2.37 V              ; -0.00373 V          ; 0.104 V                              ; 0.011 V                              ; 4.34e-10 s                  ; 3.82e-10 s                  ; Yes                        ; Yes                        ; 2.32 V                      ; 2.8e-09 V                   ; 2.37 V             ; -0.00373 V         ; 0.104 V                             ; 0.011 V                             ; 4.34e-10 s                 ; 3.82e-10 s                 ; Yes                       ; Yes                       ;
; data_out[6]    ; 2.5 V        ; 0 s                 ; 0 s                 ; 2.32 V                       ; 2.8e-09 V                    ; 2.37 V              ; -0.00373 V          ; 0.104 V                              ; 0.011 V                              ; 4.34e-10 s                  ; 3.82e-10 s                  ; Yes                        ; Yes                        ; 2.32 V                      ; 2.8e-09 V                   ; 2.37 V             ; -0.00373 V         ; 0.104 V                             ; 0.011 V                             ; 4.34e-10 s                 ; 3.82e-10 s                 ; Yes                       ; Yes                       ;
; data_out[7]    ; 2.5 V        ; 0 s                 ; 0 s                 ; 2.32 V                       ; 2.8e-09 V                    ; 2.37 V              ; -0.00373 V          ; 0.104 V                              ; 0.011 V                              ; 4.34e-10 s                  ; 3.82e-10 s                  ; Yes                        ; Yes                        ; 2.32 V                      ; 2.8e-09 V                   ; 2.37 V             ; -0.00373 V         ; 0.104 V                             ; 0.011 V                             ; 4.34e-10 s                 ; 3.82e-10 s                 ; Yes                       ; Yes                       ;
; data_out[8]    ; 2.5 V        ; 0 s                 ; 0 s                 ; 2.32 V                       ; 2.8e-09 V                    ; 2.37 V              ; -0.00373 V          ; 0.104 V                              ; 0.011 V                              ; 4.34e-10 s                  ; 3.82e-10 s                  ; Yes                        ; Yes                        ; 2.32 V                      ; 2.8e-09 V                   ; 2.37 V             ; -0.00373 V         ; 0.104 V                             ; 0.011 V                             ; 4.34e-10 s                 ; 3.82e-10 s                 ; Yes                       ; Yes                       ;
; data_out[9]    ; 2.5 V        ; 0 s                 ; 0 s                 ; 2.32 V                       ; 2.8e-09 V                    ; 2.37 V              ; -0.00373 V          ; 0.104 V                              ; 0.011 V                              ; 4.34e-10 s                  ; 3.82e-10 s                  ; Yes                        ; Yes                        ; 2.32 V                      ; 2.8e-09 V                   ; 2.37 V             ; -0.00373 V         ; 0.104 V                             ; 0.011 V                             ; 4.34e-10 s                 ; 3.82e-10 s                 ; Yes                       ; Yes                       ;
; data_out[10]   ; 2.5 V        ; 0 s                 ; 0 s                 ; 2.32 V                       ; 2.07e-09 V                   ; 2.36 V              ; -0.00737 V          ; 0.209 V                              ; 0.012 V                              ; 5.22e-10 s                  ; 5.33e-10 s                  ; Yes                        ; Yes                        ; 2.32 V                      ; 2.07e-09 V                  ; 2.36 V             ; -0.00737 V         ; 0.209 V                             ; 0.012 V                             ; 5.22e-10 s                 ; 5.33e-10 s                 ; Yes                       ; Yes                       ;
; data_out[11]   ; 2.5 V        ; 0 s                 ; 0 s                 ; 2.32 V                       ; 2.8e-09 V                    ; 2.37 V              ; -0.00373 V          ; 0.104 V                              ; 0.011 V                              ; 4.34e-10 s                  ; 3.82e-10 s                  ; Yes                        ; Yes                        ; 2.32 V                      ; 2.8e-09 V                   ; 2.37 V             ; -0.00373 V         ; 0.104 V                             ; 0.011 V                             ; 4.34e-10 s                 ; 3.82e-10 s                 ; Yes                       ; Yes                       ;
; data_out[12]   ; 2.5 V        ; 0 s                 ; 0 s                 ; 2.32 V                       ; 2.8e-09 V                    ; 2.37 V              ; -0.00373 V          ; 0.104 V                              ; 0.011 V                              ; 4.34e-10 s                  ; 3.82e-10 s                  ; Yes                        ; Yes                        ; 2.32 V                      ; 2.8e-09 V                   ; 2.37 V             ; -0.00373 V         ; 0.104 V                             ; 0.011 V                             ; 4.34e-10 s                 ; 3.82e-10 s                 ; Yes                       ; Yes                       ;
; data_out[13]   ; 2.5 V        ; 0 s                 ; 0 s                 ; 2.32 V                       ; 2.8e-09 V                    ; 2.33 V              ; -0.00425 V          ; 0.168 V                              ; 0.058 V                              ; 3.12e-09 s                  ; 2.87e-09 s                  ; Yes                        ; Yes                        ; 2.32 V                      ; 2.8e-09 V                   ; 2.33 V             ; -0.00425 V         ; 0.168 V                             ; 0.058 V                             ; 3.12e-09 s                 ; 2.87e-09 s                 ; Yes                       ; Yes                       ;
; data_out[14]   ; 2.5 V        ; 0 s                 ; 0 s                 ; 2.32 V                       ; 2.07e-09 V                   ; 2.36 V              ; -0.00737 V          ; 0.209 V                              ; 0.012 V                              ; 5.22e-10 s                  ; 5.33e-10 s                  ; Yes                        ; Yes                        ; 2.32 V                      ; 2.07e-09 V                  ; 2.36 V             ; -0.00737 V         ; 0.209 V                             ; 0.012 V                             ; 5.22e-10 s                 ; 5.33e-10 s                 ; Yes                       ; Yes                       ;
; data_out[15]   ; 2.5 V        ; 0 s                 ; 0 s                 ; 2.32 V                       ; 2.8e-09 V                    ; 2.37 V              ; -0.00373 V          ; 0.104 V                              ; 0.011 V                              ; 4.34e-10 s                  ; 3.82e-10 s                  ; Yes                        ; Yes                        ; 2.32 V                      ; 2.8e-09 V                   ; 2.37 V             ; -0.00373 V         ; 0.104 V                             ; 0.011 V                             ; 4.34e-10 s                 ; 3.82e-10 s                 ; Yes                       ; Yes                       ;
; data_out[16]   ; 2.5 V        ; 0 s                 ; 0 s                 ; 2.32 V                       ; 2.8e-09 V                    ; 2.33 V              ; -0.00425 V          ; 0.168 V                              ; 0.058 V                              ; 3.12e-09 s                  ; 2.87e-09 s                  ; Yes                        ; Yes                        ; 2.32 V                      ; 2.8e-09 V                   ; 2.33 V             ; -0.00425 V         ; 0.168 V                             ; 0.058 V                             ; 3.12e-09 s                 ; 2.87e-09 s                 ; Yes                       ; Yes                       ;
; data_out[17]   ; 2.5 V        ; 0 s                 ; 0 s                 ; 2.32 V                       ; 2.8e-09 V                    ; 2.37 V              ; -0.00373 V          ; 0.104 V                              ; 0.011 V                              ; 4.34e-10 s                  ; 3.82e-10 s                  ; Yes                        ; Yes                        ; 2.32 V                      ; 2.8e-09 V                   ; 2.37 V             ; -0.00373 V         ; 0.104 V                             ; 0.011 V                             ; 4.34e-10 s                 ; 3.82e-10 s                 ; Yes                       ; Yes                       ;
; data_out[18]   ; 2.5 V        ; 0 s                 ; 0 s                 ; 2.32 V                       ; 2.8e-09 V                    ; 2.37 V              ; -0.00373 V          ; 0.104 V                              ; 0.011 V                              ; 4.34e-10 s                  ; 3.82e-10 s                  ; Yes                        ; Yes                        ; 2.32 V                      ; 2.8e-09 V                   ; 2.37 V             ; -0.00373 V         ; 0.104 V                             ; 0.011 V                             ; 4.34e-10 s                 ; 3.82e-10 s                 ; Yes                       ; Yes                       ;
; data_out[19]   ; 2.5 V        ; 0 s                 ; 0 s                 ; 2.32 V                       ; 2.8e-09 V                    ; 2.37 V              ; -0.00373 V          ; 0.104 V                              ; 0.011 V                              ; 4.34e-10 s                  ; 3.82e-10 s                  ; Yes                        ; Yes                        ; 2.32 V                      ; 2.8e-09 V                   ; 2.37 V             ; -0.00373 V         ; 0.104 V                             ; 0.011 V                             ; 4.34e-10 s                 ; 3.82e-10 s                 ; Yes                       ; Yes                       ;
; data_out[20]   ; 2.5 V        ; 0 s                 ; 0 s                 ; 2.32 V                       ; 2.8e-09 V                    ; 2.37 V              ; -0.00373 V          ; 0.104 V                              ; 0.011 V                              ; 4.34e-10 s                  ; 3.82e-10 s                  ; Yes                        ; Yes                        ; 2.32 V                      ; 2.8e-09 V                   ; 2.37 V             ; -0.00373 V         ; 0.104 V                             ; 0.011 V                             ; 4.34e-10 s                 ; 3.82e-10 s                 ; Yes                       ; Yes                       ;
; data_out[21]   ; 2.5 V        ; 0 s                 ; 0 s                 ; 2.32 V                       ; 2.07e-09 V                   ; 2.36 V              ; -0.00737 V          ; 0.209 V                              ; 0.012 V                              ; 5.22e-10 s                  ; 5.33e-10 s                  ; Yes                        ; Yes                        ; 2.32 V                      ; 2.07e-09 V                  ; 2.36 V             ; -0.00737 V         ; 0.209 V                             ; 0.012 V                             ; 5.22e-10 s                 ; 5.33e-10 s                 ; Yes                       ; Yes                       ;
; data_out[22]   ; 2.5 V        ; 0 s                 ; 0 s                 ; 2.32 V                       ; 2.8e-09 V                    ; 2.37 V              ; -0.00373 V          ; 0.104 V                              ; 0.011 V                              ; 4.34e-10 s                  ; 3.82e-10 s                  ; Yes                        ; Yes                        ; 2.32 V                      ; 2.8e-09 V                   ; 2.37 V             ; -0.00373 V         ; 0.104 V                             ; 0.011 V                             ; 4.34e-10 s                 ; 3.82e-10 s                 ; Yes                       ; Yes                       ;
; data_out[23]   ; 2.5 V        ; 0 s                 ; 0 s                 ; 2.32 V                       ; 2.07e-09 V                   ; 2.36 V              ; -0.00737 V          ; 0.209 V                              ; 0.012 V                              ; 5.22e-10 s                  ; 5.33e-10 s                  ; Yes                        ; Yes                        ; 2.32 V                      ; 2.07e-09 V                  ; 2.36 V             ; -0.00737 V         ; 0.209 V                             ; 0.012 V                             ; 5.22e-10 s                 ; 5.33e-10 s                 ; Yes                       ; Yes                       ;
; data_out[24]   ; 2.5 V        ; 0 s                 ; 0 s                 ; 2.32 V                       ; 2.8e-09 V                    ; 2.37 V              ; -0.00373 V          ; 0.104 V                              ; 0.011 V                              ; 4.34e-10 s                  ; 3.82e-10 s                  ; Yes                        ; Yes                        ; 2.32 V                      ; 2.8e-09 V                   ; 2.37 V             ; -0.00373 V         ; 0.104 V                             ; 0.011 V                             ; 4.34e-10 s                 ; 3.82e-10 s                 ; Yes                       ; Yes                       ;
; data_out[25]   ; 2.5 V        ; 0 s                 ; 0 s                 ; 2.32 V                       ; 2.07e-09 V                   ; 2.36 V              ; -0.00737 V          ; 0.209 V                              ; 0.012 V                              ; 5.22e-10 s                  ; 5.33e-10 s                  ; Yes                        ; Yes                        ; 2.32 V                      ; 2.07e-09 V                  ; 2.36 V             ; -0.00737 V         ; 0.209 V                             ; 0.012 V                             ; 5.22e-10 s                 ; 5.33e-10 s                 ; Yes                       ; Yes                       ;
; data_out[26]   ; 2.5 V        ; 0 s                 ; 0 s                 ; 2.32 V                       ; 2.07e-09 V                   ; 2.36 V              ; -0.00737 V          ; 0.209 V                              ; 0.012 V                              ; 5.22e-10 s                  ; 5.33e-10 s                  ; Yes                        ; Yes                        ; 2.32 V                      ; 2.07e-09 V                  ; 2.36 V             ; -0.00737 V         ; 0.209 V                             ; 0.012 V                             ; 5.22e-10 s                 ; 5.33e-10 s                 ; Yes                       ; Yes                       ;
; data_out[27]   ; 2.5 V        ; 0 s                 ; 0 s                 ; 2.32 V                       ; 2.8e-09 V                    ; 2.37 V              ; -0.00373 V          ; 0.104 V                              ; 0.011 V                              ; 4.34e-10 s                  ; 3.82e-10 s                  ; Yes                        ; Yes                        ; 2.32 V                      ; 2.8e-09 V                   ; 2.37 V             ; -0.00373 V         ; 0.104 V                             ; 0.011 V                             ; 4.34e-10 s                 ; 3.82e-10 s                 ; Yes                       ; Yes                       ;
; data_out[28]   ; 2.5 V        ; 0 s                 ; 0 s                 ; 2.32 V                       ; 2.8e-09 V                    ; 2.37 V              ; -0.00373 V          ; 0.104 V                              ; 0.011 V                              ; 4.34e-10 s                  ; 3.82e-10 s                  ; Yes                        ; Yes                        ; 2.32 V                      ; 2.8e-09 V                   ; 2.37 V             ; -0.00373 V         ; 0.104 V                             ; 0.011 V                             ; 4.34e-10 s                 ; 3.82e-10 s                 ; Yes                       ; Yes                       ;
; data_out[29]   ; 2.5 V        ; 0 s                 ; 0 s                 ; 2.32 V                       ; 2.8e-09 V                    ; 2.37 V              ; -0.00373 V          ; 0.104 V                              ; 0.011 V                              ; 4.34e-10 s                  ; 3.82e-10 s                  ; Yes                        ; Yes                        ; 2.32 V                      ; 2.8e-09 V                   ; 2.37 V             ; -0.00373 V         ; 0.104 V                             ; 0.011 V                             ; 4.34e-10 s                 ; 3.82e-10 s                 ; Yes                       ; Yes                       ;
; data_out[30]   ; 2.5 V        ; 0 s                 ; 0 s                 ; 2.32 V                       ; 2.8e-09 V                    ; 2.33 V              ; -0.00425 V          ; 0.168 V                              ; 0.058 V                              ; 3.12e-09 s                  ; 2.87e-09 s                  ; Yes                        ; Yes                        ; 2.32 V                      ; 2.8e-09 V                   ; 2.33 V             ; -0.00425 V         ; 0.168 V                             ; 0.058 V                             ; 3.12e-09 s                 ; 2.87e-09 s                 ; Yes                       ; Yes                       ;
; data_out[31]   ; 2.5 V        ; 0 s                 ; 0 s                 ; 2.32 V                       ; 2.07e-09 V                   ; 2.36 V              ; -0.00737 V          ; 0.209 V                              ; 0.012 V                              ; 5.22e-10 s                  ; 5.33e-10 s                  ; Yes                        ; Yes                        ; 2.32 V                      ; 2.07e-09 V                  ; 2.36 V             ; -0.00737 V         ; 0.209 V                             ; 0.012 V                             ; 5.22e-10 s                 ; 5.33e-10 s                 ; Yes                       ; Yes                       ;
; data_valid     ; 2.5 V        ; 0 s                 ; 0 s                 ; 2.32 V                       ; 2.07e-09 V                   ; 2.36 V              ; -0.00737 V          ; 0.209 V                              ; 0.012 V                              ; 5.22e-10 s                  ; 5.33e-10 s                  ; Yes                        ; Yes                        ; 2.32 V                      ; 2.07e-09 V                  ; 2.36 V             ; -0.00737 V         ; 0.209 V                             ; 0.012 V                             ; 5.22e-10 s                 ; 5.33e-10 s                 ; Yes                       ; Yes                       ;
; counter_out[0] ; 2.5 V        ; 0 s                 ; 0 s                 ; 2.32 V                       ; 2.07e-09 V                   ; 2.36 V              ; -0.00737 V          ; 0.209 V                              ; 0.012 V                              ; 5.22e-10 s                  ; 5.33e-10 s                  ; Yes                        ; Yes                        ; 2.32 V                      ; 2.07e-09 V                  ; 2.36 V             ; -0.00737 V         ; 0.209 V                             ; 0.012 V                             ; 5.22e-10 s                 ; 5.33e-10 s                 ; Yes                       ; Yes                       ;
; counter_out[1] ; 2.5 V        ; 0 s                 ; 0 s                 ; 2.32 V                       ; 2.07e-09 V                   ; 2.36 V              ; -0.00737 V          ; 0.209 V                              ; 0.012 V                              ; 5.22e-10 s                  ; 5.33e-10 s                  ; Yes                        ; Yes                        ; 2.32 V                      ; 2.07e-09 V                  ; 2.36 V             ; -0.00737 V         ; 0.209 V                             ; 0.012 V                             ; 5.22e-10 s                 ; 5.33e-10 s                 ; Yes                       ; Yes                       ;
; ram_addr[0]    ; 2.5 V        ; 0 s                 ; 0 s                 ; 2.32 V                       ; 2.07e-09 V                   ; 2.36 V              ; -0.00737 V          ; 0.209 V                              ; 0.012 V                              ; 5.22e-10 s                  ; 5.33e-10 s                  ; Yes                        ; Yes                        ; 2.32 V                      ; 2.07e-09 V                  ; 2.36 V             ; -0.00737 V         ; 0.209 V                             ; 0.012 V                             ; 5.22e-10 s                 ; 5.33e-10 s                 ; Yes                       ; Yes                       ;
; ram_addr[1]    ; 2.5 V        ; 0 s                 ; 0 s                 ; 2.32 V                       ; 2.07e-09 V                   ; 2.36 V              ; -0.00737 V          ; 0.209 V                              ; 0.012 V                              ; 5.22e-10 s                  ; 5.33e-10 s                  ; Yes                        ; Yes                        ; 2.32 V                      ; 2.07e-09 V                  ; 2.36 V             ; -0.00737 V         ; 0.209 V                             ; 0.012 V                             ; 5.22e-10 s                 ; 5.33e-10 s                 ; Yes                       ; Yes                       ;
; ram_addr[2]    ; 2.5 V        ; 0 s                 ; 0 s                 ; 2.32 V                       ; 2.8e-09 V                    ; 2.37 V              ; -0.00373 V          ; 0.104 V                              ; 0.011 V                              ; 4.34e-10 s                  ; 3.82e-10 s                  ; Yes                        ; Yes                        ; 2.32 V                      ; 2.8e-09 V                   ; 2.37 V             ; -0.00373 V         ; 0.104 V                             ; 0.011 V                             ; 4.34e-10 s                 ; 3.82e-10 s                 ; Yes                       ; Yes                       ;
; ram_addr[3]    ; 2.5 V        ; 0 s                 ; 0 s                 ; 2.32 V                       ; 2.07e-09 V                   ; 2.36 V              ; -0.00737 V          ; 0.209 V                              ; 0.012 V                              ; 5.22e-10 s                  ; 5.33e-10 s                  ; Yes                        ; Yes                        ; 2.32 V                      ; 2.07e-09 V                  ; 2.36 V             ; -0.00737 V         ; 0.209 V                             ; 0.012 V                             ; 5.22e-10 s                 ; 5.33e-10 s                 ; Yes                       ; Yes                       ;
; ~ALTERA_DCLK~  ; 2.5 V        ; 0 s                 ; 0 s                 ; 2.32 V                       ; 1.74e-09 V                   ; 2.37 V              ; -0.0346 V           ; 0.198 V                              ; 0.094 V                              ; 3.14e-10 s                  ; 2.92e-10 s                  ; Yes                        ; Yes                        ; 2.32 V                      ; 1.74e-09 V                  ; 2.37 V             ; -0.0346 V          ; 0.198 V                             ; 0.094 V                             ; 3.14e-10 s                 ; 2.92e-10 s                 ; Yes                       ; Yes                       ;
; ~ALTERA_nCEO~  ; 2.5 V        ; 0 s                 ; 0 s                 ; 2.32 V                       ; 2.57e-09 V                   ; 2.37 V              ; -0.00683 V          ; 0.171 V                              ; 0.018 V                              ; 4.97e-10 s                  ; 6.66e-10 s                  ; Yes                        ; Yes                        ; 2.32 V                      ; 2.57e-09 V                  ; 2.37 V             ; -0.00683 V         ; 0.171 V                             ; 0.018 V                             ; 4.97e-10 s                 ; 6.66e-10 s                 ; Yes                       ; Yes                       ;
+----------------+--------------+---------------------+---------------------+------------------------------+------------------------------+---------------------+---------------------+--------------------------------------+--------------------------------------+-----------------------------+-----------------------------+----------------------------+----------------------------+-----------------------------+-----------------------------+--------------------+--------------------+-------------------------------------+-------------------------------------+----------------------------+----------------------------+---------------------------+---------------------------+


+---------------------------------------------------------------------------------------------------------------------------------------------------------------------------------------------------------------------------------------------------------------------------------------------------------------------------------------------------------------------------------------------------------------------------------------------------------------------------------------------------------------------------------------------------------------------------------------------------------------------------------------------------------------------------------------------+
; Signal Integrity Metrics (Slow 1200mv 85c Model)                                                                                                                                                                                                                                                                                                                                                                                                                                                                                                                                                                                                                                            ;
+----------------+--------------+---------------------+---------------------+------------------------------+------------------------------+---------------------+---------------------+--------------------------------------+--------------------------------------+-----------------------------+-----------------------------+----------------------------+----------------------------+-----------------------------+-----------------------------+--------------------+--------------------+-------------------------------------+-------------------------------------+----------------------------+----------------------------+---------------------------+---------------------------+
; Pin            ; I/O Standard ; Board Delay on Rise ; Board Delay on Fall ; Steady State Voh at FPGA Pin ; Steady State Vol at FPGA Pin ; Voh Max at FPGA Pin ; Vol Min at FPGA Pin ; Ringback Voltage on Rise at FPGA Pin ; Ringback Voltage on Fall at FPGA Pin ; 10-90 Rise Time at FPGA Pin ; 90-10 Fall Time at FPGA Pin ; Monotonic Rise at FPGA Pin ; Monotonic Fall at FPGA Pin ; Steady State Voh at Far-end ; Steady State Vol at Far-end ; Voh Max at Far-end ; Vol Min at Far-end ; Ringback Voltage on Rise at Far-end ; Ringback Voltage on Fall at Far-end ; 10-90 Rise Time at Far-end ; 90-10 Fall Time at Far-end ; Monotonic Rise at Far-end ; Monotonic Fall at Far-end ;
+----------------+--------------+---------------------+---------------------+------------------------------+------------------------------+---------------------+---------------------+--------------------------------------+--------------------------------------+-----------------------------+-----------------------------+----------------------------+----------------------------+-----------------------------+-----------------------------+--------------------+--------------------+-------------------------------------+-------------------------------------+----------------------------+----------------------------+---------------------------+---------------------------+
; done_out       ; 2.5 V        ; 0 s                 ; 0 s                 ; 2.32 V                       ; 1.93e-07 V                   ; 2.34 V              ; -0.00869 V          ; 0.14 V                               ; 0.046 V                              ; 6.89e-10 s                  ; 6.56e-10 s                  ; Yes                        ; Yes                        ; 2.32 V                      ; 1.93e-07 V                  ; 2.34 V             ; -0.00869 V         ; 0.14 V                              ; 0.046 V                             ; 6.89e-10 s                 ; 6.56e-10 s                 ; Yes                       ; Yes                       ;
; data_out[0]    ; 2.5 V        ; 0 s                 ; 0 s                 ; 2.32 V                       ; 2.85e-07 V                   ; 2.35 V              ; -0.0123 V           ; 0.144 V                              ; 0.042 V                              ; 4.81e-10 s                  ; 4.81e-10 s                  ; Yes                        ; Yes                        ; 2.32 V                      ; 2.85e-07 V                  ; 2.35 V             ; -0.0123 V          ; 0.144 V                             ; 0.042 V                             ; 4.81e-10 s                 ; 4.81e-10 s                 ; Yes                       ; Yes                       ;
; data_out[1]    ; 2.5 V        ; 0 s                 ; 0 s                 ; 2.32 V                       ; 2.85e-07 V                   ; 2.35 V              ; -0.0123 V           ; 0.144 V                              ; 0.042 V                              ; 4.81e-10 s                  ; 4.81e-10 s                  ; Yes                        ; Yes                        ; 2.32 V                      ; 2.85e-07 V                  ; 2.35 V             ; -0.0123 V          ; 0.144 V                             ; 0.042 V                             ; 4.81e-10 s                 ; 4.81e-10 s                 ; Yes                       ; Yes                       ;
; data_out[2]    ; 2.5 V        ; 0 s                 ; 0 s                 ; 2.32 V                       ; 2.85e-07 V                   ; 2.35 V              ; -0.0123 V           ; 0.144 V                              ; 0.042 V                              ; 4.81e-10 s                  ; 4.81e-10 s                  ; Yes                        ; Yes                        ; 2.32 V                      ; 2.85e-07 V                  ; 2.35 V             ; -0.0123 V          ; 0.144 V                             ; 0.042 V                             ; 4.81e-10 s                 ; 4.81e-10 s                 ; Yes                       ; Yes                       ;
; data_out[3]    ; 2.5 V        ; 0 s                 ; 0 s                 ; 2.32 V                       ; 1.93e-07 V                   ; 2.34 V              ; -0.00869 V          ; 0.14 V                               ; 0.046 V                              ; 6.89e-10 s                  ; 6.56e-10 s                  ; Yes                        ; Yes                        ; 2.32 V                      ; 1.93e-07 V                  ; 2.34 V             ; -0.00869 V         ; 0.14 V                              ; 0.046 V                             ; 6.89e-10 s                 ; 6.56e-10 s                 ; Yes                       ; Yes                       ;
; data_out[4]    ; 2.5 V        ; 0 s                 ; 0 s                 ; 2.32 V                       ; 2.85e-07 V                   ; 2.33 V              ; -0.00229 V          ; 0.111 V                              ; 0.057 V                              ; 3.78e-09 s                  ; 3.5e-09 s                   ; Yes                        ; Yes                        ; 2.32 V                      ; 2.85e-07 V                  ; 2.33 V             ; -0.00229 V         ; 0.111 V                             ; 0.057 V                             ; 3.78e-09 s                 ; 3.5e-09 s                  ; Yes                       ; Yes                       ;
; data_out[5]    ; 2.5 V        ; 0 s                 ; 0 s                 ; 2.32 V                       ; 2.85e-07 V                   ; 2.35 V              ; -0.0123 V           ; 0.144 V                              ; 0.042 V                              ; 4.81e-10 s                  ; 4.81e-10 s                  ; Yes                        ; Yes                        ; 2.32 V                      ; 2.85e-07 V                  ; 2.35 V             ; -0.0123 V          ; 0.144 V                             ; 0.042 V                             ; 4.81e-10 s                 ; 4.81e-10 s                 ; Yes                       ; Yes                       ;
; data_out[6]    ; 2.5 V        ; 0 s                 ; 0 s                 ; 2.32 V                       ; 2.85e-07 V                   ; 2.35 V              ; -0.0123 V           ; 0.144 V                              ; 0.042 V                              ; 4.81e-10 s                  ; 4.81e-10 s                  ; Yes                        ; Yes                        ; 2.32 V                      ; 2.85e-07 V                  ; 2.35 V             ; -0.0123 V          ; 0.144 V                             ; 0.042 V                             ; 4.81e-10 s                 ; 4.81e-10 s                 ; Yes                       ; Yes                       ;
; data_out[7]    ; 2.5 V        ; 0 s                 ; 0 s                 ; 2.32 V                       ; 2.85e-07 V                   ; 2.35 V              ; -0.0123 V           ; 0.144 V                              ; 0.042 V                              ; 4.81e-10 s                  ; 4.81e-10 s                  ; Yes                        ; Yes                        ; 2.32 V                      ; 2.85e-07 V                  ; 2.35 V             ; -0.0123 V          ; 0.144 V                             ; 0.042 V                             ; 4.81e-10 s                 ; 4.81e-10 s                 ; Yes                       ; Yes                       ;
; data_out[8]    ; 2.5 V        ; 0 s                 ; 0 s                 ; 2.32 V                       ; 2.85e-07 V                   ; 2.35 V              ; -0.0123 V           ; 0.144 V                              ; 0.042 V                              ; 4.81e-10 s                  ; 4.81e-10 s                  ; Yes                        ; Yes                        ; 2.32 V                      ; 2.85e-07 V                  ; 2.35 V             ; -0.0123 V          ; 0.144 V                             ; 0.042 V                             ; 4.81e-10 s                 ; 4.81e-10 s                 ; Yes                       ; Yes                       ;
; data_out[9]    ; 2.5 V        ; 0 s                 ; 0 s                 ; 2.32 V                       ; 2.85e-07 V                   ; 2.35 V              ; -0.0123 V           ; 0.144 V                              ; 0.042 V                              ; 4.81e-10 s                  ; 4.81e-10 s                  ; Yes                        ; Yes                        ; 2.32 V                      ; 2.85e-07 V                  ; 2.35 V             ; -0.0123 V          ; 0.144 V                             ; 0.042 V                             ; 4.81e-10 s                 ; 4.81e-10 s                 ; Yes                       ; Yes                       ;
; data_out[10]   ; 2.5 V        ; 0 s                 ; 0 s                 ; 2.32 V                       ; 1.93e-07 V                   ; 2.34 V              ; -0.00869 V          ; 0.14 V                               ; 0.046 V                              ; 6.89e-10 s                  ; 6.56e-10 s                  ; Yes                        ; Yes                        ; 2.32 V                      ; 1.93e-07 V                  ; 2.34 V             ; -0.00869 V         ; 0.14 V                              ; 0.046 V                             ; 6.89e-10 s                 ; 6.56e-10 s                 ; Yes                       ; Yes                       ;
; data_out[11]   ; 2.5 V        ; 0 s                 ; 0 s                 ; 2.32 V                       ; 2.85e-07 V                   ; 2.35 V              ; -0.0123 V           ; 0.144 V                              ; 0.042 V                              ; 4.81e-10 s                  ; 4.81e-10 s                  ; Yes                        ; Yes                        ; 2.32 V                      ; 2.85e-07 V                  ; 2.35 V             ; -0.0123 V          ; 0.144 V                             ; 0.042 V                             ; 4.81e-10 s                 ; 4.81e-10 s                 ; Yes                       ; Yes                       ;
; data_out[12]   ; 2.5 V        ; 0 s                 ; 0 s                 ; 2.32 V                       ; 2.85e-07 V                   ; 2.35 V              ; -0.0123 V           ; 0.144 V                              ; 0.042 V                              ; 4.81e-10 s                  ; 4.81e-10 s                  ; Yes                        ; Yes                        ; 2.32 V                      ; 2.85e-07 V                  ; 2.35 V             ; -0.0123 V          ; 0.144 V                             ; 0.042 V                             ; 4.81e-10 s                 ; 4.81e-10 s                 ; Yes                       ; Yes                       ;
; data_out[13]   ; 2.5 V        ; 0 s                 ; 0 s                 ; 2.32 V                       ; 2.85e-07 V                   ; 2.33 V              ; -0.00229 V          ; 0.111 V                              ; 0.057 V                              ; 3.78e-09 s                  ; 3.5e-09 s                   ; Yes                        ; Yes                        ; 2.32 V                      ; 2.85e-07 V                  ; 2.33 V             ; -0.00229 V         ; 0.111 V                             ; 0.057 V                             ; 3.78e-09 s                 ; 3.5e-09 s                  ; Yes                       ; Yes                       ;
; data_out[14]   ; 2.5 V        ; 0 s                 ; 0 s                 ; 2.32 V                       ; 1.93e-07 V                   ; 2.34 V              ; -0.00869 V          ; 0.14 V                               ; 0.046 V                              ; 6.89e-10 s                  ; 6.56e-10 s                  ; Yes                        ; Yes                        ; 2.32 V                      ; 1.93e-07 V                  ; 2.34 V             ; -0.00869 V         ; 0.14 V                              ; 0.046 V                             ; 6.89e-10 s                 ; 6.56e-10 s                 ; Yes                       ; Yes                       ;
; data_out[15]   ; 2.5 V        ; 0 s                 ; 0 s                 ; 2.32 V                       ; 2.85e-07 V                   ; 2.35 V              ; -0.0123 V           ; 0.144 V                              ; 0.042 V                              ; 4.81e-10 s                  ; 4.81e-10 s                  ; Yes                        ; Yes                        ; 2.32 V                      ; 2.85e-07 V                  ; 2.35 V             ; -0.0123 V          ; 0.144 V                             ; 0.042 V                             ; 4.81e-10 s                 ; 4.81e-10 s                 ; Yes                       ; Yes                       ;
; data_out[16]   ; 2.5 V        ; 0 s                 ; 0 s                 ; 2.32 V                       ; 2.85e-07 V                   ; 2.33 V              ; -0.00229 V          ; 0.111 V                              ; 0.057 V                              ; 3.78e-09 s                  ; 3.5e-09 s                   ; Yes                        ; Yes                        ; 2.32 V                      ; 2.85e-07 V                  ; 2.33 V             ; -0.00229 V         ; 0.111 V                             ; 0.057 V                             ; 3.78e-09 s                 ; 3.5e-09 s                  ; Yes                       ; Yes                       ;
; data_out[17]   ; 2.5 V        ; 0 s                 ; 0 s                 ; 2.32 V                       ; 2.85e-07 V                   ; 2.35 V              ; -0.0123 V           ; 0.144 V                              ; 0.042 V                              ; 4.81e-10 s                  ; 4.81e-10 s                  ; Yes                        ; Yes                        ; 2.32 V                      ; 2.85e-07 V                  ; 2.35 V             ; -0.0123 V          ; 0.144 V                             ; 0.042 V                             ; 4.81e-10 s                 ; 4.81e-10 s                 ; Yes                       ; Yes                       ;
; data_out[18]   ; 2.5 V        ; 0 s                 ; 0 s                 ; 2.32 V                       ; 2.85e-07 V                   ; 2.35 V              ; -0.0123 V           ; 0.144 V                              ; 0.042 V                              ; 4.81e-10 s                  ; 4.81e-10 s                  ; Yes                        ; Yes                        ; 2.32 V                      ; 2.85e-07 V                  ; 2.35 V             ; -0.0123 V          ; 0.144 V                             ; 0.042 V                             ; 4.81e-10 s                 ; 4.81e-10 s                 ; Yes                       ; Yes                       ;
; data_out[19]   ; 2.5 V        ; 0 s                 ; 0 s                 ; 2.32 V                       ; 2.85e-07 V                   ; 2.35 V              ; -0.0123 V           ; 0.144 V                              ; 0.042 V                              ; 4.81e-10 s                  ; 4.81e-10 s                  ; Yes                        ; Yes                        ; 2.32 V                      ; 2.85e-07 V                  ; 2.35 V             ; -0.0123 V          ; 0.144 V                             ; 0.042 V                             ; 4.81e-10 s                 ; 4.81e-10 s                 ; Yes                       ; Yes                       ;
; data_out[20]   ; 2.5 V        ; 0 s                 ; 0 s                 ; 2.32 V                       ; 2.85e-07 V                   ; 2.35 V              ; -0.0123 V           ; 0.144 V                              ; 0.042 V                              ; 4.81e-10 s                  ; 4.81e-10 s                  ; Yes                        ; Yes                        ; 2.32 V                      ; 2.85e-07 V                  ; 2.35 V             ; -0.0123 V          ; 0.144 V                             ; 0.042 V                             ; 4.81e-10 s                 ; 4.81e-10 s                 ; Yes                       ; Yes                       ;
; data_out[21]   ; 2.5 V        ; 0 s                 ; 0 s                 ; 2.32 V                       ; 1.93e-07 V                   ; 2.34 V              ; -0.00869 V          ; 0.14 V                               ; 0.046 V                              ; 6.89e-10 s                  ; 6.56e-10 s                  ; Yes                        ; Yes                        ; 2.32 V                      ; 1.93e-07 V                  ; 2.34 V             ; -0.00869 V         ; 0.14 V                              ; 0.046 V                             ; 6.89e-10 s                 ; 6.56e-10 s                 ; Yes                       ; Yes                       ;
; data_out[22]   ; 2.5 V        ; 0 s                 ; 0 s                 ; 2.32 V                       ; 2.85e-07 V                   ; 2.35 V              ; -0.0123 V           ; 0.144 V                              ; 0.042 V                              ; 4.81e-10 s                  ; 4.81e-10 s                  ; Yes                        ; Yes                        ; 2.32 V                      ; 2.85e-07 V                  ; 2.35 V             ; -0.0123 V          ; 0.144 V                             ; 0.042 V                             ; 4.81e-10 s                 ; 4.81e-10 s                 ; Yes                       ; Yes                       ;
; data_out[23]   ; 2.5 V        ; 0 s                 ; 0 s                 ; 2.32 V                       ; 1.93e-07 V                   ; 2.34 V              ; -0.00869 V          ; 0.14 V                               ; 0.046 V                              ; 6.89e-10 s                  ; 6.56e-10 s                  ; Yes                        ; Yes                        ; 2.32 V                      ; 1.93e-07 V                  ; 2.34 V             ; -0.00869 V         ; 0.14 V                              ; 0.046 V                             ; 6.89e-10 s                 ; 6.56e-10 s                 ; Yes                       ; Yes                       ;
; data_out[24]   ; 2.5 V        ; 0 s                 ; 0 s                 ; 2.32 V                       ; 2.85e-07 V                   ; 2.35 V              ; -0.0123 V           ; 0.144 V                              ; 0.042 V                              ; 4.81e-10 s                  ; 4.81e-10 s                  ; Yes                        ; Yes                        ; 2.32 V                      ; 2.85e-07 V                  ; 2.35 V             ; -0.0123 V          ; 0.144 V                             ; 0.042 V                             ; 4.81e-10 s                 ; 4.81e-10 s                 ; Yes                       ; Yes                       ;
; data_out[25]   ; 2.5 V        ; 0 s                 ; 0 s                 ; 2.32 V                       ; 1.93e-07 V                   ; 2.34 V              ; -0.00869 V          ; 0.14 V                               ; 0.046 V                              ; 6.89e-10 s                  ; 6.56e-10 s                  ; Yes                        ; Yes                        ; 2.32 V                      ; 1.93e-07 V                  ; 2.34 V             ; -0.00869 V         ; 0.14 V                              ; 0.046 V                             ; 6.89e-10 s                 ; 6.56e-10 s                 ; Yes                       ; Yes                       ;
; data_out[26]   ; 2.5 V        ; 0 s                 ; 0 s                 ; 2.32 V                       ; 1.93e-07 V                   ; 2.34 V              ; -0.00869 V          ; 0.14 V                               ; 0.046 V                              ; 6.89e-10 s                  ; 6.56e-10 s                  ; Yes                        ; Yes                        ; 2.32 V                      ; 1.93e-07 V                  ; 2.34 V             ; -0.00869 V         ; 0.14 V                              ; 0.046 V                             ; 6.89e-10 s                 ; 6.56e-10 s                 ; Yes                       ; Yes                       ;
; data_out[27]   ; 2.5 V        ; 0 s                 ; 0 s                 ; 2.32 V                       ; 2.85e-07 V                   ; 2.35 V              ; -0.0123 V           ; 0.144 V                              ; 0.042 V                              ; 4.81e-10 s                  ; 4.81e-10 s                  ; Yes                        ; Yes                        ; 2.32 V                      ; 2.85e-07 V                  ; 2.35 V             ; -0.0123 V          ; 0.144 V                             ; 0.042 V                             ; 4.81e-10 s                 ; 4.81e-10 s                 ; Yes                       ; Yes                       ;
; data_out[28]   ; 2.5 V        ; 0 s                 ; 0 s                 ; 2.32 V                       ; 2.85e-07 V                   ; 2.35 V              ; -0.0123 V           ; 0.144 V                              ; 0.042 V                              ; 4.81e-10 s                  ; 4.81e-10 s                  ; Yes                        ; Yes                        ; 2.32 V                      ; 2.85e-07 V                  ; 2.35 V             ; -0.0123 V          ; 0.144 V                             ; 0.042 V                             ; 4.81e-10 s                 ; 4.81e-10 s                 ; Yes                       ; Yes                       ;
; data_out[29]   ; 2.5 V        ; 0 s                 ; 0 s                 ; 2.32 V                       ; 2.85e-07 V                   ; 2.35 V              ; -0.0123 V           ; 0.144 V                              ; 0.042 V                              ; 4.81e-10 s                  ; 4.81e-10 s                  ; Yes                        ; Yes                        ; 2.32 V                      ; 2.85e-07 V                  ; 2.35 V             ; -0.0123 V          ; 0.144 V                             ; 0.042 V                             ; 4.81e-10 s                 ; 4.81e-10 s                 ; Yes                       ; Yes                       ;
; data_out[30]   ; 2.5 V        ; 0 s                 ; 0 s                 ; 2.32 V                       ; 2.85e-07 V                   ; 2.33 V              ; -0.00229 V          ; 0.111 V                              ; 0.057 V                              ; 3.78e-09 s                  ; 3.5e-09 s                   ; Yes                        ; Yes                        ; 2.32 V                      ; 2.85e-07 V                  ; 2.33 V             ; -0.00229 V         ; 0.111 V                             ; 0.057 V                             ; 3.78e-09 s                 ; 3.5e-09 s                  ; Yes                       ; Yes                       ;
; data_out[31]   ; 2.5 V        ; 0 s                 ; 0 s                 ; 2.32 V                       ; 1.93e-07 V                   ; 2.34 V              ; -0.00869 V          ; 0.14 V                               ; 0.046 V                              ; 6.89e-10 s                  ; 6.56e-10 s                  ; Yes                        ; Yes                        ; 2.32 V                      ; 1.93e-07 V                  ; 2.34 V             ; -0.00869 V         ; 0.14 V                              ; 0.046 V                             ; 6.89e-10 s                 ; 6.56e-10 s                 ; Yes                       ; Yes                       ;
; data_valid     ; 2.5 V        ; 0 s                 ; 0 s                 ; 2.32 V                       ; 1.93e-07 V                   ; 2.34 V              ; -0.00869 V          ; 0.14 V                               ; 0.046 V                              ; 6.89e-10 s                  ; 6.56e-10 s                  ; Yes                        ; Yes                        ; 2.32 V                      ; 1.93e-07 V                  ; 2.34 V             ; -0.00869 V         ; 0.14 V                              ; 0.046 V                             ; 6.89e-10 s                 ; 6.56e-10 s                 ; Yes                       ; Yes                       ;
; counter_out[0] ; 2.5 V        ; 0 s                 ; 0 s                 ; 2.32 V                       ; 1.93e-07 V                   ; 2.34 V              ; -0.00869 V          ; 0.14 V                               ; 0.046 V                              ; 6.89e-10 s                  ; 6.56e-10 s                  ; Yes                        ; Yes                        ; 2.32 V                      ; 1.93e-07 V                  ; 2.34 V             ; -0.00869 V         ; 0.14 V                              ; 0.046 V                             ; 6.89e-10 s                 ; 6.56e-10 s                 ; Yes                       ; Yes                       ;
; counter_out[1] ; 2.5 V        ; 0 s                 ; 0 s                 ; 2.32 V                       ; 1.93e-07 V                   ; 2.34 V              ; -0.00869 V          ; 0.14 V                               ; 0.046 V                              ; 6.89e-10 s                  ; 6.56e-10 s                  ; Yes                        ; Yes                        ; 2.32 V                      ; 1.93e-07 V                  ; 2.34 V             ; -0.00869 V         ; 0.14 V                              ; 0.046 V                             ; 6.89e-10 s                 ; 6.56e-10 s                 ; Yes                       ; Yes                       ;
; ram_addr[0]    ; 2.5 V        ; 0 s                 ; 0 s                 ; 2.32 V                       ; 1.93e-07 V                   ; 2.34 V              ; -0.00869 V          ; 0.14 V                               ; 0.046 V                              ; 6.89e-10 s                  ; 6.56e-10 s                  ; Yes                        ; Yes                        ; 2.32 V                      ; 1.93e-07 V                  ; 2.34 V             ; -0.00869 V         ; 0.14 V                              ; 0.046 V                             ; 6.89e-10 s                 ; 6.56e-10 s                 ; Yes                       ; Yes                       ;
; ram_addr[1]    ; 2.5 V        ; 0 s                 ; 0 s                 ; 2.32 V                       ; 1.93e-07 V                   ; 2.34 V              ; -0.00869 V          ; 0.14 V                               ; 0.046 V                              ; 6.89e-10 s                  ; 6.56e-10 s                  ; Yes                        ; Yes                        ; 2.32 V                      ; 1.93e-07 V                  ; 2.34 V             ; -0.00869 V         ; 0.14 V                              ; 0.046 V                             ; 6.89e-10 s                 ; 6.56e-10 s                 ; Yes                       ; Yes                       ;
; ram_addr[2]    ; 2.5 V        ; 0 s                 ; 0 s                 ; 2.32 V                       ; 2.85e-07 V                   ; 2.35 V              ; -0.0123 V           ; 0.144 V                              ; 0.042 V                              ; 4.81e-10 s                  ; 4.81e-10 s                  ; Yes                        ; Yes                        ; 2.32 V                      ; 2.85e-07 V                  ; 2.35 V             ; -0.0123 V          ; 0.144 V                             ; 0.042 V                             ; 4.81e-10 s                 ; 4.81e-10 s                 ; Yes                       ; Yes                       ;
; ram_addr[3]    ; 2.5 V        ; 0 s                 ; 0 s                 ; 2.32 V                       ; 1.93e-07 V                   ; 2.34 V              ; -0.00869 V          ; 0.14 V                               ; 0.046 V                              ; 6.89e-10 s                  ; 6.56e-10 s                  ; Yes                        ; Yes                        ; 2.32 V                      ; 1.93e-07 V                  ; 2.34 V             ; -0.00869 V         ; 0.14 V                              ; 0.046 V                             ; 6.89e-10 s                 ; 6.56e-10 s                 ; Yes                       ; Yes                       ;
; ~ALTERA_DCLK~  ; 2.5 V        ; 0 s                 ; 0 s                 ; 2.32 V                       ; 1.55e-07 V                   ; 2.35 V              ; -0.00221 V          ; 0.097 V                              ; 0.005 V                              ; 4.49e-10 s                  ; 3.85e-10 s                  ; Yes                        ; Yes                        ; 2.32 V                      ; 1.55e-07 V                  ; 2.35 V             ; -0.00221 V         ; 0.097 V                             ; 0.005 V                             ; 4.49e-10 s                 ; 3.85e-10 s                 ; Yes                       ; Yes                       ;
; ~ALTERA_nCEO~  ; 2.5 V        ; 0 s                 ; 0 s                 ; 2.32 V                       ; 2.54e-07 V                   ; 2.34 V              ; -0.00774 V          ; 0.109 V                              ; 0.026 V                              ; 6.58e-10 s                  ; 8.24e-10 s                  ; Yes                        ; Yes                        ; 2.32 V                      ; 2.54e-07 V                  ; 2.34 V             ; -0.00774 V         ; 0.109 V                             ; 0.026 V                             ; 6.58e-10 s                 ; 8.24e-10 s                 ; Yes                       ; Yes                       ;
+----------------+--------------+---------------------+---------------------+------------------------------+------------------------------+---------------------+---------------------+--------------------------------------+--------------------------------------+-----------------------------+-----------------------------+----------------------------+----------------------------+-----------------------------+-----------------------------+--------------------+--------------------+-------------------------------------+-------------------------------------+----------------------------+----------------------------+---------------------------+---------------------------+


+---------------------------------------------------------------------------------------------------------------------------------------------------------------------------------------------------------------------------------------------------------------------------------------------------------------------------------------------------------------------------------------------------------------------------------------------------------------------------------------------------------------------------------------------------------------------------------------------------------------------------------------------------------------------------------------------+
; Signal Integrity Metrics (Fast 1200mv 0c Model)                                                                                                                                                                                                                                                                                                                                                                                                                                                                                                                                                                                                                                             ;
+----------------+--------------+---------------------+---------------------+------------------------------+------------------------------+---------------------+---------------------+--------------------------------------+--------------------------------------+-----------------------------+-----------------------------+----------------------------+----------------------------+-----------------------------+-----------------------------+--------------------+--------------------+-------------------------------------+-------------------------------------+----------------------------+----------------------------+---------------------------+---------------------------+
; Pin            ; I/O Standard ; Board Delay on Rise ; Board Delay on Fall ; Steady State Voh at FPGA Pin ; Steady State Vol at FPGA Pin ; Voh Max at FPGA Pin ; Vol Min at FPGA Pin ; Ringback Voltage on Rise at FPGA Pin ; Ringback Voltage on Fall at FPGA Pin ; 10-90 Rise Time at FPGA Pin ; 90-10 Fall Time at FPGA Pin ; Monotonic Rise at FPGA Pin ; Monotonic Fall at FPGA Pin ; Steady State Voh at Far-end ; Steady State Vol at Far-end ; Voh Max at Far-end ; Vol Min at Far-end ; Ringback Voltage on Rise at Far-end ; Ringback Voltage on Fall at Far-end ; 10-90 Rise Time at Far-end ; 90-10 Fall Time at Far-end ; Monotonic Rise at Far-end ; Monotonic Fall at Far-end ;
+----------------+--------------+---------------------+---------------------+------------------------------+------------------------------+---------------------+---------------------+--------------------------------------+--------------------------------------+-----------------------------+-----------------------------+----------------------------+----------------------------+-----------------------------+-----------------------------+--------------------+--------------------+-------------------------------------+-------------------------------------+----------------------------+----------------------------+---------------------------+---------------------------+
; done_out       ; 2.5 V        ; 0 s                 ; 0 s                 ; 2.62 V                       ; 2.74e-08 V                   ; 2.71 V              ; -0.0317 V           ; 0.148 V                              ; 0.064 V                              ; 4.51e-10 s                  ; 4.15e-10 s                  ; No                         ; Yes                        ; 2.62 V                      ; 2.74e-08 V                  ; 2.71 V             ; -0.0317 V          ; 0.148 V                             ; 0.064 V                             ; 4.51e-10 s                 ; 4.15e-10 s                 ; No                        ; Yes                       ;
; data_out[0]    ; 2.5 V        ; 0 s                 ; 0 s                 ; 2.62 V                       ; 4.05e-08 V                   ; 2.72 V              ; -0.0349 V           ; 0.173 V                              ; 0.1 V                                ; 2.72e-10 s                  ; 2.69e-10 s                  ; Yes                        ; Yes                        ; 2.62 V                      ; 4.05e-08 V                  ; 2.72 V             ; -0.0349 V          ; 0.173 V                             ; 0.1 V                               ; 2.72e-10 s                 ; 2.69e-10 s                 ; Yes                       ; Yes                       ;
; data_out[1]    ; 2.5 V        ; 0 s                 ; 0 s                 ; 2.62 V                       ; 4.05e-08 V                   ; 2.72 V              ; -0.0349 V           ; 0.173 V                              ; 0.1 V                                ; 2.72e-10 s                  ; 2.69e-10 s                  ; Yes                        ; Yes                        ; 2.62 V                      ; 4.05e-08 V                  ; 2.72 V             ; -0.0349 V          ; 0.173 V                             ; 0.1 V                               ; 2.72e-10 s                 ; 2.69e-10 s                 ; Yes                       ; Yes                       ;
; data_out[2]    ; 2.5 V        ; 0 s                 ; 0 s                 ; 2.62 V                       ; 4.05e-08 V                   ; 2.72 V              ; -0.0349 V           ; 0.173 V                              ; 0.1 V                                ; 2.72e-10 s                  ; 2.69e-10 s                  ; Yes                        ; Yes                        ; 2.62 V                      ; 4.05e-08 V                  ; 2.72 V             ; -0.0349 V          ; 0.173 V                             ; 0.1 V                               ; 2.72e-10 s                 ; 2.69e-10 s                 ; Yes                       ; Yes                       ;
; data_out[3]    ; 2.5 V        ; 0 s                 ; 0 s                 ; 2.62 V                       ; 2.74e-08 V                   ; 2.71 V              ; -0.0317 V           ; 0.148 V                              ; 0.064 V                              ; 4.51e-10 s                  ; 4.15e-10 s                  ; No                         ; Yes                        ; 2.62 V                      ; 2.74e-08 V                  ; 2.71 V             ; -0.0317 V          ; 0.148 V                             ; 0.064 V                             ; 4.51e-10 s                 ; 4.15e-10 s                 ; No                        ; Yes                       ;
; data_out[4]    ; 2.5 V        ; 0 s                 ; 0 s                 ; 2.62 V                       ; 4.05e-08 V                   ; 2.64 V              ; -0.0113 V           ; 0.208 V                              ; 0.179 V                              ; 2.38e-09 s                  ; 2.23e-09 s                  ; No                         ; Yes                        ; 2.62 V                      ; 4.05e-08 V                  ; 2.64 V             ; -0.0113 V          ; 0.208 V                             ; 0.179 V                             ; 2.38e-09 s                 ; 2.23e-09 s                 ; No                        ; Yes                       ;
; data_out[5]    ; 2.5 V        ; 0 s                 ; 0 s                 ; 2.62 V                       ; 4.05e-08 V                   ; 2.72 V              ; -0.0349 V           ; 0.173 V                              ; 0.1 V                                ; 2.72e-10 s                  ; 2.69e-10 s                  ; Yes                        ; Yes                        ; 2.62 V                      ; 4.05e-08 V                  ; 2.72 V             ; -0.0349 V          ; 0.173 V                             ; 0.1 V                               ; 2.72e-10 s                 ; 2.69e-10 s                 ; Yes                       ; Yes                       ;
; data_out[6]    ; 2.5 V        ; 0 s                 ; 0 s                 ; 2.62 V                       ; 4.05e-08 V                   ; 2.72 V              ; -0.0349 V           ; 0.173 V                              ; 0.1 V                                ; 2.72e-10 s                  ; 2.69e-10 s                  ; Yes                        ; Yes                        ; 2.62 V                      ; 4.05e-08 V                  ; 2.72 V             ; -0.0349 V          ; 0.173 V                             ; 0.1 V                               ; 2.72e-10 s                 ; 2.69e-10 s                 ; Yes                       ; Yes                       ;
; data_out[7]    ; 2.5 V        ; 0 s                 ; 0 s                 ; 2.62 V                       ; 4.05e-08 V                   ; 2.72 V              ; -0.0349 V           ; 0.173 V                              ; 0.1 V                                ; 2.72e-10 s                  ; 2.69e-10 s                  ; Yes                        ; Yes                        ; 2.62 V                      ; 4.05e-08 V                  ; 2.72 V             ; -0.0349 V          ; 0.173 V                             ; 0.1 V                               ; 2.72e-10 s                 ; 2.69e-10 s                 ; Yes                       ; Yes                       ;
; data_out[8]    ; 2.5 V        ; 0 s                 ; 0 s                 ; 2.62 V                       ; 4.05e-08 V                   ; 2.72 V              ; -0.0349 V           ; 0.173 V                              ; 0.1 V                                ; 2.72e-10 s                  ; 2.69e-10 s                  ; Yes                        ; Yes                        ; 2.62 V                      ; 4.05e-08 V                  ; 2.72 V             ; -0.0349 V          ; 0.173 V                             ; 0.1 V                               ; 2.72e-10 s                 ; 2.69e-10 s                 ; Yes                       ; Yes                       ;
; data_out[9]    ; 2.5 V        ; 0 s                 ; 0 s                 ; 2.62 V                       ; 4.05e-08 V                   ; 2.72 V              ; -0.0349 V           ; 0.173 V                              ; 0.1 V                                ; 2.72e-10 s                  ; 2.69e-10 s                  ; Yes                        ; Yes                        ; 2.62 V                      ; 4.05e-08 V                  ; 2.72 V             ; -0.0349 V          ; 0.173 V                             ; 0.1 V                               ; 2.72e-10 s                 ; 2.69e-10 s                 ; Yes                       ; Yes                       ;
; data_out[10]   ; 2.5 V        ; 0 s                 ; 0 s                 ; 2.62 V                       ; 2.74e-08 V                   ; 2.71 V              ; -0.0317 V           ; 0.148 V                              ; 0.064 V                              ; 4.51e-10 s                  ; 4.15e-10 s                  ; No                         ; Yes                        ; 2.62 V                      ; 2.74e-08 V                  ; 2.71 V             ; -0.0317 V          ; 0.148 V                             ; 0.064 V                             ; 4.51e-10 s                 ; 4.15e-10 s                 ; No                        ; Yes                       ;
; data_out[11]   ; 2.5 V        ; 0 s                 ; 0 s                 ; 2.62 V                       ; 4.05e-08 V                   ; 2.72 V              ; -0.0349 V           ; 0.173 V                              ; 0.1 V                                ; 2.72e-10 s                  ; 2.69e-10 s                  ; Yes                        ; Yes                        ; 2.62 V                      ; 4.05e-08 V                  ; 2.72 V             ; -0.0349 V          ; 0.173 V                             ; 0.1 V                               ; 2.72e-10 s                 ; 2.69e-10 s                 ; Yes                       ; Yes                       ;
; data_out[12]   ; 2.5 V        ; 0 s                 ; 0 s                 ; 2.62 V                       ; 4.05e-08 V                   ; 2.72 V              ; -0.0349 V           ; 0.173 V                              ; 0.1 V                                ; 2.72e-10 s                  ; 2.69e-10 s                  ; Yes                        ; Yes                        ; 2.62 V                      ; 4.05e-08 V                  ; 2.72 V             ; -0.0349 V          ; 0.173 V                             ; 0.1 V                               ; 2.72e-10 s                 ; 2.69e-10 s                 ; Yes                       ; Yes                       ;
; data_out[13]   ; 2.5 V        ; 0 s                 ; 0 s                 ; 2.62 V                       ; 4.05e-08 V                   ; 2.64 V              ; -0.0113 V           ; 0.208 V                              ; 0.179 V                              ; 2.38e-09 s                  ; 2.23e-09 s                  ; No                         ; Yes                        ; 2.62 V                      ; 4.05e-08 V                  ; 2.64 V             ; -0.0113 V          ; 0.208 V                             ; 0.179 V                             ; 2.38e-09 s                 ; 2.23e-09 s                 ; No                        ; Yes                       ;
; data_out[14]   ; 2.5 V        ; 0 s                 ; 0 s                 ; 2.62 V                       ; 2.74e-08 V                   ; 2.71 V              ; -0.0317 V           ; 0.148 V                              ; 0.064 V                              ; 4.51e-10 s                  ; 4.15e-10 s                  ; No                         ; Yes                        ; 2.62 V                      ; 2.74e-08 V                  ; 2.71 V             ; -0.0317 V          ; 0.148 V                             ; 0.064 V                             ; 4.51e-10 s                 ; 4.15e-10 s                 ; No                        ; Yes                       ;
; data_out[15]   ; 2.5 V        ; 0 s                 ; 0 s                 ; 2.62 V                       ; 4.05e-08 V                   ; 2.72 V              ; -0.0349 V           ; 0.173 V                              ; 0.1 V                                ; 2.72e-10 s                  ; 2.69e-10 s                  ; Yes                        ; Yes                        ; 2.62 V                      ; 4.05e-08 V                  ; 2.72 V             ; -0.0349 V          ; 0.173 V                             ; 0.1 V                               ; 2.72e-10 s                 ; 2.69e-10 s                 ; Yes                       ; Yes                       ;
; data_out[16]   ; 2.5 V        ; 0 s                 ; 0 s                 ; 2.62 V                       ; 4.05e-08 V                   ; 2.64 V              ; -0.0113 V           ; 0.208 V                              ; 0.179 V                              ; 2.38e-09 s                  ; 2.23e-09 s                  ; No                         ; Yes                        ; 2.62 V                      ; 4.05e-08 V                  ; 2.64 V             ; -0.0113 V          ; 0.208 V                             ; 0.179 V                             ; 2.38e-09 s                 ; 2.23e-09 s                 ; No                        ; Yes                       ;
; data_out[17]   ; 2.5 V        ; 0 s                 ; 0 s                 ; 2.62 V                       ; 4.05e-08 V                   ; 2.72 V              ; -0.0349 V           ; 0.173 V                              ; 0.1 V                                ; 2.72e-10 s                  ; 2.69e-10 s                  ; Yes                        ; Yes                        ; 2.62 V                      ; 4.05e-08 V                  ; 2.72 V             ; -0.0349 V          ; 0.173 V                             ; 0.1 V                               ; 2.72e-10 s                 ; 2.69e-10 s                 ; Yes                       ; Yes                       ;
; data_out[18]   ; 2.5 V        ; 0 s                 ; 0 s                 ; 2.62 V                       ; 4.05e-08 V                   ; 2.72 V              ; -0.0349 V           ; 0.173 V                              ; 0.1 V                                ; 2.72e-10 s                  ; 2.69e-10 s                  ; Yes                        ; Yes                        ; 2.62 V                      ; 4.05e-08 V                  ; 2.72 V             ; -0.0349 V          ; 0.173 V                             ; 0.1 V                               ; 2.72e-10 s                 ; 2.69e-10 s                 ; Yes                       ; Yes                       ;
; data_out[19]   ; 2.5 V        ; 0 s                 ; 0 s                 ; 2.62 V                       ; 4.05e-08 V                   ; 2.72 V              ; -0.0349 V           ; 0.173 V                              ; 0.1 V                                ; 2.72e-10 s                  ; 2.69e-10 s                  ; Yes                        ; Yes                        ; 2.62 V                      ; 4.05e-08 V                  ; 2.72 V             ; -0.0349 V          ; 0.173 V                             ; 0.1 V                               ; 2.72e-10 s                 ; 2.69e-10 s                 ; Yes                       ; Yes                       ;
; data_out[20]   ; 2.5 V        ; 0 s                 ; 0 s                 ; 2.62 V                       ; 4.05e-08 V                   ; 2.72 V              ; -0.0349 V           ; 0.173 V                              ; 0.1 V                                ; 2.72e-10 s                  ; 2.69e-10 s                  ; Yes                        ; Yes                        ; 2.62 V                      ; 4.05e-08 V                  ; 2.72 V             ; -0.0349 V          ; 0.173 V                             ; 0.1 V                               ; 2.72e-10 s                 ; 2.69e-10 s                 ; Yes                       ; Yes                       ;
; data_out[21]   ; 2.5 V        ; 0 s                 ; 0 s                 ; 2.62 V                       ; 2.74e-08 V                   ; 2.71 V              ; -0.0317 V           ; 0.148 V                              ; 0.064 V                              ; 4.51e-10 s                  ; 4.15e-10 s                  ; No                         ; Yes                        ; 2.62 V                      ; 2.74e-08 V                  ; 2.71 V             ; -0.0317 V          ; 0.148 V                             ; 0.064 V                             ; 4.51e-10 s                 ; 4.15e-10 s                 ; No                        ; Yes                       ;
; data_out[22]   ; 2.5 V        ; 0 s                 ; 0 s                 ; 2.62 V                       ; 4.05e-08 V                   ; 2.72 V              ; -0.0349 V           ; 0.173 V                              ; 0.1 V                                ; 2.72e-10 s                  ; 2.69e-10 s                  ; Yes                        ; Yes                        ; 2.62 V                      ; 4.05e-08 V                  ; 2.72 V             ; -0.0349 V          ; 0.173 V                             ; 0.1 V                               ; 2.72e-10 s                 ; 2.69e-10 s                 ; Yes                       ; Yes                       ;
; data_out[23]   ; 2.5 V        ; 0 s                 ; 0 s                 ; 2.62 V                       ; 2.74e-08 V                   ; 2.71 V              ; -0.0317 V           ; 0.148 V                              ; 0.064 V                              ; 4.51e-10 s                  ; 4.15e-10 s                  ; No                         ; Yes                        ; 2.62 V                      ; 2.74e-08 V                  ; 2.71 V             ; -0.0317 V          ; 0.148 V                             ; 0.064 V                             ; 4.51e-10 s                 ; 4.15e-10 s                 ; No                        ; Yes                       ;
; data_out[24]   ; 2.5 V        ; 0 s                 ; 0 s                 ; 2.62 V                       ; 4.05e-08 V                   ; 2.72 V              ; -0.0349 V           ; 0.173 V                              ; 0.1 V                                ; 2.72e-10 s                  ; 2.69e-10 s                  ; Yes                        ; Yes                        ; 2.62 V                      ; 4.05e-08 V                  ; 2.72 V             ; -0.0349 V          ; 0.173 V                             ; 0.1 V                               ; 2.72e-10 s                 ; 2.69e-10 s                 ; Yes                       ; Yes                       ;
; data_out[25]   ; 2.5 V        ; 0 s                 ; 0 s                 ; 2.62 V                       ; 2.74e-08 V                   ; 2.71 V              ; -0.0317 V           ; 0.148 V                              ; 0.064 V                              ; 4.51e-10 s                  ; 4.15e-10 s                  ; No                         ; Yes                        ; 2.62 V                      ; 2.74e-08 V                  ; 2.71 V             ; -0.0317 V          ; 0.148 V                             ; 0.064 V                             ; 4.51e-10 s                 ; 4.15e-10 s                 ; No                        ; Yes                       ;
; data_out[26]   ; 2.5 V        ; 0 s                 ; 0 s                 ; 2.62 V                       ; 2.74e-08 V                   ; 2.71 V              ; -0.0317 V           ; 0.148 V                              ; 0.064 V                              ; 4.51e-10 s                  ; 4.15e-10 s                  ; No                         ; Yes                        ; 2.62 V                      ; 2.74e-08 V                  ; 2.71 V             ; -0.0317 V          ; 0.148 V                             ; 0.064 V                             ; 4.51e-10 s                 ; 4.15e-10 s                 ; No                        ; Yes                       ;
; data_out[27]   ; 2.5 V        ; 0 s                 ; 0 s                 ; 2.62 V                       ; 4.05e-08 V                   ; 2.72 V              ; -0.0349 V           ; 0.173 V                              ; 0.1 V                                ; 2.72e-10 s                  ; 2.69e-10 s                  ; Yes                        ; Yes                        ; 2.62 V                      ; 4.05e-08 V                  ; 2.72 V             ; -0.0349 V          ; 0.173 V                             ; 0.1 V                               ; 2.72e-10 s                 ; 2.69e-10 s                 ; Yes                       ; Yes                       ;
; data_out[28]   ; 2.5 V        ; 0 s                 ; 0 s                 ; 2.62 V                       ; 4.05e-08 V                   ; 2.72 V              ; -0.0349 V           ; 0.173 V                              ; 0.1 V                                ; 2.72e-10 s                  ; 2.69e-10 s                  ; Yes                        ; Yes                        ; 2.62 V                      ; 4.05e-08 V                  ; 2.72 V             ; -0.0349 V          ; 0.173 V                             ; 0.1 V                               ; 2.72e-10 s                 ; 2.69e-10 s                 ; Yes                       ; Yes                       ;
; data_out[29]   ; 2.5 V        ; 0 s                 ; 0 s                 ; 2.62 V                       ; 4.05e-08 V                   ; 2.72 V              ; -0.0349 V           ; 0.173 V                              ; 0.1 V                                ; 2.72e-10 s                  ; 2.69e-10 s                  ; Yes                        ; Yes                        ; 2.62 V                      ; 4.05e-08 V                  ; 2.72 V             ; -0.0349 V          ; 0.173 V                             ; 0.1 V                               ; 2.72e-10 s                 ; 2.69e-10 s                 ; Yes                       ; Yes                       ;
; data_out[30]   ; 2.5 V        ; 0 s                 ; 0 s                 ; 2.62 V                       ; 4.05e-08 V                   ; 2.64 V              ; -0.0113 V           ; 0.208 V                              ; 0.179 V                              ; 2.38e-09 s                  ; 2.23e-09 s                  ; No                         ; Yes                        ; 2.62 V                      ; 4.05e-08 V                  ; 2.64 V             ; -0.0113 V          ; 0.208 V                             ; 0.179 V                             ; 2.38e-09 s                 ; 2.23e-09 s                 ; No                        ; Yes                       ;
; data_out[31]   ; 2.5 V        ; 0 s                 ; 0 s                 ; 2.62 V                       ; 2.74e-08 V                   ; 2.71 V              ; -0.0317 V           ; 0.148 V                              ; 0.064 V                              ; 4.51e-10 s                  ; 4.15e-10 s                  ; No                         ; Yes                        ; 2.62 V                      ; 2.74e-08 V                  ; 2.71 V             ; -0.0317 V          ; 0.148 V                             ; 0.064 V                             ; 4.51e-10 s                 ; 4.15e-10 s                 ; No                        ; Yes                       ;
; data_valid     ; 2.5 V        ; 0 s                 ; 0 s                 ; 2.62 V                       ; 2.74e-08 V                   ; 2.71 V              ; -0.0317 V           ; 0.148 V                              ; 0.064 V                              ; 4.51e-10 s                  ; 4.15e-10 s                  ; No                         ; Yes                        ; 2.62 V                      ; 2.74e-08 V                  ; 2.71 V             ; -0.0317 V          ; 0.148 V                             ; 0.064 V                             ; 4.51e-10 s                 ; 4.15e-10 s                 ; No                        ; Yes                       ;
; counter_out[0] ; 2.5 V        ; 0 s                 ; 0 s                 ; 2.62 V                       ; 2.74e-08 V                   ; 2.71 V              ; -0.0317 V           ; 0.148 V                              ; 0.064 V                              ; 4.51e-10 s                  ; 4.15e-10 s                  ; No                         ; Yes                        ; 2.62 V                      ; 2.74e-08 V                  ; 2.71 V             ; -0.0317 V          ; 0.148 V                             ; 0.064 V                             ; 4.51e-10 s                 ; 4.15e-10 s                 ; No                        ; Yes                       ;
; counter_out[1] ; 2.5 V        ; 0 s                 ; 0 s                 ; 2.62 V                       ; 2.74e-08 V                   ; 2.71 V              ; -0.0317 V           ; 0.148 V                              ; 0.064 V                              ; 4.51e-10 s                  ; 4.15e-10 s                  ; No                         ; Yes                        ; 2.62 V                      ; 2.74e-08 V                  ; 2.71 V             ; -0.0317 V          ; 0.148 V                             ; 0.064 V                             ; 4.51e-10 s                 ; 4.15e-10 s                 ; No                        ; Yes                       ;
; ram_addr[0]    ; 2.5 V        ; 0 s                 ; 0 s                 ; 2.62 V                       ; 2.74e-08 V                   ; 2.71 V              ; -0.0317 V           ; 0.148 V                              ; 0.064 V                              ; 4.51e-10 s                  ; 4.15e-10 s                  ; No                         ; Yes                        ; 2.62 V                      ; 2.74e-08 V                  ; 2.71 V             ; -0.0317 V          ; 0.148 V                             ; 0.064 V                             ; 4.51e-10 s                 ; 4.15e-10 s                 ; No                        ; Yes                       ;
; ram_addr[1]    ; 2.5 V        ; 0 s                 ; 0 s                 ; 2.62 V                       ; 2.74e-08 V                   ; 2.71 V              ; -0.0317 V           ; 0.148 V                              ; 0.064 V                              ; 4.51e-10 s                  ; 4.15e-10 s                  ; No                         ; Yes                        ; 2.62 V                      ; 2.74e-08 V                  ; 2.71 V             ; -0.0317 V          ; 0.148 V                             ; 0.064 V                             ; 4.51e-10 s                 ; 4.15e-10 s                 ; No                        ; Yes                       ;
; ram_addr[2]    ; 2.5 V        ; 0 s                 ; 0 s                 ; 2.62 V                       ; 4.05e-08 V                   ; 2.72 V              ; -0.0349 V           ; 0.173 V                              ; 0.1 V                                ; 2.72e-10 s                  ; 2.69e-10 s                  ; Yes                        ; Yes                        ; 2.62 V                      ; 4.05e-08 V                  ; 2.72 V             ; -0.0349 V          ; 0.173 V                             ; 0.1 V                               ; 2.72e-10 s                 ; 2.69e-10 s                 ; Yes                       ; Yes                       ;
; ram_addr[3]    ; 2.5 V        ; 0 s                 ; 0 s                 ; 2.62 V                       ; 2.74e-08 V                   ; 2.71 V              ; -0.0317 V           ; 0.148 V                              ; 0.064 V                              ; 4.51e-10 s                  ; 4.15e-10 s                  ; No                         ; Yes                        ; 2.62 V                      ; 2.74e-08 V                  ; 2.71 V             ; -0.0317 V          ; 0.148 V                             ; 0.064 V                             ; 4.51e-10 s                 ; 4.15e-10 s                 ; No                        ; Yes                       ;
; ~ALTERA_DCLK~  ; 2.5 V        ; 0 s                 ; 0 s                 ; 2.62 V                       ; 2.22e-08 V                   ; 2.74 V              ; -0.06 V             ; 0.158 V                              ; 0.08 V                               ; 2.68e-10 s                  ; 2.19e-10 s                  ; Yes                        ; Yes                        ; 2.62 V                      ; 2.22e-08 V                  ; 2.74 V             ; -0.06 V            ; 0.158 V                             ; 0.08 V                              ; 2.68e-10 s                 ; 2.19e-10 s                 ; Yes                       ; Yes                       ;
; ~ALTERA_nCEO~  ; 2.5 V        ; 0 s                 ; 0 s                 ; 2.62 V                       ; 3.54e-08 V                   ; 2.7 V               ; -0.00943 V          ; 0.276 V                              ; 0.035 V                              ; 3.19e-10 s                  ; 4.99e-10 s                  ; No                         ; Yes                        ; 2.62 V                      ; 3.54e-08 V                  ; 2.7 V              ; -0.00943 V         ; 0.276 V                             ; 0.035 V                             ; 3.19e-10 s                 ; 4.99e-10 s                 ; No                        ; Yes                       ;
+----------------+--------------+---------------------+---------------------+------------------------------+------------------------------+---------------------+---------------------+--------------------------------------+--------------------------------------+-----------------------------+-----------------------------+----------------------------+----------------------------+-----------------------------+-----------------------------+--------------------+--------------------+-------------------------------------+-------------------------------------+----------------------------+----------------------------+---------------------------+---------------------------+


+-----------------------------------------------------------------------+
; Setup Transfers                                                       ;
+------------+----------+--------------+----------+----------+----------+
; From Clock ; To Clock ; RR Paths     ; FR Paths ; RF Paths ; FF Paths ;
+------------+----------+--------------+----------+----------+----------+
; clk        ; clk      ; > 2147483647 ; 0        ; 0        ; 0        ;
+------------+----------+--------------+----------+----------+----------+
Entries labeled "false path" only account for clock-to-clock false paths and not path-based false paths. As a result, actual path counts may be lower than reported.


+-----------------------------------------------------------------------+
; Hold Transfers                                                        ;
+------------+----------+--------------+----------+----------+----------+
; From Clock ; To Clock ; RR Paths     ; FR Paths ; RF Paths ; FF Paths ;
+------------+----------+--------------+----------+----------+----------+
; clk        ; clk      ; > 2147483647 ; 0        ; 0        ; 0        ;
+------------+----------+--------------+----------+----------+----------+
Entries labeled "false path" only account for clock-to-clock false paths and not path-based false paths. As a result, actual path counts may be lower than reported.


+-------------------------------------------------------------------+
; Recovery Transfers                                                ;
+------------+----------+----------+----------+----------+----------+
; From Clock ; To Clock ; RR Paths ; FR Paths ; RF Paths ; FF Paths ;
+------------+----------+----------+----------+----------+----------+
; clk        ; clk      ; 4        ; 0        ; 0        ; 0        ;
+------------+----------+----------+----------+----------+----------+
Entries labeled "false path" only account for clock-to-clock false paths and not path-based false paths. As a result, actual path counts may be lower than reported.


+-------------------------------------------------------------------+
; Removal Transfers                                                 ;
+------------+----------+----------+----------+----------+----------+
; From Clock ; To Clock ; RR Paths ; FR Paths ; RF Paths ; FF Paths ;
+------------+----------+----------+----------+----------+----------+
; clk        ; clk      ; 4        ; 0        ; 0        ; 0        ;
+------------+----------+----------+----------+----------+----------+
Entries labeled "false path" only account for clock-to-clock false paths and not path-based false paths. As a result, actual path counts may be lower than reported.


---------------
; Report TCCS ;
---------------
No dedicated SERDES Transmitter circuitry present in device or used in design


---------------
; Report RSKM ;
---------------
No dedicated SERDES Receiver circuitry present in device or used in design


+------------------------------------------------+
; Unconstrained Paths                            ;
+---------------------------------+-------+------+
; Property                        ; Setup ; Hold ;
+---------------------------------+-------+------+
; Illegal Clocks                  ; 0     ; 0    ;
; Unconstrained Clocks            ; 0     ; 0    ;
; Unconstrained Input Ports       ; 4     ; 4    ;
; Unconstrained Input Port Paths  ; 228   ; 228  ;
; Unconstrained Output Ports      ; 40    ; 40   ;
; Unconstrained Output Port Paths ; 104   ; 104  ;
+---------------------------------+-------+------+


+------------------------------------+
; TimeQuest Timing Analyzer Messages ;
+------------------------------------+
Info: *******************************************************************
Info: Running Quartus II 64-Bit TimeQuest Timing Analyzer
    Info: Version 13.0.1 Build 232 06/12/2013 Service Pack 1 SJ Web Edition
    Info: Processing started: Sun May 03 17:12:05 2026
Info: Command: quartus_sta lorenz -c lorenz
Info: qsta_default_script.tcl version: #1
Warning (20028): Parallel compilation is not licensed and has been disabled
Info (21077): Core supply voltage is 1.2V
Info (21077): Low junction temperature is 0 degrees C
Info (21077): High junction temperature is 85 degrees C
Critical Warning (332012): Synopsys Design Constraints File file not found: 'lorenz.sdc'. A Synopsys Design Constraints File is required by the TimeQuest Timing Analyzer to get proper timing constraints. Without it, the Compiler will not properly optimize the design.
Info (332142): No user constrained base clocks found in the design. Calling "derive_clocks -period 1.0"
Info (332105): Deriving Clocks
    Info (332105): create_clock -period 1.000 -name clk clk
Info (332143): No user constrained clock uncertainty found in the design. Calling "derive_clock_uncertainty"
Info (332123): Deriving Clock Uncertainty. Please refer to report_sdc in TimeQuest to see clock uncertainties.
Info: Found TIMEQUEST_REPORT_SCRIPT_INCLUDE_DEFAULT_ANALYSIS = ON
Info: Analyzing Slow 1200mV 85C Model
Critical Warning (332148): Timing requirements not met
    Info (11105): For recommendations on closing timing, run Report Timing Closure Recommendations in the TimeQuest Timing Analyzer.
Info (332146): Worst-case setup slack is -19.635
    Info (332119):     Slack End Point TNS Clock 
    Info (332119): ========= ============= =====================
    Info (332119):   -19.635     -2490.549 clk 
Info (332146): Worst-case hold slack is 0.443
    Info (332119):     Slack End Point TNS Clock 
    Info (332119): ========= ============= =====================
    Info (332119):     0.443         0.000 clk 
Info (332146): Worst-case recovery slack is -0.688
    Info (332119):     Slack End Point TNS Clock 
    Info (332119): ========= ============= =====================
    Info (332119):    -0.688        -2.752 clk 
Info (332146): Worst-case removal slack is 1.148
    Info (332119):     Slack End Point TNS Clock 
    Info (332119): ========= ============= =====================
    Info (332119):     1.148         0.000 clk 
Info (332146): Worst-case minimum pulse width slack is -4.000
    Info (332119):     Slack End Point TNS Clock 
    Info (332119): ========= ============= =====================
    Info (332119):    -4.000      -538.258 clk 
Info: Analyzing Slow 1200mV 0C Model
Info (334003): Started post-fitting delay annotation
Info (334004): Delay annotation completed successfully
Info (332123): Deriving Clock Uncertainty. Please refer to report_sdc in TimeQuest to see clock uncertainties.
Critical Warning (332148): Timing requirements not met
    Info (11105): For recommendations on closing timing, run Report Timing Closure Recommendations in the TimeQuest Timing Analyzer.
Info (332146): Worst-case setup slack is -17.996
    Info (332119):     Slack End Point TNS Clock 
    Info (332119): ========= ============= =====================
    Info (332119):   -17.996     -2283.798 clk 
Info (332146): Worst-case hold slack is 0.392
    Info (332119):     Slack End Point TNS Clock 
    Info (332119): ========= ============= =====================
    Info (332119):     0.392         0.000 clk 
Info (332146): Worst-case recovery slack is -0.519
    Info (332119):     Slack End Point TNS Clock 
    Info (332119): ========= ============= =====================
    Info (332119):    -0.519        -2.076 clk 
Info (332146): Worst-case removal slack is 1.058
    Info (332119):     Slack End Point TNS Clock 
    Info (332119): ========= ============= =====================
    Info (332119):     1.058         0.000 clk 
Info (332146): Worst-case minimum pulse width slack is -4.000
    Info (332119):     Slack End Point TNS Clock 
    Info (332119): ========= ============= =====================
    Info (332119):    -4.000      -538.258 clk 
Info: Analyzing Fast 1200mV 0C Model
Info (332123): Deriving Clock Uncertainty. Please refer to report_sdc in TimeQuest to see clock uncertainties.
Critical Warning (332148): Timing requirements not met
    Info (11105): For recommendations on closing timing, run Report Timing Closure Recommendations in the TimeQuest Timing Analyzer.
Info (332146): Worst-case setup slack is -8.029
    Info (332119):     Slack End Point TNS Clock 
    Info (332119): ========= ============= =====================
    Info (332119):    -8.029      -968.180 clk 
Info (332146): Worst-case hold slack is 0.182
    Info (332119):     Slack End Point TNS Clock 
    Info (332119): ========= ============= =====================
    Info (332119):     0.182         0.000 clk 
Info (332146): Worst-case recovery slack is 0.233
    Info (332119):     Slack End Point TNS Clock 
    Info (332119): ========= ============= =====================
    Info (332119):     0.233         0.000 clk 
Info (332146): Worst-case removal slack is 0.486
    Info (332119):     Slack End Point TNS Clock 
    Info (332119): ========= ============= =====================
    Info (332119):     0.486         0.000 clk 
Info (332146): Worst-case minimum pulse width slack is -3.000
    Info (332119):     Slack End Point TNS Clock 
    Info (332119): ========= ============= =====================
    Info (332119):    -3.000      -236.080 clk 
Info (332102): Design is not fully constrained for setup requirements
Info (332102): Design is not fully constrained for hold requirements
Info: Quartus II 64-Bit TimeQuest Timing Analyzer was successful. 0 errors, 5 warnings
    Info: Peak virtual memory: 4660 megabytes
    Info: Processing ended: Sun May 03 17:12:08 2026
    Info: Elapsed time: 00:00:03
    Info: Total CPU time (on all processors): 00:00:03


