Fitter report for desencriptador
Fri Aug 21 10:43:46 2026
Quartus II 64-Bit Version 13.0.1 Build 232 06/12/2013 Service Pack 1 SJ Web Edition


---------------------
; Table of Contents ;
---------------------
  1. Legal Notice
  2. Fitter Summary
  3. Fitter Settings
  4. Parallel Compilation
  5. I/O Assignment Warnings
  6. Incremental Compilation Preservation Summary
  7. Incremental Compilation Partition Settings
  8. Incremental Compilation Placement Preservation
  9. Pin-Out File
 10. Fitter Resource Usage Summary
 11. Fitter Partition Statistics
 12. Input Pins
 13. Output Pins
 14. Dual Purpose and Dedicated Pins
 15. I/O Bank Usage
 16. All Package Pins
 17. Fitter Resource Utilization by Entity
 18. Delay Chain Summary
 19. Pad To Core Delay Chain Fanout
 20. Control Signals
 21. Global & Other Fast Signals
 22. Non-Global High Fan-Out Signals
 23. Fitter RAM Summary
 24. |main_inv_AES|inv_sbox_rom:u1|altsyncram:Mux7_rtl_0|altsyncram_6k11:auto_generated|ALTSYNCRAM
 25. Other Routing Usage Summary
 26. LAB Logic Elements
 27. LAB-wide Signals
 28. LAB Signals Sourced
 29. LAB Signals Sourced Out
 30. LAB Distinct Inputs
 31. I/O Rules Summary
 32. I/O Rules Details
 33. I/O Rules Matrix
 34. Fitter Device Options
 35. Operating Settings and Conditions
 36. Estimated Delay Added for Hold Timing Summary
 37. Estimated Delay Added for Hold Timing Details
 38. Fitter Messages
 39. Fitter Suppressed Messages



----------------
; Legal Notice ;
----------------
Copyright (C) 1991-2013 Altera Corporation
Your use of Altera Corporation's design tools, logic functions 
and other software and tools, and its AMPP partner logic 
functions, and any output files from any of the foregoing 
(including device programming or simulation files), and any 
associated documentation or information are expressly subject 
to the terms and conditions of the Altera Program License 
Subscription Agreement, Altera MegaCore Function License 
Agreement, or other applicable license agreement, including, 
without limitation, that your use is for the sole purpose of 
programming logic devices manufactured by Altera and sold by 
Altera or its authorized distributors.  Please refer to the 
applicable agreement for further details.



+--------------------------------------------------------------------------------------+
; Fitter Summary                                                                       ;
+------------------------------------+-------------------------------------------------+
; Fitter Status                      ; Successful - Fri Aug 21 10:43:46 2026           ;
; Quartus II 64-Bit Version          ; 13.0.1 Build 232 06/12/2013 SP 1 SJ Web Edition ;
; Revision Name                      ; desencriptador                                  ;
; Top-level Entity Name              ; main_inv_AES                                    ;
; Family                             ; Cyclone IV E                                    ;
; Device                             ; EP4CE115F29C7                                   ;
; Timing Models                      ; Final                                           ;
; Total logic elements               ; 1,118 / 114,480 ( < 1 % )                       ;
;     Total combinational functions  ; 1,074 / 114,480 ( < 1 % )                       ;
;     Dedicated logic registers      ; 276 / 114,480 ( < 1 % )                         ;
; Total registers                    ; 276                                             ;
; Total pins                         ; 405 / 529 ( 77 % )                              ;
; Total virtual pins                 ; 0                                               ;
; Total memory bits                  ; 2,048 / 3,981,312 ( < 1 % )                     ;
; Embedded Multiplier 9-bit elements ; 0 / 532 ( 0 % )                                 ;
; Total PLLs                         ; 0 / 4 ( 0 % )                                   ;
+------------------------------------+-------------------------------------------------+


+------------------------------------------------------------------------------------------------------------------------------------------------------------+
; Fitter Settings                                                                                                                                            ;
+----------------------------------------------------------------------------+---------------------------------------+---------------------------------------+
; Option                                                                     ; Setting                               ; Default Value                         ;
+----------------------------------------------------------------------------+---------------------------------------+---------------------------------------+
; Device                                                                     ; EP4CE115F29C7                         ;                                       ;
; Minimum Core Junction Temperature                                          ; 0                                     ;                                       ;
; Maximum Core Junction Temperature                                          ; 85                                    ;                                       ;
; Fit Attempts to Skip                                                       ; 0                                     ; 0.0                                   ;
; Device I/O Standard                                                        ; 2.5 V                                 ;                                       ;
; Use smart compilation                                                      ; Off                                   ; Off                                   ;
; Enable parallel Assembler and TimeQuest Timing Analyzer during compilation ; On                                    ; On                                    ;
; Enable compact report table                                                ; Off                                   ; Off                                   ;
; Auto Merge PLLs                                                            ; On                                    ; On                                    ;
; Router Timing Optimization Level                                           ; Normal                                ; Normal                                ;
; Perform Clocking Topology Analysis During Routing                          ; Off                                   ; Off                                   ;
; Placement Effort Multiplier                                                ; 1.0                                   ; 1.0                                   ;
; Router Effort Multiplier                                                   ; 1.0                                   ; 1.0                                   ;
; Optimize Hold Timing                                                       ; All Paths                             ; All Paths                             ;
; Optimize Multi-Corner Timing                                               ; On                                    ; On                                    ;
; PowerPlay Power Optimization                                               ; Normal compilation                    ; Normal compilation                    ;
; SSN Optimization                                                           ; Off                                   ; Off                                   ;
; Optimize Timing                                                            ; Normal compilation                    ; Normal compilation                    ;
; Optimize Timing for ECOs                                                   ; Off                                   ; Off                                   ;
; Regenerate full fit report during ECO compiles                             ; Off                                   ; Off                                   ;
; Optimize IOC Register Placement for Timing                                 ; Normal                                ; Normal                                ;
; Limit to One Fitting Attempt                                               ; Off                                   ; Off                                   ;
; Final Placement Optimizations                                              ; Automatically                         ; Automatically                         ;
; Fitter Aggressive Routability Optimizations                                ; Automatically                         ; Automatically                         ;
; Fitter Initial Placement Seed                                              ; 1                                     ; 1                                     ;
; PCI I/O                                                                    ; Off                                   ; Off                                   ;
; Weak Pull-Up Resistor                                                      ; Off                                   ; Off                                   ;
; Enable Bus-Hold Circuitry                                                  ; Off                                   ; Off                                   ;
; Auto Packed Registers                                                      ; Auto                                  ; Auto                                  ;
; Auto Delay Chains                                                          ; On                                    ; On                                    ;
; Auto Delay Chains for High Fanout Input Pins                               ; Off                                   ; Off                                   ;
; Allow Single-ended Buffer for Differential-XSTL Input                      ; Off                                   ; Off                                   ;
; Treat Bidirectional Pin as Output Pin                                      ; Off                                   ; Off                                   ;
; Perform Physical Synthesis for Combinational Logic for Fitting             ; Off                                   ; Off                                   ;
; Perform Physical Synthesis for Combinational Logic for Performance         ; Off                                   ; Off                                   ;
; Perform Register Duplication for Performance                               ; Off                                   ; Off                                   ;
; Perform Logic to Memory Mapping for Fitting                                ; Off                                   ; Off                                   ;
; Perform Register Retiming for Performance                                  ; Off                                   ; Off                                   ;
; Perform Asynchronous Signal Pipelining                                     ; Off                                   ; Off                                   ;
; Fitter Effort                                                              ; Auto Fit                              ; Auto Fit                              ;
; Physical Synthesis Effort Level                                            ; Normal                                ; Normal                                ;
; Logic Cell Insertion - Logic Duplication                                   ; Auto                                  ; Auto                                  ;
; Auto Register Duplication                                                  ; Auto                                  ; Auto                                  ;
; Auto Global Clock                                                          ; On                                    ; On                                    ;
; Auto Global Register Control Signals                                       ; On                                    ; On                                    ;
; Reserve all unused pins                                                    ; As input tri-stated with weak pull-up ; As input tri-stated with weak pull-up ;
; Synchronizer Identification                                                ; Off                                   ; Off                                   ;
; Enable Beneficial Skew Optimization                                        ; On                                    ; On                                    ;
; Optimize Design for Metastability                                          ; On                                    ; On                                    ;
; Force Fitter to Avoid Periphery Placement Warnings                         ; Off                                   ; Off                                   ;
; Enable input tri-state on active configuration pins in user mode           ; Off                                   ; Off                                   ;
+----------------------------------------------------------------------------+---------------------------------------+---------------------------------------+


Parallel compilation was disabled, but you have multiple processors available. Enable parallel compilation to reduce compilation time.
+-------------------------------------+
; Parallel Compilation                ;
+----------------------------+--------+
; Processors                 ; Number ;
+----------------------------+--------+
; Number detected on machine ; 8      ;
; Maximum allowed            ; 1      ;
+----------------------------+--------+


+----------------------------------------------------------------+
; I/O Assignment Warnings                                        ;
+-------------------------+--------------------------------------+
; Pin Name                ; Reason                               ;
+-------------------------+--------------------------------------+
; done_o                  ; Missing drive strength and slew rate ;
; reg_text_out[0]         ; Missing drive strength and slew rate ;
; reg_text_out[1]         ; Missing drive strength and slew rate ;
; reg_text_out[2]         ; Missing drive strength and slew rate ;
; reg_text_out[3]         ; Missing drive strength and slew rate ;
; reg_text_out[4]         ; Missing drive strength and slew rate ;
; reg_text_out[5]         ; Missing drive strength and slew rate ;
; reg_text_out[6]         ; Missing drive strength and slew rate ;
; reg_text_out[7]         ; Missing drive strength and slew rate ;
; reg_text_out[8]         ; Missing drive strength and slew rate ;
; reg_text_out[9]         ; Missing drive strength and slew rate ;
; reg_text_out[10]        ; Missing drive strength and slew rate ;
; reg_text_out[11]        ; Missing drive strength and slew rate ;
; reg_text_out[12]        ; Missing drive strength and slew rate ;
; reg_text_out[13]        ; Missing drive strength and slew rate ;
; reg_text_out[14]        ; Missing drive strength and slew rate ;
; reg_text_out[15]        ; Missing drive strength and slew rate ;
; reg_text_out[16]        ; Missing drive strength and slew rate ;
; reg_text_out[17]        ; Missing drive strength and slew rate ;
; reg_text_out[18]        ; Missing drive strength and slew rate ;
; reg_text_out[19]        ; Missing drive strength and slew rate ;
; reg_text_out[20]        ; Missing drive strength and slew rate ;
; reg_text_out[21]        ; Missing drive strength and slew rate ;
; reg_text_out[22]        ; Missing drive strength and slew rate ;
; reg_text_out[23]        ; Missing drive strength and slew rate ;
; reg_text_out[24]        ; Missing drive strength and slew rate ;
; reg_text_out[25]        ; Missing drive strength and slew rate ;
; reg_text_out[26]        ; Missing drive strength and slew rate ;
; reg_text_out[27]        ; Missing drive strength and slew rate ;
; reg_text_out[28]        ; Missing drive strength and slew rate ;
; reg_text_out[29]        ; Missing drive strength and slew rate ;
; reg_text_out[30]        ; Missing drive strength and slew rate ;
; reg_text_out[31]        ; Missing drive strength and slew rate ;
; reg_text_out[32]        ; Missing drive strength and slew rate ;
; reg_text_out[33]        ; Missing drive strength and slew rate ;
; reg_text_out[34]        ; Missing drive strength and slew rate ;
; reg_text_out[35]        ; Missing drive strength and slew rate ;
; reg_text_out[36]        ; Missing drive strength and slew rate ;
; reg_text_out[37]        ; Missing drive strength and slew rate ;
; reg_text_out[38]        ; Missing drive strength and slew rate ;
; reg_text_out[39]        ; Missing drive strength and slew rate ;
; reg_text_out[40]        ; Missing drive strength and slew rate ;
; reg_text_out[41]        ; Missing drive strength and slew rate ;
; reg_text_out[42]        ; Missing drive strength and slew rate ;
; reg_text_out[43]        ; Missing drive strength and slew rate ;
; reg_text_out[44]        ; Missing drive strength and slew rate ;
; reg_text_out[45]        ; Missing drive strength and slew rate ;
; reg_text_out[46]        ; Missing drive strength and slew rate ;
; reg_text_out[47]        ; Missing drive strength and slew rate ;
; reg_text_out[48]        ; Missing drive strength and slew rate ;
; reg_text_out[49]        ; Missing drive strength and slew rate ;
; reg_text_out[50]        ; Missing drive strength and slew rate ;
; reg_text_out[51]        ; Missing drive strength and slew rate ;
; reg_text_out[52]        ; Missing drive strength and slew rate ;
; reg_text_out[53]        ; Missing drive strength and slew rate ;
; reg_text_out[54]        ; Missing drive strength and slew rate ;
; reg_text_out[55]        ; Missing drive strength and slew rate ;
; reg_text_out[56]        ; Missing drive strength and slew rate ;
; reg_text_out[57]        ; Missing drive strength and slew rate ;
; reg_text_out[58]        ; Missing drive strength and slew rate ;
; reg_text_out[59]        ; Missing drive strength and slew rate ;
; reg_text_out[60]        ; Missing drive strength and slew rate ;
; reg_text_out[61]        ; Missing drive strength and slew rate ;
; reg_text_out[62]        ; Missing drive strength and slew rate ;
; reg_text_out[63]        ; Missing drive strength and slew rate ;
; reg_text_out[64]        ; Missing drive strength and slew rate ;
; reg_text_out[65]        ; Missing drive strength and slew rate ;
; reg_text_out[66]        ; Missing drive strength and slew rate ;
; reg_text_out[67]        ; Missing drive strength and slew rate ;
; reg_text_out[68]        ; Missing drive strength and slew rate ;
; reg_text_out[69]        ; Missing drive strength and slew rate ;
; reg_text_out[70]        ; Missing drive strength and slew rate ;
; reg_text_out[71]        ; Missing drive strength and slew rate ;
; reg_text_out[72]        ; Missing drive strength and slew rate ;
; reg_text_out[73]        ; Missing drive strength and slew rate ;
; reg_text_out[74]        ; Missing drive strength and slew rate ;
; reg_text_out[75]        ; Missing drive strength and slew rate ;
; reg_text_out[76]        ; Missing drive strength and slew rate ;
; reg_text_out[77]        ; Missing drive strength and slew rate ;
; reg_text_out[78]        ; Missing drive strength and slew rate ;
; reg_text_out[79]        ; Missing drive strength and slew rate ;
; reg_text_out[80]        ; Missing drive strength and slew rate ;
; reg_text_out[81]        ; Missing drive strength and slew rate ;
; reg_text_out[82]        ; Missing drive strength and slew rate ;
; reg_text_out[83]        ; Missing drive strength and slew rate ;
; reg_text_out[84]        ; Missing drive strength and slew rate ;
; reg_text_out[85]        ; Missing drive strength and slew rate ;
; reg_text_out[86]        ; Missing drive strength and slew rate ;
; reg_text_out[87]        ; Missing drive strength and slew rate ;
; reg_text_out[88]        ; Missing drive strength and slew rate ;
; reg_text_out[89]        ; Missing drive strength and slew rate ;
; reg_text_out[90]        ; Missing drive strength and slew rate ;
; reg_text_out[91]        ; Missing drive strength and slew rate ;
; reg_text_out[92]        ; Missing drive strength and slew rate ;
; reg_text_out[93]        ; Missing drive strength and slew rate ;
; reg_text_out[94]        ; Missing drive strength and slew rate ;
; reg_text_out[95]        ; Missing drive strength and slew rate ;
; reg_text_out[96]        ; Missing drive strength and slew rate ;
; reg_text_out[97]        ; Missing drive strength and slew rate ;
; reg_text_out[98]        ; Missing drive strength and slew rate ;
; reg_text_out[99]        ; Missing drive strength and slew rate ;
; reg_text_out[100]       ; Missing drive strength and slew rate ;
; reg_text_out[101]       ; Missing drive strength and slew rate ;
; reg_text_out[102]       ; Missing drive strength and slew rate ;
; reg_text_out[103]       ; Missing drive strength and slew rate ;
; reg_text_out[104]       ; Missing drive strength and slew rate ;
; reg_text_out[105]       ; Missing drive strength and slew rate ;
; reg_text_out[106]       ; Missing drive strength and slew rate ;
; reg_text_out[107]       ; Missing drive strength and slew rate ;
; reg_text_out[108]       ; Missing drive strength and slew rate ;
; reg_text_out[109]       ; Missing drive strength and slew rate ;
; reg_text_out[110]       ; Missing drive strength and slew rate ;
; reg_text_out[111]       ; Missing drive strength and slew rate ;
; reg_text_out[112]       ; Missing drive strength and slew rate ;
; reg_text_out[113]       ; Missing drive strength and slew rate ;
; reg_text_out[114]       ; Missing drive strength and slew rate ;
; reg_text_out[115]       ; Missing drive strength and slew rate ;
; reg_text_out[116]       ; Missing drive strength and slew rate ;
; reg_text_out[117]       ; Missing drive strength and slew rate ;
; reg_text_out[118]       ; Missing drive strength and slew rate ;
; reg_text_out[119]       ; Missing drive strength and slew rate ;
; reg_text_out[120]       ; Missing drive strength and slew rate ;
; reg_text_out[121]       ; Missing drive strength and slew rate ;
; reg_text_out[122]       ; Missing drive strength and slew rate ;
; reg_text_out[123]       ; Missing drive strength and slew rate ;
; reg_text_out[124]       ; Missing drive strength and slew rate ;
; reg_text_out[125]       ; Missing drive strength and slew rate ;
; reg_text_out[126]       ; Missing drive strength and slew rate ;
; reg_text_out[127]       ; Missing drive strength and slew rate ;
; pre_mixed_text_out[0]   ; Missing drive strength and slew rate ;
; pre_mixed_text_out[1]   ; Missing drive strength and slew rate ;
; pre_mixed_text_out[2]   ; Missing drive strength and slew rate ;
; pre_mixed_text_out[3]   ; Missing drive strength and slew rate ;
; pre_mixed_text_out[4]   ; Missing drive strength and slew rate ;
; pre_mixed_text_out[5]   ; Missing drive strength and slew rate ;
; pre_mixed_text_out[6]   ; Missing drive strength and slew rate ;
; pre_mixed_text_out[7]   ; Missing drive strength and slew rate ;
; pre_mixed_text_out[8]   ; Missing drive strength and slew rate ;
; pre_mixed_text_out[9]   ; Missing drive strength and slew rate ;
; pre_mixed_text_out[10]  ; Missing drive strength and slew rate ;
; pre_mixed_text_out[11]  ; Missing drive strength and slew rate ;
; pre_mixed_text_out[12]  ; Missing drive strength and slew rate ;
; pre_mixed_text_out[13]  ; Missing drive strength and slew rate ;
; pre_mixed_text_out[14]  ; Missing drive strength and slew rate ;
; pre_mixed_text_out[15]  ; Missing drive strength and slew rate ;
; pre_mixed_text_out[16]  ; Missing drive strength and slew rate ;
; pre_mixed_text_out[17]  ; Missing drive strength and slew rate ;
; pre_mixed_text_out[18]  ; Missing drive strength and slew rate ;
; pre_mixed_text_out[19]  ; Missing drive strength and slew rate ;
; pre_mixed_text_out[20]  ; Missing drive strength and slew rate ;
; pre_mixed_text_out[21]  ; Missing drive strength and slew rate ;
; pre_mixed_text_out[22]  ; Missing drive strength and slew rate ;
; pre_mixed_text_out[23]  ; Missing drive strength and slew rate ;
; pre_mixed_text_out[24]  ; Missing drive strength and slew rate ;
; pre_mixed_text_out[25]  ; Missing drive strength and slew rate ;
; pre_mixed_text_out[26]  ; Missing drive strength and slew rate ;
; pre_mixed_text_out[27]  ; Missing drive strength and slew rate ;
; pre_mixed_text_out[28]  ; Missing drive strength and slew rate ;
; pre_mixed_text_out[29]  ; Missing drive strength and slew rate ;
; pre_mixed_text_out[30]  ; Missing drive strength and slew rate ;
; pre_mixed_text_out[31]  ; Missing drive strength and slew rate ;
; pre_mixed_text_out[32]  ; Missing drive strength and slew rate ;
; pre_mixed_text_out[33]  ; Missing drive strength and slew rate ;
; pre_mixed_text_out[34]  ; Missing drive strength and slew rate ;
; pre_mixed_text_out[35]  ; Missing drive strength and slew rate ;
; pre_mixed_text_out[36]  ; Missing drive strength and slew rate ;
; pre_mixed_text_out[37]  ; Missing drive strength and slew rate ;
; pre_mixed_text_out[38]  ; Missing drive strength and slew rate ;
; pre_mixed_text_out[39]  ; Missing drive strength and slew rate ;
; pre_mixed_text_out[40]  ; Missing drive strength and slew rate ;
; pre_mixed_text_out[41]  ; Missing drive strength and slew rate ;
; pre_mixed_text_out[42]  ; Missing drive strength and slew rate ;
; pre_mixed_text_out[43]  ; Missing drive strength and slew rate ;
; pre_mixed_text_out[44]  ; Missing drive strength and slew rate ;
; pre_mixed_text_out[45]  ; Missing drive strength and slew rate ;
; pre_mixed_text_out[46]  ; Missing drive strength and slew rate ;
; pre_mixed_text_out[47]  ; Missing drive strength and slew rate ;
; pre_mixed_text_out[48]  ; Missing drive strength and slew rate ;
; pre_mixed_text_out[49]  ; Missing drive strength and slew rate ;
; pre_mixed_text_out[50]  ; Missing drive strength and slew rate ;
; pre_mixed_text_out[51]  ; Missing drive strength and slew rate ;
; pre_mixed_text_out[52]  ; Missing drive strength and slew rate ;
; pre_mixed_text_out[53]  ; Missing drive strength and slew rate ;
; pre_mixed_text_out[54]  ; Missing drive strength and slew rate ;
; pre_mixed_text_out[55]  ; Missing drive strength and slew rate ;
; pre_mixed_text_out[56]  ; Missing drive strength and slew rate ;
; pre_mixed_text_out[57]  ; Missing drive strength and slew rate ;
; pre_mixed_text_out[58]  ; Missing drive strength and slew rate ;
; pre_mixed_text_out[59]  ; Missing drive strength and slew rate ;
; pre_mixed_text_out[60]  ; Missing drive strength and slew rate ;
; pre_mixed_text_out[61]  ; Missing drive strength and slew rate ;
; pre_mixed_text_out[62]  ; Missing drive strength and slew rate ;
; pre_mixed_text_out[63]  ; Missing drive strength and slew rate ;
; pre_mixed_text_out[64]  ; Missing drive strength and slew rate ;
; pre_mixed_text_out[65]  ; Missing drive strength and slew rate ;
; pre_mixed_text_out[66]  ; Missing drive strength and slew rate ;
; pre_mixed_text_out[67]  ; Missing drive strength and slew rate ;
; pre_mixed_text_out[68]  ; Missing drive strength and slew rate ;
; pre_mixed_text_out[69]  ; Missing drive strength and slew rate ;
; pre_mixed_text_out[70]  ; Missing drive strength and slew rate ;
; pre_mixed_text_out[71]  ; Missing drive strength and slew rate ;
; pre_mixed_text_out[72]  ; Missing drive strength and slew rate ;
; pre_mixed_text_out[73]  ; Missing drive strength and slew rate ;
; pre_mixed_text_out[74]  ; Missing drive strength and slew rate ;
; pre_mixed_text_out[75]  ; Missing drive strength and slew rate ;
; pre_mixed_text_out[76]  ; Missing drive strength and slew rate ;
; pre_mixed_text_out[77]  ; Missing drive strength and slew rate ;
; pre_mixed_text_out[78]  ; Missing drive strength and slew rate ;
; pre_mixed_text_out[79]  ; Missing drive strength and slew rate ;
; pre_mixed_text_out[80]  ; Missing drive strength and slew rate ;
; pre_mixed_text_out[81]  ; Missing drive strength and slew rate ;
; pre_mixed_text_out[82]  ; Missing drive strength and slew rate ;
; pre_mixed_text_out[83]  ; Missing drive strength and slew rate ;
; pre_mixed_text_out[84]  ; Missing drive strength and slew rate ;
; pre_mixed_text_out[85]  ; Missing drive strength and slew rate ;
; pre_mixed_text_out[86]  ; Missing drive strength and slew rate ;
; pre_mixed_text_out[87]  ; Missing drive strength and slew rate ;
; pre_mixed_text_out[88]  ; Missing drive strength and slew rate ;
; pre_mixed_text_out[89]  ; Missing drive strength and slew rate ;
; pre_mixed_text_out[90]  ; Missing drive strength and slew rate ;
; pre_mixed_text_out[91]  ; Missing drive strength and slew rate ;
; pre_mixed_text_out[92]  ; Missing drive strength and slew rate ;
; pre_mixed_text_out[93]  ; Missing drive strength and slew rate ;
; pre_mixed_text_out[94]  ; Missing drive strength and slew rate ;
; pre_mixed_text_out[95]  ; Missing drive strength and slew rate ;
; pre_mixed_text_out[96]  ; Missing drive strength and slew rate ;
; pre_mixed_text_out[97]  ; Missing drive strength and slew rate ;
; pre_mixed_text_out[98]  ; Missing drive strength and slew rate ;
; pre_mixed_text_out[99]  ; Missing drive strength and slew rate ;
; pre_mixed_text_out[100] ; Missing drive strength and slew rate ;
; pre_mixed_text_out[101] ; Missing drive strength and slew rate ;
; pre_mixed_text_out[102] ; Missing drive strength and slew rate ;
; pre_mixed_text_out[103] ; Missing drive strength and slew rate ;
; pre_mixed_text_out[104] ; Missing drive strength and slew rate ;
; pre_mixed_text_out[105] ; Missing drive strength and slew rate ;
; pre_mixed_text_out[106] ; Missing drive strength and slew rate ;
; pre_mixed_text_out[107] ; Missing drive strength and slew rate ;
; pre_mixed_text_out[108] ; Missing drive strength and slew rate ;
; pre_mixed_text_out[109] ; Missing drive strength and slew rate ;
; pre_mixed_text_out[110] ; Missing drive strength and slew rate ;
; pre_mixed_text_out[111] ; Missing drive strength and slew rate ;
; pre_mixed_text_out[112] ; Missing drive strength and slew rate ;
; pre_mixed_text_out[113] ; Missing drive strength and slew rate ;
; pre_mixed_text_out[114] ; Missing drive strength and slew rate ;
; pre_mixed_text_out[115] ; Missing drive strength and slew rate ;
; pre_mixed_text_out[116] ; Missing drive strength and slew rate ;
; pre_mixed_text_out[117] ; Missing drive strength and slew rate ;
; pre_mixed_text_out[118] ; Missing drive strength and slew rate ;
; pre_mixed_text_out[119] ; Missing drive strength and slew rate ;
; pre_mixed_text_out[120] ; Missing drive strength and slew rate ;
; pre_mixed_text_out[121] ; Missing drive strength and slew rate ;
; pre_mixed_text_out[122] ; Missing drive strength and slew rate ;
; pre_mixed_text_out[123] ; Missing drive strength and slew rate ;
; pre_mixed_text_out[124] ; Missing drive strength and slew rate ;
; pre_mixed_text_out[125] ; Missing drive strength and slew rate ;
; pre_mixed_text_out[126] ; Missing drive strength and slew rate ;
; pre_mixed_text_out[127] ; Missing drive strength and slew rate ;
; index_out[0]            ; Missing drive strength and slew rate ;
; index_out[1]            ; Missing drive strength and slew rate ;
; index_out[2]            ; Missing drive strength and slew rate ;
; index_out[3]            ; Missing drive strength and slew rate ;
; state_out[0]            ; Missing drive strength and slew rate ;
; state_out[1]            ; Missing drive strength and slew rate ;
; state_out[2]            ; Missing drive strength and slew rate ;
; sbox_out_test[0]        ; Missing drive strength and slew rate ;
; sbox_out_test[1]        ; Missing drive strength and slew rate ;
; sbox_out_test[2]        ; Missing drive strength and slew rate ;
; sbox_out_test[3]        ; Missing drive strength and slew rate ;
; sbox_out_test[4]        ; Missing drive strength and slew rate ;
; sbox_out_test[5]        ; Missing drive strength and slew rate ;
; sbox_out_test[6]        ; Missing drive strength and slew rate ;
; sbox_out_test[7]        ; Missing drive strength and slew rate ;
; ciphertext_out[0]       ; Missing drive strength and slew rate ;
; ciphertext_out[1]       ; Missing drive strength and slew rate ;
; ciphertext_out[2]       ; Missing drive strength and slew rate ;
; ciphertext_out[3]       ; Missing drive strength and slew rate ;
; ciphertext_out[4]       ; Missing drive strength and slew rate ;
; ciphertext_out[5]       ; Missing drive strength and slew rate ;
; ciphertext_out[6]       ; Missing drive strength and slew rate ;
; ciphertext_out[7]       ; Missing drive strength and slew rate ;
; ciphertext_out[8]       ; Missing drive strength and slew rate ;
; ciphertext_out[9]       ; Missing drive strength and slew rate ;
; ciphertext_out[10]      ; Missing drive strength and slew rate ;
; ciphertext_out[11]      ; Missing drive strength and slew rate ;
; ciphertext_out[12]      ; Missing drive strength and slew rate ;
; ciphertext_out[13]      ; Missing drive strength and slew rate ;
; ciphertext_out[14]      ; Missing drive strength and slew rate ;
; ciphertext_out[15]      ; Missing drive strength and slew rate ;
; ciphertext_out[16]      ; Missing drive strength and slew rate ;
; ciphertext_out[17]      ; Missing drive strength and slew rate ;
; ciphertext_out[18]      ; Missing drive strength and slew rate ;
; ciphertext_out[19]      ; Missing drive strength and slew rate ;
; ciphertext_out[20]      ; Missing drive strength and slew rate ;
; ciphertext_out[21]      ; Missing drive strength and slew rate ;
; ciphertext_out[22]      ; Missing drive strength and slew rate ;
; ciphertext_out[23]      ; Missing drive strength and slew rate ;
; ciphertext_out[24]      ; Missing drive strength and slew rate ;
; ciphertext_out[25]      ; Missing drive strength and slew rate ;
; ciphertext_out[26]      ; Missing drive strength and slew rate ;
; ciphertext_out[27]      ; Missing drive strength and slew rate ;
; ciphertext_out[28]      ; Missing drive strength and slew rate ;
; ciphertext_out[29]      ; Missing drive strength and slew rate ;
; ciphertext_out[30]      ; Missing drive strength and slew rate ;
; ciphertext_out[31]      ; Missing drive strength and slew rate ;
; ciphertext_out[32]      ; Missing drive strength and slew rate ;
; ciphertext_out[33]      ; Missing drive strength and slew rate ;
; ciphertext_out[34]      ; Missing drive strength and slew rate ;
; ciphertext_out[35]      ; Missing drive strength and slew rate ;
; ciphertext_out[36]      ; Missing drive strength and slew rate ;
; ciphertext_out[37]      ; Missing drive strength and slew rate ;
; ciphertext_out[38]      ; Missing drive strength and slew rate ;
; ciphertext_out[39]      ; Missing drive strength and slew rate ;
; ciphertext_out[40]      ; Missing drive strength and slew rate ;
; ciphertext_out[41]      ; Missing drive strength and slew rate ;
; ciphertext_out[42]      ; Missing drive strength and slew rate ;
; ciphertext_out[43]      ; Missing drive strength and slew rate ;
; ciphertext_out[44]      ; Missing drive strength and slew rate ;
; ciphertext_out[45]      ; Missing drive strength and slew rate ;
; ciphertext_out[46]      ; Missing drive strength and slew rate ;
; ciphertext_out[47]      ; Missing drive strength and slew rate ;
; ciphertext_out[48]      ; Missing drive strength and slew rate ;
; ciphertext_out[49]      ; Missing drive strength and slew rate ;
; ciphertext_out[50]      ; Missing drive strength and slew rate ;
; ciphertext_out[51]      ; Missing drive strength and slew rate ;
; ciphertext_out[52]      ; Missing drive strength and slew rate ;
; ciphertext_out[53]      ; Missing drive strength and slew rate ;
; ciphertext_out[54]      ; Missing drive strength and slew rate ;
; ciphertext_out[55]      ; Missing drive strength and slew rate ;
; ciphertext_out[56]      ; Missing drive strength and slew rate ;
; ciphertext_out[57]      ; Missing drive strength and slew rate ;
; ciphertext_out[58]      ; Missing drive strength and slew rate ;
; ciphertext_out[59]      ; Missing drive strength and slew rate ;
; ciphertext_out[60]      ; Missing drive strength and slew rate ;
; ciphertext_out[61]      ; Missing drive strength and slew rate ;
; ciphertext_out[62]      ; Missing drive strength and slew rate ;
; ciphertext_out[63]      ; Missing drive strength and slew rate ;
; ciphertext_out[64]      ; Missing drive strength and slew rate ;
; ciphertext_out[65]      ; Missing drive strength and slew rate ;
; ciphertext_out[66]      ; Missing drive strength and slew rate ;
; ciphertext_out[67]      ; Missing drive strength and slew rate ;
; ciphertext_out[68]      ; Missing drive strength and slew rate ;
; ciphertext_out[69]      ; Missing drive strength and slew rate ;
; ciphertext_out[70]      ; Missing drive strength and slew rate ;
; ciphertext_out[71]      ; Missing drive strength and slew rate ;
; ciphertext_out[72]      ; Missing drive strength and slew rate ;
; ciphertext_out[73]      ; Missing drive strength and slew rate ;
; ciphertext_out[74]      ; Missing drive strength and slew rate ;
; ciphertext_out[75]      ; Missing drive strength and slew rate ;
; ciphertext_out[76]      ; Missing drive strength and slew rate ;
; ciphertext_out[77]      ; Missing drive strength and slew rate ;
; ciphertext_out[78]      ; Missing drive strength and slew rate ;
; ciphertext_out[79]      ; Missing drive strength and slew rate ;
; ciphertext_out[80]      ; Missing drive strength and slew rate ;
; ciphertext_out[81]      ; Missing drive strength and slew rate ;
; ciphertext_out[82]      ; Missing drive strength and slew rate ;
; ciphertext_out[83]      ; Missing drive strength and slew rate ;
; ciphertext_out[84]      ; Missing drive strength and slew rate ;
; ciphertext_out[85]      ; Missing drive strength and slew rate ;
; ciphertext_out[86]      ; Missing drive strength and slew rate ;
; ciphertext_out[87]      ; Missing drive strength and slew rate ;
; ciphertext_out[88]      ; Missing drive strength and slew rate ;
; ciphertext_out[89]      ; Missing drive strength and slew rate ;
; ciphertext_out[90]      ; Missing drive strength and slew rate ;
; ciphertext_out[91]      ; Missing drive strength and slew rate ;
; ciphertext_out[92]      ; Missing drive strength and slew rate ;
; ciphertext_out[93]      ; Missing drive strength and slew rate ;
; ciphertext_out[94]      ; Missing drive strength and slew rate ;
; ciphertext_out[95]      ; Missing drive strength and slew rate ;
; ciphertext_out[96]      ; Missing drive strength and slew rate ;
; ciphertext_out[97]      ; Missing drive strength and slew rate ;
; ciphertext_out[98]      ; Missing drive strength and slew rate ;
; ciphertext_out[99]      ; Missing drive strength and slew rate ;
; ciphertext_out[100]     ; Missing drive strength and slew rate ;
; ciphertext_out[101]     ; Missing drive strength and slew rate ;
; ciphertext_out[102]     ; Missing drive strength and slew rate ;
; ciphertext_out[103]     ; Missing drive strength and slew rate ;
; ciphertext_out[104]     ; Missing drive strength and slew rate ;
; ciphertext_out[105]     ; Missing drive strength and slew rate ;
; ciphertext_out[106]     ; Missing drive strength and slew rate ;
; ciphertext_out[107]     ; Missing drive strength and slew rate ;
; ciphertext_out[108]     ; Missing drive strength and slew rate ;
; ciphertext_out[109]     ; Missing drive strength and slew rate ;
; ciphertext_out[110]     ; Missing drive strength and slew rate ;
; ciphertext_out[111]     ; Missing drive strength and slew rate ;
; ciphertext_out[112]     ; Missing drive strength and slew rate ;
; ciphertext_out[113]     ; Missing drive strength and slew rate ;
; ciphertext_out[114]     ; Missing drive strength and slew rate ;
; ciphertext_out[115]     ; Missing drive strength and slew rate ;
; ciphertext_out[116]     ; Missing drive strength and slew rate ;
; ciphertext_out[117]     ; Missing drive strength and slew rate ;
; ciphertext_out[118]     ; Missing drive strength and slew rate ;
; ciphertext_out[119]     ; Missing drive strength and slew rate ;
; ciphertext_out[120]     ; Missing drive strength and slew rate ;
; ciphertext_out[121]     ; Missing drive strength and slew rate ;
; ciphertext_out[122]     ; Missing drive strength and slew rate ;
; ciphertext_out[123]     ; Missing drive strength and slew rate ;
; ciphertext_out[124]     ; Missing drive strength and slew rate ;
; ciphertext_out[125]     ; Missing drive strength and slew rate ;
; ciphertext_out[126]     ; Missing drive strength and slew rate ;
; ciphertext_out[127]     ; Missing drive strength and slew rate ;
+-------------------------+--------------------------------------+


+----------------------------------------------+
; Incremental Compilation Preservation Summary ;
+---------------------+------------------------+
; Type                ; Value                  ;
+---------------------+------------------------+
; Placement (by node) ;                        ;
;     -- Requested    ; 0 / 2180 ( 0.00 % )    ;
;     -- Achieved     ; 0 / 2180 ( 0.00 % )    ;
;                     ;                        ;
; Routing (by net)    ;                        ;
;     -- Requested    ; 0 / 0 ( 0.00 % )       ;
;     -- Achieved     ; 0 / 0 ( 0.00 % )       ;
+---------------------+------------------------+


+----------------------------------------------------------------------------------------------------------------------------------------------------------------------------------------+
; Incremental Compilation Partition Settings                                                                                                                                             ;
+--------------------------------+----------------+-------------------+-------------------------+------------------------+------------------------------+--------------------------------+
; Partition Name                 ; Partition Type ; Netlist Type Used ; Preservation Level Used ; Netlist Type Requested ; Preservation Level Requested ; Contents                       ;
+--------------------------------+----------------+-------------------+-------------------------+------------------------+------------------------------+--------------------------------+
; Top                            ; User-created   ; Source File       ; N/A                     ; Source File            ; N/A                          ;                                ;
; hard_block:auto_generated_inst ; Auto-generated ; Source File       ; N/A                     ; Source File            ; N/A                          ; hard_block:auto_generated_inst ;
+--------------------------------+----------------+-------------------+-------------------------+------------------------+------------------------------+--------------------------------+


+------------------------------------------------------------------------------------------------------------+
; Incremental Compilation Placement Preservation                                                             ;
+--------------------------------+---------+-------------------+-------------------------+-------------------+
; Partition Name                 ; # Nodes ; # Preserved Nodes ; Preservation Level Used ; Netlist Type Used ;
+--------------------------------+---------+-------------------+-------------------------+-------------------+
; Top                            ; 2170    ; 0                 ; N/A                     ; Source File       ;
; hard_block:auto_generated_inst ; 10      ; 0                 ; N/A                     ; Source File       ;
+--------------------------------+---------+-------------------+-------------------------+-------------------+


+--------------+
; Pin-Out File ;
+--------------+
The pin-out file can be found in C:/Users/LSC/agustin-spennato/Desencriptador_V2/output_files/desencriptador.pin.


+---------------------------------------------------------------------------+
; Fitter Resource Usage Summary                                             ;
+---------------------------------------------+-----------------------------+
; Resource                                    ; Usage                       ;
+---------------------------------------------+-----------------------------+
; Total logic elements                        ; 1,118 / 114,480 ( < 1 % )   ;
;     -- Combinational with no register       ; 842                         ;
;     -- Register only                        ; 44                          ;
;     -- Combinational with a register        ; 232                         ;
;                                             ;                             ;
; Logic element usage by number of LUT inputs ;                             ;
;     -- 4 input functions                    ; 765                         ;
;     -- 3 input functions                    ; 71                          ;
;     -- <=2 input functions                  ; 238                         ;
;     -- Register only                        ; 44                          ;
;                                             ;                             ;
; Logic elements by mode                      ;                             ;
;     -- normal mode                          ; 1070                        ;
;     -- arithmetic mode                      ; 4                           ;
;                                             ;                             ;
; Total registers*                            ; 276 / 117,053 ( < 1 % )     ;
;     -- Dedicated logic registers            ; 276 / 114,480 ( < 1 % )     ;
;     -- I/O registers                        ; 0 / 2,573 ( 0 % )           ;
;                                             ;                             ;
; Total LABs:  partially or completely used   ; 107 / 7,155 ( 1 % )         ;
; Virtual pins                                ; 0                           ;
; I/O pins                                    ; 405 / 529 ( 77 % )          ;
;     -- Clock pins                           ; 2 / 7 ( 29 % )              ;
;     -- Dedicated input pins                 ; 0 / 9 ( 0 % )               ;
;                                             ;                             ;
; Global signals                              ; 2                           ;
; M9Ks                                        ; 1 / 432 ( < 1 % )           ;
; Total block memory bits                     ; 2,048 / 3,981,312 ( < 1 % ) ;
; Total block memory implementation bits      ; 9,216 / 3,981,312 ( < 1 % ) ;
; Embedded Multiplier 9-bit elements          ; 0 / 532 ( 0 % )             ;
; PLLs                                        ; 0 / 4 ( 0 % )               ;
; Global clocks                               ; 2 / 20 ( 10 % )             ;
; JTAGs                                       ; 0 / 1 ( 0 % )               ;
; CRC blocks                                  ; 0 / 1 ( 0 % )               ;
; ASMI blocks                                 ; 0 / 1 ( 0 % )               ;
; Impedance control blocks                    ; 0 / 4 ( 0 % )               ;
; Average interconnect usage (total/H/V)      ; 1% / 1% / 1%                ;
; Peak interconnect usage (total/H/V)         ; 22% / 21% / 23%             ;
; Maximum fan-out                             ; 277                         ;
; Highest non-global fan-out                  ; 235                         ;
; Total fan-out                               ; 5510                        ;
; Average fan-out                             ; 2.49                        ;
+---------------------------------------------+-----------------------------+
*  Register count does not include registers inside RAM blocks or DSP blocks.



+--------------------------------------------------------------------------------------------------------+
; Fitter Partition Statistics                                                                            ;
+---------------------------------------------+-------------------------+--------------------------------+
; Statistic                                   ; Top                     ; hard_block:auto_generated_inst ;
+---------------------------------------------+-------------------------+--------------------------------+
; Difficulty Clustering Region                ; Low                     ; Low                            ;
;                                             ;                         ;                                ;
; Total logic elements                        ; 1118 / 114480 ( < 1 % ) ; 0 / 114480 ( 0 % )             ;
;     -- Combinational with no register       ; 842                     ; 0                              ;
;     -- Register only                        ; 44                      ; 0                              ;
;     -- Combinational with a register        ; 232                     ; 0                              ;
;                                             ;                         ;                                ;
; Logic element usage by number of LUT inputs ;                         ;                                ;
;     -- 4 input functions                    ; 765                     ; 0                              ;
;     -- 3 input functions                    ; 71                      ; 0                              ;
;     -- <=2 input functions                  ; 238                     ; 0                              ;
;     -- Register only                        ; 44                      ; 0                              ;
;                                             ;                         ;                                ;
; Logic elements by mode                      ;                         ;                                ;
;     -- normal mode                          ; 1070                    ; 0                              ;
;     -- arithmetic mode                      ; 4                       ; 0                              ;
;                                             ;                         ;                                ;
; Total registers                             ; 276                     ; 0                              ;
;     -- Dedicated logic registers            ; 276 / 114480 ( < 1 % )  ; 0 / 114480 ( 0 % )             ;
;                                             ;                         ;                                ;
; Total LABs:  partially or completely used   ; 107 / 7155 ( 1 % )      ; 0 / 7155 ( 0 % )               ;
;                                             ;                         ;                                ;
; Virtual pins                                ; 0                       ; 0                              ;
; I/O pins                                    ; 405                     ; 0                              ;
; Embedded Multiplier 9-bit elements          ; 0 / 532 ( 0 % )         ; 0 / 532 ( 0 % )                ;
; Total memory bits                           ; 2048                    ; 0                              ;
; Total RAM block bits                        ; 9216                    ; 0                              ;
; M9K                                         ; 1 / 432 ( < 1 % )       ; 0 / 432 ( 0 % )                ;
; Clock control block                         ; 2 / 24 ( 8 % )          ; 0 / 24 ( 0 % )                 ;
;                                             ;                         ;                                ;
; Connections                                 ;                         ;                                ;
;     -- Input Connections                    ; 0                       ; 0                              ;
;     -- Registered Input Connections         ; 0                       ; 0                              ;
;     -- Output Connections                   ; 0                       ; 0                              ;
;     -- Registered Output Connections        ; 0                       ; 0                              ;
;                                             ;                         ;                                ;
; Internal Connections                        ;                         ;                                ;
;     -- Total Connections                    ; 5505                    ; 5                              ;
;     -- Registered Connections               ; 2315                    ; 0                              ;
;                                             ;                         ;                                ;
; External Connections                        ;                         ;                                ;
;     -- Top                                  ; 0                       ; 0                              ;
;     -- hard_block:auto_generated_inst       ; 0                       ; 0                              ;
;                                             ;                         ;                                ;
; Partition Interface                         ;                         ;                                ;
;     -- Input Ports                          ; 5                       ; 0                              ;
;     -- Output Ports                         ; 400                     ; 0                              ;
;     -- Bidir Ports                          ; 0                       ; 0                              ;
;                                             ;                         ;                                ;
; Registered Ports                            ;                         ;                                ;
;     -- Registered Input Ports               ; 0                       ; 0                              ;
;     -- Registered Output Ports              ; 0                       ; 0                              ;
;                                             ;                         ;                                ;
; Port Connectivity                           ;                         ;                                ;
;     -- Input Ports driven by GND            ; 0                       ; 0                              ;
;     -- Output Ports driven by GND           ; 0                       ; 0                              ;
;     -- Input Ports driven by VCC            ; 0                       ; 0                              ;
;     -- Output Ports driven by VCC           ; 0                       ; 0                              ;
;     -- Input Ports with no Source           ; 0                       ; 0                              ;
;     -- Output Ports with no Source          ; 0                       ; 0                              ;
;     -- Input Ports with no Fanout           ; 0                       ; 0                              ;
;     -- Output Ports with no Fanout          ; 0                       ; 0                              ;
+---------------------------------------------+-------------------------+--------------------------------+


+-------------------------------------------------------------------------------------------------------------------------------------------------------------------------------------------------------------------------------------------------------------------------------------+
; Input Pins                                                                                                                                                                                                                                                                          ;
+----------------+-------+----------+--------------+--------------+--------------+-----------------------+--------------------+--------+----------------+---------------+-----------------+----------+--------------+--------------+---------------------------+----------------------+
; Name           ; Pin # ; I/O Bank ; X coordinate ; Y coordinate ; Z coordinate ; Combinational Fan-Out ; Registered Fan-Out ; Global ; Input Register ; Power Up High ; PCI I/O Enabled ; Bus Hold ; Weak Pull Up ; I/O Standard ; Termination Control Block ; Location assigned by ;
+----------------+-------+----------+--------------+--------------+--------------+-----------------------+--------------------+--------+----------------+---------------+-----------------+----------+--------------+--------------+---------------------------+----------------------+
; AES_version[0] ; C20   ; 7        ; 85           ; 73           ; 7            ; 2                     ; 0                  ; no     ; no             ; no            ; yes             ; no       ; Off          ; 2.5 V        ; --                        ; Fitter               ;
; AES_version[1] ; D18   ; 7        ; 85           ; 73           ; 0            ; 2                     ; 0                  ; no     ; no             ; no            ; yes             ; no       ; Off          ; 2.5 V        ; --                        ; Fitter               ;
; clk            ; J1    ; 1        ; 0            ; 36           ; 7            ; 277                   ; 0                  ; yes    ; no             ; no            ; yes             ; no       ; Off          ; 2.5 V        ; --                        ; Fitter               ;
; reset          ; Y2    ; 2        ; 0            ; 36           ; 14           ; 21                    ; 0                  ; yes    ; no             ; no            ; yes             ; no       ; Off          ; 2.5 V        ; --                        ; Fitter               ;
; start          ; AE4   ; 3        ; 3            ; 0            ; 21           ; 3                     ; 0                  ; no     ; no             ; no            ; yes             ; no       ; Off          ; 2.5 V        ; --                        ; Fitter               ;
+----------------+-------+----------+--------------+--------------+--------------+-----------------------+--------------------+--------+----------------+---------------+-----------------+----------+--------------+--------------+---------------------------+----------------------+


+--------------------------------------------------------------------------------------------------------------------------------------------------------------------------------------------------------------------------------------------------------------------------------------------------------------------------------------------------------------------------------------------------------------------------------------------------------------------------+
; Output Pins                                                                                                                                                                                                                                                                                                                                                                                                                                                              ;
+-------------------------+-------+----------+--------------+--------------+--------------+-----------------+------------------------+---------------+-----------+-----------------+------------+---------------+----------+--------------+--------------+------------------+-----------------------------------+---------------------------+----------------------------+-----------------------------+----------------------+----------------------+---------------------+
; Name                    ; Pin # ; I/O Bank ; X coordinate ; Y coordinate ; Z coordinate ; Output Register ; Output Enable Register ; Power Up High ; Slew Rate ; PCI I/O Enabled ; Open Drain ; TRI Primitive ; Bus Hold ; Weak Pull Up ; I/O Standard ; Current Strength ; Termination                       ; Termination Control Block ; Output Buffer Pre-emphasis ; Voltage Output Differential ; Location assigned by ; Output Enable Source ; Output Enable Group ;
+-------------------------+-------+----------+--------------+--------------+--------------+-----------------+------------------------+---------------+-----------+-----------------+------------+---------------+----------+--------------+--------------+------------------+-----------------------------------+---------------------------+----------------------------+-----------------------------+----------------------+----------------------+---------------------+
; ciphertext_out[0]       ; AF24  ; 4        ; 83           ; 0            ; 7            ; no              ; no                     ; no            ; 2         ; no              ; no         ; no            ; no       ; Off          ; 2.5 V        ; Default          ; Series 50 Ohm without Calibration ; --                        ; no                         ; no                          ; Fitter               ; -                    ; -                   ;
; ciphertext_out[100]     ; B19   ; 7        ; 81           ; 73           ; 21           ; no              ; no                     ; no            ; 2         ; no              ; no         ; no            ; no       ; Off          ; 2.5 V        ; Default          ; Series 50 Ohm without Calibration ; --                        ; no                         ; no                          ; Fitter               ; -                    ; -                   ;
; ciphertext_out[101]     ; D26   ; 6        ; 115          ; 62           ; 21           ; no              ; no                     ; no            ; 2         ; no              ; no         ; no            ; no       ; Off          ; 2.5 V        ; Default          ; Series 50 Ohm without Calibration ; --                        ; no                         ; no                          ; Fitter               ; -                    ; -                   ;
; ciphertext_out[102]     ; H14   ; 8        ; 49           ; 73           ; 14           ; no              ; no                     ; no            ; 2         ; no              ; no         ; no            ; no       ; Off          ; 2.5 V        ; Default          ; Series 50 Ohm without Calibration ; --                        ; no                         ; no                          ; Fitter               ; -                    ; -                   ;
; ciphertext_out[103]     ; U21   ; 5        ; 115          ; 29           ; 0            ; no              ; no                     ; no            ; 2         ; no              ; no         ; no            ; no       ; Off          ; 2.5 V        ; Default          ; Series 50 Ohm without Calibration ; --                        ; no                         ; no                          ; Fitter               ; -                    ; -                   ;
; ciphertext_out[104]     ; Y15   ; 3        ; 56           ; 0            ; 0            ; no              ; no                     ; no            ; 2         ; no              ; no         ; no            ; no       ; Off          ; 2.5 V        ; Default          ; Series 50 Ohm without Calibration ; --                        ; no                         ; no                          ; Fitter               ; -                    ; -                   ;
; ciphertext_out[105]     ; V26   ; 5        ; 115          ; 23           ; 7            ; no              ; no                     ; no            ; 2         ; no              ; no         ; no            ; no       ; Off          ; 2.5 V        ; Default          ; Series 50 Ohm without Calibration ; --                        ; no                         ; no                          ; Fitter               ; -                    ; -                   ;
; ciphertext_out[106]     ; R22   ; 5        ; 115          ; 36           ; 14           ; no              ; no                     ; no            ; 2         ; no              ; no         ; no            ; no       ; Off          ; 2.5 V        ; Default          ; Series 50 Ohm without Calibration ; --                        ; no                         ; no                          ; Fitter               ; -                    ; -                   ;
; ciphertext_out[107]     ; U2    ; 2        ; 0            ; 30           ; 0            ; no              ; no                     ; no            ; 2         ; no              ; no         ; no            ; no       ; Off          ; 2.5 V        ; Default          ; Series 50 Ohm without Calibration ; --                        ; no                         ; no                          ; Fitter               ; -                    ; -                   ;
; ciphertext_out[108]     ; V22   ; 5        ; 115          ; 26           ; 21           ; no              ; no                     ; no            ; 2         ; no              ; no         ; no            ; no       ; Off          ; 2.5 V        ; Default          ; Series 50 Ohm without Calibration ; --                        ; no                         ; no                          ; Fitter               ; -                    ; -                   ;
; ciphertext_out[109]     ; U6    ; 2        ; 0            ; 25           ; 21           ; no              ; no                     ; no            ; 2         ; no              ; no         ; no            ; no       ; Off          ; 2.5 V        ; Default          ; Series 50 Ohm without Calibration ; --                        ; no                         ; no                          ; Fitter               ; -                    ; -                   ;
; ciphertext_out[10]      ; AD15  ; 4        ; 60           ; 0            ; 14           ; no              ; no                     ; no            ; 2         ; no              ; no         ; no            ; no       ; Off          ; 2.5 V        ; Default          ; Series 50 Ohm without Calibration ; --                        ; no                         ; no                          ; Fitter               ; -                    ; -                   ;
; ciphertext_out[110]     ; R4    ; 2        ; 0            ; 33           ; 14           ; no              ; no                     ; no            ; 2         ; no              ; no         ; no            ; no       ; Off          ; 2.5 V        ; Default          ; Series 50 Ohm without Calibration ; --                        ; no                         ; no                          ; Fitter               ; -                    ; -                   ;
; ciphertext_out[111]     ; G21   ; 7        ; 74           ; 73           ; 21           ; no              ; no                     ; no            ; 2         ; no              ; no         ; no            ; no       ; Off          ; 2.5 V        ; Default          ; Series 50 Ohm without Calibration ; --                        ; no                         ; no                          ; Fitter               ; -                    ; -                   ;
; ciphertext_out[112]     ; U27   ; 5        ; 115          ; 29           ; 7            ; no              ; no                     ; no            ; 2         ; no              ; no         ; no            ; no       ; Off          ; 2.5 V        ; Default          ; Series 50 Ohm without Calibration ; --                        ; no                         ; no                          ; Fitter               ; -                    ; -                   ;
; ciphertext_out[113]     ; M25   ; 6        ; 115          ; 47           ; 21           ; no              ; no                     ; no            ; 2         ; no              ; no         ; no            ; no       ; Off          ; 2.5 V        ; Default          ; Series 50 Ohm without Calibration ; --                        ; no                         ; no                          ; Fitter               ; -                    ; -                   ;
; ciphertext_out[114]     ; L24   ; 6        ; 115          ; 48           ; 0            ; no              ; no                     ; no            ; 2         ; no              ; no         ; no            ; no       ; Off          ; 2.5 V        ; Default          ; Series 50 Ohm without Calibration ; --                        ; no                         ; no                          ; Fitter               ; -                    ; -                   ;
; ciphertext_out[115]     ; A7    ; 8        ; 29           ; 73           ; 0            ; no              ; no                     ; no            ; 2         ; no              ; no         ; no            ; no       ; Off          ; 2.5 V        ; Default          ; Series 50 Ohm without Calibration ; --                        ; no                         ; no                          ; Fitter               ; -                    ; -                   ;
; ciphertext_out[116]     ; R6    ; 2        ; 0            ; 34           ; 0            ; no              ; no                     ; no            ; 2         ; no              ; no         ; no            ; no       ; Off          ; 2.5 V        ; Default          ; Series 50 Ohm without Calibration ; --                        ; no                         ; no                          ; Fitter               ; -                    ; -                   ;
; ciphertext_out[117]     ; H25   ; 6        ; 115          ; 58           ; 14           ; no              ; no                     ; no            ; 2         ; no              ; no         ; no            ; no       ; Off          ; 2.5 V        ; Default          ; Series 50 Ohm without Calibration ; --                        ; no                         ; no                          ; Fitter               ; -                    ; -                   ;
; ciphertext_out[118]     ; M26   ; 6        ; 115          ; 46           ; 0            ; no              ; no                     ; no            ; 2         ; no              ; no         ; no            ; no       ; Off          ; 2.5 V        ; Default          ; Series 50 Ohm without Calibration ; --                        ; no                         ; no                          ; Fitter               ; -                    ; -                   ;
; ciphertext_out[119]     ; U1    ; 2        ; 0            ; 30           ; 7            ; no              ; no                     ; no            ; 2         ; no              ; no         ; no            ; no       ; Off          ; 2.5 V        ; Default          ; Series 50 Ohm without Calibration ; --                        ; no                         ; no                          ; Fitter               ; -                    ; -                   ;
; ciphertext_out[11]      ; AD25  ; 4        ; 100          ; 0            ; 21           ; no              ; no                     ; no            ; 2         ; no              ; no         ; no            ; no       ; Off          ; 2.5 V        ; Default          ; Series 50 Ohm without Calibration ; --                        ; no                         ; no                          ; Fitter               ; -                    ; -                   ;
; ciphertext_out[120]     ; M27   ; 6        ; 115          ; 46           ; 7            ; no              ; no                     ; no            ; 2         ; no              ; no         ; no            ; no       ; Off          ; 2.5 V        ; Default          ; Series 50 Ohm without Calibration ; --                        ; no                         ; no                          ; Fitter               ; -                    ; -                   ;
; ciphertext_out[121]     ; A18   ; 7        ; 79           ; 73           ; 0            ; no              ; no                     ; no            ; 2         ; no              ; no         ; no            ; no       ; Off          ; 2.5 V        ; Default          ; Series 50 Ohm without Calibration ; --                        ; no                         ; no                          ; Fitter               ; -                    ; -                   ;
; ciphertext_out[122]     ; U26   ; 5        ; 115          ; 27           ; 7            ; no              ; no                     ; no            ; 2         ; no              ; no         ; no            ; no       ; Off          ; 2.5 V        ; Default          ; Series 50 Ohm without Calibration ; --                        ; no                         ; no                          ; Fitter               ; -                    ; -                   ;
; ciphertext_out[123]     ; T25   ; 5        ; 115          ; 31           ; 0            ; no              ; no                     ; no            ; 2         ; no              ; no         ; no            ; no       ; Off          ; 2.5 V        ; Default          ; Series 50 Ohm without Calibration ; --                        ; no                         ; no                          ; Fitter               ; -                    ; -                   ;
; ciphertext_out[124]     ; P1    ; 1        ; 0            ; 42           ; 0            ; no              ; no                     ; no            ; 2         ; no              ; no         ; no            ; no       ; Off          ; 2.5 V        ; Default          ; Series 50 Ohm without Calibration ; --                        ; no                         ; no                          ; Fitter               ; -                    ; -                   ;
; ciphertext_out[125]     ; AB1   ; 2        ; 0            ; 27           ; 21           ; no              ; no                     ; no            ; 2         ; no              ; no         ; no            ; no       ; Off          ; 2.5 V        ; Default          ; Series 50 Ohm without Calibration ; --                        ; no                         ; no                          ; Fitter               ; -                    ; -                   ;
; ciphertext_out[126]     ; T4    ; 2        ; 0            ; 33           ; 21           ; no              ; no                     ; no            ; 2         ; no              ; no         ; no            ; no       ; Off          ; 2.5 V        ; Default          ; Series 50 Ohm without Calibration ; --                        ; no                         ; no                          ; Fitter               ; -                    ; -                   ;
; ciphertext_out[127]     ; U25   ; 5        ; 115          ; 27           ; 0            ; no              ; no                     ; no            ; 2         ; no              ; no         ; no            ; no       ; Off          ; 2.5 V        ; Default          ; Series 50 Ohm without Calibration ; --                        ; no                         ; no                          ; Fitter               ; -                    ; -                   ;
; ciphertext_out[12]      ; A22   ; 7        ; 89           ; 73           ; 7            ; no              ; no                     ; no            ; 2         ; no              ; no         ; no            ; no       ; Off          ; 2.5 V        ; Default          ; Series 50 Ohm without Calibration ; --                        ; no                         ; no                          ; Fitter               ; -                    ; -                   ;
; ciphertext_out[13]      ; AE14  ; 3        ; 49           ; 0            ; 21           ; no              ; no                     ; no            ; 2         ; no              ; no         ; no            ; no       ; Off          ; 2.5 V        ; Default          ; Series 50 Ohm without Calibration ; --                        ; no                         ; no                          ; Fitter               ; -                    ; -                   ;
; ciphertext_out[14]      ; AC19  ; 4        ; 94           ; 0            ; 7            ; no              ; no                     ; no            ; 2         ; no              ; no         ; no            ; no       ; Off          ; 2.5 V        ; Default          ; Series 50 Ohm without Calibration ; --                        ; no                         ; no                          ; Fitter               ; -                    ; -                   ;
; ciphertext_out[15]      ; AF25  ; 4        ; 83           ; 0            ; 0            ; no              ; no                     ; no            ; 2         ; no              ; no         ; no            ; no       ; Off          ; 2.5 V        ; Default          ; Series 50 Ohm without Calibration ; --                        ; no                         ; no                          ; Fitter               ; -                    ; -                   ;
; ciphertext_out[16]      ; AA14  ; 3        ; 54           ; 0            ; 21           ; no              ; no                     ; no            ; 2         ; no              ; no         ; no            ; no       ; Off          ; 2.5 V        ; Default          ; Series 50 Ohm without Calibration ; --                        ; no                         ; no                          ; Fitter               ; -                    ; -                   ;
; ciphertext_out[17]      ; AH7   ; 3        ; 16           ; 0            ; 7            ; no              ; no                     ; no            ; 2         ; no              ; no         ; no            ; no       ; Off          ; 2.5 V        ; Default          ; Series 50 Ohm without Calibration ; --                        ; no                         ; no                          ; Fitter               ; -                    ; -                   ;
; ciphertext_out[18]      ; AB27  ; 5        ; 115          ; 18           ; 7            ; no              ; no                     ; no            ; 2         ; no              ; no         ; no            ; no       ; Off          ; 2.5 V        ; Default          ; Series 50 Ohm without Calibration ; --                        ; no                         ; no                          ; Fitter               ; -                    ; -                   ;
; ciphertext_out[19]      ; AE1   ; 2        ; 0            ; 16           ; 14           ; no              ; no                     ; no            ; 2         ; no              ; no         ; no            ; no       ; Off          ; 2.5 V        ; Default          ; Series 50 Ohm without Calibration ; --                        ; no                         ; no                          ; Fitter               ; -                    ; -                   ;
; ciphertext_out[1]       ; AD27  ; 5        ; 115          ; 13           ; 7            ; no              ; no                     ; no            ; 2         ; no              ; no         ; no            ; no       ; Off          ; 2.5 V        ; Default          ; Series 50 Ohm without Calibration ; --                        ; no                         ; no                          ; Fitter               ; -                    ; -                   ;
; ciphertext_out[20]      ; AF12  ; 3        ; 33           ; 0            ; 0            ; no              ; no                     ; no            ; 2         ; no              ; no         ; no            ; no       ; Off          ; 2.5 V        ; Default          ; Series 50 Ohm without Calibration ; --                        ; no                         ; no                          ; Fitter               ; -                    ; -                   ;
; ciphertext_out[21]      ; AD22  ; 4        ; 111          ; 0            ; 7            ; no              ; no                     ; no            ; 2         ; no              ; no         ; no            ; no       ; Off          ; 2.5 V        ; Default          ; Series 50 Ohm without Calibration ; --                        ; no                         ; no                          ; Fitter               ; -                    ; -                   ;
; ciphertext_out[22]      ; AF16  ; 4        ; 65           ; 0            ; 14           ; no              ; no                     ; no            ; 2         ; no              ; no         ; no            ; no       ; Off          ; 2.5 V        ; Default          ; Series 50 Ohm without Calibration ; --                        ; no                         ; no                          ; Fitter               ; -                    ; -                   ;
; ciphertext_out[23]      ; AG19  ; 4        ; 72           ; 0            ; 7            ; no              ; no                     ; no            ; 2         ; no              ; no         ; no            ; no       ; Off          ; 2.5 V        ; Default          ; Series 50 Ohm without Calibration ; --                        ; no                         ; no                          ; Fitter               ; -                    ; -                   ;
; ciphertext_out[24]      ; AF22  ; 4        ; 96           ; 0            ; 0            ; no              ; no                     ; no            ; 2         ; no              ; no         ; no            ; no       ; Off          ; 2.5 V        ; Default          ; Series 50 Ohm without Calibration ; --                        ; no                         ; no                          ; Fitter               ; -                    ; -                   ;
; ciphertext_out[25]      ; W27   ; 5        ; 115          ; 20           ; 0            ; no              ; no                     ; no            ; 2         ; no              ; no         ; no            ; no       ; Off          ; 2.5 V        ; Default          ; Series 50 Ohm without Calibration ; --                        ; no                         ; no                          ; Fitter               ; -                    ; -                   ;
; ciphertext_out[26]      ; B10   ; 8        ; 38           ; 73           ; 7            ; no              ; no                     ; no            ; 2         ; no              ; no         ; no            ; no       ; Off          ; 2.5 V        ; Default          ; Series 50 Ohm without Calibration ; --                        ; no                         ; no                          ; Fitter               ; -                    ; -                   ;
; ciphertext_out[27]      ; AC17  ; 4        ; 74           ; 0            ; 21           ; no              ; no                     ; no            ; 2         ; no              ; no         ; no            ; no       ; Off          ; 2.5 V        ; Default          ; Series 50 Ohm without Calibration ; --                        ; no                         ; no                          ; Fitter               ; -                    ; -                   ;
; ciphertext_out[28]      ; AD12  ; 3        ; 47           ; 0            ; 0            ; no              ; no                     ; no            ; 2         ; no              ; no         ; no            ; no       ; Off          ; 2.5 V        ; Default          ; Series 50 Ohm without Calibration ; --                        ; no                         ; no                          ; Fitter               ; -                    ; -                   ;
; ciphertext_out[29]      ; D12   ; 8        ; 52           ; 73           ; 21           ; no              ; no                     ; no            ; 2         ; no              ; no         ; no            ; no       ; Off          ; 2.5 V        ; Default          ; Series 50 Ohm without Calibration ; --                        ; no                         ; no                          ; Fitter               ; -                    ; -                   ;
; ciphertext_out[2]       ; AD17  ; 4        ; 74           ; 0            ; 14           ; no              ; no                     ; no            ; 2         ; no              ; no         ; no            ; no       ; Off          ; 2.5 V        ; Default          ; Series 50 Ohm without Calibration ; --                        ; no                         ; no                          ; Fitter               ; -                    ; -                   ;
; ciphertext_out[30]      ; AB28  ; 5        ; 115          ; 17           ; 0            ; no              ; no                     ; no            ; 2         ; no              ; no         ; no            ; no       ; Off          ; 2.5 V        ; Default          ; Series 50 Ohm without Calibration ; --                        ; no                         ; no                          ; Fitter               ; -                    ; -                   ;
; ciphertext_out[31]      ; AH23  ; 4        ; 81           ; 0            ; 14           ; no              ; no                     ; no            ; 2         ; no              ; no         ; no            ; no       ; Off          ; 2.5 V        ; Default          ; Series 50 Ohm without Calibration ; --                        ; no                         ; no                          ; Fitter               ; -                    ; -                   ;
; ciphertext_out[32]      ; M24   ; 6        ; 115          ; 41           ; 0            ; no              ; no                     ; no            ; 2         ; no              ; no         ; no            ; no       ; Off          ; 2.5 V        ; Default          ; Series 50 Ohm without Calibration ; --                        ; no                         ; no                          ; Fitter               ; -                    ; -                   ;
; ciphertext_out[33]      ; W22   ; 5        ; 115          ; 30           ; 0            ; no              ; no                     ; no            ; 2         ; no              ; no         ; no            ; no       ; Off          ; 2.5 V        ; Default          ; Series 50 Ohm without Calibration ; --                        ; no                         ; no                          ; Fitter               ; -                    ; -                   ;
; ciphertext_out[34]      ; W25   ; 5        ; 115          ; 20           ; 7            ; no              ; no                     ; no            ; 2         ; no              ; no         ; no            ; no       ; Off          ; 2.5 V        ; Default          ; Series 50 Ohm without Calibration ; --                        ; no                         ; no                          ; Fitter               ; -                    ; -                   ;
; ciphertext_out[35]      ; AB19  ; 4        ; 98           ; 0            ; 21           ; no              ; no                     ; no            ; 2         ; no              ; no         ; no            ; no       ; Off          ; 2.5 V        ; Default          ; Series 50 Ohm without Calibration ; --                        ; no                         ; no                          ; Fitter               ; -                    ; -                   ;
; ciphertext_out[36]      ; M8    ; 1        ; 0            ; 45           ; 14           ; no              ; no                     ; no            ; 2         ; no              ; no         ; no            ; no       ; Off          ; 2.5 V        ; Default          ; Series 50 Ohm without Calibration ; --                        ; no                         ; no                          ; Fitter               ; -                    ; -                   ;
; ciphertext_out[37]      ; AG23  ; 4        ; 81           ; 0            ; 21           ; no              ; no                     ; no            ; 2         ; no              ; no         ; no            ; no       ; Off          ; 2.5 V        ; Default          ; Series 50 Ohm without Calibration ; --                        ; no                         ; no                          ; Fitter               ; -                    ; -                   ;
; ciphertext_out[38]      ; R26   ; 5        ; 115          ; 33           ; 7            ; no              ; no                     ; no            ; 2         ; no              ; no         ; no            ; no       ; Off          ; 2.5 V        ; Default          ; Series 50 Ohm without Calibration ; --                        ; no                         ; no                          ; Fitter               ; -                    ; -                   ;
; ciphertext_out[39]      ; B11   ; 8        ; 42           ; 73           ; 7            ; no              ; no                     ; no            ; 2         ; no              ; no         ; no            ; no       ; Off          ; 2.5 V        ; Default          ; Series 50 Ohm without Calibration ; --                        ; no                         ; no                          ; Fitter               ; -                    ; -                   ;
; ciphertext_out[3]       ; AF8   ; 3        ; 23           ; 0            ; 14           ; no              ; no                     ; no            ; 2         ; no              ; no         ; no            ; no       ; Off          ; 2.5 V        ; Default          ; Series 50 Ohm without Calibration ; --                        ; no                         ; no                          ; Fitter               ; -                    ; -                   ;
; ciphertext_out[40]      ; L6    ; 1        ; 0            ; 47           ; 21           ; no              ; no                     ; no            ; 2         ; no              ; no         ; no            ; no       ; Off          ; 2.5 V        ; Default          ; Series 50 Ohm without Calibration ; --                        ; no                         ; no                          ; Fitter               ; -                    ; -                   ;
; ciphertext_out[41]      ; G28   ; 6        ; 115          ; 52           ; 7            ; no              ; no                     ; no            ; 2         ; no              ; no         ; no            ; no       ; Off          ; 2.5 V        ; Default          ; Series 50 Ohm without Calibration ; --                        ; no                         ; no                          ; Fitter               ; -                    ; -                   ;
; ciphertext_out[42]      ; AE9   ; 3        ; 27           ; 0            ; 21           ; no              ; no                     ; no            ; 2         ; no              ; no         ; no            ; no       ; Off          ; 2.5 V        ; Default          ; Series 50 Ohm without Calibration ; --                        ; no                         ; no                          ; Fitter               ; -                    ; -                   ;
; ciphertext_out[43]      ; Y4    ; 2        ; 0            ; 24           ; 7            ; no              ; no                     ; no            ; 2         ; no              ; no         ; no            ; no       ; Off          ; 2.5 V        ; Default          ; Series 50 Ohm without Calibration ; --                        ; no                         ; no                          ; Fitter               ; -                    ; -                   ;
; ciphertext_out[44]      ; C17   ; 7        ; 81           ; 73           ; 0            ; no              ; no                     ; no            ; 2         ; no              ; no         ; no            ; no       ; Off          ; 2.5 V        ; Default          ; Series 50 Ohm without Calibration ; --                        ; no                         ; no                          ; Fitter               ; -                    ; -                   ;
; ciphertext_out[45]      ; U22   ; 5        ; 115          ; 26           ; 14           ; no              ; no                     ; no            ; 2         ; no              ; no         ; no            ; no       ; Off          ; 2.5 V        ; Default          ; Series 50 Ohm without Calibration ; --                        ; no                         ; no                          ; Fitter               ; -                    ; -                   ;
; ciphertext_out[46]      ; W21   ; 5        ; 115          ; 25           ; 21           ; no              ; no                     ; no            ; 2         ; no              ; no         ; no            ; no       ; Off          ; 2.5 V        ; Default          ; Series 50 Ohm without Calibration ; --                        ; no                         ; no                          ; Fitter               ; -                    ; -                   ;
; ciphertext_out[47]      ; AB11  ; 3        ; 27           ; 0            ; 7            ; no              ; no                     ; no            ; 2         ; no              ; no         ; no            ; no       ; Off          ; 2.5 V        ; Default          ; Series 50 Ohm without Calibration ; --                        ; no                         ; no                          ; Fitter               ; -                    ; -                   ;
; ciphertext_out[48]      ; P2    ; 1        ; 0            ; 43           ; 14           ; no              ; no                     ; no            ; 2         ; no              ; no         ; no            ; no       ; Off          ; 2.5 V        ; Default          ; Series 50 Ohm without Calibration ; --                        ; no                         ; no                          ; Fitter               ; -                    ; -                   ;
; ciphertext_out[49]      ; L22   ; 6        ; 115          ; 62           ; 14           ; no              ; no                     ; no            ; 2         ; no              ; no         ; no            ; no       ; Off          ; 2.5 V        ; Default          ; Series 50 Ohm without Calibration ; --                        ; no                         ; no                          ; Fitter               ; -                    ; -                   ;
; ciphertext_out[4]       ; Y12   ; 3        ; 52           ; 0            ; 21           ; no              ; no                     ; no            ; 2         ; no              ; no         ; no            ; no       ; Off          ; 2.5 V        ; Default          ; Series 50 Ohm without Calibration ; --                        ; no                         ; no                          ; Fitter               ; -                    ; -                   ;
; ciphertext_out[50]      ; AF10  ; 3        ; 29           ; 0            ; 14           ; no              ; no                     ; no            ; 2         ; no              ; no         ; no            ; no       ; Off          ; 2.5 V        ; Default          ; Series 50 Ohm without Calibration ; --                        ; no                         ; no                          ; Fitter               ; -                    ; -                   ;
; ciphertext_out[51]      ; AE21  ; 4        ; 85           ; 0            ; 0            ; no              ; no                     ; no            ; 2         ; no              ; no         ; no            ; no       ; Off          ; 2.5 V        ; Default          ; Series 50 Ohm without Calibration ; --                        ; no                         ; no                          ; Fitter               ; -                    ; -                   ;
; ciphertext_out[52]      ; R28   ; 5        ; 115          ; 34           ; 21           ; no              ; no                     ; no            ; 2         ; no              ; no         ; no            ; no       ; Off          ; 2.5 V        ; Default          ; Series 50 Ohm without Calibration ; --                        ; no                         ; no                          ; Fitter               ; -                    ; -                   ;
; ciphertext_out[53]      ; N26   ; 6        ; 115          ; 44           ; 0            ; no              ; no                     ; no            ; 2         ; no              ; no         ; no            ; no       ; Off          ; 2.5 V        ; Default          ; Series 50 Ohm without Calibration ; --                        ; no                         ; no                          ; Fitter               ; -                    ; -                   ;
; ciphertext_out[54]      ; T22   ; 5        ; 115          ; 32           ; 7            ; no              ; no                     ; no            ; 2         ; no              ; no         ; no            ; no       ; Off          ; 2.5 V        ; Default          ; Series 50 Ohm without Calibration ; --                        ; no                         ; no                          ; Fitter               ; -                    ; -                   ;
; ciphertext_out[55]      ; AE17  ; 4        ; 67           ; 0            ; 7            ; no              ; no                     ; no            ; 2         ; no              ; no         ; no            ; no       ; Off          ; 2.5 V        ; Default          ; Series 50 Ohm without Calibration ; --                        ; no                         ; no                          ; Fitter               ; -                    ; -                   ;
; ciphertext_out[56]      ; AF11  ; 3        ; 35           ; 0            ; 14           ; no              ; no                     ; no            ; 2         ; no              ; no         ; no            ; no       ; Off          ; 2.5 V        ; Default          ; Series 50 Ohm without Calibration ; --                        ; no                         ; no                          ; Fitter               ; -                    ; -                   ;
; ciphertext_out[57]      ; U23   ; 5        ; 115          ; 22           ; 0            ; no              ; no                     ; no            ; 2         ; no              ; no         ; no            ; no       ; Off          ; 2.5 V        ; Default          ; Series 50 Ohm without Calibration ; --                        ; no                         ; no                          ; Fitter               ; -                    ; -                   ;
; ciphertext_out[58]      ; AF26  ; 4        ; 89           ; 0            ; 0            ; no              ; no                     ; no            ; 2         ; no              ; no         ; no            ; no       ; Off          ; 2.5 V        ; Default          ; Series 50 Ohm without Calibration ; --                        ; no                         ; no                          ; Fitter               ; -                    ; -                   ;
; ciphertext_out[59]      ; L28   ; 6        ; 115          ; 47           ; 14           ; no              ; no                     ; no            ; 2         ; no              ; no         ; no            ; no       ; Off          ; 2.5 V        ; Default          ; Series 50 Ohm without Calibration ; --                        ; no                         ; no                          ; Fitter               ; -                    ; -                   ;
; ciphertext_out[5]       ; AB26  ; 5        ; 115          ; 15           ; 0            ; no              ; no                     ; no            ; 2         ; no              ; no         ; no            ; no       ; Off          ; 2.5 V        ; Default          ; Series 50 Ohm without Calibration ; --                        ; no                         ; no                          ; Fitter               ; -                    ; -                   ;
; ciphertext_out[60]      ; T21   ; 5        ; 115          ; 32           ; 0            ; no              ; no                     ; no            ; 2         ; no              ; no         ; no            ; no       ; Off          ; 2.5 V        ; Default          ; Series 50 Ohm without Calibration ; --                        ; no                         ; no                          ; Fitter               ; -                    ; -                   ;
; ciphertext_out[61]      ; AG25  ; 4        ; 91           ; 0            ; 21           ; no              ; no                     ; no            ; 2         ; no              ; no         ; no            ; no       ; Off          ; 2.5 V        ; Default          ; Series 50 Ohm without Calibration ; --                        ; no                         ; no                          ; Fitter               ; -                    ; -                   ;
; ciphertext_out[62]      ; F26   ; 6        ; 115          ; 59           ; 14           ; no              ; no                     ; no            ; 2         ; no              ; no         ; no            ; no       ; Off          ; 2.5 V        ; Default          ; Series 50 Ohm without Calibration ; --                        ; no                         ; no                          ; Fitter               ; -                    ; -                   ;
; ciphertext_out[63]      ; AC10  ; 3        ; 38           ; 0            ; 0            ; no              ; no                     ; no            ; 2         ; no              ; no         ; no            ; no       ; Off          ; 2.5 V        ; Default          ; Series 50 Ohm without Calibration ; --                        ; no                         ; no                          ; Fitter               ; -                    ; -                   ;
; ciphertext_out[64]      ; R7    ; 2        ; 0            ; 35           ; 14           ; no              ; no                     ; no            ; 2         ; no              ; no         ; no            ; no       ; Off          ; 2.5 V        ; Default          ; Series 50 Ohm without Calibration ; --                        ; no                         ; no                          ; Fitter               ; -                    ; -                   ;
; ciphertext_out[65]      ; AH18  ; 4        ; 69           ; 0            ; 0            ; no              ; no                     ; no            ; 2         ; no              ; no         ; no            ; no       ; Off          ; 2.5 V        ; Default          ; Series 50 Ohm without Calibration ; --                        ; no                         ; no                          ; Fitter               ; -                    ; -                   ;
; ciphertext_out[66]      ; AC28  ; 5        ; 115          ; 14           ; 0            ; no              ; no                     ; no            ; 2         ; no              ; no         ; no            ; no       ; Off          ; 2.5 V        ; Default          ; Series 50 Ohm without Calibration ; --                        ; no                         ; no                          ; Fitter               ; -                    ; -                   ;
; ciphertext_out[67]      ; N25   ; 6        ; 115          ; 45           ; 21           ; no              ; no                     ; no            ; 2         ; no              ; no         ; no            ; no       ; Off          ; 2.5 V        ; Default          ; Series 50 Ohm without Calibration ; --                        ; no                         ; no                          ; Fitter               ; -                    ; -                   ;
; ciphertext_out[68]      ; E17   ; 7        ; 67           ; 73           ; 21           ; no              ; no                     ; no            ; 2         ; no              ; no         ; no            ; no       ; Off          ; 2.5 V        ; Default          ; Series 50 Ohm without Calibration ; --                        ; no                         ; no                          ; Fitter               ; -                    ; -                   ;
; ciphertext_out[69]      ; Y22   ; 5        ; 115          ; 30           ; 7            ; no              ; no                     ; no            ; 2         ; no              ; no         ; no            ; no       ; Off          ; 2.5 V        ; Default          ; Series 50 Ohm without Calibration ; --                        ; no                         ; no                          ; Fitter               ; -                    ; -                   ;
; ciphertext_out[6]       ; AG18  ; 4        ; 69           ; 0            ; 7            ; no              ; no                     ; no            ; 2         ; no              ; no         ; no            ; no       ; Off          ; 2.5 V        ; Default          ; Series 50 Ohm without Calibration ; --                        ; no                         ; no                          ; Fitter               ; -                    ; -                   ;
; ciphertext_out[70]      ; AH17  ; 4        ; 62           ; 0            ; 14           ; no              ; no                     ; no            ; 2         ; no              ; no         ; no            ; no       ; Off          ; 2.5 V        ; Default          ; Series 50 Ohm without Calibration ; --                        ; no                         ; no                          ; Fitter               ; -                    ; -                   ;
; ciphertext_out[71]      ; F17   ; 7        ; 67           ; 73           ; 14           ; no              ; no                     ; no            ; 2         ; no              ; no         ; no            ; no       ; Off          ; 2.5 V        ; Default          ; Series 50 Ohm without Calibration ; --                        ; no                         ; no                          ; Fitter               ; -                    ; -                   ;
; ciphertext_out[72]      ; H16   ; 7        ; 65           ; 73           ; 21           ; no              ; no                     ; no            ; 2         ; no              ; no         ; no            ; no       ; Off          ; 2.5 V        ; Default          ; Series 50 Ohm without Calibration ; --                        ; no                         ; no                          ; Fitter               ; -                    ; -                   ;
; ciphertext_out[73]      ; AF15  ; 4        ; 60           ; 0            ; 0            ; no              ; no                     ; no            ; 2         ; no              ; no         ; no            ; no       ; Off          ; 2.5 V        ; Default          ; Series 50 Ohm without Calibration ; --                        ; no                         ; no                          ; Fitter               ; -                    ; -                   ;
; ciphertext_out[74]      ; V28   ; 5        ; 115          ; 22           ; 21           ; no              ; no                     ; no            ; 2         ; no              ; no         ; no            ; no       ; Off          ; 2.5 V        ; Default          ; Series 50 Ohm without Calibration ; --                        ; no                         ; no                          ; Fitter               ; -                    ; -                   ;
; ciphertext_out[75]      ; AH12  ; 3        ; 54           ; 0            ; 0            ; no              ; no                     ; no            ; 2         ; no              ; no         ; no            ; no       ; Off          ; 2.5 V        ; Default          ; Series 50 Ohm without Calibration ; --                        ; no                         ; no                          ; Fitter               ; -                    ; -                   ;
; ciphertext_out[76]      ; J12   ; 8        ; 40           ; 73           ; 7            ; no              ; no                     ; no            ; 2         ; no              ; no         ; no            ; no       ; Off          ; 2.5 V        ; Default          ; Series 50 Ohm without Calibration ; --                        ; no                         ; no                          ; Fitter               ; -                    ; -                   ;
; ciphertext_out[77]      ; AA5   ; 2        ; 0            ; 10           ; 21           ; no              ; no                     ; no            ; 2         ; no              ; no         ; no            ; no       ; Off          ; 2.5 V        ; Default          ; Series 50 Ohm without Calibration ; --                        ; no                         ; no                          ; Fitter               ; -                    ; -                   ;
; ciphertext_out[78]      ; AB12  ; 3        ; 45           ; 0            ; 14           ; no              ; no                     ; no            ; 2         ; no              ; no         ; no            ; no       ; Off          ; 2.5 V        ; Default          ; Series 50 Ohm without Calibration ; --                        ; no                         ; no                          ; Fitter               ; -                    ; -                   ;
; ciphertext_out[79]      ; W28   ; 5        ; 115          ; 21           ; 14           ; no              ; no                     ; no            ; 2         ; no              ; no         ; no            ; no       ; Off          ; 2.5 V        ; Default          ; Series 50 Ohm without Calibration ; --                        ; no                         ; no                          ; Fitter               ; -                    ; -                   ;
; ciphertext_out[7]       ; AH21  ; 4        ; 74           ; 0            ; 0            ; no              ; no                     ; no            ; 2         ; no              ; no         ; no            ; no       ; Off          ; 2.5 V        ; Default          ; Series 50 Ohm without Calibration ; --                        ; no                         ; no                          ; Fitter               ; -                    ; -                   ;
; ciphertext_out[80]      ; M7    ; 1        ; 0            ; 45           ; 21           ; no              ; no                     ; no            ; 2         ; no              ; no         ; no            ; no       ; Off          ; 2.5 V        ; Default          ; Series 50 Ohm without Calibration ; --                        ; no                         ; no                          ; Fitter               ; -                    ; -                   ;
; ciphertext_out[81]      ; E19   ; 7        ; 94           ; 73           ; 7            ; no              ; no                     ; no            ; 2         ; no              ; no         ; no            ; no       ; Off          ; 2.5 V        ; Default          ; Series 50 Ohm without Calibration ; --                        ; no                         ; no                          ; Fitter               ; -                    ; -                   ;
; ciphertext_out[82]      ; AH10  ; 3        ; 31           ; 0            ; 0            ; no              ; no                     ; no            ; 2         ; no              ; no         ; no            ; no       ; Off          ; 2.5 V        ; Default          ; Series 50 Ohm without Calibration ; --                        ; no                         ; no                          ; Fitter               ; -                    ; -                   ;
; ciphertext_out[83]      ; V4    ; 2        ; 0            ; 29           ; 14           ; no              ; no                     ; no            ; 2         ; no              ; no         ; no            ; no       ; Off          ; 2.5 V        ; Default          ; Series 50 Ohm without Calibration ; --                        ; no                         ; no                          ; Fitter               ; -                    ; -                   ;
; ciphertext_out[84]      ; L1    ; 1        ; 0            ; 44           ; 7            ; no              ; no                     ; no            ; 2         ; no              ; no         ; no            ; no       ; Off          ; 2.5 V        ; Default          ; Series 50 Ohm without Calibration ; --                        ; no                         ; no                          ; Fitter               ; -                    ; -                   ;
; ciphertext_out[85]      ; P21   ; 5        ; 115          ; 36           ; 0            ; no              ; no                     ; no            ; 2         ; no              ; no         ; no            ; no       ; Off          ; 2.5 V        ; Default          ; Series 50 Ohm without Calibration ; --                        ; no                         ; no                          ; Fitter               ; -                    ; -                   ;
; ciphertext_out[86]      ; W8    ; 2        ; 0            ; 11           ; 14           ; no              ; no                     ; no            ; 2         ; no              ; no         ; no            ; no       ; Off          ; 2.5 V        ; Default          ; Series 50 Ohm without Calibration ; --                        ; no                         ; no                          ; Fitter               ; -                    ; -                   ;
; ciphertext_out[87]      ; J17   ; 7        ; 69           ; 73           ; 0            ; no              ; no                     ; no            ; 2         ; no              ; no         ; no            ; no       ; Off          ; 2.5 V        ; Default          ; Series 50 Ohm without Calibration ; --                        ; no                         ; no                          ; Fitter               ; -                    ; -                   ;
; ciphertext_out[88]      ; K8    ; 1        ; 0            ; 48           ; 0            ; no              ; no                     ; no            ; 2         ; no              ; no         ; no            ; no       ; Off          ; 2.5 V        ; Default          ; Series 50 Ohm without Calibration ; --                        ; no                         ; no                          ; Fitter               ; -                    ; -                   ;
; ciphertext_out[89]      ; AH19  ; 4        ; 72           ; 0            ; 0            ; no              ; no                     ; no            ; 2         ; no              ; no         ; no            ; no       ; Off          ; 2.5 V        ; Default          ; Series 50 Ohm without Calibration ; --                        ; no                         ; no                          ; Fitter               ; -                    ; -                   ;
; ciphertext_out[8]       ; AE20  ; 4        ; 85           ; 0            ; 21           ; no              ; no                     ; no            ; 2         ; no              ; no         ; no            ; no       ; Off          ; 2.5 V        ; Default          ; Series 50 Ohm without Calibration ; --                        ; no                         ; no                          ; Fitter               ; -                    ; -                   ;
; ciphertext_out[90]      ; AF20  ; 4        ; 85           ; 0            ; 14           ; no              ; no                     ; no            ; 2         ; no              ; no         ; no            ; no       ; Off          ; 2.5 V        ; Default          ; Series 50 Ohm without Calibration ; --                        ; no                         ; no                          ; Fitter               ; -                    ; -                   ;
; ciphertext_out[91]      ; R5    ; 2        ; 0            ; 32           ; 21           ; no              ; no                     ; no            ; 2         ; no              ; no         ; no            ; no       ; Off          ; 2.5 V        ; Default          ; Series 50 Ohm without Calibration ; --                        ; no                         ; no                          ; Fitter               ; -                    ; -                   ;
; ciphertext_out[92]      ; W7    ; 2        ; 0            ; 12           ; 21           ; no              ; no                     ; no            ; 2         ; no              ; no         ; no            ; no       ; Off          ; 2.5 V        ; Default          ; Series 50 Ohm without Calibration ; --                        ; no                         ; no                          ; Fitter               ; -                    ; -                   ;
; ciphertext_out[93]      ; AA6   ; 2        ; 0            ; 10           ; 14           ; no              ; no                     ; no            ; 2         ; no              ; no         ; no            ; no       ; Off          ; 2.5 V        ; Default          ; Series 50 Ohm without Calibration ; --                        ; no                         ; no                          ; Fitter               ; -                    ; -                   ;
; ciphertext_out[94]      ; R27   ; 5        ; 115          ; 34           ; 14           ; no              ; no                     ; no            ; 2         ; no              ; no         ; no            ; no       ; Off          ; 2.5 V        ; Default          ; Series 50 Ohm without Calibration ; --                        ; no                         ; no                          ; Fitter               ; -                    ; -                   ;
; ciphertext_out[95]      ; U4    ; 2        ; 0            ; 34           ; 14           ; no              ; no                     ; no            ; 2         ; no              ; no         ; no            ; no       ; Off          ; 2.5 V        ; Default          ; Series 50 Ohm without Calibration ; --                        ; no                         ; no                          ; Fitter               ; -                    ; -                   ;
; ciphertext_out[96]      ; AG10  ; 3        ; 31           ; 0            ; 7            ; no              ; no                     ; no            ; 2         ; no              ; no         ; no            ; no       ; Off          ; 2.5 V        ; Default          ; Series 50 Ohm without Calibration ; --                        ; no                         ; no                          ; Fitter               ; -                    ; -                   ;
; ciphertext_out[97]      ; L21   ; 6        ; 115          ; 62           ; 7            ; no              ; no                     ; no            ; 2         ; no              ; no         ; no            ; no       ; Off          ; 2.5 V        ; Default          ; Series 50 Ohm without Calibration ; --                        ; no                         ; no                          ; Fitter               ; -                    ; -                   ;
; ciphertext_out[98]      ; F11   ; 8        ; 31           ; 73           ; 7            ; no              ; no                     ; no            ; 2         ; no              ; no         ; no            ; no       ; Off          ; 2.5 V        ; Default          ; Series 50 Ohm without Calibration ; --                        ; no                         ; no                          ; Fitter               ; -                    ; -                   ;
; ciphertext_out[99]      ; J7    ; 1        ; 0            ; 49           ; 0            ; no              ; no                     ; no            ; 2         ; no              ; no         ; no            ; no       ; Off          ; 2.5 V        ; Default          ; Series 50 Ohm without Calibration ; --                        ; no                         ; no                          ; Fitter               ; -                    ; -                   ;
; ciphertext_out[9]       ; AA26  ; 5        ; 115          ; 16           ; 0            ; no              ; no                     ; no            ; 2         ; no              ; no         ; no            ; no       ; Off          ; 2.5 V        ; Default          ; Series 50 Ohm without Calibration ; --                        ; no                         ; no                          ; Fitter               ; -                    ; -                   ;
; done_o                  ; A10   ; 8        ; 38           ; 73           ; 0            ; no              ; no                     ; no            ; 2         ; no              ; no         ; no            ; no       ; Off          ; 2.5 V        ; Default          ; Series 50 Ohm without Calibration ; --                        ; no                         ; no                          ; Fitter               ; -                    ; -                   ;
; index_out[0]            ; AB15  ; 4        ; 67           ; 0            ; 14           ; no              ; no                     ; no            ; 2         ; no              ; no         ; no            ; no       ; Off          ; 2.5 V        ; Default          ; Series 50 Ohm without Calibration ; --                        ; no                         ; no                          ; Fitter               ; -                    ; -                   ;
; index_out[1]            ; V21   ; 5        ; 115          ; 25           ; 14           ; no              ; no                     ; no            ; 2         ; no              ; no         ; no            ; no       ; Off          ; 2.5 V        ; Default          ; Series 50 Ohm without Calibration ; --                        ; no                         ; no                          ; Fitter               ; -                    ; -                   ;
; index_out[2]            ; AB16  ; 4        ; 65           ; 0            ; 0            ; no              ; no                     ; no            ; 2         ; no              ; no         ; no            ; no       ; Off          ; 2.5 V        ; Default          ; Series 50 Ohm without Calibration ; --                        ; no                         ; no                          ; Fitter               ; -                    ; -                   ;
; index_out[3]            ; AA15  ; 4        ; 67           ; 0            ; 21           ; no              ; no                     ; no            ; 2         ; no              ; no         ; no            ; no       ; Off          ; 2.5 V        ; Default          ; Series 50 Ohm without Calibration ; --                        ; no                         ; no                          ; Fitter               ; -                    ; -                   ;
; pre_mixed_text_out[0]   ; AE23  ; 4        ; 105          ; 0            ; 14           ; no              ; no                     ; no            ; 2         ; no              ; no         ; no            ; no       ; Off          ; 2.5 V        ; Default          ; Series 50 Ohm without Calibration ; --                        ; no                         ; no                          ; Fitter               ; -                    ; -                   ;
; pre_mixed_text_out[100] ; E28   ; 6        ; 115          ; 57           ; 21           ; no              ; no                     ; no            ; 2         ; no              ; no         ; no            ; no       ; Off          ; 2.5 V        ; Default          ; Series 50 Ohm without Calibration ; --                        ; no                         ; no                          ; Fitter               ; -                    ; -                   ;
; pre_mixed_text_out[101] ; D14   ; 8        ; 52           ; 73           ; 7            ; no              ; no                     ; no            ; 2         ; no              ; no         ; no            ; no       ; Off          ; 2.5 V        ; Default          ; Series 50 Ohm without Calibration ; --                        ; no                         ; no                          ; Fitter               ; -                    ; -                   ;
; pre_mixed_text_out[102] ; AB9   ; 3        ; 11           ; 0            ; 7            ; no              ; no                     ; no            ; 2         ; no              ; no         ; no            ; no       ; Off          ; 2.5 V        ; Default          ; Series 50 Ohm without Calibration ; --                        ; no                         ; no                          ; Fitter               ; -                    ; -                   ;
; pre_mixed_text_out[103] ; L26   ; 6        ; 115          ; 50           ; 0            ; no              ; no                     ; no            ; 2         ; no              ; no         ; no            ; no       ; Off          ; 2.5 V        ; Default          ; Series 50 Ohm without Calibration ; --                        ; no                         ; no                          ; Fitter               ; -                    ; -                   ;
; pre_mixed_text_out[104] ; F18   ; 7        ; 87           ; 73           ; 14           ; no              ; no                     ; no            ; 2         ; no              ; no         ; no            ; no       ; Off          ; 2.5 V        ; Default          ; Series 50 Ohm without Calibration ; --                        ; no                         ; no                          ; Fitter               ; -                    ; -                   ;
; pre_mixed_text_out[105] ; AE3   ; 2        ; 0            ; 7            ; 7            ; no              ; no                     ; no            ; 2         ; no              ; no         ; no            ; no       ; Off          ; 2.5 V        ; Default          ; Series 50 Ohm without Calibration ; --                        ; no                         ; no                          ; Fitter               ; -                    ; -                   ;
; pre_mixed_text_out[106] ; G17   ; 7        ; 83           ; 73           ; 21           ; no              ; no                     ; no            ; 2         ; no              ; no         ; no            ; no       ; Off          ; 2.5 V        ; Default          ; Series 50 Ohm without Calibration ; --                        ; no                         ; no                          ; Fitter               ; -                    ; -                   ;
; pre_mixed_text_out[107] ; L8    ; 1        ; 0            ; 48           ; 7            ; no              ; no                     ; no            ; 2         ; no              ; no         ; no            ; no       ; Off          ; 2.5 V        ; Default          ; Series 50 Ohm without Calibration ; --                        ; no                         ; no                          ; Fitter               ; -                    ; -                   ;
; pre_mixed_text_out[108] ; E25   ; 7        ; 83           ; 73           ; 0            ; no              ; no                     ; no            ; 2         ; no              ; no         ; no            ; no       ; Off          ; 2.5 V        ; Default          ; Series 50 Ohm without Calibration ; --                        ; no                         ; no                          ; Fitter               ; -                    ; -                   ;
; pre_mixed_text_out[109] ; J6    ; 1        ; 0            ; 50           ; 14           ; no              ; no                     ; no            ; 2         ; no              ; no         ; no            ; no       ; Off          ; 2.5 V        ; Default          ; Series 50 Ohm without Calibration ; --                        ; no                         ; no                          ; Fitter               ; -                    ; -                   ;
; pre_mixed_text_out[10]  ; A17   ; 7        ; 60           ; 73           ; 0            ; no              ; no                     ; no            ; 2         ; no              ; no         ; no            ; no       ; Off          ; 2.5 V        ; Default          ; Series 50 Ohm without Calibration ; --                        ; no                         ; no                          ; Fitter               ; -                    ; -                   ;
; pre_mixed_text_out[110] ; M1    ; 1        ; 0            ; 44           ; 21           ; no              ; no                     ; no            ; 2         ; no              ; no         ; no            ; no       ; Off          ; 2.5 V        ; Default          ; Series 50 Ohm without Calibration ; --                        ; no                         ; no                          ; Fitter               ; -                    ; -                   ;
; pre_mixed_text_out[111] ; B23   ; 7        ; 102          ; 73           ; 7            ; no              ; no                     ; no            ; 2         ; no              ; no         ; no            ; no       ; Off          ; 2.5 V        ; Default          ; Series 50 Ohm without Calibration ; --                        ; no                         ; no                          ; Fitter               ; -                    ; -                   ;
; pre_mixed_text_out[112] ; M28   ; 6        ; 115          ; 45           ; 14           ; no              ; no                     ; no            ; 2         ; no              ; no         ; no            ; no       ; Off          ; 2.5 V        ; Default          ; Series 50 Ohm without Calibration ; --                        ; no                         ; no                          ; Fitter               ; -                    ; -                   ;
; pre_mixed_text_out[113] ; C21   ; 7        ; 91           ; 73           ; 14           ; no              ; no                     ; no            ; 2         ; no              ; no         ; no            ; no       ; Off          ; 2.5 V        ; Default          ; Series 50 Ohm without Calibration ; --                        ; no                         ; no                          ; Fitter               ; -                    ; -                   ;
; pre_mixed_text_out[114] ; D27   ; 6        ; 115          ; 61           ; 21           ; no              ; no                     ; no            ; 2         ; no              ; no         ; no            ; no       ; Off          ; 2.5 V        ; Default          ; Series 50 Ohm without Calibration ; --                        ; no                         ; no                          ; Fitter               ; -                    ; -                   ;
; pre_mixed_text_out[115] ; E11   ; 8        ; 31           ; 73           ; 0            ; no              ; no                     ; no            ; 2         ; no              ; no         ; no            ; no       ; Off          ; 2.5 V        ; Default          ; Series 50 Ohm without Calibration ; --                        ; no                         ; no                          ; Fitter               ; -                    ; -                   ;
; pre_mixed_text_out[116] ; J14   ; 8        ; 49           ; 73           ; 21           ; no              ; no                     ; no            ; 2         ; no              ; no         ; no            ; no       ; Off          ; 2.5 V        ; Default          ; Series 50 Ohm without Calibration ; --                        ; no                         ; no                          ; Fitter               ; -                    ; -                   ;
; pre_mixed_text_out[117] ; F19   ; 7        ; 94           ; 73           ; 0            ; no              ; no                     ; no            ; 2         ; no              ; no         ; no            ; no       ; Off          ; 2.5 V        ; Default          ; Series 50 Ohm without Calibration ; --                        ; no                         ; no                          ; Fitter               ; -                    ; -                   ;
; pre_mixed_text_out[118] ; A19   ; 7        ; 81           ; 73           ; 14           ; no              ; no                     ; no            ; 2         ; no              ; no         ; no            ; no       ; Off          ; 2.5 V        ; Default          ; Series 50 Ohm without Calibration ; --                        ; no                         ; no                          ; Fitter               ; -                    ; -                   ;
; pre_mixed_text_out[119] ; N4    ; 1        ; 0            ; 46           ; 14           ; no              ; no                     ; no            ; 2         ; no              ; no         ; no            ; no       ; Off          ; 2.5 V        ; Default          ; Series 50 Ohm without Calibration ; --                        ; no                         ; no                          ; Fitter               ; -                    ; -                   ;
; pre_mixed_text_out[11]  ; AC26  ; 5        ; 115          ; 11           ; 7            ; no              ; no                     ; no            ; 2         ; no              ; no         ; no            ; no       ; Off          ; 2.5 V        ; Default          ; Series 50 Ohm without Calibration ; --                        ; no                         ; no                          ; Fitter               ; -                    ; -                   ;
; pre_mixed_text_out[120] ; AE25  ; 4        ; 89           ; 0            ; 7            ; no              ; no                     ; no            ; 2         ; no              ; no         ; no            ; no       ; Off          ; 2.5 V        ; Default          ; Series 50 Ohm without Calibration ; --                        ; no                         ; no                          ; Fitter               ; -                    ; -                   ;
; pre_mixed_text_out[121] ; V25   ; 5        ; 115          ; 23           ; 0            ; no              ; no                     ; no            ; 2         ; no              ; no         ; no            ; no       ; Off          ; 2.5 V        ; Default          ; Series 50 Ohm without Calibration ; --                        ; no                         ; no                          ; Fitter               ; -                    ; -                   ;
; pre_mixed_text_out[122] ; B21   ; 7        ; 87           ; 73           ; 0            ; no              ; no                     ; no            ; 2         ; no              ; no         ; no            ; no       ; Off          ; 2.5 V        ; Default          ; Series 50 Ohm without Calibration ; --                        ; no                         ; no                          ; Fitter               ; -                    ; -                   ;
; pre_mixed_text_out[123] ; AC8   ; 3        ; 18           ; 0            ; 21           ; no              ; no                     ; no            ; 2         ; no              ; no         ; no            ; no       ; Off          ; 2.5 V        ; Default          ; Series 50 Ohm without Calibration ; --                        ; no                         ; no                          ; Fitter               ; -                    ; -                   ;
; pre_mixed_text_out[124] ; R2    ; 2        ; 0            ; 35           ; 0            ; no              ; no                     ; no            ; 2         ; no              ; no         ; no            ; no       ; Off          ; 2.5 V        ; Default          ; Series 50 Ohm without Calibration ; --                        ; no                         ; no                          ; Fitter               ; -                    ; -                   ;
; pre_mixed_text_out[125] ; L7    ; 1        ; 0            ; 47           ; 14           ; no              ; no                     ; no            ; 2         ; no              ; no         ; no            ; no       ; Off          ; 2.5 V        ; Default          ; Series 50 Ohm without Calibration ; --                        ; no                         ; no                          ; Fitter               ; -                    ; -                   ;
; pre_mixed_text_out[126] ; F12   ; 8        ; 33           ; 73           ; 7            ; no              ; no                     ; no            ; 2         ; no              ; no         ; no            ; no       ; Off          ; 2.5 V        ; Default          ; Series 50 Ohm without Calibration ; --                        ; no                         ; no                          ; Fitter               ; -                    ; -                   ;
; pre_mixed_text_out[127] ; K26   ; 6        ; 115          ; 55           ; 21           ; no              ; no                     ; no            ; 2         ; no              ; no         ; no            ; no       ; Off          ; 2.5 V        ; Default          ; Series 50 Ohm without Calibration ; --                        ; no                         ; no                          ; Fitter               ; -                    ; -                   ;
; pre_mixed_text_out[12]  ; AA24  ; 5        ; 115          ; 9            ; 21           ; no              ; no                     ; no            ; 2         ; no              ; no         ; no            ; no       ; Off          ; 2.5 V        ; Default          ; Series 50 Ohm without Calibration ; --                        ; no                         ; no                          ; Fitter               ; -                    ; -                   ;
; pre_mixed_text_out[13]  ; D17   ; 7        ; 81           ; 73           ; 7            ; no              ; no                     ; no            ; 2         ; no              ; no         ; no            ; no       ; Off          ; 2.5 V        ; Default          ; Series 50 Ohm without Calibration ; --                        ; no                         ; no                          ; Fitter               ; -                    ; -                   ;
; pre_mixed_text_out[14]  ; AB8   ; 3        ; 11           ; 0            ; 0            ; no              ; no                     ; no            ; 2         ; no              ; no         ; no            ; no       ; Off          ; 2.5 V        ; Default          ; Series 50 Ohm without Calibration ; --                        ; no                         ; no                          ; Fitter               ; -                    ; -                   ;
; pre_mixed_text_out[15]  ; AE8   ; 3        ; 23           ; 0            ; 21           ; no              ; no                     ; no            ; 2         ; no              ; no         ; no            ; no       ; Off          ; 2.5 V        ; Default          ; Series 50 Ohm without Calibration ; --                        ; no                         ; no                          ; Fitter               ; -                    ; -                   ;
; pre_mixed_text_out[16]  ; AE7   ; 3        ; 20           ; 0            ; 14           ; no              ; no                     ; no            ; 2         ; no              ; no         ; no            ; no       ; Off          ; 2.5 V        ; Default          ; Series 50 Ohm without Calibration ; --                        ; no                         ; no                          ; Fitter               ; -                    ; -                   ;
; pre_mixed_text_out[17]  ; AG4   ; 3        ; 9            ; 0            ; 21           ; no              ; no                     ; no            ; 2         ; no              ; no         ; no            ; no       ; Off          ; 2.5 V        ; Default          ; Series 50 Ohm without Calibration ; --                        ; no                         ; no                          ; Fitter               ; -                    ; -                   ;
; pre_mixed_text_out[18]  ; AC21  ; 4        ; 102          ; 0            ; 21           ; no              ; no                     ; no            ; 2         ; no              ; no         ; no            ; no       ; Off          ; 2.5 V        ; Default          ; Series 50 Ohm without Calibration ; --                        ; no                         ; no                          ; Fitter               ; -                    ; -                   ;
; pre_mixed_text_out[19]  ; Y10   ; 3        ; 7            ; 0            ; 7            ; no              ; no                     ; no            ; 2         ; no              ; no         ; no            ; no       ; Off          ; 2.5 V        ; Default          ; Series 50 Ohm without Calibration ; --                        ; no                         ; no                          ; Fitter               ; -                    ; -                   ;
; pre_mixed_text_out[1]   ; G27   ; 6        ; 115          ; 52           ; 0            ; no              ; no                     ; no            ; 2         ; no              ; no         ; no            ; no       ; Off          ; 2.5 V        ; Default          ; Series 50 Ohm without Calibration ; --                        ; no                         ; no                          ; Fitter               ; -                    ; -                   ;
; pre_mixed_text_out[20]  ; AG7   ; 3        ; 16           ; 0            ; 21           ; no              ; no                     ; no            ; 2         ; no              ; no         ; no            ; no       ; Off          ; 2.5 V        ; Default          ; Series 50 Ohm without Calibration ; --                        ; no                         ; no                          ; Fitter               ; -                    ; -                   ;
; pre_mixed_text_out[21]  ; AB7   ; 3        ; 16           ; 0            ; 0            ; no              ; no                     ; no            ; 2         ; no              ; no         ; no            ; no       ; Off          ; 2.5 V        ; Default          ; Series 50 Ohm without Calibration ; --                        ; no                         ; no                          ; Fitter               ; -                    ; -                   ;
; pre_mixed_text_out[22]  ; AF6   ; 3        ; 7            ; 0            ; 14           ; no              ; no                     ; no            ; 2         ; no              ; no         ; no            ; no       ; Off          ; 2.5 V        ; Default          ; Series 50 Ohm without Calibration ; --                        ; no                         ; no                          ; Fitter               ; -                    ; -                   ;
; pre_mixed_text_out[23]  ; AA3   ; 2        ; 0            ; 19           ; 7            ; no              ; no                     ; no            ; 2         ; no              ; no         ; no            ; no       ; Off          ; 2.5 V        ; Default          ; Series 50 Ohm without Calibration ; --                        ; no                         ; no                          ; Fitter               ; -                    ; -                   ;
; pre_mixed_text_out[24]  ; AD8   ; 3        ; 9            ; 0            ; 7            ; no              ; no                     ; no            ; 2         ; no              ; no         ; no            ; no       ; Off          ; 2.5 V        ; Default          ; Series 50 Ohm without Calibration ; --                        ; no                         ; no                          ; Fitter               ; -                    ; -                   ;
; pre_mixed_text_out[25]  ; J19   ; 7        ; 72           ; 73           ; 7            ; no              ; no                     ; no            ; 2         ; no              ; no         ; no            ; no       ; Off          ; 2.5 V        ; Default          ; Series 50 Ohm without Calibration ; --                        ; no                         ; no                          ; Fitter               ; -                    ; -                   ;
; pre_mixed_text_out[26]  ; G13   ; 8        ; 38           ; 73           ; 14           ; no              ; no                     ; no            ; 2         ; no              ; no         ; no            ; no       ; Off          ; 2.5 V        ; Default          ; Series 50 Ohm without Calibration ; --                        ; no                         ; no                          ; Fitter               ; -                    ; -                   ;
; pre_mixed_text_out[27]  ; AB21  ; 4        ; 109          ; 0            ; 7            ; no              ; no                     ; no            ; 2         ; no              ; no         ; no            ; no       ; Off          ; 2.5 V        ; Default          ; Series 50 Ohm without Calibration ; --                        ; no                         ; no                          ; Fitter               ; -                    ; -                   ;
; pre_mixed_text_out[28]  ; AG6   ; 3        ; 11           ; 0            ; 21           ; no              ; no                     ; no            ; 2         ; no              ; no         ; no            ; no       ; Off          ; 2.5 V        ; Default          ; Series 50 Ohm without Calibration ; --                        ; no                         ; no                          ; Fitter               ; -                    ; -                   ;
; pre_mixed_text_out[29]  ; AD2   ; 2        ; 0            ; 22           ; 21           ; no              ; no                     ; no            ; 2         ; no              ; no         ; no            ; no       ; Off          ; 2.5 V        ; Default          ; Series 50 Ohm without Calibration ; --                        ; no                         ; no                          ; Fitter               ; -                    ; -                   ;
; pre_mixed_text_out[2]   ; AA4   ; 2        ; 0            ; 19           ; 0            ; no              ; no                     ; no            ; 2         ; no              ; no         ; no            ; no       ; Off          ; 2.5 V        ; Default          ; Series 50 Ohm without Calibration ; --                        ; no                         ; no                          ; Fitter               ; -                    ; -                   ;
; pre_mixed_text_out[30]  ; AD10  ; 3        ; 13           ; 0            ; 21           ; no              ; no                     ; no            ; 2         ; no              ; no         ; no            ; no       ; Off          ; 2.5 V        ; Default          ; Series 50 Ohm without Calibration ; --                        ; no                         ; no                          ; Fitter               ; -                    ; -                   ;
; pre_mixed_text_out[31]  ; F28   ; 6        ; 115          ; 56           ; 21           ; no              ; no                     ; no            ; 2         ; no              ; no         ; no            ; no       ; Off          ; 2.5 V        ; Default          ; Series 50 Ohm without Calibration ; --                        ; no                         ; no                          ; Fitter               ; -                    ; -                   ;
; pre_mixed_text_out[32]  ; F27   ; 6        ; 115          ; 56           ; 14           ; no              ; no                     ; no            ; 2         ; no              ; no         ; no            ; no       ; Off          ; 2.5 V        ; Default          ; Series 50 Ohm without Calibration ; --                        ; no                         ; no                          ; Fitter               ; -                    ; -                   ;
; pre_mixed_text_out[33]  ; D20   ; 7        ; 85           ; 73           ; 14           ; no              ; no                     ; no            ; 2         ; no              ; no         ; no            ; no       ; Off          ; 2.5 V        ; Default          ; Series 50 Ohm without Calibration ; --                        ; no                         ; no                          ; Fitter               ; -                    ; -                   ;
; pre_mixed_text_out[34]  ; AA23  ; 5        ; 115          ; 10           ; 7            ; no              ; no                     ; no            ; 2         ; no              ; no         ; no            ; no       ; Off          ; 2.5 V        ; Default          ; Series 50 Ohm without Calibration ; --                        ; no                         ; no                          ; Fitter               ; -                    ; -                   ;
; pre_mixed_text_out[35]  ; Y26   ; 5        ; 115          ; 18           ; 0            ; no              ; no                     ; no            ; 2         ; no              ; no         ; no            ; no       ; Off          ; 2.5 V        ; Default          ; Series 50 Ohm without Calibration ; --                        ; no                         ; no                          ; Fitter               ; -                    ; -                   ;
; pre_mixed_text_out[36]  ; R3    ; 2        ; 0            ; 34           ; 21           ; no              ; no                     ; no            ; 2         ; no              ; no         ; no            ; no       ; Off          ; 2.5 V        ; Default          ; Series 50 Ohm without Calibration ; --                        ; no                         ; no                          ; Fitter               ; -                    ; -                   ;
; pre_mixed_text_out[37]  ; AA19  ; 4        ; 107          ; 0            ; 7            ; no              ; no                     ; no            ; 2         ; no              ; no         ; no            ; no       ; Off          ; 2.5 V        ; Default          ; Series 50 Ohm without Calibration ; --                        ; no                         ; no                          ; Fitter               ; -                    ; -                   ;
; pre_mixed_text_out[38]  ; A21   ; 7        ; 89           ; 73           ; 21           ; no              ; no                     ; no            ; 2         ; no              ; no         ; no            ; no       ; Off          ; 2.5 V        ; Default          ; Series 50 Ohm without Calibration ; --                        ; no                         ; no                          ; Fitter               ; -                    ; -                   ;
; pre_mixed_text_out[39]  ; E12   ; 8        ; 33           ; 73           ; 0            ; no              ; no                     ; no            ; 2         ; no              ; no         ; no            ; no       ; Off          ; 2.5 V        ; Default          ; Series 50 Ohm without Calibration ; --                        ; no                         ; no                          ; Fitter               ; -                    ; -                   ;
; pre_mixed_text_out[3]   ; U8    ; 2        ; 0            ; 18           ; 21           ; no              ; no                     ; no            ; 2         ; no              ; no         ; no            ; no       ; Off          ; 2.5 V        ; Default          ; Series 50 Ohm without Calibration ; --                        ; no                         ; no                          ; Fitter               ; -                    ; -                   ;
; pre_mixed_text_out[40]  ; B7    ; 8        ; 29           ; 73           ; 7            ; no              ; no                     ; no            ; 2         ; no              ; no         ; no            ; no       ; Off          ; 2.5 V        ; Default          ; Series 50 Ohm without Calibration ; --                        ; no                         ; no                          ; Fitter               ; -                    ; -                   ;
; pre_mixed_text_out[41]  ; C19   ; 7        ; 83           ; 73           ; 7            ; no              ; no                     ; no            ; 2         ; no              ; no         ; no            ; no       ; Off          ; 2.5 V        ; Default          ; Series 50 Ohm without Calibration ; --                        ; no                         ; no                          ; Fitter               ; -                    ; -                   ;
; pre_mixed_text_out[42]  ; U3    ; 2        ; 0            ; 34           ; 7            ; no              ; no                     ; no            ; 2         ; no              ; no         ; no            ; no       ; Off          ; 2.5 V        ; Default          ; Series 50 Ohm without Calibration ; --                        ; no                         ; no                          ; Fitter               ; -                    ; -                   ;
; pre_mixed_text_out[43]  ; W2    ; 2        ; 0            ; 26           ; 14           ; no              ; no                     ; no            ; 2         ; no              ; no         ; no            ; no       ; Off          ; 2.5 V        ; Default          ; Series 50 Ohm without Calibration ; --                        ; no                         ; no                          ; Fitter               ; -                    ; -                   ;
; pre_mixed_text_out[44]  ; G11   ; 8        ; 25           ; 73           ; 14           ; no              ; no                     ; no            ; 2         ; no              ; no         ; no            ; no       ; Off          ; 2.5 V        ; Default          ; Series 50 Ohm without Calibration ; --                        ; no                         ; no                          ; Fitter               ; -                    ; -                   ;
; pre_mixed_text_out[45]  ; H26   ; 6        ; 115          ; 58           ; 21           ; no              ; no                     ; no            ; 2         ; no              ; no         ; no            ; no       ; Off          ; 2.5 V        ; Default          ; Series 50 Ohm without Calibration ; --                        ; no                         ; no                          ; Fitter               ; -                    ; -                   ;
; pre_mixed_text_out[46]  ; E18   ; 7        ; 87           ; 73           ; 7            ; no              ; no                     ; no            ; 2         ; no              ; no         ; no            ; no       ; Off          ; 2.5 V        ; Default          ; Series 50 Ohm without Calibration ; --                        ; no                         ; no                          ; Fitter               ; -                    ; -                   ;
; pre_mixed_text_out[47]  ; R1    ; 2        ; 0            ; 35           ; 7            ; no              ; no                     ; no            ; 2         ; no              ; no         ; no            ; no       ; Off          ; 2.5 V        ; Default          ; Series 50 Ohm without Calibration ; --                        ; no                         ; no                          ; Fitter               ; -                    ; -                   ;
; pre_mixed_text_out[48]  ; U28   ; 5        ; 115          ; 28           ; 0            ; no              ; no                     ; no            ; 2         ; no              ; no         ; no            ; no       ; Off          ; 2.5 V        ; Default          ; Series 50 Ohm without Calibration ; --                        ; no                         ; no                          ; Fitter               ; -                    ; -                   ;
; pre_mixed_text_out[49]  ; C18   ; 7        ; 87           ; 73           ; 21           ; no              ; no                     ; no            ; 2         ; no              ; no         ; no            ; no       ; Off          ; 2.5 V        ; Default          ; Series 50 Ohm without Calibration ; --                        ; no                         ; no                          ; Fitter               ; -                    ; -                   ;
; pre_mixed_text_out[4]   ; AD5   ; 3        ; 1            ; 0            ; 21           ; no              ; no                     ; no            ; 2         ; no              ; no         ; no            ; no       ; Off          ; 2.5 V        ; Default          ; Series 50 Ohm without Calibration ; --                        ; no                         ; no                          ; Fitter               ; -                    ; -                   ;
; pre_mixed_text_out[50]  ; AB2   ; 2        ; 0            ; 27           ; 14           ; no              ; no                     ; no            ; 2         ; no              ; no         ; no            ; no       ; Off          ; 2.5 V        ; Default          ; Series 50 Ohm without Calibration ; --                        ; no                         ; no                          ; Fitter               ; -                    ; -                   ;
; pre_mixed_text_out[51]  ; L25   ; 6        ; 115          ; 54           ; 14           ; no              ; no                     ; no            ; 2         ; no              ; no         ; no            ; no       ; Off          ; 2.5 V        ; Default          ; Series 50 Ohm without Calibration ; --                        ; no                         ; no                          ; Fitter               ; -                    ; -                   ;
; pre_mixed_text_out[52]  ; R21   ; 5        ; 115          ; 36           ; 7            ; no              ; no                     ; no            ; 2         ; no              ; no         ; no            ; no       ; Off          ; 2.5 V        ; Default          ; Series 50 Ohm without Calibration ; --                        ; no                         ; no                          ; Fitter               ; -                    ; -                   ;
; pre_mixed_text_out[53]  ; V1    ; 2        ; 0            ; 28           ; 21           ; no              ; no                     ; no            ; 2         ; no              ; no         ; no            ; no       ; Off          ; 2.5 V        ; Default          ; Series 50 Ohm without Calibration ; --                        ; no                         ; no                          ; Fitter               ; -                    ; -                   ;
; pre_mixed_text_out[54]  ; D24   ; 7        ; 98           ; 73           ; 21           ; no              ; no                     ; no            ; 2         ; no              ; no         ; no            ; no       ; Off          ; 2.5 V        ; Default          ; Series 50 Ohm without Calibration ; --                        ; no                         ; no                          ; Fitter               ; -                    ; -                   ;
; pre_mixed_text_out[55]  ; B17   ; 7        ; 60           ; 73           ; 7            ; no              ; no                     ; no            ; 2         ; no              ; no         ; no            ; no       ; Off          ; 2.5 V        ; Default          ; Series 50 Ohm without Calibration ; --                        ; no                         ; no                          ; Fitter               ; -                    ; -                   ;
; pre_mixed_text_out[56]  ; Y7    ; 2        ; 0            ; 11           ; 21           ; no              ; no                     ; no            ; 2         ; no              ; no         ; no            ; no       ; Off          ; 2.5 V        ; Default          ; Series 50 Ohm without Calibration ; --                        ; no                         ; no                          ; Fitter               ; -                    ; -                   ;
; pre_mixed_text_out[57]  ; M21   ; 6        ; 115          ; 53           ; 14           ; no              ; no                     ; no            ; 2         ; no              ; no         ; no            ; no       ; Off          ; 2.5 V        ; Default          ; Series 50 Ohm without Calibration ; --                        ; no                         ; no                          ; Fitter               ; -                    ; -                   ;
; pre_mixed_text_out[58]  ; C23   ; 7        ; 100          ; 73           ; 21           ; no              ; no                     ; no            ; 2         ; no              ; no         ; no            ; no       ; Off          ; 2.5 V        ; Default          ; Series 50 Ohm without Calibration ; --                        ; no                         ; no                          ; Fitter               ; -                    ; -                   ;
; pre_mixed_text_out[59]  ; G20   ; 7        ; 74           ; 73           ; 14           ; no              ; no                     ; no            ; 2         ; no              ; no         ; no            ; no       ; Off          ; 2.5 V        ; Default          ; Series 50 Ohm without Calibration ; --                        ; no                         ; no                          ; Fitter               ; -                    ; -                   ;
; pre_mixed_text_out[5]   ; E24   ; 7        ; 85           ; 73           ; 21           ; no              ; no                     ; no            ; 2         ; no              ; no         ; no            ; no       ; Off          ; 2.5 V        ; Default          ; Series 50 Ohm without Calibration ; --                        ; no                         ; no                          ; Fitter               ; -                    ; -                   ;
; pre_mixed_text_out[60]  ; D23   ; 7        ; 100          ; 73           ; 14           ; no              ; no                     ; no            ; 2         ; no              ; no         ; no            ; no       ; Off          ; 2.5 V        ; Default          ; Series 50 Ohm without Calibration ; --                        ; no                         ; no                          ; Fitter               ; -                    ; -                   ;
; pre_mixed_text_out[61]  ; V8    ; 2        ; 0            ; 15           ; 21           ; no              ; no                     ; no            ; 2         ; no              ; no         ; no            ; no       ; Off          ; 2.5 V        ; Default          ; Series 50 Ohm without Calibration ; --                        ; no                         ; no                          ; Fitter               ; -                    ; -                   ;
; pre_mixed_text_out[62]  ; V23   ; 5        ; 115          ; 24           ; 0            ; no              ; no                     ; no            ; 2         ; no              ; no         ; no            ; no       ; Off          ; 2.5 V        ; Default          ; Series 50 Ohm without Calibration ; --                        ; no                         ; no                          ; Fitter               ; -                    ; -                   ;
; pre_mixed_text_out[63]  ; AA8   ; 3        ; 18           ; 0            ; 14           ; no              ; no                     ; no            ; 2         ; no              ; no         ; no            ; no       ; Off          ; 2.5 V        ; Default          ; Series 50 Ohm without Calibration ; --                        ; no                         ; no                          ; Fitter               ; -                    ; -                   ;
; pre_mixed_text_out[64]  ; M2    ; 1        ; 0            ; 44           ; 14           ; no              ; no                     ; no            ; 2         ; no              ; no         ; no            ; no       ; Off          ; 2.5 V        ; Default          ; Series 50 Ohm without Calibration ; --                        ; no                         ; no                          ; Fitter               ; -                    ; -                   ;
; pre_mixed_text_out[65]  ; AF13  ; 3        ; 42           ; 0            ; 14           ; no              ; no                     ; no            ; 2         ; no              ; no         ; no            ; no       ; Off          ; 2.5 V        ; Default          ; Series 50 Ohm without Calibration ; --                        ; no                         ; no                          ; Fitter               ; -                    ; -                   ;
; pre_mixed_text_out[66]  ; U7    ; 2        ; 0            ; 18           ; 14           ; no              ; no                     ; no            ; 2         ; no              ; no         ; no            ; no       ; Off          ; 2.5 V        ; Default          ; Series 50 Ohm without Calibration ; --                        ; no                         ; no                          ; Fitter               ; -                    ; -                   ;
; pre_mixed_text_out[67]  ; B22   ; 7        ; 89           ; 73           ; 14           ; no              ; no                     ; no            ; 2         ; no              ; no         ; no            ; no       ; Off          ; 2.5 V        ; Default          ; Series 50 Ohm without Calibration ; --                        ; no                         ; no                          ; Fitter               ; -                    ; -                   ;
; pre_mixed_text_out[68]  ; C10   ; 8        ; 35           ; 73           ; 14           ; no              ; no                     ; no            ; 2         ; no              ; no         ; no            ; no       ; Off          ; 2.5 V        ; Default          ; Series 50 Ohm without Calibration ; --                        ; no                         ; no                          ; Fitter               ; -                    ; -                   ;
; pre_mixed_text_out[69]  ; H24   ; 6        ; 115          ; 65           ; 21           ; no              ; no                     ; no            ; 2         ; no              ; no         ; no            ; no       ; Off          ; 2.5 V        ; Default          ; Series 50 Ohm without Calibration ; --                        ; no                         ; no                          ; Fitter               ; -                    ; -                   ;
; pre_mixed_text_out[6]   ; AG8   ; 3        ; 18           ; 0            ; 0            ; no              ; no                     ; no            ; 2         ; no              ; no         ; no            ; no       ; Off          ; 2.5 V        ; Default          ; Series 50 Ohm without Calibration ; --                        ; no                         ; no                          ; Fitter               ; -                    ; -                   ;
; pre_mixed_text_out[70]  ; G19   ; 7        ; 69           ; 73           ; 14           ; no              ; no                     ; no            ; 2         ; no              ; no         ; no            ; no       ; Off          ; 2.5 V        ; Default          ; Series 50 Ohm without Calibration ; --                        ; no                         ; no                          ; Fitter               ; -                    ; -                   ;
; pre_mixed_text_out[71]  ; F14   ; 8        ; 45           ; 73           ; 0            ; no              ; no                     ; no            ; 2         ; no              ; no         ; no            ; no       ; Off          ; 2.5 V        ; Default          ; Series 50 Ohm without Calibration ; --                        ; no                         ; no                          ; Fitter               ; -                    ; -                   ;
; pre_mixed_text_out[72]  ; M23   ; 6        ; 115          ; 40           ; 7            ; no              ; no                     ; no            ; 2         ; no              ; no         ; no            ; no       ; Off          ; 2.5 V        ; Default          ; Series 50 Ohm without Calibration ; --                        ; no                         ; no                          ; Fitter               ; -                    ; -                   ;
; pre_mixed_text_out[73]  ; D16   ; 7        ; 62           ; 73           ; 21           ; no              ; no                     ; no            ; 2         ; no              ; no         ; no            ; no       ; Off          ; 2.5 V        ; Default          ; Series 50 Ohm without Calibration ; --                        ; no                         ; no                          ; Fitter               ; -                    ; -                   ;
; pre_mixed_text_out[74]  ; AC7   ; 3        ; 9            ; 0            ; 0            ; no              ; no                     ; no            ; 2         ; no              ; no         ; no            ; no       ; Off          ; 2.5 V        ; Default          ; Series 50 Ohm without Calibration ; --                        ; no                         ; no                          ; Fitter               ; -                    ; -                   ;
; pre_mixed_text_out[75]  ; AD3   ; 2        ; 0            ; 22           ; 14           ; no              ; no                     ; no            ; 2         ; no              ; no         ; no            ; no       ; Off          ; 2.5 V        ; Default          ; Series 50 Ohm without Calibration ; --                        ; no                         ; no                          ; Fitter               ; -                    ; -                   ;
; pre_mixed_text_out[76]  ; AH6   ; 3        ; 11           ; 0            ; 14           ; no              ; no                     ; no            ; 2         ; no              ; no         ; no            ; no       ; Off          ; 2.5 V        ; Default          ; Series 50 Ohm without Calibration ; --                        ; no                         ; no                          ; Fitter               ; -                    ; -                   ;
; pre_mixed_text_out[77]  ; C13   ; 8        ; 54           ; 73           ; 0            ; no              ; no                     ; no            ; 2         ; no              ; no         ; no            ; no       ; Off          ; 2.5 V        ; Default          ; Series 50 Ohm without Calibration ; --                        ; no                         ; no                          ; Fitter               ; -                    ; -                   ;
; pre_mixed_text_out[78]  ; AE12  ; 3        ; 33           ; 0            ; 7            ; no              ; no                     ; no            ; 2         ; no              ; no         ; no            ; no       ; Off          ; 2.5 V        ; Default          ; Series 50 Ohm without Calibration ; --                        ; no                         ; no                          ; Fitter               ; -                    ; -                   ;
; pre_mixed_text_out[79]  ; AC2   ; 2        ; 0            ; 24           ; 21           ; no              ; no                     ; no            ; 2         ; no              ; no         ; no            ; no       ; Off          ; 2.5 V        ; Default          ; Series 50 Ohm without Calibration ; --                        ; no                         ; no                          ; Fitter               ; -                    ; -                   ;
; pre_mixed_text_out[7]   ; AD26  ; 5        ; 115          ; 10           ; 0            ; no              ; no                     ; no            ; 2         ; no              ; no         ; no            ; no       ; Off          ; 2.5 V        ; Default          ; Series 50 Ohm without Calibration ; --                        ; no                         ; no                          ; Fitter               ; -                    ; -                   ;
; pre_mixed_text_out[80]  ; N3    ; 1        ; 0            ; 46           ; 21           ; no              ; no                     ; no            ; 2         ; no              ; no         ; no            ; no       ; Off          ; 2.5 V        ; Default          ; Series 50 Ohm without Calibration ; --                        ; no                         ; no                          ; Fitter               ; -                    ; -                   ;
; pre_mixed_text_out[81]  ; AF27  ; 5        ; 115          ; 8            ; 21           ; no              ; no                     ; no            ; 2         ; no              ; no         ; no            ; no       ; Off          ; 2.5 V        ; Default          ; Series 50 Ohm without Calibration ; --                        ; no                         ; no                          ; Fitter               ; -                    ; -                   ;
; pre_mixed_text_out[82]  ; W4    ; 2        ; 0            ; 14           ; 7            ; no              ; no                     ; no            ; 2         ; no              ; no         ; no            ; no       ; Off          ; 2.5 V        ; Default          ; Series 50 Ohm without Calibration ; --                        ; no                         ; no                          ; Fitter               ; -                    ; -                   ;
; pre_mixed_text_out[83]  ; A6    ; 8        ; 27           ; 73           ; 14           ; no              ; no                     ; no            ; 2         ; no              ; no         ; no            ; no       ; Off          ; 2.5 V        ; Default          ; Series 50 Ohm without Calibration ; --                        ; no                         ; no                          ; Fitter               ; -                    ; -                   ;
; pre_mixed_text_out[84]  ; T3    ; 2        ; 0            ; 32           ; 14           ; no              ; no                     ; no            ; 2         ; no              ; no         ; no            ; no       ; Off          ; 2.5 V        ; Default          ; Series 50 Ohm without Calibration ; --                        ; no                         ; no                          ; Fitter               ; -                    ; -                   ;
; pre_mixed_text_out[85]  ; D15   ; 7        ; 58           ; 73           ; 21           ; no              ; no                     ; no            ; 2         ; no              ; no         ; no            ; no       ; Off          ; 2.5 V        ; Default          ; Series 50 Ohm without Calibration ; --                        ; no                         ; no                          ; Fitter               ; -                    ; -                   ;
; pre_mixed_text_out[86]  ; C22   ; 7        ; 96           ; 73           ; 14           ; no              ; no                     ; no            ; 2         ; no              ; no         ; no            ; no       ; Off          ; 2.5 V        ; Default          ; Series 50 Ohm without Calibration ; --                        ; no                         ; no                          ; Fitter               ; -                    ; -                   ;
; pre_mixed_text_out[87]  ; AA7   ; 2        ; 0            ; 9            ; 14           ; no              ; no                     ; no            ; 2         ; no              ; no         ; no            ; no       ; Off          ; 2.5 V        ; Default          ; Series 50 Ohm without Calibration ; --                        ; no                         ; no                          ; Fitter               ; -                    ; -                   ;
; pre_mixed_text_out[88]  ; D13   ; 8        ; 54           ; 73           ; 7            ; no              ; no                     ; no            ; 2         ; no              ; no         ; no            ; no       ; Off          ; 2.5 V        ; Default          ; Series 50 Ohm without Calibration ; --                        ; no                         ; no                          ; Fitter               ; -                    ; -                   ;
; pre_mixed_text_out[89]  ; AE5   ; 3        ; 5            ; 0            ; 21           ; no              ; no                     ; no            ; 2         ; no              ; no         ; no            ; no       ; Off          ; 2.5 V        ; Default          ; Series 50 Ohm without Calibration ; --                        ; no                         ; no                          ; Fitter               ; -                    ; -                   ;
; pre_mixed_text_out[8]   ; AD7   ; 3        ; 3            ; 0            ; 0            ; no              ; no                     ; no            ; 2         ; no              ; no         ; no            ; no       ; Off          ; 2.5 V        ; Default          ; Series 50 Ohm without Calibration ; --                        ; no                         ; no                          ; Fitter               ; -                    ; -                   ;
; pre_mixed_text_out[90]  ; V2    ; 2        ; 0            ; 28           ; 14           ; no              ; no                     ; no            ; 2         ; no              ; no         ; no            ; no       ; Off          ; 2.5 V        ; Default          ; Series 50 Ohm without Calibration ; --                        ; no                         ; no                          ; Fitter               ; -                    ; -                   ;
; pre_mixed_text_out[91]  ; V3    ; 2        ; 0            ; 29           ; 21           ; no              ; no                     ; no            ; 2         ; no              ; no         ; no            ; no       ; Off          ; 2.5 V        ; Default          ; Series 50 Ohm without Calibration ; --                        ; no                         ; no                          ; Fitter               ; -                    ; -                   ;
; pre_mixed_text_out[92]  ; D28   ; 6        ; 115          ; 60           ; 14           ; no              ; no                     ; no            ; 2         ; no              ; no         ; no            ; no       ; Off          ; 2.5 V        ; Default          ; Series 50 Ohm without Calibration ; --                        ; no                         ; no                          ; Fitter               ; -                    ; -                   ;
; pre_mixed_text_out[93]  ; G16   ; 7        ; 67           ; 73           ; 0            ; no              ; no                     ; no            ; 2         ; no              ; no         ; no            ; no       ; Off          ; 2.5 V        ; Default          ; Series 50 Ohm without Calibration ; --                        ; no                         ; no                          ; Fitter               ; -                    ; -                   ;
; pre_mixed_text_out[94]  ; A11   ; 8        ; 42           ; 73           ; 0            ; no              ; no                     ; no            ; 2         ; no              ; no         ; no            ; no       ; Off          ; 2.5 V        ; Default          ; Series 50 Ohm without Calibration ; --                        ; no                         ; no                          ; Fitter               ; -                    ; -                   ;
; pre_mixed_text_out[95]  ; T7    ; 2        ; 0            ; 31           ; 14           ; no              ; no                     ; no            ; 2         ; no              ; no         ; no            ; no       ; Off          ; 2.5 V        ; Default          ; Series 50 Ohm without Calibration ; --                        ; no                         ; no                          ; Fitter               ; -                    ; -                   ;
; pre_mixed_text_out[96]  ; AH4   ; 3        ; 9            ; 0            ; 14           ; no              ; no                     ; no            ; 2         ; no              ; no         ; no            ; no       ; Off          ; 2.5 V        ; Default          ; Series 50 Ohm without Calibration ; --                        ; no                         ; no                          ; Fitter               ; -                    ; -                   ;
; pre_mixed_text_out[97]  ; A12   ; 8        ; 47           ; 73           ; 0            ; no              ; no                     ; no            ; 2         ; no              ; no         ; no            ; no       ; Off          ; 2.5 V        ; Default          ; Series 50 Ohm without Calibration ; --                        ; no                         ; no                          ; Fitter               ; -                    ; -                   ;
; pre_mixed_text_out[98]  ; L2    ; 1        ; 0            ; 44           ; 0            ; no              ; no                     ; no            ; 2         ; no              ; no         ; no            ; no       ; Off          ; 2.5 V        ; Default          ; Series 50 Ohm without Calibration ; --                        ; no                         ; no                          ; Fitter               ; -                    ; -                   ;
; pre_mixed_text_out[99]  ; AC3   ; 2        ; 0            ; 23           ; 21           ; no              ; no                     ; no            ; 2         ; no              ; no         ; no            ; no       ; Off          ; 2.5 V        ; Default          ; Series 50 Ohm without Calibration ; --                        ; no                         ; no                          ; Fitter               ; -                    ; -                   ;
; pre_mixed_text_out[9]   ; AA10  ; 3        ; 18           ; 0            ; 7            ; no              ; no                     ; no            ; 2         ; no              ; no         ; no            ; no       ; Off          ; 2.5 V        ; Default          ; Series 50 Ohm without Calibration ; --                        ; no                         ; no                          ; Fitter               ; -                    ; -                   ;
; reg_text_out[0]         ; AE27  ; 5        ; 115          ; 12           ; 7            ; no              ; no                     ; no            ; 2         ; no              ; no         ; no            ; no       ; Off          ; 2.5 V        ; Default          ; Series 50 Ohm without Calibration ; --                        ; no                         ; no                          ; Fitter               ; -                    ; -                   ;
; reg_text_out[100]       ; E26   ; 6        ; 115          ; 59           ; 21           ; no              ; no                     ; no            ; 2         ; no              ; no         ; no            ; no       ; Off          ; 2.5 V        ; Default          ; Series 50 Ohm without Calibration ; --                        ; no                         ; no                          ; Fitter               ; -                    ; -                   ;
; reg_text_out[101]       ; C14   ; 8        ; 52           ; 73           ; 0            ; no              ; no                     ; no            ; 2         ; no              ; no         ; no            ; no       ; Off          ; 2.5 V        ; Default          ; Series 50 Ohm without Calibration ; --                        ; no                         ; no                          ; Fitter               ; -                    ; -                   ;
; reg_text_out[102]       ; C16   ; 7        ; 62           ; 73           ; 14           ; no              ; no                     ; no            ; 2         ; no              ; no         ; no            ; no       ; Off          ; 2.5 V        ; Default          ; Series 50 Ohm without Calibration ; --                        ; no                         ; no                          ; Fitter               ; -                    ; -                   ;
; reg_text_out[103]       ; AB17  ; 4        ; 89           ; 0            ; 14           ; no              ; no                     ; no            ; 2         ; no              ; no         ; no            ; no       ; Off          ; 2.5 V        ; Default          ; Series 50 Ohm without Calibration ; --                        ; no                         ; no                          ; Fitter               ; -                    ; -                   ;
; reg_text_out[104]       ; AG3   ; 3        ; 3            ; 0            ; 14           ; no              ; no                     ; no            ; 2         ; no              ; no         ; no            ; no       ; Off          ; 2.5 V        ; Default          ; Series 50 Ohm without Calibration ; --                        ; no                         ; no                          ; Fitter               ; -                    ; -                   ;
; reg_text_out[105]       ; AG22  ; 4        ; 79           ; 0            ; 7            ; no              ; no                     ; no            ; 2         ; no              ; no         ; no            ; no       ; Off          ; 2.5 V        ; Default          ; Series 50 Ohm without Calibration ; --                        ; no                         ; no                          ; Fitter               ; -                    ; -                   ;
; reg_text_out[106]       ; AE19  ; 4        ; 83           ; 0            ; 21           ; no              ; no                     ; no            ; 2         ; no              ; no         ; no            ; no       ; Off          ; 2.5 V        ; Default          ; Series 50 Ohm without Calibration ; --                        ; no                         ; no                          ; Fitter               ; -                    ; -                   ;
; reg_text_out[107]       ; AC12  ; 3        ; 45           ; 0            ; 21           ; no              ; no                     ; no            ; 2         ; no              ; no         ; no            ; no       ; Off          ; 2.5 V        ; Default          ; Series 50 Ohm without Calibration ; --                        ; no                         ; no                          ; Fitter               ; -                    ; -                   ;
; reg_text_out[108]       ; AD21  ; 4        ; 102          ; 0            ; 14           ; no              ; no                     ; no            ; 2         ; no              ; no         ; no            ; no       ; Off          ; 2.5 V        ; Default          ; Series 50 Ohm without Calibration ; --                        ; no                         ; no                          ; Fitter               ; -                    ; -                   ;
; reg_text_out[109]       ; P27   ; 6        ; 115          ; 44           ; 7            ; no              ; no                     ; no            ; 2         ; no              ; no         ; no            ; no       ; Off          ; 2.5 V        ; Default          ; Series 50 Ohm without Calibration ; --                        ; no                         ; no                          ; Fitter               ; -                    ; -                   ;
; reg_text_out[10]        ; R24   ; 5        ; 115          ; 35           ; 21           ; no              ; no                     ; no            ; 2         ; no              ; no         ; no            ; no       ; Off          ; 2.5 V        ; Default          ; Series 50 Ohm without Calibration ; --                        ; no                         ; no                          ; Fitter               ; -                    ; -                   ;
; reg_text_out[110]       ; K27   ; 6        ; 115          ; 50           ; 7            ; no              ; no                     ; no            ; 2         ; no              ; no         ; no            ; no       ; Off          ; 2.5 V        ; Default          ; Series 50 Ohm without Calibration ; --                        ; no                         ; no                          ; Fitter               ; -                    ; -                   ;
; reg_text_out[111]       ; G15   ; 7        ; 65           ; 73           ; 7            ; no              ; no                     ; no            ; 2         ; no              ; no         ; no            ; no       ; Off          ; 2.5 V        ; Default          ; Series 50 Ohm without Calibration ; --                        ; no                         ; no                          ; Fitter               ; -                    ; -                   ;
; reg_text_out[112]       ; AB14  ; 3        ; 54           ; 0            ; 14           ; no              ; no                     ; no            ; 2         ; no              ; no         ; no            ; no       ; Off          ; 2.5 V        ; Default          ; Series 50 Ohm without Calibration ; --                        ; no                         ; no                          ; Fitter               ; -                    ; -                   ;
; reg_text_out[113]       ; G22   ; 7        ; 72           ; 73           ; 21           ; no              ; no                     ; no            ; 2         ; no              ; no         ; no            ; no       ; Off          ; 2.5 V        ; Default          ; Series 50 Ohm without Calibration ; --                        ; no                         ; no                          ; Fitter               ; -                    ; -                   ;
; reg_text_out[114]       ; AD11  ; 3        ; 49           ; 0            ; 0            ; no              ; no                     ; no            ; 2         ; no              ; no         ; no            ; no       ; Off          ; 2.5 V        ; Default          ; Series 50 Ohm without Calibration ; --                        ; no                         ; no                          ; Fitter               ; -                    ; -                   ;
; reg_text_out[115]       ; AE22  ; 4        ; 96           ; 0            ; 7            ; no              ; no                     ; no            ; 2         ; no              ; no         ; no            ; no       ; Off          ; 2.5 V        ; Default          ; Series 50 Ohm without Calibration ; --                        ; no                         ; no                          ; Fitter               ; -                    ; -                   ;
; reg_text_out[116]       ; AC1   ; 2        ; 0            ; 23           ; 14           ; no              ; no                     ; no            ; 2         ; no              ; no         ; no            ; no       ; Off          ; 2.5 V        ; Default          ; Series 50 Ohm without Calibration ; --                        ; no                         ; no                          ; Fitter               ; -                    ; -                   ;
; reg_text_out[117]       ; C15   ; 7        ; 58           ; 73           ; 14           ; no              ; no                     ; no            ; 2         ; no              ; no         ; no            ; no       ; Off          ; 2.5 V        ; Default          ; Series 50 Ohm without Calibration ; --                        ; no                         ; no                          ; Fitter               ; -                    ; -                   ;
; reg_text_out[118]       ; R25   ; 5        ; 115          ; 33           ; 0            ; no              ; no                     ; no            ; 2         ; no              ; no         ; no            ; no       ; Off          ; 2.5 V        ; Default          ; Series 50 Ohm without Calibration ; --                        ; no                         ; no                          ; Fitter               ; -                    ; -                   ;
; reg_text_out[119]       ; Y16   ; 4        ; 96           ; 0            ; 14           ; no              ; no                     ; no            ; 2         ; no              ; no         ; no            ; no       ; Off          ; 2.5 V        ; Default          ; Series 50 Ohm without Calibration ; --                        ; no                         ; no                          ; Fitter               ; -                    ; -                   ;
; reg_text_out[11]        ; AG12  ; 3        ; 54           ; 0            ; 7            ; no              ; no                     ; no            ; 2         ; no              ; no         ; no            ; no       ; Off          ; 2.5 V        ; Default          ; Series 50 Ohm without Calibration ; --                        ; no                         ; no                          ; Fitter               ; -                    ; -                   ;
; reg_text_out[120]       ; J24   ; 6        ; 115          ; 63           ; 7            ; no              ; no                     ; no            ; 2         ; no              ; no         ; no            ; no       ; Off          ; 2.5 V        ; Default          ; Series 50 Ohm without Calibration ; --                        ; no                         ; no                          ; Fitter               ; -                    ; -                   ;
; reg_text_out[121]       ; U24   ; 5        ; 115          ; 28           ; 7            ; no              ; no                     ; no            ; 2         ; no              ; no         ; no            ; no       ; Off          ; 2.5 V        ; Default          ; Series 50 Ohm without Calibration ; --                        ; no                         ; no                          ; Fitter               ; -                    ; -                   ;
; reg_text_out[122]       ; AC18  ; 4        ; 87           ; 0            ; 14           ; no              ; no                     ; no            ; 2         ; no              ; no         ; no            ; no       ; Off          ; 2.5 V        ; Default          ; Series 50 Ohm without Calibration ; --                        ; no                         ; no                          ; Fitter               ; -                    ; -                   ;
; reg_text_out[123]       ; AE2   ; 2        ; 0            ; 17           ; 14           ; no              ; no                     ; no            ; 2         ; no              ; no         ; no            ; no       ; Off          ; 2.5 V        ; Default          ; Series 50 Ohm without Calibration ; --                        ; no                         ; no                          ; Fitter               ; -                    ; -                   ;
; reg_text_out[124]       ; J15   ; 7        ; 60           ; 73           ; 21           ; no              ; no                     ; no            ; 2         ; no              ; no         ; no            ; no       ; Off          ; 2.5 V        ; Default          ; Series 50 Ohm without Calibration ; --                        ; no                         ; no                          ; Fitter               ; -                    ; -                   ;
; reg_text_out[125]       ; W1    ; 2        ; 0            ; 25           ; 14           ; no              ; no                     ; no            ; 2         ; no              ; no         ; no            ; no       ; Off          ; 2.5 V        ; Default          ; Series 50 Ohm without Calibration ; --                        ; no                         ; no                          ; Fitter               ; -                    ; -                   ;
; reg_text_out[126]       ; J16   ; 7        ; 65           ; 73           ; 14           ; no              ; no                     ; no            ; 2         ; no              ; no         ; no            ; no       ; Off          ; 2.5 V        ; Default          ; Series 50 Ohm without Calibration ; --                        ; no                         ; no                          ; Fitter               ; -                    ; -                   ;
; reg_text_out[127]       ; M5    ; 1        ; 0            ; 47           ; 0            ; no              ; no                     ; no            ; 2         ; no              ; no         ; no            ; no       ; Off          ; 2.5 V        ; Default          ; Series 50 Ohm without Calibration ; --                        ; no                         ; no                          ; Fitter               ; -                    ; -                   ;
; reg_text_out[12]        ; AB25  ; 5        ; 115          ; 16           ; 7            ; no              ; no                     ; no            ; 2         ; no              ; no         ; no            ; no       ; Off          ; 2.5 V        ; Default          ; Series 50 Ohm without Calibration ; --                        ; no                         ; no                          ; Fitter               ; -                    ; -                   ;
; reg_text_out[13]        ; AG11  ; 3        ; 40           ; 0            ; 21           ; no              ; no                     ; no            ; 2         ; no              ; no         ; no            ; no       ; Off          ; 2.5 V        ; Default          ; Series 50 Ohm without Calibration ; --                        ; no                         ; no                          ; Fitter               ; -                    ; -                   ;
; reg_text_out[14]        ; N21   ; 6        ; 115          ; 42           ; 14           ; no              ; no                     ; no            ; 2         ; no              ; no         ; no            ; no       ; Off          ; 2.5 V        ; Default          ; Series 50 Ohm without Calibration ; --                        ; no                         ; no                          ; Fitter               ; -                    ; -                   ;
; reg_text_out[15]        ; W26   ; 5        ; 115          ; 19           ; 0            ; no              ; no                     ; no            ; 2         ; no              ; no         ; no            ; no       ; Off          ; 2.5 V        ; Default          ; Series 50 Ohm without Calibration ; --                        ; no                         ; no                          ; Fitter               ; -                    ; -                   ;
; reg_text_out[16]        ; E14   ; 8        ; 45           ; 73           ; 7            ; no              ; no                     ; no            ; 2         ; no              ; no         ; no            ; no       ; Off          ; 2.5 V        ; Default          ; Series 50 Ohm without Calibration ; --                        ; no                         ; no                          ; Fitter               ; -                    ; -                   ;
; reg_text_out[17]        ; AC22  ; 4        ; 109          ; 0            ; 0            ; no              ; no                     ; no            ; 2         ; no              ; no         ; no            ; no       ; Off          ; 2.5 V        ; Default          ; Series 50 Ohm without Calibration ; --                        ; no                         ; no                          ; Fitter               ; -                    ; -                   ;
; reg_text_out[18]        ; AA21  ; 4        ; 111          ; 0            ; 0            ; no              ; no                     ; no            ; 2         ; no              ; no         ; no            ; no       ; Off          ; 2.5 V        ; Default          ; Series 50 Ohm without Calibration ; --                        ; no                         ; no                          ; Fitter               ; -                    ; -                   ;
; reg_text_out[19]        ; AF9   ; 3        ; 20           ; 0            ; 0            ; no              ; no                     ; no            ; 2         ; no              ; no         ; no            ; no       ; Off          ; 2.5 V        ; Default          ; Series 50 Ohm without Calibration ; --                        ; no                         ; no                          ; Fitter               ; -                    ; -                   ;
; reg_text_out[1]         ; AA12  ; 3        ; 52           ; 0            ; 14           ; no              ; no                     ; no            ; 2         ; no              ; no         ; no            ; no       ; Off          ; 2.5 V        ; Default          ; Series 50 Ohm without Calibration ; --                        ; no                         ; no                          ; Fitter               ; -                    ; -                   ;
; reg_text_out[20]        ; Y25   ; 5        ; 115          ; 19           ; 7            ; no              ; no                     ; no            ; 2         ; no              ; no         ; no            ; no       ; Off          ; 2.5 V        ; Default          ; Series 50 Ohm without Calibration ; --                        ; no                         ; no                          ; Fitter               ; -                    ; -                   ;
; reg_text_out[21]        ; N8    ; 1        ; 0            ; 42           ; 7            ; no              ; no                     ; no            ; 2         ; no              ; no         ; no            ; no       ; Off          ; 2.5 V        ; Default          ; Series 50 Ohm without Calibration ; --                        ; no                         ; no                          ; Fitter               ; -                    ; -                   ;
; reg_text_out[22]        ; L27   ; 6        ; 115          ; 48           ; 7            ; no              ; no                     ; no            ; 2         ; no              ; no         ; no            ; no       ; Off          ; 2.5 V        ; Default          ; Series 50 Ohm without Calibration ; --                        ; no                         ; no                          ; Fitter               ; -                    ; -                   ;
; reg_text_out[23]        ; L23   ; 6        ; 115          ; 49           ; 7            ; no              ; no                     ; no            ; 2         ; no              ; no         ; no            ; no       ; Off          ; 2.5 V        ; Default          ; Series 50 Ohm without Calibration ; --                        ; no                         ; no                          ; Fitter               ; -                    ; -                   ;
; reg_text_out[24]        ; K7    ; 1        ; 0            ; 49           ; 7            ; no              ; no                     ; no            ; 2         ; no              ; no         ; no            ; no       ; Off          ; 2.5 V        ; Default          ; Series 50 Ohm without Calibration ; --                        ; no                         ; no                          ; Fitter               ; -                    ; -                   ;
; reg_text_out[25]        ; AF19  ; 4        ; 83           ; 0            ; 14           ; no              ; no                     ; no            ; 2         ; no              ; no         ; no            ; no       ; Off          ; 2.5 V        ; Default          ; Series 50 Ohm without Calibration ; --                        ; no                         ; no                          ; Fitter               ; -                    ; -                   ;
; reg_text_out[26]        ; AC27  ; 5        ; 115          ; 15           ; 7            ; no              ; no                     ; no            ; 2         ; no              ; no         ; no            ; no       ; Off          ; 2.5 V        ; Default          ; Series 50 Ohm without Calibration ; --                        ; no                         ; no                          ; Fitter               ; -                    ; -                   ;
; reg_text_out[27]        ; Y13   ; 3        ; 52           ; 0            ; 7            ; no              ; no                     ; no            ; 2         ; no              ; no         ; no            ; no       ; Off          ; 2.5 V        ; Default          ; Series 50 Ohm without Calibration ; --                        ; no                         ; no                          ; Fitter               ; -                    ; -                   ;
; reg_text_out[28]        ; Y19   ; 4        ; 105          ; 0            ; 0            ; no              ; no                     ; no            ; 2         ; no              ; no         ; no            ; no       ; Off          ; 2.5 V        ; Default          ; Series 50 Ohm without Calibration ; --                        ; no                         ; no                          ; Fitter               ; -                    ; -                   ;
; reg_text_out[29]        ; Y17   ; 4        ; 96           ; 0            ; 21           ; no              ; no                     ; no            ; 2         ; no              ; no         ; no            ; no       ; Off          ; 2.5 V        ; Default          ; Series 50 Ohm without Calibration ; --                        ; no                         ; no                          ; Fitter               ; -                    ; -                   ;
; reg_text_out[2]         ; D21   ; 7        ; 96           ; 73           ; 21           ; no              ; no                     ; no            ; 2         ; no              ; no         ; no            ; no       ; Off          ; 2.5 V        ; Default          ; Series 50 Ohm without Calibration ; --                        ; no                         ; no                          ; Fitter               ; -                    ; -                   ;
; reg_text_out[30]        ; W3    ; 2        ; 0            ; 13           ; 0            ; no              ; no                     ; no            ; 2         ; no              ; no         ; no            ; no       ; Off          ; 2.5 V        ; Default          ; Series 50 Ohm without Calibration ; --                        ; no                         ; no                          ; Fitter               ; -                    ; -                   ;
; reg_text_out[31]        ; AB23  ; 5        ; 115          ; 7            ; 14           ; no              ; no                     ; no            ; 2         ; no              ; no         ; no            ; no       ; Off          ; 2.5 V        ; Default          ; Series 50 Ohm without Calibration ; --                        ; no                         ; no                          ; Fitter               ; -                    ; -                   ;
; reg_text_out[32]        ; AB18  ; 4        ; 98           ; 0            ; 14           ; no              ; no                     ; no            ; 2         ; no              ; no         ; no            ; no       ; Off          ; 2.5 V        ; Default          ; Series 50 Ohm without Calibration ; --                        ; no                         ; no                          ; Fitter               ; -                    ; -                   ;
; reg_text_out[33]        ; AF21  ; 4        ; 87           ; 0            ; 21           ; no              ; no                     ; no            ; 2         ; no              ; no         ; no            ; no       ; Off          ; 2.5 V        ; Default          ; Series 50 Ohm without Calibration ; --                        ; no                         ; no                          ; Fitter               ; -                    ; -                   ;
; reg_text_out[34]        ; AF23  ; 4        ; 105          ; 0            ; 7            ; no              ; no                     ; no            ; 2         ; no              ; no         ; no            ; no       ; Off          ; 2.5 V        ; Default          ; Series 50 Ohm without Calibration ; --                        ; no                         ; no                          ; Fitter               ; -                    ; -                   ;
; reg_text_out[35]        ; AC11  ; 3        ; 49           ; 0            ; 7            ; no              ; no                     ; no            ; 2         ; no              ; no         ; no            ; no       ; Off          ; 2.5 V        ; Default          ; Series 50 Ohm without Calibration ; --                        ; no                         ; no                          ; Fitter               ; -                    ; -                   ;
; reg_text_out[36]        ; AF7   ; 3        ; 20           ; 0            ; 7            ; no              ; no                     ; no            ; 2         ; no              ; no         ; no            ; no       ; Off          ; 2.5 V        ; Default          ; Series 50 Ohm without Calibration ; --                        ; no                         ; no                          ; Fitter               ; -                    ; -                   ;
; reg_text_out[37]        ; AD24  ; 4        ; 105          ; 0            ; 21           ; no              ; no                     ; no            ; 2         ; no              ; no         ; no            ; no       ; Off          ; 2.5 V        ; Default          ; Series 50 Ohm without Calibration ; --                        ; no                         ; no                          ; Fitter               ; -                    ; -                   ;
; reg_text_out[38]        ; J26   ; 6        ; 115          ; 51           ; 7            ; no              ; no                     ; no            ; 2         ; no              ; no         ; no            ; no       ; Off          ; 2.5 V        ; Default          ; Series 50 Ohm without Calibration ; --                        ; no                         ; no                          ; Fitter               ; -                    ; -                   ;
; reg_text_out[39]        ; C24   ; 7        ; 98           ; 73           ; 14           ; no              ; no                     ; no            ; 2         ; no              ; no         ; no            ; no       ; Off          ; 2.5 V        ; Default          ; Series 50 Ohm without Calibration ; --                        ; no                         ; no                          ; Fitter               ; -                    ; -                   ;
; reg_text_out[3]         ; AC14  ; 3        ; 56           ; 0            ; 21           ; no              ; no                     ; no            ; 2         ; no              ; no         ; no            ; no       ; Off          ; 2.5 V        ; Default          ; Series 50 Ohm without Calibration ; --                        ; no                         ; no                          ; Fitter               ; -                    ; -                   ;
; reg_text_out[40]        ; Y24   ; 5        ; 115          ; 13           ; 0            ; no              ; no                     ; no            ; 2         ; no              ; no         ; no            ; no       ; Off          ; 2.5 V        ; Default          ; Series 50 Ohm without Calibration ; --                        ; no                         ; no                          ; Fitter               ; -                    ; -                   ;
; reg_text_out[41]        ; H13   ; 8        ; 38           ; 73           ; 21           ; no              ; no                     ; no            ; 2         ; no              ; no         ; no            ; no       ; Off          ; 2.5 V        ; Default          ; Series 50 Ohm without Calibration ; --                        ; no                         ; no                          ; Fitter               ; -                    ; -                   ;
; reg_text_out[42]        ; K28   ; 6        ; 115          ; 49           ; 0            ; no              ; no                     ; no            ; 2         ; no              ; no         ; no            ; no       ; Off          ; 2.5 V        ; Default          ; Series 50 Ohm without Calibration ; --                        ; no                         ; no                          ; Fitter               ; -                    ; -                   ;
; reg_text_out[43]        ; J25   ; 6        ; 115          ; 51           ; 0            ; no              ; no                     ; no            ; 2         ; no              ; no         ; no            ; no       ; Off          ; 2.5 V        ; Default          ; Series 50 Ohm without Calibration ; --                        ; no                         ; no                          ; Fitter               ; -                    ; -                   ;
; reg_text_out[44]        ; H19   ; 7        ; 72           ; 73           ; 0            ; no              ; no                     ; no            ; 2         ; no              ; no         ; no            ; no       ; Off          ; 2.5 V        ; Default          ; Series 50 Ohm without Calibration ; --                        ; no                         ; no                          ; Fitter               ; -                    ; -                   ;
; reg_text_out[45]        ; AB22  ; 4        ; 107          ; 0            ; 0            ; no              ; no                     ; no            ; 2         ; no              ; no         ; no            ; no       ; Off          ; 2.5 V        ; Default          ; Series 50 Ohm without Calibration ; --                        ; no                         ; no                          ; Fitter               ; -                    ; -                   ;
; reg_text_out[46]        ; G12   ; 8        ; 27           ; 73           ; 7            ; no              ; no                     ; no            ; 2         ; no              ; no         ; no            ; no       ; Off          ; 2.5 V        ; Default          ; Series 50 Ohm without Calibration ; --                        ; no                         ; no                          ; Fitter               ; -                    ; -                   ;
; reg_text_out[47]        ; K25   ; 6        ; 115          ; 55           ; 14           ; no              ; no                     ; no            ; 2         ; no              ; no         ; no            ; no       ; Off          ; 2.5 V        ; Default          ; Series 50 Ohm without Calibration ; --                        ; no                         ; no                          ; Fitter               ; -                    ; -                   ;
; reg_text_out[48]        ; K21   ; 6        ; 115          ; 64           ; 0            ; no              ; no                     ; no            ; 2         ; no              ; no         ; no            ; no       ; Off          ; 2.5 V        ; Default          ; Series 50 Ohm without Calibration ; --                        ; no                         ; no                          ; Fitter               ; -                    ; -                   ;
; reg_text_out[49]        ; Y23   ; 5        ; 115          ; 14           ; 7            ; no              ; no                     ; no            ; 2         ; no              ; no         ; no            ; no       ; Off          ; 2.5 V        ; Default          ; Series 50 Ohm without Calibration ; --                        ; no                         ; no                          ; Fitter               ; -                    ; -                   ;
; reg_text_out[4]         ; AC24  ; 5        ; 115          ; 4            ; 14           ; no              ; no                     ; no            ; 2         ; no              ; no         ; no            ; no       ; Off          ; 2.5 V        ; Default          ; Series 50 Ohm without Calibration ; --                        ; no                         ; no                          ; Fitter               ; -                    ; -                   ;
; reg_text_out[50]        ; AA25  ; 5        ; 115          ; 17           ; 7            ; no              ; no                     ; no            ; 2         ; no              ; no         ; no            ; no       ; Off          ; 2.5 V        ; Default          ; Series 50 Ohm without Calibration ; --                        ; no                         ; no                          ; Fitter               ; -                    ; -                   ;
; reg_text_out[51]        ; AB13  ; 3        ; 47           ; 0            ; 7            ; no              ; no                     ; no            ; 2         ; no              ; no         ; no            ; no       ; Off          ; 2.5 V        ; Default          ; Series 50 Ohm without Calibration ; --                        ; no                         ; no                          ; Fitter               ; -                    ; -                   ;
; reg_text_out[52]        ; AH3   ; 3        ; 5            ; 0            ; 7            ; no              ; no                     ; no            ; 2         ; no              ; no         ; no            ; no       ; Off          ; 2.5 V        ; Default          ; Series 50 Ohm without Calibration ; --                        ; no                         ; no                          ; Fitter               ; -                    ; -                   ;
; reg_text_out[53]        ; J23   ; 6        ; 115          ; 63           ; 0            ; no              ; no                     ; no            ; 2         ; no              ; no         ; no            ; no       ; Off          ; 2.5 V        ; Default          ; Series 50 Ohm without Calibration ; --                        ; no                         ; no                          ; Fitter               ; -                    ; -                   ;
; reg_text_out[54]        ; Y3    ; 2        ; 0            ; 24           ; 14           ; no              ; no                     ; no            ; 2         ; no              ; no         ; no            ; no       ; Off          ; 2.5 V        ; Default          ; Series 50 Ohm without Calibration ; --                        ; no                         ; no                          ; Fitter               ; -                    ; -                   ;
; reg_text_out[55]        ; AE24  ; 4        ; 100          ; 0            ; 14           ; no              ; no                     ; no            ; 2         ; no              ; no         ; no            ; no       ; Off          ; 2.5 V        ; Default          ; Series 50 Ohm without Calibration ; --                        ; no                         ; no                          ; Fitter               ; -                    ; -                   ;
; reg_text_out[56]        ; T26   ; 5        ; 115          ; 31           ; 7            ; no              ; no                     ; no            ; 2         ; no              ; no         ; no            ; no       ; Off          ; 2.5 V        ; Default          ; Series 50 Ohm without Calibration ; --                        ; no                         ; no                          ; Fitter               ; -                    ; -                   ;
; reg_text_out[57]        ; V7    ; 2        ; 0            ; 14           ; 0            ; no              ; no                     ; no            ; 2         ; no              ; no         ; no            ; no       ; Off          ; 2.5 V        ; Default          ; Series 50 Ohm without Calibration ; --                        ; no                         ; no                          ; Fitter               ; -                    ; -                   ;
; reg_text_out[58]        ; AD28  ; 5        ; 115          ; 12           ; 0            ; no              ; no                     ; no            ; 2         ; no              ; no         ; no            ; no       ; Off          ; 2.5 V        ; Default          ; Series 50 Ohm without Calibration ; --                        ; no                         ; no                          ; Fitter               ; -                    ; -                   ;
; reg_text_out[59]        ; T8    ; 2        ; 0            ; 20           ; 14           ; no              ; no                     ; no            ; 2         ; no              ; no         ; no            ; no       ; Off          ; 2.5 V        ; Default          ; Series 50 Ohm without Calibration ; --                        ; no                         ; no                          ; Fitter               ; -                    ; -                   ;
; reg_text_out[5]         ; AE13  ; 3        ; 42           ; 0            ; 21           ; no              ; no                     ; no            ; 2         ; no              ; no         ; no            ; no       ; Off          ; 2.5 V        ; Default          ; Series 50 Ohm without Calibration ; --                        ; no                         ; no                          ; Fitter               ; -                    ; -                   ;
; reg_text_out[60]        ; H21   ; 7        ; 72           ; 73           ; 14           ; no              ; no                     ; no            ; 2         ; no              ; no         ; no            ; no       ; Off          ; 2.5 V        ; Default          ; Series 50 Ohm without Calibration ; --                        ; no                         ; no                          ; Fitter               ; -                    ; -                   ;
; reg_text_out[61]        ; E27   ; 6        ; 115          ; 57           ; 14           ; no              ; no                     ; no            ; 2         ; no              ; no         ; no            ; no       ; Off          ; 2.5 V        ; Default          ; Series 50 Ohm without Calibration ; --                        ; no                         ; no                          ; Fitter               ; -                    ; -                   ;
; reg_text_out[62]        ; P26   ; 6        ; 115          ; 40           ; 0            ; no              ; no                     ; no            ; 2         ; no              ; no         ; no            ; no       ; Off          ; 2.5 V        ; Default          ; Series 50 Ohm without Calibration ; --                        ; no                         ; no                          ; Fitter               ; -                    ; -                   ;
; reg_text_out[63]        ; R23   ; 5        ; 115          ; 35           ; 14           ; no              ; no                     ; no            ; 2         ; no              ; no         ; no            ; no       ; Off          ; 2.5 V        ; Default          ; Series 50 Ohm without Calibration ; --                        ; no                         ; no                          ; Fitter               ; -                    ; -                   ;
; reg_text_out[64]        ; AG17  ; 4        ; 62           ; 0            ; 21           ; no              ; no                     ; no            ; 2         ; no              ; no         ; no            ; no       ; Off          ; 2.5 V        ; Default          ; Series 50 Ohm without Calibration ; --                        ; no                         ; no                          ; Fitter               ; -                    ; -                   ;
; reg_text_out[65]        ; AF5   ; 3        ; 5            ; 0            ; 14           ; no              ; no                     ; no            ; 2         ; no              ; no         ; no            ; no       ; Off          ; 2.5 V        ; Default          ; Series 50 Ohm without Calibration ; --                        ; no                         ; no                          ; Fitter               ; -                    ; -                   ;
; reg_text_out[66]        ; AB20  ; 4        ; 100          ; 0            ; 0            ; no              ; no                     ; no            ; 2         ; no              ; no         ; no            ; no       ; Off          ; 2.5 V        ; Default          ; Series 50 Ohm without Calibration ; --                        ; no                         ; no                          ; Fitter               ; -                    ; -                   ;
; reg_text_out[67]        ; D10   ; 8        ; 35           ; 73           ; 21           ; no              ; no                     ; no            ; 2         ; no              ; no         ; no            ; no       ; Off          ; 2.5 V        ; Default          ; Series 50 Ohm without Calibration ; --                        ; no                         ; no                          ; Fitter               ; -                    ; -                   ;
; reg_text_out[68]        ; AB4   ; 2        ; 0            ; 8            ; 21           ; no              ; no                     ; no            ; 2         ; no              ; no         ; no            ; no       ; Off          ; 2.5 V        ; Default          ; Series 50 Ohm without Calibration ; --                        ; no                         ; no                          ; Fitter               ; -                    ; -                   ;
; reg_text_out[69]        ; AE11  ; 3        ; 35           ; 0            ; 21           ; no              ; no                     ; no            ; 2         ; no              ; no         ; no            ; no       ; Off          ; 2.5 V        ; Default          ; Series 50 Ohm without Calibration ; --                        ; no                         ; no                          ; Fitter               ; -                    ; -                   ;
; reg_text_out[6]         ; AH25  ; 4        ; 91           ; 0            ; 14           ; no              ; no                     ; no            ; 2         ; no              ; no         ; no            ; no       ; Off          ; 2.5 V        ; Default          ; Series 50 Ohm without Calibration ; --                        ; no                         ; no                          ; Fitter               ; -                    ; -                   ;
; reg_text_out[70]        ; AE10  ; 3        ; 29           ; 0            ; 21           ; no              ; no                     ; no            ; 2         ; no              ; no         ; no            ; no       ; Off          ; 2.5 V        ; Default          ; Series 50 Ohm without Calibration ; --                        ; no                         ; no                          ; Fitter               ; -                    ; -                   ;
; reg_text_out[71]        ; G14   ; 8        ; 47           ; 73           ; 14           ; no              ; no                     ; no            ; 2         ; no              ; no         ; no            ; no       ; Off          ; 2.5 V        ; Default          ; Series 50 Ohm without Calibration ; --                        ; no                         ; no                          ; Fitter               ; -                    ; -                   ;
; reg_text_out[72]        ; AC15  ; 4        ; 60           ; 0            ; 21           ; no              ; no                     ; no            ; 2         ; no              ; no         ; no            ; no       ; Off          ; 2.5 V        ; Default          ; Series 50 Ohm without Calibration ; --                        ; no                         ; no                          ; Fitter               ; -                    ; -                   ;
; reg_text_out[73]        ; C12   ; 8        ; 52           ; 73           ; 14           ; no              ; no                     ; no            ; 2         ; no              ; no         ; no            ; no       ; Off          ; 2.5 V        ; Default          ; Series 50 Ohm without Calibration ; --                        ; no                         ; no                          ; Fitter               ; -                    ; -                   ;
; reg_text_out[74]        ; AD14  ; 3        ; 56           ; 0            ; 14           ; no              ; no                     ; no            ; 2         ; no              ; no         ; no            ; no       ; Off          ; 2.5 V        ; Default          ; Series 50 Ohm without Calibration ; --                        ; no                         ; no                          ; Fitter               ; -                    ; -                   ;
; reg_text_out[75]        ; AB10  ; 3        ; 38           ; 0            ; 7            ; no              ; no                     ; no            ; 2         ; no              ; no         ; no            ; no       ; Off          ; 2.5 V        ; Default          ; Series 50 Ohm without Calibration ; --                        ; no                         ; no                          ; Fitter               ; -                    ; -                   ;
; reg_text_out[76]        ; V6    ; 2        ; 0            ; 16           ; 21           ; no              ; no                     ; no            ; 2         ; no              ; no         ; no            ; no       ; Off          ; 2.5 V        ; Default          ; Series 50 Ohm without Calibration ; --                        ; no                         ; no                          ; Fitter               ; -                    ; -                   ;
; reg_text_out[77]        ; U5    ; 2        ; 0            ; 24           ; 0            ; no              ; no                     ; no            ; 2         ; no              ; no         ; no            ; no       ; Off          ; 2.5 V        ; Default          ; Series 50 Ohm without Calibration ; --                        ; no                         ; no                          ; Fitter               ; -                    ; -                   ;
; reg_text_out[78]        ; C27   ; 6        ; 115          ; 61           ; 14           ; no              ; no                     ; no            ; 2         ; no              ; no         ; no            ; no       ; Off          ; 2.5 V        ; Default          ; Series 50 Ohm without Calibration ; --                        ; no                         ; no                          ; Fitter               ; -                    ; -                   ;
; reg_text_out[79]        ; J13   ; 8        ; 40           ; 73           ; 0            ; no              ; no                     ; no            ; 2         ; no              ; no         ; no            ; no       ; Off          ; 2.5 V        ; Default          ; Series 50 Ohm without Calibration ; --                        ; no                         ; no                          ; Fitter               ; -                    ; -                   ;
; reg_text_out[7]         ; B18   ; 7        ; 79           ; 73           ; 7            ; no              ; no                     ; no            ; 2         ; no              ; no         ; no            ; no       ; Off          ; 2.5 V        ; Default          ; Series 50 Ohm without Calibration ; --                        ; no                         ; no                          ; Fitter               ; -                    ; -                   ;
; reg_text_out[80]        ; Y6    ; 2        ; 0            ; 13           ; 7            ; no              ; no                     ; no            ; 2         ; no              ; no         ; no            ; no       ; Off          ; 2.5 V        ; Default          ; Series 50 Ohm without Calibration ; --                        ; no                         ; no                          ; Fitter               ; -                    ; -                   ;
; reg_text_out[81]        ; V5    ; 2        ; 0            ; 15           ; 14           ; no              ; no                     ; no            ; 2         ; no              ; no         ; no            ; no       ; Off          ; 2.5 V        ; Default          ; Series 50 Ohm without Calibration ; --                        ; no                         ; no                          ; Fitter               ; -                    ; -                   ;
; reg_text_out[82]        ; AA17  ; 4        ; 89           ; 0            ; 21           ; no              ; no                     ; no            ; 2         ; no              ; no         ; no            ; no       ; Off          ; 2.5 V        ; Default          ; Series 50 Ohm without Calibration ; --                        ; no                         ; no                          ; Fitter               ; -                    ; -                   ;
; reg_text_out[83]        ; AE15  ; 4        ; 60           ; 0            ; 7            ; no              ; no                     ; no            ; 2         ; no              ; no         ; no            ; no       ; Off          ; 2.5 V        ; Default          ; Series 50 Ohm without Calibration ; --                        ; no                         ; no                          ; Fitter               ; -                    ; -                   ;
; reg_text_out[84]        ; AH11  ; 3        ; 40           ; 0            ; 14           ; no              ; no                     ; no            ; 2         ; no              ; no         ; no            ; no       ; Off          ; 2.5 V        ; Default          ; Series 50 Ohm without Calibration ; --                        ; no                         ; no                          ; Fitter               ; -                    ; -                   ;
; reg_text_out[85]        ; H15   ; 7        ; 60           ; 73           ; 14           ; no              ; no                     ; no            ; 2         ; no              ; no         ; no            ; no       ; Off          ; 2.5 V        ; Default          ; Series 50 Ohm without Calibration ; --                        ; no                         ; no                          ; Fitter               ; -                    ; -                   ;
; reg_text_out[86]        ; AF17  ; 4        ; 67           ; 0            ; 0            ; no              ; no                     ; no            ; 2         ; no              ; no         ; no            ; no       ; Off          ; 2.5 V        ; Default          ; Series 50 Ohm without Calibration ; --                        ; no                         ; no                          ; Fitter               ; -                    ; -                   ;
; reg_text_out[87]        ; AF4   ; 3        ; 1            ; 0            ; 0            ; no              ; no                     ; no            ; 2         ; no              ; no         ; no            ; no       ; Off          ; 2.5 V        ; Default          ; Series 50 Ohm without Calibration ; --                        ; no                         ; no                          ; Fitter               ; -                    ; -                   ;
; reg_text_out[88]        ; AB3   ; 2        ; 0            ; 21           ; 21           ; no              ; no                     ; no            ; 2         ; no              ; no         ; no            ; no       ; Off          ; 2.5 V        ; Default          ; Series 50 Ohm without Calibration ; --                        ; no                         ; no                          ; Fitter               ; -                    ; -                   ;
; reg_text_out[89]        ; AF3   ; 3        ; 7            ; 0            ; 21           ; no              ; no                     ; no            ; 2         ; no              ; no         ; no            ; no       ; Off          ; 2.5 V        ; Default          ; Series 50 Ohm without Calibration ; --                        ; no                         ; no                          ; Fitter               ; -                    ; -                   ;
; reg_text_out[8]         ; D19   ; 7        ; 83           ; 73           ; 14           ; no              ; no                     ; no            ; 2         ; no              ; no         ; no            ; no       ; Off          ; 2.5 V        ; Default          ; Series 50 Ohm without Calibration ; --                        ; no                         ; no                          ; Fitter               ; -                    ; -                   ;
; reg_text_out[90]        ; AF14  ; 3        ; 49           ; 0            ; 14           ; no              ; no                     ; no            ; 2         ; no              ; no         ; no            ; no       ; Off          ; 2.5 V        ; Default          ; Series 50 Ohm without Calibration ; --                        ; no                         ; no                          ; Fitter               ; -                    ; -                   ;
; reg_text_out[91]        ; H17   ; 7        ; 67           ; 73           ; 7            ; no              ; no                     ; no            ; 2         ; no              ; no         ; no            ; no       ; Off          ; 2.5 V        ; Default          ; Series 50 Ohm without Calibration ; --                        ; no                         ; no                          ; Fitter               ; -                    ; -                   ;
; reg_text_out[92]        ; F15   ; 7        ; 58           ; 73           ; 0            ; no              ; no                     ; no            ; 2         ; no              ; no         ; no            ; no       ; Off          ; 2.5 V        ; Default          ; Series 50 Ohm without Calibration ; --                        ; no                         ; no                          ; Fitter               ; -                    ; -                   ;
; reg_text_out[93]        ; G18   ; 7        ; 69           ; 73           ; 21           ; no              ; no                     ; no            ; 2         ; no              ; no         ; no            ; no       ; Off          ; 2.5 V        ; Default          ; Series 50 Ohm without Calibration ; --                        ; no                         ; no                          ; Fitter               ; -                    ; -                   ;
; reg_text_out[94]        ; AA13  ; 3        ; 52           ; 0            ; 0            ; no              ; no                     ; no            ; 2         ; no              ; no         ; no            ; no       ; Off          ; 2.5 V        ; Default          ; Series 50 Ohm without Calibration ; --                        ; no                         ; no                          ; Fitter               ; -                    ; -                   ;
; reg_text_out[95]        ; Y5    ; 2        ; 0            ; 12           ; 14           ; no              ; no                     ; no            ; 2         ; no              ; no         ; no            ; no       ; Off          ; 2.5 V        ; Default          ; Series 50 Ohm without Calibration ; --                        ; no                         ; no                          ; Fitter               ; -                    ; -                   ;
; reg_text_out[96]        ; AD19  ; 4        ; 94           ; 0            ; 0            ; no              ; no                     ; no            ; 2         ; no              ; no         ; no            ; no       ; Off          ; 2.5 V        ; Default          ; Series 50 Ohm without Calibration ; --                        ; no                         ; no                          ; Fitter               ; -                    ; -                   ;
; reg_text_out[97]        ; AE28  ; 5        ; 115          ; 11           ; 0            ; no              ; no                     ; no            ; 2         ; no              ; no         ; no            ; no       ; Off          ; 2.5 V        ; Default          ; Series 50 Ohm without Calibration ; --                        ; no                         ; no                          ; Fitter               ; -                    ; -                   ;
; reg_text_out[98]        ; P25   ; 6        ; 115          ; 41           ; 7            ; no              ; no                     ; no            ; 2         ; no              ; no         ; no            ; no       ; Off          ; 2.5 V        ; Default          ; Series 50 Ohm without Calibration ; --                        ; no                         ; no                          ; Fitter               ; -                    ; -                   ;
; reg_text_out[99]        ; Y14   ; 3        ; 56           ; 0            ; 7            ; no              ; no                     ; no            ; 2         ; no              ; no         ; no            ; no       ; Off          ; 2.5 V        ; Default          ; Series 50 Ohm without Calibration ; --                        ; no                         ; no                          ; Fitter               ; -                    ; -                   ;
; reg_text_out[9]         ; AD18  ; 4        ; 85           ; 0            ; 7            ; no              ; no                     ; no            ; 2         ; no              ; no         ; no            ; no       ; Off          ; 2.5 V        ; Default          ; Series 50 Ohm without Calibration ; --                        ; no                         ; no                          ; Fitter               ; -                    ; -                   ;
; sbox_out_test[0]        ; V24   ; 5        ; 115          ; 24           ; 7            ; no              ; no                     ; no            ; 2         ; no              ; no         ; no            ; no       ; Off          ; 2.5 V        ; Default          ; Series 50 Ohm without Calibration ; --                        ; no                         ; no                          ; Fitter               ; -                    ; -                   ;
; sbox_out_test[1]        ; AH22  ; 4        ; 79           ; 0            ; 0            ; no              ; no                     ; no            ; 2         ; no              ; no         ; no            ; no       ; Off          ; 2.5 V        ; Default          ; Series 50 Ohm without Calibration ; --                        ; no                         ; no                          ; Fitter               ; -                    ; -                   ;
; sbox_out_test[2]        ; AE18  ; 4        ; 79           ; 0            ; 21           ; no              ; no                     ; no            ; 2         ; no              ; no         ; no            ; no       ; Off          ; 2.5 V        ; Default          ; Series 50 Ohm without Calibration ; --                        ; no                         ; no                          ; Fitter               ; -                    ; -                   ;
; sbox_out_test[3]        ; AA16  ; 4        ; 65           ; 0            ; 7            ; no              ; no                     ; no            ; 2         ; no              ; no         ; no            ; no       ; Off          ; 2.5 V        ; Default          ; Series 50 Ohm without Calibration ; --                        ; no                         ; no                          ; Fitter               ; -                    ; -                   ;
; sbox_out_test[4]        ; AE16  ; 4        ; 65           ; 0            ; 21           ; no              ; no                     ; no            ; 2         ; no              ; no         ; no            ; no       ; Off          ; 2.5 V        ; Default          ; Series 50 Ohm without Calibration ; --                        ; no                         ; no                          ; Fitter               ; -                    ; -                   ;
; sbox_out_test[5]        ; AG21  ; 4        ; 74           ; 0            ; 7            ; no              ; no                     ; no            ; 2         ; no              ; no         ; no            ; no       ; Off          ; 2.5 V        ; Default          ; Series 50 Ohm without Calibration ; --                        ; no                         ; no                          ; Fitter               ; -                    ; -                   ;
; sbox_out_test[6]        ; V27   ; 5        ; 115          ; 22           ; 14           ; no              ; no                     ; no            ; 2         ; no              ; no         ; no            ; no       ; Off          ; 2.5 V        ; Default          ; Series 50 Ohm without Calibration ; --                        ; no                         ; no                          ; Fitter               ; -                    ; -                   ;
; sbox_out_test[7]        ; AF18  ; 4        ; 79           ; 0            ; 14           ; no              ; no                     ; no            ; 2         ; no              ; no         ; no            ; no       ; Off          ; 2.5 V        ; Default          ; Series 50 Ohm without Calibration ; --                        ; no                         ; no                          ; Fitter               ; -                    ; -                   ;
; state_out[0]            ; AD1   ; 2        ; 0            ; 21           ; 14           ; no              ; no                     ; no            ; 2         ; no              ; no         ; no            ; no       ; Off          ; 2.5 V        ; Default          ; Series 50 Ohm without Calibration ; --                        ; no                         ; no                          ; Fitter               ; -                    ; -                   ;
; state_out[1]            ; E15   ; 7        ; 58           ; 73           ; 7            ; no              ; no                     ; no            ; 2         ; no              ; no         ; no            ; no       ; Off          ; 2.5 V        ; Default          ; Series 50 Ohm without Calibration ; --                        ; no                         ; no                          ; Fitter               ; -                    ; -                   ;
; state_out[2]            ; AH8   ; 3        ; 20           ; 0            ; 21           ; no              ; no                     ; no            ; 2         ; no              ; no         ; no            ; no       ; Off          ; 2.5 V        ; Default          ; Series 50 Ohm without Calibration ; --                        ; no                         ; no                          ; Fitter               ; -                    ; -                   ;
+-------------------------+-------+----------+--------------+--------------+--------------+-----------------+------------------------+---------------+-----------+-----------------+------------+---------------+----------+--------------+--------------+------------------+-----------------------------------+---------------------------+----------------------------+-----------------------------+----------------------+----------------------+---------------------+


+--------------------------------------------------------------------------------------------------------------------------------------+
; Dual Purpose and Dedicated Pins                                                                                                      ;
+----------+------------------------------------------+--------------------------+-------------------------+---------------------------+
; Location ; Pin Name                                 ; Reserved As              ; User Signal Name        ; Pin Type                  ;
+----------+------------------------------------------+--------------------------+-------------------------+---------------------------+
; F4       ; DIFFIO_L5n, DATA1, ASDO                  ; As input tri-stated      ; ~ALTERA_ASDO_DATA1~     ; Dual Purpose Pin          ;
; E2       ; DIFFIO_L8p, FLASH_nCE, nCSO              ; As input tri-stated      ; ~ALTERA_FLASH_nCE_nCSO~ ; Dual Purpose Pin          ;
; M6       ; nSTATUS                                  ; -                        ; -                       ; Dedicated Programming Pin ;
; P3       ; DCLK                                     ; As output driving ground ; ~ALTERA_DCLK~           ; Dual Purpose Pin          ;
; N7       ; DATA0                                    ; As input tri-stated      ; ~ALTERA_DATA0~          ; Dual Purpose Pin          ;
; P4       ; nCONFIG                                  ; -                        ; -                       ; Dedicated Programming Pin ;
; R8       ; nCE                                      ; -                        ; -                       ; Dedicated Programming Pin ;
; T22      ; DIFFIO_R29n, DEV_OE                      ; Use as regular IO        ; ciphertext_out[54]      ; Dual Purpose Pin          ;
; T21      ; DIFFIO_R29p, DEV_CLRn                    ; Use as regular IO        ; ciphertext_out[60]      ; Dual Purpose Pin          ;
; P24      ; CONF_DONE                                ; -                        ; -                       ; Dedicated Programming Pin ;
; N22      ; MSEL0                                    ; -                        ; -                       ; Dedicated Programming Pin ;
; P23      ; MSEL1                                    ; -                        ; -                       ; Dedicated Programming Pin ;
; M22      ; MSEL2                                    ; -                        ; -                       ; Dedicated Programming Pin ;
; P22      ; MSEL3                                    ; -                        ; -                       ; Dedicated Programming Pin ;
; P26      ; DIFFIO_R24n, INIT_DONE                   ; Use as regular IO        ; reg_text_out[62]        ; Dual Purpose Pin          ;
; P25      ; DIFFIO_R24p, CRC_ERROR                   ; Use as regular IO        ; reg_text_out[98]        ; Dual Purpose Pin          ;
; P28      ; DIFFIO_R23n, nCEO                        ; Use as programming pin   ; ~ALTERA_nCEO~           ; Dual Purpose Pin          ;
; P27      ; DIFFIO_R23p, CLKUSR                      ; Use as regular IO        ; reg_text_out[109]       ; Dual Purpose Pin          ;
; G28      ; DIFFIO_R15n, nWE                         ; Use as regular IO        ; ciphertext_out[41]      ; Dual Purpose Pin          ;
; G27      ; DIFFIO_R15p, nOE                         ; Use as regular IO        ; pre_mixed_text_out[1]   ; Dual Purpose Pin          ;
; F28      ; DIFFIO_R13n, nAVD                        ; Use as regular IO        ; pre_mixed_text_out[31]  ; Dual Purpose Pin          ;
; F27      ; DIFFIO_R13p                              ; Use as regular IO        ; pre_mixed_text_out[32]  ; Dual Purpose Pin          ;
; E28      ; DIFFIO_R12n, PADD23                      ; Use as regular IO        ; pre_mixed_text_out[100] ; Dual Purpose Pin          ;
; D28      ; DIFFIO_R9n, PADD22                       ; Use as regular IO        ; pre_mixed_text_out[92]  ; Dual Purpose Pin          ;
; D27      ; DIFFIO_R9p, PADD21                       ; Use as regular IO        ; pre_mixed_text_out[114] ; Dual Purpose Pin          ;
; C27      ; DIFFIO_R8n, PADD20, DQS2R/CQ3R,CDPCLK5   ; Use as regular IO        ; reg_text_out[78]        ; Dual Purpose Pin          ;
; B22      ; DIFFIO_T53p, PADD0                       ; Use as regular IO        ; pre_mixed_text_out[67]  ; Dual Purpose Pin          ;
; C18      ; DIFFIO_T50n, PADD1                       ; Use as regular IO        ; pre_mixed_text_out[49]  ; Dual Purpose Pin          ;
; D18      ; DIFFIO_T50p, PADD2                       ; Use as regular IO        ; AES_version[1]          ; Dual Purpose Pin          ;
; C17      ; DIFFIO_T46n, PADD3                       ; Use as regular IO        ; ciphertext_out[44]      ; Dual Purpose Pin          ;
; D17      ; DIFFIO_T46p, PADD4, DQS2T/CQ3T,DPCLK8    ; Use as regular IO        ; pre_mixed_text_out[13]  ; Dual Purpose Pin          ;
; A19      ; DIFFIO_T45n, PADD5                       ; Use as regular IO        ; pre_mixed_text_out[118] ; Dual Purpose Pin          ;
; B19      ; DIFFIO_T45p, PADD6                       ; Use as regular IO        ; ciphertext_out[100]     ; Dual Purpose Pin          ;
; A18      ; DIFFIO_T44n, PADD7                       ; Use as regular IO        ; ciphertext_out[121]     ; Dual Purpose Pin          ;
; B18      ; DIFFIO_T44p, PADD8                       ; Use as regular IO        ; reg_text_out[7]         ; Dual Purpose Pin          ;
; C16      ; DIFFIO_T36n, PADD9                       ; Use as regular IO        ; reg_text_out[102]       ; Dual Purpose Pin          ;
; D16      ; DIFFIO_T36p, PADD10                      ; Use as regular IO        ; pre_mixed_text_out[73]  ; Dual Purpose Pin          ;
; A17      ; DIFFIO_T35n, PADD11                      ; Use as regular IO        ; pre_mixed_text_out[10]  ; Dual Purpose Pin          ;
; B17      ; DIFFIO_T35p, PADD12, DQS4T/CQ5T,DPCLK9   ; Use as regular IO        ; pre_mixed_text_out[55]  ; Dual Purpose Pin          ;
; C15      ; DIFFIO_T32n, PADD13                      ; Use as regular IO        ; reg_text_out[117]       ; Dual Purpose Pin          ;
; D15      ; DIFFIO_T32p, PADD14                      ; Use as regular IO        ; pre_mixed_text_out[85]  ; Dual Purpose Pin          ;
; D14      ; DIFFIO_T30p, PADD15                      ; Use as regular IO        ; pre_mixed_text_out[101] ; Dual Purpose Pin          ;
; C12      ; DIFFIO_T29n, PADD16                      ; Use as regular IO        ; reg_text_out[73]        ; Dual Purpose Pin          ;
; D12      ; DIFFIO_T29p, PADD17, DQS5T/CQ5T#,DPCLK10 ; Use as regular IO        ; ciphertext_out[29]      ; Dual Purpose Pin          ;
; A11      ; DIFFIO_T25n, DATA2                       ; Use as regular IO        ; pre_mixed_text_out[94]  ; Dual Purpose Pin          ;
; B11      ; DIFFIO_T25p, DATA3                       ; Use as regular IO        ; ciphertext_out[39]      ; Dual Purpose Pin          ;
; A10      ; DIFFIO_T23n, PADD18                      ; Use as regular IO        ; done_o                  ; Dual Purpose Pin          ;
; B10      ; DIFFIO_T23p, DATA4                       ; Use as regular IO        ; ciphertext_out[26]      ; Dual Purpose Pin          ;
; G13      ; DIFFIO_T22n, PADD19                      ; Use as regular IO        ; pre_mixed_text_out[26]  ; Dual Purpose Pin          ;
; H13      ; DIFFIO_T22p, DATA15                      ; Use as regular IO        ; reg_text_out[41]        ; Dual Purpose Pin          ;
; E12      ; DIFFIO_T20n, DATA14, DQS3T/CQ3T#,DPCLK11 ; Use as regular IO        ; pre_mixed_text_out[39]  ; Dual Purpose Pin          ;
; F12      ; DIFFIO_T20p, DATA13                      ; Use as regular IO        ; pre_mixed_text_out[126] ; Dual Purpose Pin          ;
; B7       ; DIFFIO_T18p, DATA5                       ; Use as regular IO        ; pre_mixed_text_out[40]  ; Dual Purpose Pin          ;
+----------+------------------------------------------+--------------------------+-------------------------+---------------------------+


+------------------------------------------------------------+
; I/O Bank Usage                                             ;
+----------+------------------+---------------+--------------+
; I/O Bank ; Usage            ; VCCIO Voltage ; VREF Voltage ;
+----------+------------------+---------------+--------------+
; 1        ; 24 / 56 ( 43 % ) ; 2.5V          ; --           ;
; 2        ; 57 / 63 ( 90 % ) ; 2.5V          ; --           ;
; 3        ; 69 / 73 ( 95 % ) ; 2.5V          ; --           ;
; 4        ; 67 / 71 ( 94 % ) ; 2.5V          ; --           ;
; 5        ; 59 / 65 ( 91 % ) ; 2.5V          ; --           ;
; 6        ; 46 / 58 ( 79 % ) ; 2.5V          ; --           ;
; 7        ; 57 / 72 ( 79 % ) ; 2.5V          ; --           ;
; 8        ; 31 / 71 ( 44 % ) ; 2.5V          ; --           ;
+----------+------------------+---------------+--------------+


+-----------------------------------------------------------------------------------------------------------------------------------------------------------------------------------------+
; All Package Pins                                                                                                                                                                        ;
+----------+------------+----------+-----------------------------------------------------------+--------+--------------+---------+------------+-----------------+----------+--------------+
; Location ; Pad Number ; I/O Bank ; Pin Name/Usage                                            ; Dir.   ; I/O Standard ; Voltage ; I/O Type   ; User Assignment ; Bus Hold ; Weak Pull Up ;
+----------+------------+----------+-----------------------------------------------------------+--------+--------------+---------+------------+-----------------+----------+--------------+
; A2       ;            ; 8        ; VCCIO8                                                    ; power  ;              ; 2.5V    ; --         ;                 ; --       ; --           ;
; A3       ; 535        ; 8        ; RESERVED_INPUT_WITH_WEAK_PULLUP                           ;        ;              ;         ; Column I/O ;                 ; no       ; On           ;
; A4       ; 532        ; 8        ; RESERVED_INPUT_WITH_WEAK_PULLUP                           ;        ;              ;         ; Column I/O ;                 ; no       ; On           ;
; A5       ;            ; 8        ; VCCIO8                                                    ; power  ;              ; 2.5V    ; --         ;                 ; --       ; --           ;
; A6       ; 504        ; 8        ; pre_mixed_text_out[83]                                    ; output ; 2.5 V        ;         ; Column I/O ; N               ; no       ; Off          ;
; A7       ; 501        ; 8        ; ciphertext_out[115]                                       ; output ; 2.5 V        ;         ; Column I/O ; N               ; no       ; Off          ;
; A8       ; 517        ; 8        ; RESERVED_INPUT_WITH_WEAK_PULLUP                           ;        ;              ;         ; Column I/O ;                 ; no       ; On           ;
; A9       ;            ; 8        ; VCCIO8                                                    ; power  ;              ; 2.5V    ; --         ;                 ; --       ; --           ;
; A10      ; 491        ; 8        ; done_o                                                    ; output ; 2.5 V        ;         ; Column I/O ; N               ; no       ; Off          ;
; A11      ; 487        ; 8        ; pre_mixed_text_out[94]                                    ; output ; 2.5 V        ;         ; Column I/O ; N               ; no       ; Off          ;
; A12      ; 482        ; 8        ; pre_mixed_text_out[97]                                    ; output ; 2.5 V        ;         ; Column I/O ; N               ; no       ; Off          ;
; A13      ;            ; 8        ; VCCIO8                                                    ; power  ;              ; 2.5V    ; --         ;                 ; --       ; --           ;
; A14      ; 472        ; 8        ; GND+                                                      ;        ;              ;         ; Column I/O ;                 ; --       ; --           ;
; A15      ; 470        ; 7        ; GND+                                                      ;        ;              ;         ; Column I/O ;                 ; --       ; --           ;
; A16      ;            ; 7        ; VCCIO7                                                    ; power  ;              ; 2.5V    ; --         ;                 ; --       ; --           ;
; A17      ; 462        ; 7        ; pre_mixed_text_out[10]                                    ; output ; 2.5 V        ;         ; Column I/O ; N               ; no       ; Off          ;
; A18      ; 442        ; 7        ; ciphertext_out[121]                                       ; output ; 2.5 V        ;         ; Column I/O ; N               ; no       ; Off          ;
; A19      ; 440        ; 7        ; pre_mixed_text_out[118]                                   ; output ; 2.5 V        ;         ; Column I/O ; N               ; no       ; Off          ;
; A20      ;            ; 7        ; VCCIO7                                                    ; power  ;              ; 2.5V    ; --         ;                 ; --       ; --           ;
; A21      ; 425        ; 7        ; pre_mixed_text_out[38]                                    ; output ; 2.5 V        ;         ; Column I/O ; N               ; no       ; Off          ;
; A22      ; 423        ; 7        ; ciphertext_out[12]                                        ; output ; 2.5 V        ;         ; Column I/O ; N               ; no       ; Off          ;
; A23      ; 412        ; 7        ; RESERVED_INPUT_WITH_WEAK_PULLUP                           ;        ;              ;         ; Column I/O ;                 ; no       ; On           ;
; A24      ;            ; 7        ; VCCIO7                                                    ; power  ;              ; 2.5V    ; --         ;                 ; --       ; --           ;
; A25      ; 405        ; 7        ; RESERVED_INPUT_WITH_WEAK_PULLUP                           ;        ;              ;         ; Column I/O ;                 ; no       ; On           ;
; A26      ; 404        ; 7        ; RESERVED_INPUT_WITH_WEAK_PULLUP                           ;        ;              ;         ; Column I/O ;                 ; no       ; On           ;
; A27      ;            ; 7        ; VCCIO7                                                    ; power  ;              ; 2.5V    ; --         ;                 ; --       ; --           ;
; AA1      ;            ; 2        ; VCCIO2                                                    ; power  ;              ; 2.5V    ; --         ;                 ; --       ; --           ;
; AA2      ;            ;          ; GND                                                       ; gnd    ;              ;         ; --         ;                 ; --       ; --           ;
; AA3      ; 102        ; 2        ; pre_mixed_text_out[23]                                    ; output ; 2.5 V        ;         ; Row I/O    ; N               ; no       ; Off          ;
; AA4      ; 101        ; 2        ; pre_mixed_text_out[2]                                     ; output ; 2.5 V        ;         ; Row I/O    ; N               ; no       ; Off          ;
; AA5      ; 119        ; 2        ; ciphertext_out[77]                                        ; output ; 2.5 V        ;         ; Row I/O    ; N               ; no       ; Off          ;
; AA6      ; 118        ; 2        ; ciphertext_out[93]                                        ; output ; 2.5 V        ;         ; Row I/O    ; N               ; no       ; Off          ;
; AA7      ; 120        ; 2        ; pre_mixed_text_out[87]                                    ; output ; 2.5 V        ;         ; Row I/O    ; N               ; no       ; Off          ;
; AA8      ; 154        ; 3        ; pre_mixed_text_out[63]                                    ; output ; 2.5 V        ;         ; Column I/O ; N               ; no       ; Off          ;
; AA9      ;            ;          ; GNDA1                                                     ; gnd    ;              ;         ; --         ;                 ; --       ; --           ;
; AA10     ; 155        ; 3        ; pre_mixed_text_out[9]                                     ; output ; 2.5 V        ;         ; Column I/O ; N               ; no       ; Off          ;
; AA11     ;            ; 3        ; VCCIO3                                                    ; power  ;              ; 2.5V    ; --         ;                 ; --       ; --           ;
; AA12     ; 188        ; 3        ; reg_text_out[1]                                           ; output ; 2.5 V        ;         ; Column I/O ; N               ; no       ; Off          ;
; AA13     ; 190        ; 3        ; reg_text_out[94]                                          ; output ; 2.5 V        ;         ; Column I/O ; N               ; no       ; Off          ;
; AA14     ; 191        ; 3        ; ciphertext_out[16]                                        ; output ; 2.5 V        ;         ; Column I/O ; N               ; no       ; Off          ;
; AA15     ; 213        ; 4        ; index_out[3]                                              ; output ; 2.5 V        ;         ; Column I/O ; N               ; no       ; Off          ;
; AA16     ; 211        ; 4        ; sbox_out_test[3]                                          ; output ; 2.5 V        ;         ; Column I/O ; N               ; no       ; Off          ;
; AA17     ; 241        ; 4        ; reg_text_out[82]                                          ; output ; 2.5 V        ;         ; Column I/O ; N               ; no       ; Off          ;
; AA18     ;            ; 4        ; VCCIO4                                                    ; power  ;              ; 2.5V    ; --         ;                 ; --       ; --           ;
; AA19     ; 264        ; 4        ; pre_mixed_text_out[37]                                    ; output ; 2.5 V        ;         ; Column I/O ; N               ; no       ; Off          ;
; AA20     ;            ;          ; GNDA4                                                     ; gnd    ;              ;         ; --         ;                 ; --       ; --           ;
; AA21     ; 269        ; 4        ; reg_text_out[18]                                          ; output ; 2.5 V        ;         ; Column I/O ; N               ; no       ; Off          ;
; AA22     ; 275        ; 5        ; RESERVED_INPUT_WITH_WEAK_PULLUP                           ;        ;              ;         ; Row I/O    ;                 ; no       ; On           ;
; AA23     ; 280        ; 5        ; pre_mixed_text_out[34]                                    ; output ; 2.5 V        ;         ; Row I/O    ; N               ; no       ; Off          ;
; AA24     ; 279        ; 5        ; pre_mixed_text_out[12]                                    ; output ; 2.5 V        ;         ; Row I/O    ; N               ; no       ; Off          ;
; AA25     ; 294        ; 5        ; reg_text_out[50]                                          ; output ; 2.5 V        ;         ; Row I/O    ; N               ; no       ; Off          ;
; AA26     ; 293        ; 5        ; ciphertext_out[9]                                         ; output ; 2.5 V        ;         ; Row I/O    ; N               ; no       ; Off          ;
; AA27     ;            ;          ; GND                                                       ; gnd    ;              ;         ; --         ;                 ; --       ; --           ;
; AA28     ;            ; 5        ; VCCIO5                                                    ; power  ;              ; 2.5V    ; --         ;                 ; --       ; --           ;
; AB1      ; 86         ; 2        ; ciphertext_out[125]                                       ; output ; 2.5 V        ;         ; Row I/O    ; N               ; no       ; Off          ;
; AB2      ; 85         ; 2        ; pre_mixed_text_out[50]                                    ; output ; 2.5 V        ;         ; Row I/O    ; N               ; no       ; Off          ;
; AB3      ; 99         ; 2        ; reg_text_out[88]                                          ; output ; 2.5 V        ;         ; Row I/O    ; N               ; no       ; Off          ;
; AB4      ; 121        ; 2        ; reg_text_out[68]                                          ; output ; 2.5 V        ;         ; Row I/O    ; N               ; no       ; Off          ;
; AB5      ; 127        ; 2        ; RESERVED_INPUT_WITH_WEAK_PULLUP                           ;        ;              ;         ; Row I/O    ;                 ; no       ; On           ;
; AB6      ; 126        ; 2        ; RESERVED_INPUT_WITH_WEAK_PULLUP                           ;        ;              ;         ; Row I/O    ;                 ; no       ; On           ;
; AB7      ; 152        ; 3        ; pre_mixed_text_out[21]                                    ; output ; 2.5 V        ;         ; Column I/O ; N               ; no       ; Off          ;
; AB8      ; 148        ; 3        ; pre_mixed_text_out[14]                                    ; output ; 2.5 V        ;         ; Column I/O ; N               ; no       ; Off          ;
; AB9      ; 147        ; 3        ; pre_mixed_text_out[102]                                   ; output ; 2.5 V        ;         ; Column I/O ; N               ; no       ; Off          ;
; AB10     ; 173        ; 3        ; reg_text_out[75]                                          ; output ; 2.5 V        ;         ; Column I/O ; N               ; no       ; Off          ;
; AB11     ; 164        ; 3        ; ciphertext_out[47]                                        ; output ; 2.5 V        ;         ; Column I/O ; N               ; no       ; Off          ;
; AB12     ; 180        ; 3        ; ciphertext_out[78]                                        ; output ; 2.5 V        ;         ; Column I/O ; N               ; no       ; Off          ;
; AB13     ; 181        ; 3        ; reg_text_out[51]                                          ; output ; 2.5 V        ;         ; Column I/O ; N               ; no       ; Off          ;
; AB14     ; 192        ; 3        ; reg_text_out[112]                                         ; output ; 2.5 V        ;         ; Column I/O ; N               ; no       ; Off          ;
; AB15     ; 214        ; 4        ; index_out[0]                                              ; output ; 2.5 V        ;         ; Column I/O ; N               ; no       ; Off          ;
; AB16     ; 212        ; 4        ; index_out[2]                                              ; output ; 2.5 V        ;         ; Column I/O ; N               ; no       ; Off          ;
; AB17     ; 242        ; 4        ; reg_text_out[103]                                         ; output ; 2.5 V        ;         ; Column I/O ; N               ; no       ; Off          ;
; AB18     ; 254        ; 4        ; reg_text_out[32]                                          ; output ; 2.5 V        ;         ; Column I/O ; N               ; no       ; Off          ;
; AB19     ; 253        ; 4        ; ciphertext_out[35]                                        ; output ; 2.5 V        ;         ; Column I/O ; N               ; no       ; Off          ;
; AB20     ; 257        ; 4        ; reg_text_out[66]                                          ; output ; 2.5 V        ;         ; Column I/O ; N               ; no       ; Off          ;
; AB21     ; 266        ; 4        ; pre_mixed_text_out[27]                                    ; output ; 2.5 V        ;         ; Column I/O ; N               ; no       ; Off          ;
; AB22     ; 265        ; 4        ; reg_text_out[45]                                          ; output ; 2.5 V        ;         ; Column I/O ; N               ; no       ; Off          ;
; AB23     ; 276        ; 5        ; reg_text_out[31]                                          ; output ; 2.5 V        ;         ; Row I/O    ; N               ; no       ; Off          ;
; AB24     ; 274        ; 5        ; RESERVED_INPUT_WITH_WEAK_PULLUP                           ;        ;              ;         ; Row I/O    ;                 ; no       ; On           ;
; AB25     ; 292        ; 5        ; reg_text_out[12]                                          ; output ; 2.5 V        ;         ; Row I/O    ; N               ; no       ; Off          ;
; AB26     ; 291        ; 5        ; ciphertext_out[5]                                         ; output ; 2.5 V        ;         ; Row I/O    ; N               ; no       ; Off          ;
; AB27     ; 296        ; 5        ; ciphertext_out[18]                                        ; output ; 2.5 V        ;         ; Row I/O    ; N               ; no       ; Off          ;
; AB28     ; 295        ; 5        ; ciphertext_out[30]                                        ; output ; 2.5 V        ;         ; Row I/O    ; N               ; no       ; Off          ;
; AC1      ; 94         ; 2        ; reg_text_out[116]                                         ; output ; 2.5 V        ;         ; Row I/O    ; N               ; no       ; Off          ;
; AC2      ; 93         ; 2        ; pre_mixed_text_out[79]                                    ; output ; 2.5 V        ;         ; Row I/O    ; N               ; no       ; Off          ;
; AC3      ; 95         ; 2        ; pre_mixed_text_out[99]                                    ; output ; 2.5 V        ;         ; Row I/O    ; N               ; no       ; Off          ;
; AC4      ; 125        ; 2        ; RESERVED_INPUT_WITH_WEAK_PULLUP                           ;        ;              ;         ; Row I/O    ;                 ; no       ; On           ;
; AC5      ; 124        ; 2        ; RESERVED_INPUT_WITH_WEAK_PULLUP                           ;        ;              ;         ; Row I/O    ;                 ; no       ; On           ;
; AC6      ;            ;          ; GND                                                       ; gnd    ;              ;         ; --         ;                 ; --       ; --           ;
; AC7      ; 144        ; 3        ; pre_mixed_text_out[74]                                    ; output ; 2.5 V        ;         ; Column I/O ; N               ; no       ; Off          ;
; AC8      ; 153        ; 3        ; pre_mixed_text_out[123]                                   ; output ; 2.5 V        ;         ; Column I/O ; N               ; no       ; Off          ;
; AC9      ;            ;          ; GND                                                       ; gnd    ;              ;         ; --         ;                 ; --       ; --           ;
; AC10     ; 174        ; 3        ; ciphertext_out[63]                                        ; output ; 2.5 V        ;         ; Column I/O ; N               ; no       ; Off          ;
; AC11     ; 185        ; 3        ; reg_text_out[35]                                          ; output ; 2.5 V        ;         ; Column I/O ; N               ; no       ; Off          ;
; AC12     ; 179        ; 3        ; reg_text_out[107]                                         ; output ; 2.5 V        ;         ; Column I/O ; N               ; no       ; Off          ;
; AC13     ;            ;          ; GND                                                       ; gnd    ;              ;         ; --         ;                 ; --       ; --           ;
; AC14     ; 195        ; 3        ; reg_text_out[3]                                           ; output ; 2.5 V        ;         ; Column I/O ; N               ; no       ; Off          ;
; AC15     ; 203        ; 4        ; reg_text_out[72]                                          ; output ; 2.5 V        ;         ; Column I/O ; N               ; no       ; Off          ;
; AC16     ;            ;          ; GND                                                       ; gnd    ;              ;         ; --         ;                 ; --       ; --           ;
; AC17     ; 221        ; 4        ; ciphertext_out[27]                                        ; output ; 2.5 V        ;         ; Column I/O ; N               ; no       ; Off          ;
; AC18     ; 240        ; 4        ; reg_text_out[122]                                         ; output ; 2.5 V        ;         ; Column I/O ; N               ; no       ; Off          ;
; AC19     ; 247        ; 4        ; ciphertext_out[14]                                        ; output ; 2.5 V        ;         ; Column I/O ; N               ; no       ; Off          ;
; AC20     ;            ;          ; GND                                                       ; gnd    ;              ;         ; --         ;                 ; --       ; --           ;
; AC21     ; 258        ; 4        ; pre_mixed_text_out[18]                                    ; output ; 2.5 V        ;         ; Column I/O ; N               ; no       ; Off          ;
; AC22     ; 267        ; 4        ; reg_text_out[17]                                          ; output ; 2.5 V        ;         ; Column I/O ; N               ; no       ; Off          ;
; AC23     ;            ;          ; GND                                                       ; gnd    ;              ;         ; --         ;                 ; --       ; --           ;
; AC24     ; 273        ; 5        ; reg_text_out[4]                                           ; output ; 2.5 V        ;         ; Row I/O    ; N               ; no       ; Off          ;
; AC25     ; 272        ; 5        ; RESERVED_INPUT_WITH_WEAK_PULLUP                           ;        ;              ;         ; Row I/O    ;                 ; no       ; On           ;
; AC26     ; 282        ; 5        ; pre_mixed_text_out[11]                                    ; output ; 2.5 V        ;         ; Row I/O    ; N               ; no       ; Off          ;
; AC27     ; 290        ; 5        ; reg_text_out[26]                                          ; output ; 2.5 V        ;         ; Row I/O    ; N               ; no       ; Off          ;
; AC28     ; 289        ; 5        ; ciphertext_out[66]                                        ; output ; 2.5 V        ;         ; Row I/O    ; N               ; no       ; Off          ;
; AD1      ; 98         ; 2        ; state_out[0]                                              ; output ; 2.5 V        ;         ; Row I/O    ; N               ; no       ; Off          ;
; AD2      ; 97         ; 2        ; pre_mixed_text_out[29]                                    ; output ; 2.5 V        ;         ; Row I/O    ; N               ; no       ; Off          ;
; AD3      ; 96         ; 2        ; pre_mixed_text_out[75]                                    ; output ; 2.5 V        ;         ; Row I/O    ; N               ; no       ; Off          ;
; AD4      ; 130        ; 3        ; RESERVED_INPUT_WITH_WEAK_PULLUP                           ;        ;              ;         ; Column I/O ;                 ; no       ; On           ;
; AD5      ; 128        ; 3        ; pre_mixed_text_out[4]                                     ; output ; 2.5 V        ;         ; Column I/O ; N               ; no       ; Off          ;
; AD6      ;            ; 3        ; VCCIO3                                                    ; power  ;              ; 2.5V    ; --         ;                 ; --       ; --           ;
; AD7      ; 134        ; 3        ; pre_mixed_text_out[8]                                     ; output ; 2.5 V        ;         ; Column I/O ; N               ; no       ; Off          ;
; AD8      ; 143        ; 3        ; pre_mixed_text_out[24]                                    ; output ; 2.5 V        ;         ; Column I/O ; N               ; no       ; Off          ;
; AD9      ;            ; 3        ; VCCIO3                                                    ; power  ;              ; 2.5V    ; --         ;                 ; --       ; --           ;
; AD10     ; 149        ; 3        ; pre_mixed_text_out[30]                                    ; output ; 2.5 V        ;         ; Column I/O ; N               ; no       ; Off          ;
; AD11     ; 186        ; 3        ; reg_text_out[114]                                         ; output ; 2.5 V        ;         ; Column I/O ; N               ; no       ; Off          ;
; AD12     ; 182        ; 3        ; ciphertext_out[28]                                        ; output ; 2.5 V        ;         ; Column I/O ; N               ; no       ; Off          ;
; AD13     ;            ; 3        ; VCCIO3                                                    ; power  ;              ; 2.5V    ; --         ;                 ; --       ; --           ;
; AD14     ; 196        ; 3        ; reg_text_out[74]                                          ; output ; 2.5 V        ;         ; Column I/O ; N               ; no       ; Off          ;
; AD15     ; 204        ; 4        ; ciphertext_out[10]                                        ; output ; 2.5 V        ;         ; Column I/O ; N               ; no       ; Off          ;
; AD16     ;            ; 4        ; VCCIO4                                                    ; power  ;              ; 2.5V    ; --         ;                 ; --       ; --           ;
; AD17     ; 222        ; 4        ; ciphertext_out[2]                                         ; output ; 2.5 V        ;         ; Column I/O ; N               ; no       ; Off          ;
; AD18     ; 237        ; 4        ; reg_text_out[9]                                           ; output ; 2.5 V        ;         ; Column I/O ; N               ; no       ; Off          ;
; AD19     ; 248        ; 4        ; reg_text_out[96]                                          ; output ; 2.5 V        ;         ; Column I/O ; N               ; no       ; Off          ;
; AD20     ;            ; 4        ; VCCIO4                                                    ; power  ;              ; 2.5V    ; --         ;                 ; --       ; --           ;
; AD21     ; 259        ; 4        ; reg_text_out[108]                                         ; output ; 2.5 V        ;         ; Column I/O ; N               ; no       ; Off          ;
; AD22     ; 268        ; 4        ; ciphertext_out[21]                                        ; output ; 2.5 V        ;         ; Column I/O ; N               ; no       ; Off          ;
; AD23     ;            ; 4        ; VCCIO4                                                    ; power  ;              ; 2.5V    ; --         ;                 ; --       ; --           ;
; AD24     ; 260        ; 4        ; reg_text_out[37]                                          ; output ; 2.5 V        ;         ; Column I/O ; N               ; no       ; Off          ;
; AD25     ; 255        ; 4        ; ciphertext_out[11]                                        ; output ; 2.5 V        ;         ; Column I/O ; N               ; no       ; Off          ;
; AD26     ; 281        ; 5        ; pre_mixed_text_out[7]                                     ; output ; 2.5 V        ;         ; Row I/O    ; N               ; no       ; Off          ;
; AD27     ; 286        ; 5        ; ciphertext_out[1]                                         ; output ; 2.5 V        ;         ; Row I/O    ; N               ; no       ; Off          ;
; AD28     ; 285        ; 5        ; reg_text_out[58]                                          ; output ; 2.5 V        ;         ; Row I/O    ; N               ; no       ; Off          ;
; AE1      ; 106        ; 2        ; ciphertext_out[19]                                        ; output ; 2.5 V        ;         ; Row I/O    ; N               ; no       ; Off          ;
; AE2      ; 105        ; 2        ; reg_text_out[123]                                         ; output ; 2.5 V        ;         ; Row I/O    ; N               ; no       ; Off          ;
; AE3      ; 122        ; 2        ; pre_mixed_text_out[105]                                   ; output ; 2.5 V        ;         ; Row I/O    ; N               ; no       ; Off          ;
; AE4      ; 132        ; 3        ; start                                                     ; input  ; 2.5 V        ;         ; Column I/O ; N               ; no       ; Off          ;
; AE5      ; 135        ; 3        ; pre_mixed_text_out[89]                                    ; output ; 2.5 V        ;         ; Column I/O ; N               ; no       ; Off          ;
; AE6      ; 129        ; 3        ; RESERVED_INPUT_WITH_WEAK_PULLUP                           ;        ;              ;         ; Column I/O ;                 ; no       ; On           ;
; AE7      ; 158        ; 3        ; pre_mixed_text_out[16]                                    ; output ; 2.5 V        ;         ; Column I/O ; N               ; no       ; Off          ;
; AE8      ; 161        ; 3        ; pre_mixed_text_out[15]                                    ; output ; 2.5 V        ;         ; Column I/O ; N               ; no       ; Off          ;
; AE9      ; 163        ; 3        ; ciphertext_out[42]                                        ; output ; 2.5 V        ;         ; Column I/O ; N               ; no       ; Off          ;
; AE10     ; 165        ; 3        ; reg_text_out[70]                                          ; output ; 2.5 V        ;         ; Column I/O ; N               ; no       ; Off          ;
; AE11     ; 171        ; 3        ; reg_text_out[69]                                          ; output ; 2.5 V        ;         ; Column I/O ; N               ; no       ; Off          ;
; AE12     ; 169        ; 3        ; pre_mixed_text_out[78]                                    ; output ; 2.5 V        ;         ; Column I/O ; N               ; no       ; Off          ;
; AE13     ; 177        ; 3        ; reg_text_out[5]                                           ; output ; 2.5 V        ;         ; Column I/O ; N               ; no       ; Off          ;
; AE14     ; 183        ; 3        ; ciphertext_out[13]                                        ; output ; 2.5 V        ;         ; Column I/O ; N               ; no       ; Off          ;
; AE15     ; 205        ; 4        ; reg_text_out[83]                                          ; output ; 2.5 V        ;         ; Column I/O ; N               ; no       ; Off          ;
; AE16     ; 209        ; 4        ; sbox_out_test[4]                                          ; output ; 2.5 V        ;         ; Column I/O ; N               ; no       ; Off          ;
; AE17     ; 215        ; 4        ; ciphertext_out[55]                                        ; output ; 2.5 V        ;         ; Column I/O ; N               ; no       ; Off          ;
; AE18     ; 225        ; 4        ; sbox_out_test[2]                                          ; output ; 2.5 V        ;         ; Column I/O ; N               ; no       ; Off          ;
; AE19     ; 231        ; 4        ; reg_text_out[106]                                         ; output ; 2.5 V        ;         ; Column I/O ; N               ; no       ; Off          ;
; AE20     ; 235        ; 4        ; ciphertext_out[8]                                         ; output ; 2.5 V        ;         ; Column I/O ; N               ; no       ; Off          ;
; AE21     ; 238        ; 4        ; ciphertext_out[51]                                        ; output ; 2.5 V        ;         ; Column I/O ; N               ; no       ; Off          ;
; AE22     ; 251        ; 4        ; reg_text_out[115]                                         ; output ; 2.5 V        ;         ; Column I/O ; N               ; no       ; Off          ;
; AE23     ; 261        ; 4        ; pre_mixed_text_out[0]                                     ; output ; 2.5 V        ;         ; Column I/O ; N               ; no       ; Off          ;
; AE24     ; 256        ; 4        ; reg_text_out[55]                                          ; output ; 2.5 V        ;         ; Column I/O ; N               ; no       ; Off          ;
; AE25     ; 243        ; 4        ; pre_mixed_text_out[120]                                   ; output ; 2.5 V        ;         ; Column I/O ; N               ; no       ; Off          ;
; AE26     ; 278        ; 5        ; RESERVED_INPUT_WITH_WEAK_PULLUP                           ;        ;              ;         ; Row I/O    ;                 ; no       ; On           ;
; AE27     ; 284        ; 5        ; reg_text_out[0]                                           ; output ; 2.5 V        ;         ; Row I/O    ; N               ; no       ; Off          ;
; AE28     ; 283        ; 5        ; reg_text_out[97]                                          ; output ; 2.5 V        ;         ; Row I/O    ; N               ; no       ; Off          ;
; AF1      ;            ;          ; GND                                                       ; gnd    ;              ;         ; --         ;                 ; --       ; --           ;
; AF2      ; 123        ; 2        ; RESERVED_INPUT_WITH_WEAK_PULLUP                           ;        ;              ;         ; Row I/O    ;                 ; no       ; On           ;
; AF3      ; 138        ; 3        ; reg_text_out[89]                                          ; output ; 2.5 V        ;         ; Column I/O ; N               ; no       ; Off          ;
; AF4      ; 131        ; 3        ; reg_text_out[87]                                          ; output ; 2.5 V        ;         ; Column I/O ; N               ; no       ; Off          ;
; AF5      ; 136        ; 3        ; reg_text_out[65]                                          ; output ; 2.5 V        ;         ; Column I/O ; N               ; no       ; Off          ;
; AF6      ; 139        ; 3        ; pre_mixed_text_out[22]                                    ; output ; 2.5 V        ;         ; Column I/O ; N               ; no       ; Off          ;
; AF7      ; 159        ; 3        ; reg_text_out[36]                                          ; output ; 2.5 V        ;         ; Column I/O ; N               ; no       ; Off          ;
; AF8      ; 162        ; 3        ; ciphertext_out[3]                                         ; output ; 2.5 V        ;         ; Column I/O ; N               ; no       ; Off          ;
; AF9      ; 160        ; 3        ; reg_text_out[19]                                          ; output ; 2.5 V        ;         ; Column I/O ; N               ; no       ; Off          ;
; AF10     ; 166        ; 3        ; ciphertext_out[50]                                        ; output ; 2.5 V        ;         ; Column I/O ; N               ; no       ; Off          ;
; AF11     ; 172        ; 3        ; ciphertext_out[56]                                        ; output ; 2.5 V        ;         ; Column I/O ; N               ; no       ; Off          ;
; AF12     ; 170        ; 3        ; ciphertext_out[20]                                        ; output ; 2.5 V        ;         ; Column I/O ; N               ; no       ; Off          ;
; AF13     ; 178        ; 3        ; pre_mixed_text_out[65]                                    ; output ; 2.5 V        ;         ; Column I/O ; N               ; no       ; Off          ;
; AF14     ; 184        ; 3        ; reg_text_out[90]                                          ; output ; 2.5 V        ;         ; Column I/O ; N               ; no       ; Off          ;
; AF15     ; 206        ; 4        ; ciphertext_out[73]                                        ; output ; 2.5 V        ;         ; Column I/O ; N               ; no       ; Off          ;
; AF16     ; 210        ; 4        ; ciphertext_out[22]                                        ; output ; 2.5 V        ;         ; Column I/O ; N               ; no       ; Off          ;
; AF17     ; 216        ; 4        ; reg_text_out[86]                                          ; output ; 2.5 V        ;         ; Column I/O ; N               ; no       ; Off          ;
; AF18     ; 226        ; 4        ; sbox_out_test[7]                                          ; output ; 2.5 V        ;         ; Column I/O ; N               ; no       ; Off          ;
; AF19     ; 232        ; 4        ; reg_text_out[25]                                          ; output ; 2.5 V        ;         ; Column I/O ; N               ; no       ; Off          ;
; AF20     ; 236        ; 4        ; ciphertext_out[90]                                        ; output ; 2.5 V        ;         ; Column I/O ; N               ; no       ; Off          ;
; AF21     ; 239        ; 4        ; reg_text_out[33]                                          ; output ; 2.5 V        ;         ; Column I/O ; N               ; no       ; Off          ;
; AF22     ; 252        ; 4        ; ciphertext_out[24]                                        ; output ; 2.5 V        ;         ; Column I/O ; N               ; no       ; Off          ;
; AF23     ; 262        ; 4        ; reg_text_out[34]                                          ; output ; 2.5 V        ;         ; Column I/O ; N               ; no       ; Off          ;
; AF24     ; 233        ; 4        ; ciphertext_out[0]                                         ; output ; 2.5 V        ;         ; Column I/O ; N               ; no       ; Off          ;
; AF25     ; 234        ; 4        ; ciphertext_out[15]                                        ; output ; 2.5 V        ;         ; Column I/O ; N               ; no       ; Off          ;
; AF26     ; 244        ; 4        ; ciphertext_out[58]                                        ; output ; 2.5 V        ;         ; Column I/O ; N               ; no       ; Off          ;
; AF27     ; 277        ; 5        ; pre_mixed_text_out[81]                                    ; output ; 2.5 V        ;         ; Row I/O    ; N               ; no       ; Off          ;
; AF28     ;            ;          ; GND                                                       ; gnd    ;              ;         ; --         ;                 ; --       ; --           ;
; AG1      ;            ; 2        ; VCCIO2                                                    ; power  ;              ; 2.5V    ; --         ;                 ; --       ; --           ;
; AG2      ;            ;          ; GND                                                       ; gnd    ;              ;         ; --         ;                 ; --       ; --           ;
; AG3      ; 133        ; 3        ; reg_text_out[104]                                         ; output ; 2.5 V        ;         ; Column I/O ; N               ; no       ; Off          ;
; AG4      ; 141        ; 3        ; pre_mixed_text_out[17]                                    ; output ; 2.5 V        ;         ; Column I/O ; N               ; no       ; Off          ;
; AG5      ;            ;          ; GND                                                       ; gnd    ;              ;         ; --         ;                 ; --       ; --           ;
; AG6      ; 145        ; 3        ; pre_mixed_text_out[28]                                    ; output ; 2.5 V        ;         ; Column I/O ; N               ; no       ; Off          ;
; AG7      ; 150        ; 3        ; pre_mixed_text_out[20]                                    ; output ; 2.5 V        ;         ; Column I/O ; N               ; no       ; Off          ;
; AG8      ; 156        ; 3        ; pre_mixed_text_out[6]                                     ; output ; 2.5 V        ;         ; Column I/O ; N               ; no       ; Off          ;
; AG9      ;            ;          ; GND                                                       ; gnd    ;              ;         ; --         ;                 ; --       ; --           ;
; AG10     ; 167        ; 3        ; ciphertext_out[96]                                        ; output ; 2.5 V        ;         ; Column I/O ; N               ; no       ; Off          ;
; AG11     ; 175        ; 3        ; reg_text_out[13]                                          ; output ; 2.5 V        ;         ; Column I/O ; N               ; no       ; Off          ;
; AG12     ; 193        ; 3        ; reg_text_out[11]                                          ; output ; 2.5 V        ;         ; Column I/O ; N               ; no       ; Off          ;
; AG13     ;            ;          ; GND                                                       ; gnd    ;              ;         ; --         ;                 ; --       ; --           ;
; AG14     ; 199        ; 3        ; GND+                                                      ;        ;              ;         ; Column I/O ;                 ; --       ; --           ;
; AG15     ; 201        ; 4        ; GND+                                                      ;        ;              ;         ; Column I/O ;                 ; --       ; --           ;
; AG16     ;            ;          ; GND                                                       ; gnd    ;              ;         ; --         ;                 ; --       ; --           ;
; AG17     ; 207        ; 4        ; reg_text_out[64]                                          ; output ; 2.5 V        ;         ; Column I/O ; N               ; no       ; Off          ;
; AG18     ; 217        ; 4        ; ciphertext_out[6]                                         ; output ; 2.5 V        ;         ; Column I/O ; N               ; no       ; Off          ;
; AG19     ; 219        ; 4        ; ciphertext_out[23]                                        ; output ; 2.5 V        ;         ; Column I/O ; N               ; no       ; Off          ;
; AG20     ;            ;          ; GND                                                       ; gnd    ;              ;         ; --         ;                 ; --       ; --           ;
; AG21     ; 223        ; 4        ; sbox_out_test[5]                                          ; output ; 2.5 V        ;         ; Column I/O ; N               ; no       ; Off          ;
; AG22     ; 227        ; 4        ; reg_text_out[105]                                         ; output ; 2.5 V        ;         ; Column I/O ; N               ; no       ; Off          ;
; AG23     ; 229        ; 4        ; ciphertext_out[37]                                        ; output ; 2.5 V        ;         ; Column I/O ; N               ; no       ; Off          ;
; AG24     ;            ;          ; GND                                                       ; gnd    ;              ;         ; --         ;                 ; --       ; --           ;
; AG25     ; 245        ; 4        ; ciphertext_out[61]                                        ; output ; 2.5 V        ;         ; Column I/O ; N               ; no       ; Off          ;
; AG26     ; 270        ; 4        ; RESERVED_INPUT_WITH_WEAK_PULLUP                           ;        ;              ;         ; Column I/O ;                 ; no       ; On           ;
; AG27     ;            ;          ; GND                                                       ; gnd    ;              ;         ; --         ;                 ; --       ; --           ;
; AG28     ;            ; 5        ; VCCIO5                                                    ; power  ;              ; 2.5V    ; --         ;                 ; --       ; --           ;
; AH2      ;            ; 3        ; VCCIO3                                                    ; power  ;              ; 2.5V    ; --         ;                 ; --       ; --           ;
; AH3      ; 137        ; 3        ; reg_text_out[52]                                          ; output ; 2.5 V        ;         ; Column I/O ; N               ; no       ; Off          ;
; AH4      ; 142        ; 3        ; pre_mixed_text_out[96]                                    ; output ; 2.5 V        ;         ; Column I/O ; N               ; no       ; Off          ;
; AH5      ;            ; 3        ; VCCIO3                                                    ; power  ;              ; 2.5V    ; --         ;                 ; --       ; --           ;
; AH6      ; 146        ; 3        ; pre_mixed_text_out[76]                                    ; output ; 2.5 V        ;         ; Column I/O ; N               ; no       ; Off          ;
; AH7      ; 151        ; 3        ; ciphertext_out[17]                                        ; output ; 2.5 V        ;         ; Column I/O ; N               ; no       ; Off          ;
; AH8      ; 157        ; 3        ; state_out[2]                                              ; output ; 2.5 V        ;         ; Column I/O ; N               ; no       ; Off          ;
; AH9      ;            ; 3        ; VCCIO3                                                    ; power  ;              ; 2.5V    ; --         ;                 ; --       ; --           ;
; AH10     ; 168        ; 3        ; ciphertext_out[82]                                        ; output ; 2.5 V        ;         ; Column I/O ; N               ; no       ; Off          ;
; AH11     ; 176        ; 3        ; reg_text_out[84]                                          ; output ; 2.5 V        ;         ; Column I/O ; N               ; no       ; Off          ;
; AH12     ; 194        ; 3        ; ciphertext_out[75]                                        ; output ; 2.5 V        ;         ; Column I/O ; N               ; no       ; Off          ;
; AH13     ;            ; 3        ; VCCIO3                                                    ; power  ;              ; 2.5V    ; --         ;                 ; --       ; --           ;
; AH14     ; 200        ; 3        ; GND+                                                      ;        ;              ;         ; Column I/O ;                 ; --       ; --           ;
; AH15     ; 202        ; 4        ; GND+                                                      ;        ;              ;         ; Column I/O ;                 ; --       ; --           ;
; AH16     ;            ; 4        ; VCCIO4                                                    ; power  ;              ; 2.5V    ; --         ;                 ; --       ; --           ;
; AH17     ; 208        ; 4        ; ciphertext_out[70]                                        ; output ; 2.5 V        ;         ; Column I/O ; N               ; no       ; Off          ;
; AH18     ; 218        ; 4        ; ciphertext_out[65]                                        ; output ; 2.5 V        ;         ; Column I/O ; N               ; no       ; Off          ;
; AH19     ; 220        ; 4        ; ciphertext_out[89]                                        ; output ; 2.5 V        ;         ; Column I/O ; N               ; no       ; Off          ;
; AH20     ;            ; 4        ; VCCIO4                                                    ; power  ;              ; 2.5V    ; --         ;                 ; --       ; --           ;
; AH21     ; 224        ; 4        ; ciphertext_out[7]                                         ; output ; 2.5 V        ;         ; Column I/O ; N               ; no       ; Off          ;
; AH22     ; 228        ; 4        ; sbox_out_test[1]                                          ; output ; 2.5 V        ;         ; Column I/O ; N               ; no       ; Off          ;
; AH23     ; 230        ; 4        ; ciphertext_out[31]                                        ; output ; 2.5 V        ;         ; Column I/O ; N               ; no       ; Off          ;
; AH24     ;            ; 4        ; VCCIO4                                                    ; power  ;              ; 2.5V    ; --         ;                 ; --       ; --           ;
; AH25     ; 246        ; 4        ; reg_text_out[6]                                           ; output ; 2.5 V        ;         ; Column I/O ; N               ; no       ; Off          ;
; AH26     ; 271        ; 4        ; RESERVED_INPUT_WITH_WEAK_PULLUP                           ;        ;              ;         ; Column I/O ;                 ; no       ; On           ;
; AH27     ;            ; 4        ; VCCIO4                                                    ; power  ;              ; 2.5V    ; --         ;                 ; --       ; --           ;
; B1       ;            ; 1        ; VCCIO1                                                    ; power  ;              ; 2.5V    ; --         ;                 ; --       ; --           ;
; B2       ;            ;          ; GND                                                       ; gnd    ;              ;         ; --         ;                 ; --       ; --           ;
; B3       ; 534        ; 8        ; RESERVED_INPUT_WITH_WEAK_PULLUP                           ;        ;              ;         ; Column I/O ;                 ; no       ; On           ;
; B4       ; 533        ; 8        ; RESERVED_INPUT_WITH_WEAK_PULLUP                           ;        ;              ;         ; Column I/O ;                 ; no       ; On           ;
; B5       ;            ;          ; GND                                                       ; gnd    ;              ;         ; --         ;                 ; --       ; --           ;
; B6       ; 505        ; 8        ; RESERVED_INPUT_WITH_WEAK_PULLUP                           ;        ;              ;         ; Column I/O ;                 ; no       ; On           ;
; B7       ; 502        ; 8        ; pre_mixed_text_out[40]                                    ; output ; 2.5 V        ;         ; Column I/O ; N               ; no       ; Off          ;
; B8       ; 518        ; 8        ; RESERVED_INPUT_WITH_WEAK_PULLUP                           ;        ;              ;         ; Column I/O ;                 ; no       ; On           ;
; B9       ;            ;          ; GND                                                       ; gnd    ;              ;         ; --         ;                 ; --       ; --           ;
; B10      ; 492        ; 8        ; ciphertext_out[26]                                        ; output ; 2.5 V        ;         ; Column I/O ; N               ; no       ; Off          ;
; B11      ; 488        ; 8        ; ciphertext_out[39]                                        ; output ; 2.5 V        ;         ; Column I/O ; N               ; no       ; Off          ;
; B12      ;            ;          ; GND                                                       ; gnd    ;              ;         ; --         ;                 ; --       ; --           ;
; B13      ;            ;          ; GND                                                       ; gnd    ;              ;         ; --         ;                 ; --       ; --           ;
; B14      ; 473        ; 8        ; GND+                                                      ;        ;              ;         ; Column I/O ;                 ; --       ; --           ;
; B15      ; 471        ; 7        ; GND+                                                      ;        ;              ;         ; Column I/O ;                 ; --       ; --           ;
; B16      ;            ;          ; GND                                                       ; gnd    ;              ;         ; --         ;                 ; --       ; --           ;
; B17      ; 463        ; 7        ; pre_mixed_text_out[55]                                    ; output ; 2.5 V        ;         ; Column I/O ; N               ; no       ; Off          ;
; B18      ; 443        ; 7        ; reg_text_out[7]                                           ; output ; 2.5 V        ;         ; Column I/O ; N               ; no       ; Off          ;
; B19      ; 441        ; 7        ; ciphertext_out[100]                                       ; output ; 2.5 V        ;         ; Column I/O ; N               ; no       ; Off          ;
; B20      ;            ;          ; GND                                                       ; gnd    ;              ;         ; --         ;                 ; --       ; --           ;
; B21      ; 426        ; 7        ; pre_mixed_text_out[122]                                   ; output ; 2.5 V        ;         ; Column I/O ; N               ; no       ; Off          ;
; B22      ; 424        ; 7        ; pre_mixed_text_out[67]                                    ; output ; 2.5 V        ;         ; Column I/O ; N               ; no       ; Off          ;
; B23      ; 413        ; 7        ; pre_mixed_text_out[111]                                   ; output ; 2.5 V        ;         ; Column I/O ; N               ; no       ; Off          ;
; B24      ;            ;          ; GND                                                       ; gnd    ;              ;         ; --         ;                 ; --       ; --           ;
; B25      ; 406        ; 7        ; RESERVED_INPUT_WITH_WEAK_PULLUP                           ;        ;              ;         ; Column I/O ;                 ; no       ; On           ;
; B26      ; 401        ; 7        ; RESERVED_INPUT_WITH_WEAK_PULLUP                           ;        ;              ;         ; Column I/O ;                 ; no       ; On           ;
; B27      ;            ;          ; GND                                                       ; gnd    ;              ;         ; --         ;                 ; --       ; --           ;
; B28      ;            ; 6        ; VCCIO6                                                    ; power  ;              ; 2.5V    ; --         ;                 ; --       ; --           ;
; C1       ;            ;          ; GND                                                       ; gnd    ;              ;         ; --         ;                 ; --       ; --           ;
; C2       ; 1          ; 1        ; RESERVED_INPUT_WITH_WEAK_PULLUP                           ;        ;              ;         ; Row I/O    ;                 ; no       ; On           ;
; C3       ; 543        ; 8        ; RESERVED_INPUT_WITH_WEAK_PULLUP                           ;        ;              ;         ; Column I/O ;                 ; no       ; On           ;
; C4       ; 539        ; 8        ; RESERVED_INPUT_WITH_WEAK_PULLUP                           ;        ;              ;         ; Column I/O ;                 ; no       ; On           ;
; C5       ; 538        ; 8        ; RESERVED_INPUT_WITH_WEAK_PULLUP                           ;        ;              ;         ; Column I/O ;                 ; no       ; On           ;
; C6       ; 536        ; 8        ; RESERVED_INPUT_WITH_WEAK_PULLUP                           ;        ;              ;         ; Column I/O ;                 ; no       ; On           ;
; C7       ; 521        ; 8        ; RESERVED_INPUT_WITH_WEAK_PULLUP                           ;        ;              ;         ; Column I/O ;                 ; no       ; On           ;
; C8       ; 519        ; 8        ; RESERVED_INPUT_WITH_WEAK_PULLUP                           ;        ;              ;         ; Column I/O ;                 ; no       ; On           ;
; C9       ; 510        ; 8        ; RESERVED_INPUT_WITH_WEAK_PULLUP                           ;        ;              ;         ; Column I/O ;                 ; no       ; On           ;
; C10      ; 495        ; 8        ; pre_mixed_text_out[68]                                    ; output ; 2.5 V        ;         ; Column I/O ; N               ; no       ; Off          ;
; C11      ; 508        ; 8        ; RESERVED_INPUT_WITH_WEAK_PULLUP                           ;        ;              ;         ; Column I/O ;                 ; no       ; On           ;
; C12      ; 478        ; 8        ; reg_text_out[73]                                          ; output ; 2.5 V        ;         ; Column I/O ; N               ; no       ; Off          ;
; C13      ; 474        ; 8        ; pre_mixed_text_out[77]                                    ; output ; 2.5 V        ;         ; Column I/O ; N               ; no       ; Off          ;
; C14      ; 476        ; 8        ; reg_text_out[101]                                         ; output ; 2.5 V        ;         ; Column I/O ; N               ; no       ; Off          ;
; C15      ; 468        ; 7        ; reg_text_out[117]                                         ; output ; 2.5 V        ;         ; Column I/O ; N               ; no       ; Off          ;
; C16      ; 460        ; 7        ; reg_text_out[102]                                         ; output ; 2.5 V        ;         ; Column I/O ; N               ; no       ; Off          ;
; C17      ; 438        ; 7        ; ciphertext_out[44]                                        ; output ; 2.5 V        ;         ; Column I/O ; N               ; no       ; Off          ;
; C18      ; 429        ; 7        ; pre_mixed_text_out[49]                                    ; output ; 2.5 V        ;         ; Column I/O ; N               ; no       ; Off          ;
; C19      ; 435        ; 7        ; pre_mixed_text_out[41]                                    ; output ; 2.5 V        ;         ; Column I/O ; N               ; no       ; Off          ;
; C20      ; 431        ; 7        ; AES_version[0]                                            ; input  ; 2.5 V        ;         ; Column I/O ; N               ; no       ; Off          ;
; C21      ; 422        ; 7        ; pre_mixed_text_out[113]                                   ; output ; 2.5 V        ;         ; Column I/O ; N               ; no       ; Off          ;
; C22      ; 418        ; 7        ; pre_mixed_text_out[86]                                    ; output ; 2.5 V        ;         ; Column I/O ; N               ; no       ; Off          ;
; C23      ; 415        ; 7        ; pre_mixed_text_out[58]                                    ; output ; 2.5 V        ;         ; Column I/O ; N               ; no       ; Off          ;
; C24      ; 416        ; 7        ; reg_text_out[39]                                          ; output ; 2.5 V        ;         ; Column I/O ; N               ; no       ; Off          ;
; C25      ; 411        ; 7        ; RESERVED_INPUT_WITH_WEAK_PULLUP                           ;        ;              ;         ; Column I/O ;                 ; no       ; On           ;
; C26      ; 400        ; 7        ; RESERVED_INPUT_WITH_WEAK_PULLUP                           ;        ;              ;         ; Column I/O ;                 ; no       ; On           ;
; C27      ; 382        ; 6        ; reg_text_out[78]                                          ; output ; 2.5 V        ;         ; Row I/O    ; N               ; no       ; Off          ;
; C28      ;            ;          ; GND                                                       ; gnd    ;              ;         ; --         ;                 ; --       ; --           ;
; D1       ; 3          ; 1        ; RESERVED_INPUT_WITH_WEAK_PULLUP                           ;        ;              ;         ; Row I/O    ;                 ; no       ; On           ;
; D2       ; 2          ; 1        ; RESERVED_INPUT_WITH_WEAK_PULLUP                           ;        ;              ;         ; Row I/O    ;                 ; no       ; On           ;
; D3       ;            ;          ; GND                                                       ; gnd    ;              ;         ; --         ;                 ; --       ; --           ;
; D4       ; 540        ; 8        ; RESERVED_INPUT_WITH_WEAK_PULLUP                           ;        ;              ;         ; Column I/O ;                 ; no       ; On           ;
; D5       ; 537        ; 8        ; RESERVED_INPUT_WITH_WEAK_PULLUP                           ;        ;              ;         ; Column I/O ;                 ; no       ; On           ;
; D6       ; 524        ; 8        ; RESERVED_INPUT_WITH_WEAK_PULLUP                           ;        ;              ;         ; Column I/O ;                 ; no       ; On           ;
; D7       ; 522        ; 8        ; RESERVED_INPUT_WITH_WEAK_PULLUP                           ;        ;              ;         ; Column I/O ;                 ; no       ; On           ;
; D8       ; 520        ; 8        ; RESERVED_INPUT_WITH_WEAK_PULLUP                           ;        ;              ;         ; Column I/O ;                 ; no       ; On           ;
; D9       ; 511        ; 8        ; RESERVED_INPUT_WITH_WEAK_PULLUP                           ;        ;              ;         ; Column I/O ;                 ; no       ; On           ;
; D10      ; 496        ; 8        ; reg_text_out[67]                                          ; output ; 2.5 V        ;         ; Column I/O ; N               ; no       ; Off          ;
; D11      ; 509        ; 8        ; RESERVED_INPUT_WITH_WEAK_PULLUP                           ;        ;              ;         ; Column I/O ;                 ; no       ; On           ;
; D12      ; 479        ; 8        ; ciphertext_out[29]                                        ; output ; 2.5 V        ;         ; Column I/O ; N               ; no       ; Off          ;
; D13      ; 475        ; 8        ; pre_mixed_text_out[88]                                    ; output ; 2.5 V        ;         ; Column I/O ; N               ; no       ; Off          ;
; D14      ; 477        ; 8        ; pre_mixed_text_out[101]                                   ; output ; 2.5 V        ;         ; Column I/O ; N               ; no       ; Off          ;
; D15      ; 469        ; 7        ; pre_mixed_text_out[85]                                    ; output ; 2.5 V        ;         ; Column I/O ; N               ; no       ; Off          ;
; D16      ; 461        ; 7        ; pre_mixed_text_out[73]                                    ; output ; 2.5 V        ;         ; Column I/O ; N               ; no       ; Off          ;
; D17      ; 439        ; 7        ; pre_mixed_text_out[13]                                    ; output ; 2.5 V        ;         ; Column I/O ; N               ; no       ; Off          ;
; D18      ; 430        ; 7        ; AES_version[1]                                            ; input  ; 2.5 V        ;         ; Column I/O ; N               ; no       ; Off          ;
; D19      ; 436        ; 7        ; reg_text_out[8]                                           ; output ; 2.5 V        ;         ; Column I/O ; N               ; no       ; Off          ;
; D20      ; 432        ; 7        ; pre_mixed_text_out[33]                                    ; output ; 2.5 V        ;         ; Column I/O ; N               ; no       ; Off          ;
; D21      ; 419        ; 7        ; reg_text_out[2]                                           ; output ; 2.5 V        ;         ; Column I/O ; N               ; no       ; Off          ;
; D22      ; 402        ; 7        ; RESERVED_INPUT_WITH_WEAK_PULLUP                           ;        ;              ;         ; Column I/O ;                 ; no       ; On           ;
; D23      ; 414        ; 7        ; pre_mixed_text_out[60]                                    ; output ; 2.5 V        ;         ; Column I/O ; N               ; no       ; Off          ;
; D24      ; 417        ; 7        ; pre_mixed_text_out[54]                                    ; output ; 2.5 V        ;         ; Column I/O ; N               ; no       ; Off          ;
; D25      ; 410        ; 7        ; RESERVED_INPUT_WITH_WEAK_PULLUP                           ;        ;              ;         ; Column I/O ;                 ; no       ; On           ;
; D26      ; 383        ; 6        ; ciphertext_out[101]                                       ; output ; 2.5 V        ;         ; Row I/O    ; N               ; no       ; Off          ;
; D27      ; 381        ; 6        ; pre_mixed_text_out[114]                                   ; output ; 2.5 V        ;         ; Row I/O    ; N               ; no       ; Off          ;
; D28      ; 380        ; 6        ; pre_mixed_text_out[92]                                    ; output ; 2.5 V        ;         ; Row I/O    ; N               ; no       ; Off          ;
; E1       ; 17         ; 1        ; RESERVED_INPUT_WITH_WEAK_PULLUP                           ;        ;              ;         ; Row I/O    ;                 ; no       ; On           ;
; E2       ; 16         ; 1        ; ~ALTERA_FLASH_nCE_nCSO~ / RESERVED_INPUT_WITH_WEAK_PULLUP ; input  ; 2.5 V        ;         ; Row I/O    ; N               ; no       ; On           ;
; E3       ; 7          ; 1        ; RESERVED_INPUT_WITH_WEAK_PULLUP                           ;        ;              ;         ; Row I/O    ;                 ; no       ; On           ;
; E4       ; 541        ; 8        ; RESERVED_INPUT_WITH_WEAK_PULLUP                           ;        ;              ;         ; Column I/O ;                 ; no       ; On           ;
; E5       ; 542        ; 8        ; RESERVED_INPUT_WITH_WEAK_PULLUP                           ;        ;              ;         ; Column I/O ;                 ; no       ; On           ;
; E6       ;            ; 8        ; VCCIO8                                                    ; power  ;              ; 2.5V    ; --         ;                 ; --       ; --           ;
; E7       ; 523        ; 8        ; RESERVED_INPUT_WITH_WEAK_PULLUP                           ;        ;              ;         ; Column I/O ;                 ; no       ; On           ;
; E8       ; 526        ; 8        ; RESERVED_INPUT_WITH_WEAK_PULLUP                           ;        ;              ;         ; Column I/O ;                 ; no       ; On           ;
; E9       ;            ; 8        ; VCCIO8                                                    ; power  ;              ; 2.5V    ; --         ;                 ; --       ; --           ;
; E10      ; 516        ; 8        ; RESERVED_INPUT_WITH_WEAK_PULLUP                           ;        ;              ;         ; Column I/O ;                 ; no       ; On           ;
; E11      ; 499        ; 8        ; pre_mixed_text_out[115]                                   ; output ; 2.5 V        ;         ; Column I/O ; N               ; no       ; Off          ;
; E12      ; 497        ; 8        ; pre_mixed_text_out[39]                                    ; output ; 2.5 V        ;         ; Column I/O ; N               ; no       ; Off          ;
; E13      ;            ; 8        ; VCCIO8                                                    ; power  ;              ; 2.5V    ; --         ;                 ; --       ; --           ;
; E14      ; 486        ; 8        ; reg_text_out[16]                                          ; output ; 2.5 V        ;         ; Column I/O ; N               ; no       ; Off          ;
; E15      ; 467        ; 7        ; state_out[1]                                              ; output ; 2.5 V        ;         ; Column I/O ; N               ; no       ; Off          ;
; E16      ;            ; 7        ; VCCIO7                                                    ; power  ;              ; 2.5V    ; --         ;                 ; --       ; --           ;
; E17      ; 456        ; 7        ; ciphertext_out[68]                                        ; output ; 2.5 V        ;         ; Column I/O ; N               ; no       ; Off          ;
; E18      ; 427        ; 7        ; pre_mixed_text_out[46]                                    ; output ; 2.5 V        ;         ; Column I/O ; N               ; no       ; Off          ;
; E19      ; 421        ; 7        ; ciphertext_out[81]                                        ; output ; 2.5 V        ;         ; Column I/O ; N               ; no       ; Off          ;
; E20      ;            ; 7        ; VCCIO7                                                    ; power  ;              ; 2.5V    ; --         ;                 ; --       ; --           ;
; E21      ; 407        ; 7        ; RESERVED_INPUT_WITH_WEAK_PULLUP                           ;        ;              ;         ; Column I/O ;                 ; no       ; On           ;
; E22      ; 403        ; 7        ; RESERVED_INPUT_WITH_WEAK_PULLUP                           ;        ;              ;         ; Column I/O ;                 ; no       ; On           ;
; E23      ;            ; 7        ; VCCIO7                                                    ; power  ;              ; 2.5V    ; --         ;                 ; --       ; --           ;
; E24      ; 433        ; 7        ; pre_mixed_text_out[5]                                     ; output ; 2.5 V        ;         ; Column I/O ; N               ; no       ; Off          ;
; E25      ; 434        ; 7        ; pre_mixed_text_out[108]                                   ; output ; 2.5 V        ;         ; Column I/O ; N               ; no       ; Off          ;
; E26      ; 378        ; 6        ; reg_text_out[100]                                         ; output ; 2.5 V        ;         ; Row I/O    ; N               ; no       ; Off          ;
; E27      ; 375        ; 6        ; reg_text_out[61]                                          ; output ; 2.5 V        ;         ; Row I/O    ; N               ; no       ; Off          ;
; E28      ; 374        ; 6        ; pre_mixed_text_out[100]                                   ; output ; 2.5 V        ;         ; Row I/O    ; N               ; no       ; Off          ;
; F1       ; 19         ; 1        ; RESERVED_INPUT_WITH_WEAK_PULLUP                           ;        ;              ;         ; Row I/O    ;                 ; no       ; On           ;
; F2       ; 18         ; 1        ; RESERVED_INPUT_WITH_WEAK_PULLUP                           ;        ;              ;         ; Row I/O    ;                 ; no       ; On           ;
; F3       ; 8          ; 1        ; RESERVED_INPUT_WITH_WEAK_PULLUP                           ;        ;              ;         ; Row I/O    ;                 ; no       ; On           ;
; F4       ; 10         ; 1        ; ~ALTERA_ASDO_DATA1~ / RESERVED_INPUT_WITH_WEAK_PULLUP     ; input  ; 2.5 V        ;         ; Row I/O    ; N               ; no       ; On           ;
; F5       ; 9          ; 1        ; RESERVED_INPUT_WITH_WEAK_PULLUP                           ;        ;              ;         ; Row I/O    ;                 ; no       ; On           ;
; F6       ;            ;          ; GND                                                       ; gnd    ;              ;         ; --         ;                 ; --       ; --           ;
; F7       ; 531        ; 8        ; RESERVED_INPUT_WITH_WEAK_PULLUP                           ;        ;              ;         ; Column I/O ;                 ; no       ; On           ;
; F8       ; 527        ; 8        ; RESERVED_INPUT_WITH_WEAK_PULLUP                           ;        ;              ;         ; Column I/O ;                 ; no       ; On           ;
; F9       ;            ;          ; GND                                                       ; gnd    ;              ;         ; --         ;                 ; --       ; --           ;
; F10      ; 512        ; 8        ; RESERVED_INPUT_WITH_WEAK_PULLUP                           ;        ;              ;         ; Column I/O ;                 ; no       ; On           ;
; F11      ; 500        ; 8        ; ciphertext_out[98]                                        ; output ; 2.5 V        ;         ; Column I/O ; N               ; no       ; Off          ;
; F12      ; 498        ; 8        ; pre_mixed_text_out[126]                                   ; output ; 2.5 V        ;         ; Column I/O ; N               ; no       ; Off          ;
; F13      ;            ;          ; GND                                                       ; gnd    ;              ;         ; --         ;                 ; --       ; --           ;
; F14      ; 485        ; 8        ; pre_mixed_text_out[71]                                    ; output ; 2.5 V        ;         ; Column I/O ; N               ; no       ; Off          ;
; F15      ; 466        ; 7        ; reg_text_out[92]                                          ; output ; 2.5 V        ;         ; Column I/O ; N               ; no       ; Off          ;
; F16      ;            ;          ; GND                                                       ; gnd    ;              ;         ; --         ;                 ; --       ; --           ;
; F17      ; 455        ; 7        ; ciphertext_out[71]                                        ; output ; 2.5 V        ;         ; Column I/O ; N               ; no       ; Off          ;
; F18      ; 428        ; 7        ; pre_mixed_text_out[104]                                   ; output ; 2.5 V        ;         ; Column I/O ; N               ; no       ; Off          ;
; F19      ; 420        ; 7        ; pre_mixed_text_out[117]                                   ; output ; 2.5 V        ;         ; Column I/O ; N               ; no       ; Off          ;
; F20      ;            ;          ; GND                                                       ; gnd    ;              ;         ; --         ;                 ; --       ; --           ;
; F21      ; 408        ; 7        ; RESERVED_INPUT_WITH_WEAK_PULLUP                           ;        ;              ;         ; Column I/O ;                 ; no       ; On           ;
; F22      ; 409        ; 7        ; RESERVED_INPUT_WITH_WEAK_PULLUP                           ;        ;              ;         ; Column I/O ;                 ; --       ; --           ;
; F23      ;            ;          ; GND                                                       ; gnd    ;              ;         ; --         ;                 ; --       ; --           ;
; F24      ; 396        ; 6        ; RESERVED_INPUT_WITH_WEAK_PULLUP                           ;        ;              ;         ; Row I/O    ;                 ; no       ; On           ;
; F25      ; 395        ; 6        ; RESERVED_INPUT_WITH_WEAK_PULLUP                           ;        ;              ;         ; Row I/O    ;                 ; no       ; On           ;
; F26      ; 379        ; 6        ; ciphertext_out[62]                                        ; output ; 2.5 V        ;         ; Row I/O    ; N               ; no       ; Off          ;
; F27      ; 373        ; 6        ; pre_mixed_text_out[32]                                    ; output ; 2.5 V        ;         ; Row I/O    ; N               ; no       ; Off          ;
; F28      ; 372        ; 6        ; pre_mixed_text_out[31]                                    ; output ; 2.5 V        ;         ; Row I/O    ; N               ; no       ; Off          ;
; G1       ; 26         ; 1        ; RESERVED_INPUT_WITH_WEAK_PULLUP                           ;        ;              ;         ; Row I/O    ;                 ; no       ; On           ;
; G2       ; 25         ; 1        ; RESERVED_INPUT_WITH_WEAK_PULLUP                           ;        ;              ;         ; Row I/O    ;                 ; no       ; On           ;
; G3       ; 13         ; 1        ; RESERVED_INPUT_WITH_WEAK_PULLUP                           ;        ;              ;         ; Row I/O    ;                 ; no       ; On           ;
; G4       ; 12         ; 1        ; RESERVED_INPUT_WITH_WEAK_PULLUP                           ;        ;              ;         ; Row I/O    ;                 ; no       ; On           ;
; G5       ; 6          ; 1        ; RESERVED_INPUT_WITH_WEAK_PULLUP                           ;        ;              ;         ; Row I/O    ;                 ; no       ; On           ;
; G6       ; 5          ; 1        ; RESERVED_INPUT_WITH_WEAK_PULLUP                           ;        ;              ;         ; Row I/O    ;                 ; no       ; On           ;
; G7       ; 530        ; 8        ; RESERVED_INPUT_WITH_WEAK_PULLUP                           ;        ;              ;         ; Column I/O ;                 ; no       ; On           ;
; G8       ; 528        ; 8        ; RESERVED_INPUT_WITH_WEAK_PULLUP                           ;        ;              ;         ; Column I/O ;                 ; no       ; On           ;
; G9       ; 525        ; 8        ; RESERVED_INPUT_WITH_WEAK_PULLUP                           ;        ;              ;         ; Column I/O ;                 ; --       ; --           ;
; G10      ; 513        ; 8        ; RESERVED_INPUT_WITH_WEAK_PULLUP                           ;        ;              ;         ; Column I/O ;                 ; no       ; On           ;
; G11      ; 506        ; 8        ; pre_mixed_text_out[44]                                    ; output ; 2.5 V        ;         ; Column I/O ; N               ; no       ; Off          ;
; G12      ; 503        ; 8        ; reg_text_out[46]                                          ; output ; 2.5 V        ;         ; Column I/O ; N               ; no       ; Off          ;
; G13      ; 493        ; 8        ; pre_mixed_text_out[26]                                    ; output ; 2.5 V        ;         ; Column I/O ; N               ; no       ; Off          ;
; G14      ; 484        ; 8        ; reg_text_out[71]                                          ; output ; 2.5 V        ;         ; Column I/O ; N               ; no       ; Off          ;
; G15      ; 457        ; 7        ; reg_text_out[111]                                         ; output ; 2.5 V        ;         ; Column I/O ; N               ; no       ; Off          ;
; G16      ; 453        ; 7        ; pre_mixed_text_out[93]                                    ; output ; 2.5 V        ;         ; Column I/O ; N               ; no       ; Off          ;
; G17      ; 437        ; 7        ; pre_mixed_text_out[106]                                   ; output ; 2.5 V        ;         ; Column I/O ; N               ; no       ; Off          ;
; G18      ; 452        ; 7        ; reg_text_out[93]                                          ; output ; 2.5 V        ;         ; Column I/O ; N               ; no       ; Off          ;
; G19      ; 451        ; 7        ; pre_mixed_text_out[70]                                    ; output ; 2.5 V        ;         ; Column I/O ; N               ; no       ; Off          ;
; G20      ; 444        ; 7        ; pre_mixed_text_out[59]                                    ; output ; 2.5 V        ;         ; Column I/O ; N               ; no       ; Off          ;
; G21      ; 445        ; 7        ; ciphertext_out[111]                                       ; output ; 2.5 V        ;         ; Column I/O ; N               ; no       ; Off          ;
; G22      ; 449        ; 7        ; reg_text_out[113]                                         ; output ; 2.5 V        ;         ; Column I/O ; N               ; no       ; Off          ;
; G23      ; 398        ; 6        ; RESERVED_INPUT_WITH_WEAK_PULLUP                           ;        ;              ;         ; Row I/O    ;                 ; no       ; On           ;
; G24      ; 397        ; 6        ; RESERVED_INPUT_WITH_WEAK_PULLUP                           ;        ;              ;         ; Row I/O    ;                 ; no       ; On           ;
; G25      ; 393        ; 6        ; RESERVED_INPUT_WITH_WEAK_PULLUP                           ;        ;              ;         ; Row I/O    ;                 ; no       ; On           ;
; G26      ; 392        ; 6        ; RESERVED_INPUT_WITH_WEAK_PULLUP                           ;        ;              ;         ; Row I/O    ;                 ; no       ; On           ;
; G27      ; 367        ; 6        ; pre_mixed_text_out[1]                                     ; output ; 2.5 V        ;         ; Row I/O    ; N               ; no       ; Off          ;
; G28      ; 366        ; 6        ; ciphertext_out[41]                                        ; output ; 2.5 V        ;         ; Row I/O    ; N               ; no       ; Off          ;
; H1       ;            ; 1        ; VCCIO1                                                    ; power  ;              ; 2.5V    ; --         ;                 ; --       ; --           ;
; H2       ;            ;          ; GND                                                       ; gnd    ;              ;         ; --         ;                 ; --       ; --           ;
; H3       ; 15         ; 1        ; RESERVED_INPUT_WITH_WEAK_PULLUP                           ;        ;              ;         ; Row I/O    ;                 ; no       ; On           ;
; H4       ; 14         ; 1        ; RESERVED_INPUT_WITH_WEAK_PULLUP                           ;        ;              ;         ; Row I/O    ;                 ; no       ; On           ;
; H5       ; 20         ; 1        ; RESERVED_INPUT_WITH_WEAK_PULLUP                           ;        ;              ;         ; Row I/O    ;                 ; no       ; On           ;
; H6       ; 11         ; 1        ; RESERVED_INPUT_WITH_WEAK_PULLUP                           ;        ;              ;         ; Row I/O    ;                 ; no       ; On           ;
; H7       ; 4          ; 1        ; RESERVED_INPUT_WITH_WEAK_PULLUP                           ;        ;              ;         ; Row I/O    ;                 ; --       ; --           ;
; H8       ; 529        ; 8        ; RESERVED_INPUT_WITH_WEAK_PULLUP                           ;        ;              ;         ; Column I/O ;                 ; no       ; On           ;
; H9       ;            ;          ; GNDA3                                                     ; gnd    ;              ;         ; --         ;                 ; --       ; --           ;
; H10      ; 514        ; 8        ; RESERVED_INPUT_WITH_WEAK_PULLUP                           ;        ;              ;         ; Column I/O ;                 ; no       ; On           ;
; H11      ;            ; 8        ; VCCIO8                                                    ; power  ;              ; 2.5V    ; --         ;                 ; --       ; --           ;
; H12      ; 507        ; 8        ; RESERVED_INPUT_WITH_WEAK_PULLUP                           ;        ;              ;         ; Column I/O ;                 ; no       ; On           ;
; H13      ; 494        ; 8        ; reg_text_out[41]                                          ; output ; 2.5 V        ;         ; Column I/O ; N               ; no       ; Off          ;
; H14      ; 480        ; 8        ; ciphertext_out[102]                                       ; output ; 2.5 V        ;         ; Column I/O ; N               ; no       ; Off          ;
; H15      ; 464        ; 7        ; reg_text_out[85]                                          ; output ; 2.5 V        ;         ; Column I/O ; N               ; no       ; Off          ;
; H16      ; 459        ; 7        ; ciphertext_out[72]                                        ; output ; 2.5 V        ;         ; Column I/O ; N               ; no       ; Off          ;
; H17      ; 454        ; 7        ; reg_text_out[91]                                          ; output ; 2.5 V        ;         ; Column I/O ; N               ; no       ; Off          ;
; H18      ;            ; 7        ; VCCIO7                                                    ; power  ;              ; 2.5V    ; --         ;                 ; --       ; --           ;
; H19      ; 446        ; 7        ; reg_text_out[44]                                          ; output ; 2.5 V        ;         ; Column I/O ; N               ; no       ; Off          ;
; H20      ;            ;          ; GNDA2                                                     ; gnd    ;              ;         ; --         ;                 ; --       ; --           ;
; H21      ; 448        ; 7        ; reg_text_out[60]                                          ; output ; 2.5 V        ;         ; Column I/O ; N               ; no       ; Off          ;
; H22      ; 399        ; 6        ; RESERVED_INPUT_WITH_WEAK_PULLUP                           ;        ;              ;         ; Row I/O    ;                 ; no       ; On           ;
; H23      ; 391        ; 6        ; RESERVED_INPUT_WITH_WEAK_PULLUP                           ;        ;              ;         ; Row I/O    ;                 ; no       ; On           ;
; H24      ; 390        ; 6        ; pre_mixed_text_out[69]                                    ; output ; 2.5 V        ;         ; Row I/O    ; N               ; no       ; Off          ;
; H25      ; 377        ; 6        ; ciphertext_out[117]                                       ; output ; 2.5 V        ;         ; Row I/O    ; N               ; no       ; Off          ;
; H26      ; 376        ; 6        ; pre_mixed_text_out[45]                                    ; output ; 2.5 V        ;         ; Row I/O    ; N               ; no       ; Off          ;
; H27      ;            ;          ; GND                                                       ; gnd    ;              ;         ; --         ;                 ; --       ; --           ;
; H28      ;            ; 6        ; VCCIO6                                                    ; power  ;              ; 2.5V    ; --         ;                 ; --       ; --           ;
; J1       ; 64         ; 1        ; clk                                                       ; input  ; 2.5 V        ;         ; Row I/O    ; N               ; no       ; Off          ;
; J2       ;            ;          ; GND                                                       ; gnd    ;              ;         ; --         ;                 ; --       ; --           ;
; J3       ; 23         ; 1        ; RESERVED_INPUT_WITH_WEAK_PULLUP                           ;        ;              ;         ; Row I/O    ;                 ; no       ; On           ;
; J4       ; 22         ; 1        ; RESERVED_INPUT_WITH_WEAK_PULLUP                           ;        ;              ;         ; Row I/O    ;                 ; no       ; On           ;
; J5       ; 36         ; 1        ; RESERVED_INPUT_WITH_WEAK_PULLUP                           ;        ;              ;         ; Row I/O    ;                 ; no       ; On           ;
; J6       ; 35         ; 1        ; pre_mixed_text_out[109]                                   ; output ; 2.5 V        ;         ; Row I/O    ; N               ; no       ; Off          ;
; J7       ; 37         ; 1        ; ciphertext_out[99]                                        ; output ; 2.5 V        ;         ; Row I/O    ; N               ; no       ; Off          ;
; J8       ;            ; --       ; VCCA3                                                     ; power  ;              ; 2.5V    ; --         ;                 ; --       ; --           ;
; J9       ;            ;          ; VCCD_PLL3                                                 ; power  ;              ; 1.2V    ; --         ;                 ; --       ; --           ;
; J10      ; 515        ; 8        ; RESERVED_INPUT_WITH_WEAK_PULLUP                           ;        ;              ;         ; Column I/O ;                 ; no       ; On           ;
; J11      ;            ;          ; GND                                                       ; gnd    ;              ;         ; --         ;                 ; --       ; --           ;
; J12      ; 490        ; 8        ; ciphertext_out[76]                                        ; output ; 2.5 V        ;         ; Column I/O ; N               ; no       ; Off          ;
; J13      ; 489        ; 8        ; reg_text_out[79]                                          ; output ; 2.5 V        ;         ; Column I/O ; N               ; no       ; Off          ;
; J14      ; 481        ; 8        ; pre_mixed_text_out[116]                                   ; output ; 2.5 V        ;         ; Column I/O ; N               ; no       ; Off          ;
; J15      ; 465        ; 7        ; reg_text_out[124]                                         ; output ; 2.5 V        ;         ; Column I/O ; N               ; no       ; Off          ;
; J16      ; 458        ; 7        ; reg_text_out[126]                                         ; output ; 2.5 V        ;         ; Column I/O ; N               ; no       ; Off          ;
; J17      ; 450        ; 7        ; ciphertext_out[87]                                        ; output ; 2.5 V        ;         ; Column I/O ; N               ; no       ; Off          ;
; J18      ;            ;          ; GND                                                       ; gnd    ;              ;         ; --         ;                 ; --       ; --           ;
; J19      ; 447        ; 7        ; pre_mixed_text_out[25]                                    ; output ; 2.5 V        ;         ; Column I/O ; N               ; no       ; Off          ;
; J20      ;            ;          ; VCCD_PLL2                                                 ; power  ;              ; 1.2V    ; --         ;                 ; --       ; --           ;
; J21      ;            ; --       ; VCCA2                                                     ; power  ;              ; 2.5V    ; --         ;                 ; --       ; --           ;
; J22      ; 394        ; 6        ; RESERVED_INPUT_WITH_WEAK_PULLUP                           ;        ;              ;         ; Row I/O    ;                 ; --       ; --           ;
; J23      ; 387        ; 6        ; reg_text_out[53]                                          ; output ; 2.5 V        ;         ; Row I/O    ; N               ; no       ; Off          ;
; J24      ; 386        ; 6        ; reg_text_out[120]                                         ; output ; 2.5 V        ;         ; Row I/O    ; N               ; no       ; Off          ;
; J25      ; 365        ; 6        ; reg_text_out[43]                                          ; output ; 2.5 V        ;         ; Row I/O    ; N               ; no       ; Off          ;
; J26      ; 364        ; 6        ; reg_text_out[38]                                          ; output ; 2.5 V        ;         ; Row I/O    ; N               ; no       ; Off          ;
; J27      ; 338        ; 6        ; GND+                                                      ;        ;              ;         ; Row I/O    ;                 ; --       ; --           ;
; J28      ; 337        ; 6        ; GND+                                                      ;        ;              ;         ; Row I/O    ;                 ; --       ; --           ;
; K1       ; 28         ; 1        ; RESERVED_INPUT_WITH_WEAK_PULLUP                           ;        ;              ;         ; Row I/O    ;                 ; no       ; On           ;
; K2       ; 27         ; 1        ; RESERVED_INPUT_WITH_WEAK_PULLUP                           ;        ;              ;         ; Row I/O    ;                 ; no       ; On           ;
; K3       ; 30         ; 1        ; RESERVED_INPUT_WITH_WEAK_PULLUP                           ;        ;              ;         ; Row I/O    ;                 ; no       ; On           ;
; K4       ; 29         ; 1        ; RESERVED_INPUT_WITH_WEAK_PULLUP                           ;        ;              ;         ; Row I/O    ;                 ; no       ; On           ;
; K5       ;            ; 1        ; VCCIO1                                                    ; power  ;              ; 2.5V    ; --         ;                 ; --       ; --           ;
; K6       ;            ;          ; GND                                                       ; gnd    ;              ;         ; --         ;                 ; --       ; --           ;
; K7       ; 38         ; 1        ; reg_text_out[24]                                          ; output ; 2.5 V        ;         ; Row I/O    ; N               ; no       ; Off          ;
; K8       ; 39         ; 1        ; ciphertext_out[88]                                        ; output ; 2.5 V        ;         ; Row I/O    ; N               ; no       ; Off          ;
; K9       ;            ;          ; VCCINT                                                    ; power  ;              ; 1.2V    ; --         ;                 ; --       ; --           ;
; K10      ;            ;          ; GND                                                       ; gnd    ;              ;         ; --         ;                 ; --       ; --           ;
; K11      ;            ;          ; VCCINT                                                    ; power  ;              ; 1.2V    ; --         ;                 ; --       ; --           ;
; K12      ;            ;          ; GND                                                       ; gnd    ;              ;         ; --         ;                 ; --       ; --           ;
; K13      ;            ;          ; VCCINT                                                    ; power  ;              ; 1.2V    ; --         ;                 ; --       ; --           ;
; K14      ;            ;          ; GND                                                       ; gnd    ;              ;         ; --         ;                 ; --       ; --           ;
; K15      ;            ;          ; VCCINT                                                    ; power  ;              ; 1.2V    ; --         ;                 ; --       ; --           ;
; K16      ;            ;          ; GND                                                       ; gnd    ;              ;         ; --         ;                 ; --       ; --           ;
; K17      ;            ;          ; VCCINT                                                    ; power  ;              ; 1.2V    ; --         ;                 ; --       ; --           ;
; K18      ;            ;          ; GND                                                       ; gnd    ;              ;         ; --         ;                 ; --       ; --           ;
; K19      ;            ;          ; VCCINT                                                    ; power  ;              ; 1.2V    ; --         ;                 ; --       ; --           ;
; K20      ;            ;          ; GND                                                       ; gnd    ;              ;         ; --         ;                 ; --       ; --           ;
; K21      ; 389        ; 6        ; reg_text_out[48]                                          ; output ; 2.5 V        ;         ; Row I/O    ; N               ; no       ; Off          ;
; K22      ; 388        ; 6        ; RESERVED_INPUT_WITH_WEAK_PULLUP                           ;        ;              ;         ; Row I/O    ;                 ; no       ; On           ;
; K23      ;            ;          ; GND                                                       ; gnd    ;              ;         ; --         ;                 ; --       ; --           ;
; K24      ;            ; 6        ; VCCIO6                                                    ; power  ;              ; 2.5V    ; --         ;                 ; --       ; --           ;
; K25      ; 371        ; 6        ; reg_text_out[47]                                          ; output ; 2.5 V        ;         ; Row I/O    ; N               ; no       ; Off          ;
; K26      ; 370        ; 6        ; pre_mixed_text_out[127]                                   ; output ; 2.5 V        ;         ; Row I/O    ; N               ; no       ; Off          ;
; K27      ; 362        ; 6        ; reg_text_out[110]                                         ; output ; 2.5 V        ;         ; Row I/O    ; N               ; no       ; Off          ;
; K28      ; 361        ; 6        ; reg_text_out[42]                                          ; output ; 2.5 V        ;         ; Row I/O    ; N               ; no       ; Off          ;
; L1       ; 49         ; 1        ; ciphertext_out[84]                                        ; output ; 2.5 V        ;         ; Row I/O    ; N               ; no       ; Off          ;
; L2       ; 48         ; 1        ; pre_mixed_text_out[98]                                    ; output ; 2.5 V        ;         ; Row I/O    ; N               ; no       ; Off          ;
; L3       ; 32         ; 1        ; RESERVED_INPUT_WITH_WEAK_PULLUP                           ;        ;              ;         ; Row I/O    ;                 ; no       ; On           ;
; L4       ; 31         ; 1        ; RESERVED_INPUT_WITH_WEAK_PULLUP                           ;        ;              ;         ; Row I/O    ;                 ; no       ; On           ;
; L5       ; 21         ; 1        ; RESERVED_INPUT_WITH_WEAK_PULLUP                           ;        ;              ;         ; Row I/O    ;                 ; --       ; --           ;
; L6       ; 43         ; 1        ; ciphertext_out[40]                                        ; output ; 2.5 V        ;         ; Row I/O    ; N               ; no       ; Off          ;
; L7       ; 42         ; 1        ; pre_mixed_text_out[125]                                   ; output ; 2.5 V        ;         ; Row I/O    ; N               ; no       ; Off          ;
; L8       ; 40         ; 1        ; pre_mixed_text_out[107]                                   ; output ; 2.5 V        ;         ; Row I/O    ; N               ; no       ; Off          ;
; L9       ;            ;          ; GND                                                       ; gnd    ;              ;         ; --         ;                 ; --       ; --           ;
; L10      ;            ;          ; VCCINT                                                    ; power  ;              ; 1.2V    ; --         ;                 ; --       ; --           ;
; L11      ;            ;          ; GND                                                       ; gnd    ;              ;         ; --         ;                 ; --       ; --           ;
; L12      ;            ;          ; VCCINT                                                    ; power  ;              ; 1.2V    ; --         ;                 ; --       ; --           ;
; L13      ;            ;          ; GND                                                       ; gnd    ;              ;         ; --         ;                 ; --       ; --           ;
; L14      ;            ;          ; VCCINT                                                    ; power  ;              ; 1.2V    ; --         ;                 ; --       ; --           ;
; L15      ;            ;          ; GND                                                       ; gnd    ;              ;         ; --         ;                 ; --       ; --           ;
; L16      ;            ;          ; VCCINT                                                    ; power  ;              ; 1.2V    ; --         ;                 ; --       ; --           ;
; L17      ;            ;          ; GND                                                       ; gnd    ;              ;         ; --         ;                 ; --       ; --           ;
; L18      ;            ;          ; VCCINT                                                    ; power  ;              ; 1.2V    ; --         ;                 ; --       ; --           ;
; L19      ;            ;          ; GND                                                       ; gnd    ;              ;         ; --         ;                 ; --       ; --           ;
; L20      ;            ;          ; VCCINT                                                    ; power  ;              ; 1.2V    ; --         ;                 ; --       ; --           ;
; L21      ; 385        ; 6        ; ciphertext_out[97]                                        ; output ; 2.5 V        ;         ; Row I/O    ; N               ; no       ; Off          ;
; L22      ; 384        ; 6        ; ciphertext_out[49]                                        ; output ; 2.5 V        ;         ; Row I/O    ; N               ; no       ; Off          ;
; L23      ; 360        ; 6        ; reg_text_out[23]                                          ; output ; 2.5 V        ;         ; Row I/O    ; N               ; no       ; Off          ;
; L24      ; 359        ; 6        ; ciphertext_out[114]                                       ; output ; 2.5 V        ;         ; Row I/O    ; N               ; no       ; Off          ;
; L25      ; 369        ; 6        ; pre_mixed_text_out[51]                                    ; output ; 2.5 V        ;         ; Row I/O    ; N               ; no       ; Off          ;
; L26      ; 363        ; 6        ; pre_mixed_text_out[103]                                   ; output ; 2.5 V        ;         ; Row I/O    ; N               ; no       ; Off          ;
; L27      ; 358        ; 6        ; reg_text_out[22]                                          ; output ; 2.5 V        ;         ; Row I/O    ; N               ; no       ; Off          ;
; L28      ; 357        ; 6        ; ciphertext_out[59]                                        ; output ; 2.5 V        ;         ; Row I/O    ; N               ; no       ; Off          ;
; M1       ; 51         ; 1        ; pre_mixed_text_out[110]                                   ; output ; 2.5 V        ;         ; Row I/O    ; N               ; no       ; Off          ;
; M2       ; 50         ; 1        ; pre_mixed_text_out[64]                                    ; output ; 2.5 V        ;         ; Row I/O    ; N               ; no       ; Off          ;
; M3       ; 34         ; 1        ; RESERVED_INPUT_WITH_WEAK_PULLUP                           ;        ;              ;         ; Row I/O    ;                 ; no       ; On           ;
; M4       ; 33         ; 1        ; RESERVED_INPUT_WITH_WEAK_PULLUP                           ;        ;              ;         ; Row I/O    ;                 ; no       ; On           ;
; M5       ; 41         ; 1        ; reg_text_out[127]                                         ; output ; 2.5 V        ;         ; Row I/O    ; N               ; no       ; Off          ;
; M6       ; 24         ; 1        ; ^nSTATUS                                                  ;        ;              ;         ; --         ;                 ; --       ; --           ;
; M7       ; 47         ; 1        ; ciphertext_out[80]                                        ; output ; 2.5 V        ;         ; Row I/O    ; N               ; no       ; Off          ;
; M8       ; 46         ; 1        ; ciphertext_out[36]                                        ; output ; 2.5 V        ;         ; Row I/O    ; N               ; no       ; Off          ;
; M9       ;            ;          ; VCCINT                                                    ; power  ;              ; 1.2V    ; --         ;                 ; --       ; --           ;
; M10      ;            ;          ; GND                                                       ; gnd    ;              ;         ; --         ;                 ; --       ; --           ;
; M11      ;            ;          ; VCCINT                                                    ; power  ;              ; 1.2V    ; --         ;                 ; --       ; --           ;
; M12      ;            ;          ; GND                                                       ; gnd    ;              ;         ; --         ;                 ; --       ; --           ;
; M13      ;            ;          ; VCCINT                                                    ; power  ;              ; 1.2V    ; --         ;                 ; --       ; --           ;
; M14      ;            ;          ; GND                                                       ; gnd    ;              ;         ; --         ;                 ; --       ; --           ;
; M15      ;            ;          ; VCCINT                                                    ; power  ;              ; 1.2V    ; --         ;                 ; --       ; --           ;
; M16      ;            ;          ; GND                                                       ; gnd    ;              ;         ; --         ;                 ; --       ; --           ;
; M17      ;            ;          ; VCCINT                                                    ; power  ;              ; 1.2V    ; --         ;                 ; --       ; --           ;
; M18      ;            ;          ; GND                                                       ; gnd    ;              ;         ; --         ;                 ; --       ; --           ;
; M19      ;            ;          ; VCCINT                                                    ; power  ;              ; 1.2V    ; --         ;                 ; --       ; --           ;
; M20      ;            ;          ; GND                                                       ; gnd    ;              ;         ; --         ;                 ; --       ; --           ;
; M21      ; 368        ; 6        ; pre_mixed_text_out[57]                                    ; output ; 2.5 V        ;         ; Row I/O    ; N               ; no       ; Off          ;
; M22      ; 342        ; 6        ; ^MSEL2                                                    ;        ;              ;         ; --         ;                 ; --       ; --           ;
; M23      ; 344        ; 6        ; pre_mixed_text_out[72]                                    ; output ; 2.5 V        ;         ; Row I/O    ; N               ; no       ; Off          ;
; M24      ; 347        ; 6        ; ciphertext_out[32]                                        ; output ; 2.5 V        ;         ; Row I/O    ; N               ; no       ; Off          ;
; M25      ; 356        ; 6        ; ciphertext_out[113]                                       ; output ; 2.5 V        ;         ; Row I/O    ; N               ; no       ; Off          ;
; M26      ; 355        ; 6        ; ciphertext_out[118]                                       ; output ; 2.5 V        ;         ; Row I/O    ; N               ; no       ; Off          ;
; M27      ; 354        ; 6        ; ciphertext_out[120]                                       ; output ; 2.5 V        ;         ; Row I/O    ; N               ; no       ; Off          ;
; M28      ; 353        ; 6        ; pre_mixed_text_out[112]                                   ; output ; 2.5 V        ;         ; Row I/O    ; N               ; no       ; Off          ;
; N1       ;            ; 1        ; VCCIO1                                                    ; power  ;              ; 2.5V    ; --         ;                 ; --       ; --           ;
; N2       ;            ;          ; GND                                                       ; gnd    ;              ;         ; --         ;                 ; --       ; --           ;
; N3       ; 45         ; 1        ; pre_mixed_text_out[80]                                    ; output ; 2.5 V        ;         ; Row I/O    ; N               ; no       ; Off          ;
; N4       ; 44         ; 1        ; pre_mixed_text_out[119]                                   ; output ; 2.5 V        ;         ; Row I/O    ; N               ; no       ; Off          ;
; N5       ;            ; 1        ; VCCIO1                                                    ; power  ;              ; 2.5V    ; --         ;                 ; --       ; --           ;
; N6       ;            ;          ; GND                                                       ; gnd    ;              ;         ; --         ;                 ; --       ; --           ;
; N7       ; 56         ; 1        ; ~ALTERA_DATA0~ / RESERVED_INPUT_WITH_WEAK_PULLUP          ; input  ; 2.5 V        ;         ; Row I/O    ; N               ; no       ; On           ;
; N8       ; 54         ; 1        ; reg_text_out[21]                                          ; output ; 2.5 V        ;         ; Row I/O    ; N               ; no       ; Off          ;
; N9       ;            ;          ; GND                                                       ; gnd    ;              ;         ; --         ;                 ; --       ; --           ;
; N10      ;            ;          ; VCCINT                                                    ; power  ;              ; 1.2V    ; --         ;                 ; --       ; --           ;
; N11      ;            ;          ; GND                                                       ; gnd    ;              ;         ; --         ;                 ; --       ; --           ;
; N12      ;            ;          ; VCCINT                                                    ; power  ;              ; 1.2V    ; --         ;                 ; --       ; --           ;
; N13      ;            ;          ; GND                                                       ; gnd    ;              ;         ; --         ;                 ; --       ; --           ;
; N14      ;            ;          ; VCCINT                                                    ; power  ;              ; 1.2V    ; --         ;                 ; --       ; --           ;
; N15      ;            ;          ; GND                                                       ; gnd    ;              ;         ; --         ;                 ; --       ; --           ;
; N16      ;            ;          ; VCCINT                                                    ; power  ;              ; 1.2V    ; --         ;                 ; --       ; --           ;
; N17      ;            ;          ; GND                                                       ; gnd    ;              ;         ; --         ;                 ; --       ; --           ;
; N18      ;            ;          ; VCCINT                                                    ; power  ;              ; 1.2V    ; --         ;                 ; --       ; --           ;
; N19      ;            ;          ; GND                                                       ; gnd    ;              ;         ; --         ;                 ; --       ; --           ;
; N20      ;            ;          ; VCCINT                                                    ; power  ;              ; 1.2V    ; --         ;                 ; --       ; --           ;
; N21      ; 348        ; 6        ; reg_text_out[14]                                          ; output ; 2.5 V        ;         ; Row I/O    ; N               ; no       ; Off          ;
; N22      ; 340        ; 6        ; ^MSEL0                                                    ;        ;              ;         ; --         ;                 ; --       ; --           ;
; N23      ;            ;          ; GND                                                       ; gnd    ;              ;         ; --         ;                 ; --       ; --           ;
; N24      ;            ; 6        ; VCCIO6                                                    ; power  ;              ; 2.5V    ; --         ;                 ; --       ; --           ;
; N25      ; 352        ; 6        ; ciphertext_out[67]                                        ; output ; 2.5 V        ;         ; Row I/O    ; N               ; no       ; Off          ;
; N26      ; 351        ; 6        ; ciphertext_out[53]                                        ; output ; 2.5 V        ;         ; Row I/O    ; N               ; no       ; Off          ;
; N27      ;            ;          ; GND                                                       ; gnd    ;              ;         ; --         ;                 ; --       ; --           ;
; N28      ;            ; 6        ; VCCIO6                                                    ; power  ;              ; 2.5V    ; --         ;                 ; --       ; --           ;
; P1       ; 53         ; 1        ; ciphertext_out[124]                                       ; output ; 2.5 V        ;         ; Row I/O    ; N               ; no       ; Off          ;
; P2       ; 52         ; 1        ; ciphertext_out[48]                                        ; output ; 2.5 V        ;         ; Row I/O    ; N               ; no       ; Off          ;
; P3       ; 55         ; 1        ; ~ALTERA_DCLK~                                             ; output ; 2.5 V        ;         ; Row I/O    ; N               ; no       ; On           ;
; P4       ; 57         ; 1        ; ^nCONFIG                                                  ;        ;              ;         ; --         ;                 ; --       ; --           ;
; P5       ; 59         ; 1        ; #TCK                                                      ; input  ;              ;         ; --         ;                 ; --       ; --           ;
; P6       ; 61         ; 1        ; #TDO                                                      ; output ;              ;         ; --         ;                 ; --       ; --           ;
; P7       ; 58         ; 1        ; #TDI                                                      ; input  ;              ;         ; --         ;                 ; --       ; --           ;
; P8       ; 60         ; 1        ; #TMS                                                      ; input  ;              ;         ; --         ;                 ; --       ; --           ;
; P9       ;            ;          ; VCCINT                                                    ; power  ;              ; 1.2V    ; --         ;                 ; --       ; --           ;
; P10      ;            ;          ; GND                                                       ; gnd    ;              ;         ; --         ;                 ; --       ; --           ;
; P11      ;            ;          ; VCCINT                                                    ; power  ;              ; 1.2V    ; --         ;                 ; --       ; --           ;
; P12      ;            ;          ; GND                                                       ; gnd    ;              ;         ; --         ;                 ; --       ; --           ;
; P13      ;            ;          ; VCCINT                                                    ; power  ;              ; 1.2V    ; --         ;                 ; --       ; --           ;
; P14      ;            ;          ; GND                                                       ; gnd    ;              ;         ; --         ;                 ; --       ; --           ;
; P15      ;            ;          ; VCCINT                                                    ; power  ;              ; 1.2V    ; --         ;                 ; --       ; --           ;
; P16      ;            ;          ; GND                                                       ; gnd    ;              ;         ; --         ;                 ; --       ; --           ;
; P17      ;            ;          ; VCCINT                                                    ; power  ;              ; 1.2V    ; --         ;                 ; --       ; --           ;
; P18      ;            ;          ; GND                                                       ; gnd    ;              ;         ; --         ;                 ; --       ; --           ;
; P19      ;            ;          ; VCCINT                                                    ; power  ;              ; 1.2V    ; --         ;                 ; --       ; --           ;
; P20      ;            ;          ; GND                                                       ; gnd    ;              ;         ; --         ;                 ; --       ; --           ;
; P21      ; 334        ; 5        ; ciphertext_out[85]                                        ; output ; 2.5 V        ;         ; Row I/O    ; N               ; no       ; Off          ;
; P22      ; 343        ; 6        ; ^MSEL3                                                    ;        ;              ;         ; --         ;                 ; --       ; --           ;
; P23      ; 341        ; 6        ; ^MSEL1                                                    ;        ;              ;         ; --         ;                 ; --       ; --           ;
; P24      ; 339        ; 6        ; ^CONF_DONE                                                ;        ;              ;         ; --         ;                 ; --       ; --           ;
; P25      ; 346        ; 6        ; reg_text_out[98]                                          ; output ; 2.5 V        ;         ; Row I/O    ; N               ; no       ; Off          ;
; P26      ; 345        ; 6        ; reg_text_out[62]                                          ; output ; 2.5 V        ;         ; Row I/O    ; N               ; no       ; Off          ;
; P27      ; 350        ; 6        ; reg_text_out[109]                                         ; output ; 2.5 V        ;         ; Row I/O    ; N               ; no       ; Off          ;
; P28      ; 349        ; 6        ; ~ALTERA_nCEO~ / RESERVED_OUTPUT_OPEN_DRAIN                ; output ; 2.5 V        ;         ; Row I/O    ; N               ; no       ; Off          ;
; R1       ; 68         ; 2        ; pre_mixed_text_out[47]                                    ; output ; 2.5 V        ;         ; Row I/O    ; N               ; no       ; Off          ;
; R2       ; 67         ; 2        ; pre_mixed_text_out[124]                                   ; output ; 2.5 V        ;         ; Row I/O    ; N               ; no       ; Off          ;
; R3       ; 73         ; 2        ; pre_mixed_text_out[36]                                    ; output ; 2.5 V        ;         ; Row I/O    ; N               ; no       ; Off          ;
; R4       ; 74         ; 2        ; ciphertext_out[110]                                       ; output ; 2.5 V        ;         ; Row I/O    ; N               ; no       ; Off          ;
; R5       ; 77         ; 2        ; ciphertext_out[91]                                        ; output ; 2.5 V        ;         ; Row I/O    ; N               ; no       ; Off          ;
; R6       ; 70         ; 2        ; ciphertext_out[116]                                       ; output ; 2.5 V        ;         ; Row I/O    ; N               ; no       ; Off          ;
; R7       ; 69         ; 2        ; ciphertext_out[64]                                        ; output ; 2.5 V        ;         ; Row I/O    ; N               ; no       ; Off          ;
; R8       ; 62         ; 1        ; ^nCE                                                      ;        ;              ;         ; --         ;                 ; --       ; --           ;
; R9       ;            ;          ; GND                                                       ; gnd    ;              ;         ; --         ;                 ; --       ; --           ;
; R10      ;            ;          ; VCCINT                                                    ; power  ;              ; 1.2V    ; --         ;                 ; --       ; --           ;
; R11      ;            ;          ; GND                                                       ; gnd    ;              ;         ; --         ;                 ; --       ; --           ;
; R12      ;            ;          ; VCCINT                                                    ; power  ;              ; 1.2V    ; --         ;                 ; --       ; --           ;
; R13      ;            ;          ; GND                                                       ; gnd    ;              ;         ; --         ;                 ; --       ; --           ;
; R14      ;            ;          ; VCCINT                                                    ; power  ;              ; 1.2V    ; --         ;                 ; --       ; --           ;
; R15      ;            ;          ; GND                                                       ; gnd    ;              ;         ; --         ;                 ; --       ; --           ;
; R16      ;            ;          ; VCCINT                                                    ; power  ;              ; 1.2V    ; --         ;                 ; --       ; --           ;
; R17      ;            ;          ; GND                                                       ; gnd    ;              ;         ; --         ;                 ; --       ; --           ;
; R18      ;            ;          ; VCCINT                                                    ; power  ;              ; 1.2V    ; --         ;                 ; --       ; --           ;
; R19      ;            ;          ; GND                                                       ; gnd    ;              ;         ; --         ;                 ; --       ; --           ;
; R20      ;            ;          ; VCCINT                                                    ; power  ;              ; 1.2V    ; --         ;                 ; --       ; --           ;
; R21      ; 333        ; 5        ; pre_mixed_text_out[52]                                    ; output ; 2.5 V        ;         ; Row I/O    ; N               ; no       ; Off          ;
; R22      ; 332        ; 5        ; ciphertext_out[106]                                       ; output ; 2.5 V        ;         ; Row I/O    ; N               ; no       ; Off          ;
; R23      ; 331        ; 5        ; reg_text_out[63]                                          ; output ; 2.5 V        ;         ; Row I/O    ; N               ; no       ; Off          ;
; R24      ; 330        ; 5        ; reg_text_out[10]                                          ; output ; 2.5 V        ;         ; Row I/O    ; N               ; no       ; Off          ;
; R25      ; 327        ; 5        ; reg_text_out[118]                                         ; output ; 2.5 V        ;         ; Row I/O    ; N               ; no       ; Off          ;
; R26      ; 326        ; 5        ; ciphertext_out[38]                                        ; output ; 2.5 V        ;         ; Row I/O    ; N               ; no       ; Off          ;
; R27      ; 329        ; 5        ; ciphertext_out[94]                                        ; output ; 2.5 V        ;         ; Row I/O    ; N               ; no       ; Off          ;
; R28      ; 328        ; 5        ; ciphertext_out[52]                                        ; output ; 2.5 V        ;         ; Row I/O    ; N               ; no       ; Off          ;
; T1       ;            ; 2        ; VCCIO2                                                    ; power  ;              ; 2.5V    ; --         ;                 ; --       ; --           ;
; T2       ;            ;          ; GND                                                       ; gnd    ;              ;         ; --         ;                 ; --       ; --           ;
; T3       ; 76         ; 2        ; pre_mixed_text_out[84]                                    ; output ; 2.5 V        ;         ; Row I/O    ; N               ; no       ; Off          ;
; T4       ; 75         ; 2        ; ciphertext_out[126]                                       ; output ; 2.5 V        ;         ; Row I/O    ; N               ; no       ; Off          ;
; T5       ;            ; 2        ; VCCIO2                                                    ; power  ;              ; 2.5V    ; --         ;                 ; --       ; --           ;
; T6       ;            ;          ; GND                                                       ; gnd    ;              ;         ; --         ;                 ; --       ; --           ;
; T7       ; 78         ; 2        ; pre_mixed_text_out[95]                                    ; output ; 2.5 V        ;         ; Row I/O    ; N               ; no       ; Off          ;
; T8       ; 100        ; 2        ; reg_text_out[59]                                          ; output ; 2.5 V        ;         ; Row I/O    ; N               ; no       ; Off          ;
; T9       ;            ;          ; VCCINT                                                    ; power  ;              ; 1.2V    ; --         ;                 ; --       ; --           ;
; T10      ;            ;          ; GND                                                       ; gnd    ;              ;         ; --         ;                 ; --       ; --           ;
; T11      ;            ;          ; VCCINT                                                    ; power  ;              ; 1.2V    ; --         ;                 ; --       ; --           ;
; T12      ;            ;          ; GND                                                       ; gnd    ;              ;         ; --         ;                 ; --       ; --           ;
; T13      ;            ;          ; VCCINT                                                    ; power  ;              ; 1.2V    ; --         ;                 ; --       ; --           ;
; T14      ;            ;          ; GND                                                       ; gnd    ;              ;         ; --         ;                 ; --       ; --           ;
; T15      ;            ;          ; VCCINT                                                    ; power  ;              ; 1.2V    ; --         ;                 ; --       ; --           ;
; T16      ;            ;          ; GND                                                       ; gnd    ;              ;         ; --         ;                 ; --       ; --           ;
; T17      ;            ;          ; VCCINT                                                    ; power  ;              ; 1.2V    ; --         ;                 ; --       ; --           ;
; T18      ;            ;          ; GND                                                       ; gnd    ;              ;         ; --         ;                 ; --       ; --           ;
; T19      ;            ;          ; VCCINT                                                    ; power  ;              ; 1.2V    ; --         ;                 ; --       ; --           ;
; T20      ;            ;          ; GND                                                       ; gnd    ;              ;         ; --         ;                 ; --       ; --           ;
; T21      ; 325        ; 5        ; ciphertext_out[60]                                        ; output ; 2.5 V        ;         ; Row I/O    ; N               ; no       ; Off          ;
; T22      ; 324        ; 5        ; ciphertext_out[54]                                        ; output ; 2.5 V        ;         ; Row I/O    ; N               ; no       ; Off          ;
; T23      ;            ;          ; GND                                                       ; gnd    ;              ;         ; --         ;                 ; --       ; --           ;
; T24      ;            ; 5        ; VCCIO5                                                    ; power  ;              ; 2.5V    ; --         ;                 ; --       ; --           ;
; T25      ; 323        ; 5        ; ciphertext_out[123]                                       ; output ; 2.5 V        ;         ; Row I/O    ; N               ; no       ; Off          ;
; T26      ; 322        ; 5        ; reg_text_out[56]                                          ; output ; 2.5 V        ;         ; Row I/O    ; N               ; no       ; Off          ;
; T27      ;            ;          ; GND                                                       ; gnd    ;              ;         ; --         ;                 ; --       ; --           ;
; T28      ;            ; 5        ; VCCIO5                                                    ; power  ;              ; 2.5V    ; --         ;                 ; --       ; --           ;
; U1       ; 80         ; 2        ; ciphertext_out[119]                                       ; output ; 2.5 V        ;         ; Row I/O    ; N               ; no       ; Off          ;
; U2       ; 79         ; 2        ; ciphertext_out[107]                                       ; output ; 2.5 V        ;         ; Row I/O    ; N               ; no       ; Off          ;
; U3       ; 71         ; 2        ; pre_mixed_text_out[42]                                    ; output ; 2.5 V        ;         ; Row I/O    ; N               ; no       ; Off          ;
; U4       ; 72         ; 2        ; ciphertext_out[95]                                        ; output ; 2.5 V        ;         ; Row I/O    ; N               ; no       ; Off          ;
; U5       ; 90         ; 2        ; reg_text_out[77]                                          ; output ; 2.5 V        ;         ; Row I/O    ; N               ; no       ; Off          ;
; U6       ; 89         ; 2        ; ciphertext_out[109]                                       ; output ; 2.5 V        ;         ; Row I/O    ; N               ; no       ; Off          ;
; U7       ; 103        ; 2        ; pre_mixed_text_out[66]                                    ; output ; 2.5 V        ;         ; Row I/O    ; N               ; no       ; Off          ;
; U8       ; 104        ; 2        ; pre_mixed_text_out[3]                                     ; output ; 2.5 V        ;         ; Row I/O    ; N               ; no       ; Off          ;
; U9       ;            ;          ; GND                                                       ; gnd    ;              ;         ; --         ;                 ; --       ; --           ;
; U10      ;            ;          ; VCCINT                                                    ; power  ;              ; 1.2V    ; --         ;                 ; --       ; --           ;
; U11      ;            ;          ; GND                                                       ; gnd    ;              ;         ; --         ;                 ; --       ; --           ;
; U12      ;            ;          ; VCCINT                                                    ; power  ;              ; 1.2V    ; --         ;                 ; --       ; --           ;
; U13      ;            ;          ; GND                                                       ; gnd    ;              ;         ; --         ;                 ; --       ; --           ;
; U14      ;            ;          ; VCCINT                                                    ; power  ;              ; 1.2V    ; --         ;                 ; --       ; --           ;
; U15      ;            ;          ; GND                                                       ; gnd    ;              ;         ; --         ;                 ; --       ; --           ;
; U16      ;            ;          ; VCCINT                                                    ; power  ;              ; 1.2V    ; --         ;                 ; --       ; --           ;
; U17      ;            ;          ; GND                                                       ; gnd    ;              ;         ; --         ;                 ; --       ; --           ;
; U18      ;            ;          ; VCCINT                                                    ; power  ;              ; 1.2V    ; --         ;                 ; --       ; --           ;
; U19      ;            ;          ; GND                                                       ; gnd    ;              ;         ; --         ;                 ; --       ; --           ;
; U20      ;            ;          ; VCCINT                                                    ; power  ;              ; 1.2V    ; --         ;                 ; --       ; --           ;
; U21      ; 319        ; 5        ; ciphertext_out[103]                                       ; output ; 2.5 V        ;         ; Row I/O    ; N               ; no       ; Off          ;
; U22      ; 313        ; 5        ; ciphertext_out[45]                                        ; output ; 2.5 V        ;         ; Row I/O    ; N               ; no       ; Off          ;
; U23      ; 305        ; 5        ; ciphertext_out[57]                                        ; output ; 2.5 V        ;         ; Row I/O    ; N               ; no       ; Off          ;
; U24      ; 316        ; 5        ; reg_text_out[121]                                         ; output ; 2.5 V        ;         ; Row I/O    ; N               ; no       ; Off          ;
; U25      ; 315        ; 5        ; ciphertext_out[127]                                       ; output ; 2.5 V        ;         ; Row I/O    ; N               ; no       ; Off          ;
; U26      ; 314        ; 5        ; ciphertext_out[122]                                       ; output ; 2.5 V        ;         ; Row I/O    ; N               ; no       ; Off          ;
; U27      ; 318        ; 5        ; ciphertext_out[112]                                       ; output ; 2.5 V        ;         ; Row I/O    ; N               ; no       ; Off          ;
; U28      ; 317        ; 5        ; pre_mixed_text_out[48]                                    ; output ; 2.5 V        ;         ; Row I/O    ; N               ; no       ; Off          ;
; V1       ; 84         ; 2        ; pre_mixed_text_out[53]                                    ; output ; 2.5 V        ;         ; Row I/O    ; N               ; no       ; Off          ;
; V2       ; 83         ; 2        ; pre_mixed_text_out[90]                                    ; output ; 2.5 V        ;         ; Row I/O    ; N               ; no       ; Off          ;
; V3       ; 82         ; 2        ; pre_mixed_text_out[91]                                    ; output ; 2.5 V        ;         ; Row I/O    ; N               ; no       ; Off          ;
; V4       ; 81         ; 2        ; ciphertext_out[83]                                        ; output ; 2.5 V        ;         ; Row I/O    ; N               ; no       ; Off          ;
; V5       ; 108        ; 2        ; reg_text_out[81]                                          ; output ; 2.5 V        ;         ; Row I/O    ; N               ; no       ; Off          ;
; V6       ; 107        ; 2        ; reg_text_out[76]                                          ; output ; 2.5 V        ;         ; Row I/O    ; N               ; no       ; Off          ;
; V7       ; 110        ; 2        ; reg_text_out[57]                                          ; output ; 2.5 V        ;         ; Row I/O    ; N               ; no       ; Off          ;
; V8       ; 109        ; 2        ; pre_mixed_text_out[61]                                    ; output ; 2.5 V        ;         ; Row I/O    ; N               ; no       ; Off          ;
; V9       ;            ;          ; VCCINT                                                    ; power  ;              ; 1.2V    ; --         ;                 ; --       ; --           ;
; V10      ;            ;          ; GND                                                       ; gnd    ;              ;         ; --         ;                 ; --       ; --           ;
; V11      ;            ;          ; VCCINT                                                    ; power  ;              ; 1.2V    ; --         ;                 ; --       ; --           ;
; V12      ;            ;          ; GND                                                       ; gnd    ;              ;         ; --         ;                 ; --       ; --           ;
; V13      ;            ;          ; VCCINT                                                    ; power  ;              ; 1.2V    ; --         ;                 ; --       ; --           ;
; V14      ;            ;          ; GND                                                       ; gnd    ;              ;         ; --         ;                 ; --       ; --           ;
; V15      ;            ;          ; VCCINT                                                    ; power  ;              ; 1.2V    ; --         ;                 ; --       ; --           ;
; V16      ;            ;          ; GND                                                       ; gnd    ;              ;         ; --         ;                 ; --       ; --           ;
; V17      ;            ;          ; VCCINT                                                    ; power  ;              ; 1.2V    ; --         ;                 ; --       ; --           ;
; V18      ;            ;          ; GND                                                       ; gnd    ;              ;         ; --         ;                 ; --       ; --           ;
; V19      ;            ;          ; VCCINT                                                    ; power  ;              ; 1.2V    ; --         ;                 ; --       ; --           ;
; V20      ;            ;          ; GND                                                       ; gnd    ;              ;         ; --         ;                 ; --       ; --           ;
; V21      ; 311        ; 5        ; index_out[1]                                              ; output ; 2.5 V        ;         ; Row I/O    ; N               ; no       ; Off          ;
; V22      ; 312        ; 5        ; ciphertext_out[108]                                       ; output ; 2.5 V        ;         ; Row I/O    ; N               ; no       ; Off          ;
; V23      ; 309        ; 5        ; pre_mixed_text_out[62]                                    ; output ; 2.5 V        ;         ; Row I/O    ; N               ; no       ; Off          ;
; V24      ; 308        ; 5        ; sbox_out_test[0]                                          ; output ; 2.5 V        ;         ; Row I/O    ; N               ; no       ; Off          ;
; V25      ; 307        ; 5        ; pre_mixed_text_out[121]                                   ; output ; 2.5 V        ;         ; Row I/O    ; N               ; no       ; Off          ;
; V26      ; 306        ; 5        ; ciphertext_out[105]                                       ; output ; 2.5 V        ;         ; Row I/O    ; N               ; no       ; Off          ;
; V27      ; 304        ; 5        ; sbox_out_test[6]                                          ; output ; 2.5 V        ;         ; Row I/O    ; N               ; no       ; Off          ;
; V28      ; 303        ; 5        ; ciphertext_out[74]                                        ; output ; 2.5 V        ;         ; Row I/O    ; N               ; no       ; Off          ;
; W1       ; 88         ; 2        ; reg_text_out[125]                                         ; output ; 2.5 V        ;         ; Row I/O    ; N               ; no       ; Off          ;
; W2       ; 87         ; 2        ; pre_mixed_text_out[43]                                    ; output ; 2.5 V        ;         ; Row I/O    ; N               ; no       ; Off          ;
; W3       ; 112        ; 2        ; reg_text_out[30]                                          ; output ; 2.5 V        ;         ; Row I/O    ; N               ; no       ; Off          ;
; W4       ; 111        ; 2        ; pre_mixed_text_out[82]                                    ; output ; 2.5 V        ;         ; Row I/O    ; N               ; no       ; Off          ;
; W5       ;            ; 2        ; VCCIO2                                                    ; power  ;              ; 2.5V    ; --         ;                 ; --       ; --           ;
; W6       ;            ;          ; GND                                                       ; gnd    ;              ;         ; --         ;                 ; --       ; --           ;
; W7       ; 115        ; 2        ; ciphertext_out[92]                                        ; output ; 2.5 V        ;         ; Row I/O    ; N               ; no       ; Off          ;
; W8       ; 116        ; 2        ; ciphertext_out[86]                                        ; output ; 2.5 V        ;         ; Row I/O    ; N               ; no       ; Off          ;
; W9       ;            ;          ; GND                                                       ; gnd    ;              ;         ; --         ;                 ; --       ; --           ;
; W10      ;            ;          ; VCCINT                                                    ; power  ;              ; 1.2V    ; --         ;                 ; --       ; --           ;
; W11      ;            ;          ; GND                                                       ; gnd    ;              ;         ; --         ;                 ; --       ; --           ;
; W12      ;            ;          ; VCCINT                                                    ; power  ;              ; 1.2V    ; --         ;                 ; --       ; --           ;
; W13      ;            ;          ; GND                                                       ; gnd    ;              ;         ; --         ;                 ; --       ; --           ;
; W14      ;            ;          ; VCCINT                                                    ; power  ;              ; 1.2V    ; --         ;                 ; --       ; --           ;
; W15      ;            ;          ; GND                                                       ; gnd    ;              ;         ; --         ;                 ; --       ; --           ;
; W16      ;            ;          ; VCCINT                                                    ; power  ;              ; 1.2V    ; --         ;                 ; --       ; --           ;
; W17      ;            ;          ; GND                                                       ; gnd    ;              ;         ; --         ;                 ; --       ; --           ;
; W18      ;            ;          ; VCCINT                                                    ; power  ;              ; 1.2V    ; --         ;                 ; --       ; --           ;
; W19      ;            ;          ; GND                                                       ; gnd    ;              ;         ; --         ;                 ; --       ; --           ;
; W20      ;            ;          ; VCCINT                                                    ; power  ;              ; 1.2V    ; --         ;                 ; --       ; --           ;
; W21      ; 310        ; 5        ; ciphertext_out[46]                                        ; output ; 2.5 V        ;         ; Row I/O    ; N               ; no       ; Off          ;
; W22      ; 321        ; 5        ; ciphertext_out[33]                                        ; output ; 2.5 V        ;         ; Row I/O    ; N               ; no       ; Off          ;
; W23      ;            ;          ; GND                                                       ; gnd    ;              ;         ; --         ;                 ; --       ; --           ;
; W24      ;            ; 5        ; VCCIO5                                                    ; power  ;              ; 2.5V    ; --         ;                 ; --       ; --           ;
; W25      ; 300        ; 5        ; ciphertext_out[34]                                        ; output ; 2.5 V        ;         ; Row I/O    ; N               ; no       ; Off          ;
; W26      ; 299        ; 5        ; reg_text_out[15]                                          ; output ; 2.5 V        ;         ; Row I/O    ; N               ; no       ; Off          ;
; W27      ; 301        ; 5        ; ciphertext_out[25]                                        ; output ; 2.5 V        ;         ; Row I/O    ; N               ; no       ; Off          ;
; W28      ; 302        ; 5        ; ciphertext_out[79]                                        ; output ; 2.5 V        ;         ; Row I/O    ; N               ; no       ; Off          ;
; Y1       ; 66         ; 2        ; GND+                                                      ;        ;              ;         ; Row I/O    ;                 ; --       ; --           ;
; Y2       ; 65         ; 2        ; reset                                                     ; input  ; 2.5 V        ;         ; Row I/O    ; N               ; no       ; Off          ;
; Y3       ; 92         ; 2        ; reg_text_out[54]                                          ; output ; 2.5 V        ;         ; Row I/O    ; N               ; no       ; Off          ;
; Y4       ; 91         ; 2        ; ciphertext_out[43]                                        ; output ; 2.5 V        ;         ; Row I/O    ; N               ; no       ; Off          ;
; Y5       ; 114        ; 2        ; reg_text_out[95]                                          ; output ; 2.5 V        ;         ; Row I/O    ; N               ; no       ; Off          ;
; Y6       ; 113        ; 2        ; reg_text_out[80]                                          ; output ; 2.5 V        ;         ; Row I/O    ; N               ; no       ; Off          ;
; Y7       ; 117        ; 2        ; pre_mixed_text_out[56]                                    ; output ; 2.5 V        ;         ; Row I/O    ; N               ; no       ; Off          ;
; Y8       ;            ; --       ; VCCA1                                                     ; power  ;              ; 2.5V    ; --         ;                 ; --       ; --           ;
; Y9       ;            ;          ; VCCD_PLL1                                                 ; power  ;              ; 1.2V    ; --         ;                 ; --       ; --           ;
; Y10      ; 140        ; 3        ; pre_mixed_text_out[19]                                    ; output ; 2.5 V        ;         ; Column I/O ; N               ; no       ; Off          ;
; Y11      ;            ;          ; GND                                                       ; gnd    ;              ;         ; --         ;                 ; --       ; --           ;
; Y12      ; 187        ; 3        ; ciphertext_out[4]                                         ; output ; 2.5 V        ;         ; Column I/O ; N               ; no       ; Off          ;
; Y13      ; 189        ; 3        ; reg_text_out[27]                                          ; output ; 2.5 V        ;         ; Column I/O ; N               ; no       ; Off          ;
; Y14      ; 197        ; 3        ; reg_text_out[99]                                          ; output ; 2.5 V        ;         ; Column I/O ; N               ; no       ; Off          ;
; Y15      ; 198        ; 3        ; ciphertext_out[104]                                       ; output ; 2.5 V        ;         ; Column I/O ; N               ; no       ; Off          ;
; Y16      ; 250        ; 4        ; reg_text_out[119]                                         ; output ; 2.5 V        ;         ; Column I/O ; N               ; no       ; Off          ;
; Y17      ; 249        ; 4        ; reg_text_out[29]                                          ; output ; 2.5 V        ;         ; Column I/O ; N               ; no       ; Off          ;
; Y18      ;            ;          ; GND                                                       ; gnd    ;              ;         ; --         ;                 ; --       ; --           ;
; Y19      ; 263        ; 4        ; reg_text_out[28]                                          ; output ; 2.5 V        ;         ; Column I/O ; N               ; no       ; Off          ;
; Y20      ;            ;          ; VCCD_PLL4                                                 ; power  ;              ; 1.2V    ; --         ;                 ; --       ; --           ;
; Y21      ;            ; --       ; VCCA4                                                     ; power  ;              ; 2.5V    ; --         ;                 ; --       ; --           ;
; Y22      ; 320        ; 5        ; ciphertext_out[69]                                        ; output ; 2.5 V        ;         ; Row I/O    ; N               ; no       ; Off          ;
; Y23      ; 288        ; 5        ; reg_text_out[49]                                          ; output ; 2.5 V        ;         ; Row I/O    ; N               ; no       ; Off          ;
; Y24      ; 287        ; 5        ; reg_text_out[40]                                          ; output ; 2.5 V        ;         ; Row I/O    ; N               ; no       ; Off          ;
; Y25      ; 298        ; 5        ; reg_text_out[20]                                          ; output ; 2.5 V        ;         ; Row I/O    ; N               ; no       ; Off          ;
; Y26      ; 297        ; 5        ; pre_mixed_text_out[35]                                    ; output ; 2.5 V        ;         ; Row I/O    ; N               ; no       ; Off          ;
; Y27      ; 336        ; 5        ; GND+                                                      ;        ;              ;         ; Row I/O    ;                 ; --       ; --           ;
; Y28      ; 335        ; 5        ; GND+                                                      ;        ;              ;         ; Row I/O    ;                 ; --       ; --           ;
+----------+------------+----------+-----------------------------------------------------------+--------+--------------+---------+------------+-----------------+----------+--------------+
Note: Pin directions (input, output or bidir) are based on device operating in user mode.


+-----------------------------------------------------------------------------------------------------------------------------------------------------------------------------------------------------------------------------------------------------------------------------------------------------------------------------------------------+
; Fitter Resource Utilization by Entity                                                                                                                                                                                                                                                                                                         ;
+-------------------------------------------+-------------+---------------------------+---------------+-------------+------+--------------+---------+-----------+------+--------------+--------------+-------------------+------------------+------------------------------------------------------------------------------------+--------------+
; Compilation Hierarchy Node                ; Logic Cells ; Dedicated Logic Registers ; I/O Registers ; Memory Bits ; M9Ks ; DSP Elements ; DSP 9x9 ; DSP 18x18 ; Pins ; Virtual Pins ; LUT-Only LCs ; Register-Only LCs ; LUT/Register LCs ; Full Hierarchy Name                                                                ; Library Name ;
+-------------------------------------------+-------------+---------------------------+---------------+-------------+------+--------------+---------+-----------+------+--------------+--------------+-------------------+------------------+------------------------------------------------------------------------------------+--------------+
; |main_inv_AES                             ; 1118 (804)  ; 276 (276)                 ; 0 (0)         ; 2048        ; 1    ; 0            ; 0       ; 0         ; 405  ; 0            ; 842 (528)    ; 44 (44)           ; 232 (184)        ; |main_inv_AES                                                                      ; work         ;
;    |inv_mix_columns:column1|              ; 88 (76)     ; 0 (0)                     ; 0 (0)         ; 0           ; 0    ; 0            ; 0       ; 0         ; 0    ; 0            ; 74 (68)      ; 0 (0)             ; 14 (8)           ; |main_inv_AES|inv_mix_columns:column1                                              ; work         ;
;       |xtime:b0x2|                        ; 3 (3)       ; 0 (0)                     ; 0 (0)         ; 0           ; 0    ; 0            ; 0       ; 0         ; 0    ; 0            ; 1 (1)        ; 0 (0)             ; 2 (2)            ; |main_inv_AES|inv_mix_columns:column1|xtime:b0x2                                   ; work         ;
;       |xtime:b1x2|                        ; 3 (3)       ; 0 (0)                     ; 0 (0)         ; 0           ; 0    ; 0            ; 0       ; 0         ; 0    ; 0            ; 2 (2)        ; 0 (0)             ; 1 (1)            ; |main_inv_AES|inv_mix_columns:column1|xtime:b1x2                                   ; work         ;
;       |xtime:b2x2|                        ; 3 (3)       ; 0 (0)                     ; 0 (0)         ; 0           ; 0    ; 0            ; 0       ; 0         ; 0    ; 0            ; 2 (2)        ; 0 (0)             ; 1 (1)            ; |main_inv_AES|inv_mix_columns:column1|xtime:b2x2                                   ; work         ;
;       |xtime:b3x2|                        ; 3 (3)       ; 0 (0)                     ; 0 (0)         ; 0           ; 0    ; 0            ; 0       ; 0         ; 0    ; 0            ; 1 (1)        ; 0 (0)             ; 2 (2)            ; |main_inv_AES|inv_mix_columns:column1|xtime:b3x2                                   ; work         ;
;    |inv_mix_columns:column2|              ; 89 (79)     ; 0 (0)                     ; 0 (0)         ; 0           ; 0    ; 0            ; 0       ; 0         ; 0    ; 0            ; 84 (78)      ; 0 (0)             ; 5 (1)            ; |main_inv_AES|inv_mix_columns:column2                                              ; work         ;
;       |xtime:b0x2|                        ; 3 (3)       ; 0 (0)                     ; 0 (0)         ; 0           ; 0    ; 0            ; 0       ; 0         ; 0    ; 0            ; 3 (3)        ; 0 (0)             ; 0 (0)            ; |main_inv_AES|inv_mix_columns:column2|xtime:b0x2                                   ; work         ;
;       |xtime:b1x2|                        ; 2 (2)       ; 0 (0)                     ; 0 (0)         ; 0           ; 0    ; 0            ; 0       ; 0         ; 0    ; 0            ; 1 (1)        ; 0 (0)             ; 1 (1)            ; |main_inv_AES|inv_mix_columns:column2|xtime:b1x2                                   ; work         ;
;       |xtime:b2x2|                        ; 3 (3)       ; 0 (0)                     ; 0 (0)         ; 0           ; 0    ; 0            ; 0       ; 0         ; 0    ; 0            ; 2 (2)        ; 0 (0)             ; 1 (1)            ; |main_inv_AES|inv_mix_columns:column2|xtime:b2x2                                   ; work         ;
;       |xtime:b3x2|                        ; 2 (2)       ; 0 (0)                     ; 0 (0)         ; 0           ; 0    ; 0            ; 0       ; 0         ; 0    ; 0            ; 0 (0)        ; 0 (0)             ; 2 (2)            ; |main_inv_AES|inv_mix_columns:column2|xtime:b3x2                                   ; work         ;
;    |inv_mix_columns:column3|              ; 89 (80)     ; 0 (0)                     ; 0 (0)         ; 0           ; 0    ; 0            ; 0       ; 0         ; 0    ; 0            ; 77 (73)      ; 0 (0)             ; 12 (7)           ; |main_inv_AES|inv_mix_columns:column3                                              ; work         ;
;       |xtime:b0x2|                        ; 3 (3)       ; 0 (0)                     ; 0 (0)         ; 0           ; 0    ; 0            ; 0       ; 0         ; 0    ; 0            ; 3 (3)        ; 0 (0)             ; 0 (0)            ; |main_inv_AES|inv_mix_columns:column3|xtime:b0x2                                   ; work         ;
;       |xtime:b1x2|                        ; 1 (1)       ; 0 (0)                     ; 0 (0)         ; 0           ; 0    ; 0            ; 0       ; 0         ; 0    ; 0            ; 1 (1)        ; 0 (0)             ; 0 (0)            ; |main_inv_AES|inv_mix_columns:column3|xtime:b1x2                                   ; work         ;
;       |xtime:b2x2|                        ; 3 (3)       ; 0 (0)                     ; 0 (0)         ; 0           ; 0    ; 0            ; 0       ; 0         ; 0    ; 0            ; 0 (0)        ; 0 (0)             ; 3 (3)            ; |main_inv_AES|inv_mix_columns:column3|xtime:b2x2                                   ; work         ;
;       |xtime:b3x2|                        ; 2 (2)       ; 0 (0)                     ; 0 (0)         ; 0           ; 0    ; 0            ; 0       ; 0         ; 0    ; 0            ; 0 (0)        ; 0 (0)             ; 2 (2)            ; |main_inv_AES|inv_mix_columns:column3|xtime:b3x2                                   ; work         ;
;    |inv_mix_columns:column4|              ; 96 (86)     ; 0 (0)                     ; 0 (0)         ; 0           ; 0    ; 0            ; 0       ; 0         ; 0    ; 0            ; 79 (73)      ; 0 (0)             ; 17 (13)          ; |main_inv_AES|inv_mix_columns:column4                                              ; work         ;
;       |xtime:b0x2|                        ; 2 (2)       ; 0 (0)                     ; 0 (0)         ; 0           ; 0    ; 0            ; 0       ; 0         ; 0    ; 0            ; 1 (1)        ; 0 (0)             ; 1 (1)            ; |main_inv_AES|inv_mix_columns:column4|xtime:b0x2                                   ; work         ;
;       |xtime:b1x2|                        ; 3 (3)       ; 0 (0)                     ; 0 (0)         ; 0           ; 0    ; 0            ; 0       ; 0         ; 0    ; 0            ; 3 (3)        ; 0 (0)             ; 0 (0)            ; |main_inv_AES|inv_mix_columns:column4|xtime:b1x2                                   ; work         ;
;       |xtime:b2x2|                        ; 2 (2)       ; 0 (0)                     ; 0 (0)         ; 0           ; 0    ; 0            ; 0       ; 0         ; 0    ; 0            ; 0 (0)        ; 0 (0)             ; 2 (2)            ; |main_inv_AES|inv_mix_columns:column4|xtime:b2x2                                   ; work         ;
;       |xtime:b3x2|                        ; 3 (3)       ; 0 (0)                     ; 0 (0)         ; 0           ; 0    ; 0            ; 0       ; 0         ; 0    ; 0            ; 2 (2)        ; 0 (0)             ; 1 (1)            ; |main_inv_AES|inv_mix_columns:column4|xtime:b3x2                                   ; work         ;
;    |inv_sbox_rom:u1|                      ; 0 (0)       ; 0 (0)                     ; 0 (0)         ; 2048        ; 1    ; 0            ; 0       ; 0         ; 0    ; 0            ; 0 (0)        ; 0 (0)             ; 0 (0)            ; |main_inv_AES|inv_sbox_rom:u1                                                      ; work         ;
;       |altsyncram:Mux7_rtl_0|             ; 0 (0)       ; 0 (0)                     ; 0 (0)         ; 2048        ; 1    ; 0            ; 0       ; 0         ; 0    ; 0            ; 0 (0)        ; 0 (0)             ; 0 (0)            ; |main_inv_AES|inv_sbox_rom:u1|altsyncram:Mux7_rtl_0                                ; work         ;
;          |altsyncram_6k11:auto_generated| ; 0 (0)       ; 0 (0)                     ; 0 (0)         ; 2048        ; 1    ; 0            ; 0       ; 0         ; 0    ; 0            ; 0 (0)        ; 0 (0)             ; 0 (0)            ; |main_inv_AES|inv_sbox_rom:u1|altsyncram:Mux7_rtl_0|altsyncram_6k11:auto_generated ; work         ;
+-------------------------------------------+-------------+---------------------------+---------------+-------------+------+--------------+---------+-----------+------+--------------+--------------+-------------------+------------------+------------------------------------------------------------------------------------+--------------+
Note: For table entries with two numbers listed, the numbers in parentheses indicate the number of resources of the given type used by the specific entity alone. The numbers listed outside of parentheses indicate the total resources of the given type used by the specific entity and all of its sub-entities in the hierarchy.


+---------------------------------------------------------------------------------------------------------+
; Delay Chain Summary                                                                                     ;
+-------------------------+----------+---------------+---------------+-----------------------+-----+------+
; Name                    ; Pin Type ; Pad to Core 0 ; Pad to Core 1 ; Pad to Input Register ; TCO ; TCOE ;
+-------------------------+----------+---------------+---------------+-----------------------+-----+------+
; done_o                  ; Output   ; --            ; --            ; --                    ; --  ; --   ;
; reg_text_out[0]         ; Output   ; --            ; --            ; --                    ; --  ; --   ;
; reg_text_out[1]         ; Output   ; --            ; --            ; --                    ; --  ; --   ;
; reg_text_out[2]         ; Output   ; --            ; --            ; --                    ; --  ; --   ;
; reg_text_out[3]         ; Output   ; --            ; --            ; --                    ; --  ; --   ;
; reg_text_out[4]         ; Output   ; --            ; --            ; --                    ; --  ; --   ;
; reg_text_out[5]         ; Output   ; --            ; --            ; --                    ; --  ; --   ;
; reg_text_out[6]         ; Output   ; --            ; --            ; --                    ; --  ; --   ;
; reg_text_out[7]         ; Output   ; --            ; --            ; --                    ; --  ; --   ;
; reg_text_out[8]         ; Output   ; --            ; --            ; --                    ; --  ; --   ;
; reg_text_out[9]         ; Output   ; --            ; --            ; --                    ; --  ; --   ;
; reg_text_out[10]        ; Output   ; --            ; --            ; --                    ; --  ; --   ;
; reg_text_out[11]        ; Output   ; --            ; --            ; --                    ; --  ; --   ;
; reg_text_out[12]        ; Output   ; --            ; --            ; --                    ; --  ; --   ;
; reg_text_out[13]        ; Output   ; --            ; --            ; --                    ; --  ; --   ;
; reg_text_out[14]        ; Output   ; --            ; --            ; --                    ; --  ; --   ;
; reg_text_out[15]        ; Output   ; --            ; --            ; --                    ; --  ; --   ;
; reg_text_out[16]        ; Output   ; --            ; --            ; --                    ; --  ; --   ;
; reg_text_out[17]        ; Output   ; --            ; --            ; --                    ; --  ; --   ;
; reg_text_out[18]        ; Output   ; --            ; --            ; --                    ; --  ; --   ;
; reg_text_out[19]        ; Output   ; --            ; --            ; --                    ; --  ; --   ;
; reg_text_out[20]        ; Output   ; --            ; --            ; --                    ; --  ; --   ;
; reg_text_out[21]        ; Output   ; --            ; --            ; --                    ; --  ; --   ;
; reg_text_out[22]        ; Output   ; --            ; --            ; --                    ; --  ; --   ;
; reg_text_out[23]        ; Output   ; --            ; --            ; --                    ; --  ; --   ;
; reg_text_out[24]        ; Output   ; --            ; --            ; --                    ; --  ; --   ;
; reg_text_out[25]        ; Output   ; --            ; --            ; --                    ; --  ; --   ;
; reg_text_out[26]        ; Output   ; --            ; --            ; --                    ; --  ; --   ;
; reg_text_out[27]        ; Output   ; --            ; --            ; --                    ; --  ; --   ;
; reg_text_out[28]        ; Output   ; --            ; --            ; --                    ; --  ; --   ;
; reg_text_out[29]        ; Output   ; --            ; --            ; --                    ; --  ; --   ;
; reg_text_out[30]        ; Output   ; --            ; --            ; --                    ; --  ; --   ;
; reg_text_out[31]        ; Output   ; --            ; --            ; --                    ; --  ; --   ;
; reg_text_out[32]        ; Output   ; --            ; --            ; --                    ; --  ; --   ;
; reg_text_out[33]        ; Output   ; --            ; --            ; --                    ; --  ; --   ;
; reg_text_out[34]        ; Output   ; --            ; --            ; --                    ; --  ; --   ;
; reg_text_out[35]        ; Output   ; --            ; --            ; --                    ; --  ; --   ;
; reg_text_out[36]        ; Output   ; --            ; --            ; --                    ; --  ; --   ;
; reg_text_out[37]        ; Output   ; --            ; --            ; --                    ; --  ; --   ;
; reg_text_out[38]        ; Output   ; --            ; --            ; --                    ; --  ; --   ;
; reg_text_out[39]        ; Output   ; --            ; --            ; --                    ; --  ; --   ;
; reg_text_out[40]        ; Output   ; --            ; --            ; --                    ; --  ; --   ;
; reg_text_out[41]        ; Output   ; --            ; --            ; --                    ; --  ; --   ;
; reg_text_out[42]        ; Output   ; --            ; --            ; --                    ; --  ; --   ;
; reg_text_out[43]        ; Output   ; --            ; --            ; --                    ; --  ; --   ;
; reg_text_out[44]        ; Output   ; --            ; --            ; --                    ; --  ; --   ;
; reg_text_out[45]        ; Output   ; --            ; --            ; --                    ; --  ; --   ;
; reg_text_out[46]        ; Output   ; --            ; --            ; --                    ; --  ; --   ;
; reg_text_out[47]        ; Output   ; --            ; --            ; --                    ; --  ; --   ;
; reg_text_out[48]        ; Output   ; --            ; --            ; --                    ; --  ; --   ;
; reg_text_out[49]        ; Output   ; --            ; --            ; --                    ; --  ; --   ;
; reg_text_out[50]        ; Output   ; --            ; --            ; --                    ; --  ; --   ;
; reg_text_out[51]        ; Output   ; --            ; --            ; --                    ; --  ; --   ;
; reg_text_out[52]        ; Output   ; --            ; --            ; --                    ; --  ; --   ;
; reg_text_out[53]        ; Output   ; --            ; --            ; --                    ; --  ; --   ;
; reg_text_out[54]        ; Output   ; --            ; --            ; --                    ; --  ; --   ;
; reg_text_out[55]        ; Output   ; --            ; --            ; --                    ; --  ; --   ;
; reg_text_out[56]        ; Output   ; --            ; --            ; --                    ; --  ; --   ;
; reg_text_out[57]        ; Output   ; --            ; --            ; --                    ; --  ; --   ;
; reg_text_out[58]        ; Output   ; --            ; --            ; --                    ; --  ; --   ;
; reg_text_out[59]        ; Output   ; --            ; --            ; --                    ; --  ; --   ;
; reg_text_out[60]        ; Output   ; --            ; --            ; --                    ; --  ; --   ;
; reg_text_out[61]        ; Output   ; --            ; --            ; --                    ; --  ; --   ;
; reg_text_out[62]        ; Output   ; --            ; --            ; --                    ; --  ; --   ;
; reg_text_out[63]        ; Output   ; --            ; --            ; --                    ; --  ; --   ;
; reg_text_out[64]        ; Output   ; --            ; --            ; --                    ; --  ; --   ;
; reg_text_out[65]        ; Output   ; --            ; --            ; --                    ; --  ; --   ;
; reg_text_out[66]        ; Output   ; --            ; --            ; --                    ; --  ; --   ;
; reg_text_out[67]        ; Output   ; --            ; --            ; --                    ; --  ; --   ;
; reg_text_out[68]        ; Output   ; --            ; --            ; --                    ; --  ; --   ;
; reg_text_out[69]        ; Output   ; --            ; --            ; --                    ; --  ; --   ;
; reg_text_out[70]        ; Output   ; --            ; --            ; --                    ; --  ; --   ;
; reg_text_out[71]        ; Output   ; --            ; --            ; --                    ; --  ; --   ;
; reg_text_out[72]        ; Output   ; --            ; --            ; --                    ; --  ; --   ;
; reg_text_out[73]        ; Output   ; --            ; --            ; --                    ; --  ; --   ;
; reg_text_out[74]        ; Output   ; --            ; --            ; --                    ; --  ; --   ;
; reg_text_out[75]        ; Output   ; --            ; --            ; --                    ; --  ; --   ;
; reg_text_out[76]        ; Output   ; --            ; --            ; --                    ; --  ; --   ;
; reg_text_out[77]        ; Output   ; --            ; --            ; --                    ; --  ; --   ;
; reg_text_out[78]        ; Output   ; --            ; --            ; --                    ; --  ; --   ;
; reg_text_out[79]        ; Output   ; --            ; --            ; --                    ; --  ; --   ;
; reg_text_out[80]        ; Output   ; --            ; --            ; --                    ; --  ; --   ;
; reg_text_out[81]        ; Output   ; --            ; --            ; --                    ; --  ; --   ;
; reg_text_out[82]        ; Output   ; --            ; --            ; --                    ; --  ; --   ;
; reg_text_out[83]        ; Output   ; --            ; --            ; --                    ; --  ; --   ;
; reg_text_out[84]        ; Output   ; --            ; --            ; --                    ; --  ; --   ;
; reg_text_out[85]        ; Output   ; --            ; --            ; --                    ; --  ; --   ;
; reg_text_out[86]        ; Output   ; --            ; --            ; --                    ; --  ; --   ;
; reg_text_out[87]        ; Output   ; --            ; --            ; --                    ; --  ; --   ;
; reg_text_out[88]        ; Output   ; --            ; --            ; --                    ; --  ; --   ;
; reg_text_out[89]        ; Output   ; --            ; --            ; --                    ; --  ; --   ;
; reg_text_out[90]        ; Output   ; --            ; --            ; --                    ; --  ; --   ;
; reg_text_out[91]        ; Output   ; --            ; --            ; --                    ; --  ; --   ;
; reg_text_out[92]        ; Output   ; --            ; --            ; --                    ; --  ; --   ;
; reg_text_out[93]        ; Output   ; --            ; --            ; --                    ; --  ; --   ;
; reg_text_out[94]        ; Output   ; --            ; --            ; --                    ; --  ; --   ;
; reg_text_out[95]        ; Output   ; --            ; --            ; --                    ; --  ; --   ;
; reg_text_out[96]        ; Output   ; --            ; --            ; --                    ; --  ; --   ;
; reg_text_out[97]        ; Output   ; --            ; --            ; --                    ; --  ; --   ;
; reg_text_out[98]        ; Output   ; --            ; --            ; --                    ; --  ; --   ;
; reg_text_out[99]        ; Output   ; --            ; --            ; --                    ; --  ; --   ;
; reg_text_out[100]       ; Output   ; --            ; --            ; --                    ; --  ; --   ;
; reg_text_out[101]       ; Output   ; --            ; --            ; --                    ; --  ; --   ;
; reg_text_out[102]       ; Output   ; --            ; --            ; --                    ; --  ; --   ;
; reg_text_out[103]       ; Output   ; --            ; --            ; --                    ; --  ; --   ;
; reg_text_out[104]       ; Output   ; --            ; --            ; --                    ; --  ; --   ;
; reg_text_out[105]       ; Output   ; --            ; --            ; --                    ; --  ; --   ;
; reg_text_out[106]       ; Output   ; --            ; --            ; --                    ; --  ; --   ;
; reg_text_out[107]       ; Output   ; --            ; --            ; --                    ; --  ; --   ;
; reg_text_out[108]       ; Output   ; --            ; --            ; --                    ; --  ; --   ;
; reg_text_out[109]       ; Output   ; --            ; --            ; --                    ; --  ; --   ;
; reg_text_out[110]       ; Output   ; --            ; --            ; --                    ; --  ; --   ;
; reg_text_out[111]       ; Output   ; --            ; --            ; --                    ; --  ; --   ;
; reg_text_out[112]       ; Output   ; --            ; --            ; --                    ; --  ; --   ;
; reg_text_out[113]       ; Output   ; --            ; --            ; --                    ; --  ; --   ;
; reg_text_out[114]       ; Output   ; --            ; --            ; --                    ; --  ; --   ;
; reg_text_out[115]       ; Output   ; --            ; --            ; --                    ; --  ; --   ;
; reg_text_out[116]       ; Output   ; --            ; --            ; --                    ; --  ; --   ;
; reg_text_out[117]       ; Output   ; --            ; --            ; --                    ; --  ; --   ;
; reg_text_out[118]       ; Output   ; --            ; --            ; --                    ; --  ; --   ;
; reg_text_out[119]       ; Output   ; --            ; --            ; --                    ; --  ; --   ;
; reg_text_out[120]       ; Output   ; --            ; --            ; --                    ; --  ; --   ;
; reg_text_out[121]       ; Output   ; --            ; --            ; --                    ; --  ; --   ;
; reg_text_out[122]       ; Output   ; --            ; --            ; --                    ; --  ; --   ;
; reg_text_out[123]       ; Output   ; --            ; --            ; --                    ; --  ; --   ;
; reg_text_out[124]       ; Output   ; --            ; --            ; --                    ; --  ; --   ;
; reg_text_out[125]       ; Output   ; --            ; --            ; --                    ; --  ; --   ;
; reg_text_out[126]       ; Output   ; --            ; --            ; --                    ; --  ; --   ;
; reg_text_out[127]       ; Output   ; --            ; --            ; --                    ; --  ; --   ;
; pre_mixed_text_out[0]   ; Output   ; --            ; --            ; --                    ; --  ; --   ;
; pre_mixed_text_out[1]   ; Output   ; --            ; --            ; --                    ; --  ; --   ;
; pre_mixed_text_out[2]   ; Output   ; --            ; --            ; --                    ; --  ; --   ;
; pre_mixed_text_out[3]   ; Output   ; --            ; --            ; --                    ; --  ; --   ;
; pre_mixed_text_out[4]   ; Output   ; --            ; --            ; --                    ; --  ; --   ;
; pre_mixed_text_out[5]   ; Output   ; --            ; --            ; --                    ; --  ; --   ;
; pre_mixed_text_out[6]   ; Output   ; --            ; --            ; --                    ; --  ; --   ;
; pre_mixed_text_out[7]   ; Output   ; --            ; --            ; --                    ; --  ; --   ;
; pre_mixed_text_out[8]   ; Output   ; --            ; --            ; --                    ; --  ; --   ;
; pre_mixed_text_out[9]   ; Output   ; --            ; --            ; --                    ; --  ; --   ;
; pre_mixed_text_out[10]  ; Output   ; --            ; --            ; --                    ; --  ; --   ;
; pre_mixed_text_out[11]  ; Output   ; --            ; --            ; --                    ; --  ; --   ;
; pre_mixed_text_out[12]  ; Output   ; --            ; --            ; --                    ; --  ; --   ;
; pre_mixed_text_out[13]  ; Output   ; --            ; --            ; --                    ; --  ; --   ;
; pre_mixed_text_out[14]  ; Output   ; --            ; --            ; --                    ; --  ; --   ;
; pre_mixed_text_out[15]  ; Output   ; --            ; --            ; --                    ; --  ; --   ;
; pre_mixed_text_out[16]  ; Output   ; --            ; --            ; --                    ; --  ; --   ;
; pre_mixed_text_out[17]  ; Output   ; --            ; --            ; --                    ; --  ; --   ;
; pre_mixed_text_out[18]  ; Output   ; --            ; --            ; --                    ; --  ; --   ;
; pre_mixed_text_out[19]  ; Output   ; --            ; --            ; --                    ; --  ; --   ;
; pre_mixed_text_out[20]  ; Output   ; --            ; --            ; --                    ; --  ; --   ;
; pre_mixed_text_out[21]  ; Output   ; --            ; --            ; --                    ; --  ; --   ;
; pre_mixed_text_out[22]  ; Output   ; --            ; --            ; --                    ; --  ; --   ;
; pre_mixed_text_out[23]  ; Output   ; --            ; --            ; --                    ; --  ; --   ;
; pre_mixed_text_out[24]  ; Output   ; --            ; --            ; --                    ; --  ; --   ;
; pre_mixed_text_out[25]  ; Output   ; --            ; --            ; --                    ; --  ; --   ;
; pre_mixed_text_out[26]  ; Output   ; --            ; --            ; --                    ; --  ; --   ;
; pre_mixed_text_out[27]  ; Output   ; --            ; --            ; --                    ; --  ; --   ;
; pre_mixed_text_out[28]  ; Output   ; --            ; --            ; --                    ; --  ; --   ;
; pre_mixed_text_out[29]  ; Output   ; --            ; --            ; --                    ; --  ; --   ;
; pre_mixed_text_out[30]  ; Output   ; --            ; --            ; --                    ; --  ; --   ;
; pre_mixed_text_out[31]  ; Output   ; --            ; --            ; --                    ; --  ; --   ;
; pre_mixed_text_out[32]  ; Output   ; --            ; --            ; --                    ; --  ; --   ;
; pre_mixed_text_out[33]  ; Output   ; --            ; --            ; --                    ; --  ; --   ;
; pre_mixed_text_out[34]  ; Output   ; --            ; --            ; --                    ; --  ; --   ;
; pre_mixed_text_out[35]  ; Output   ; --            ; --            ; --                    ; --  ; --   ;
; pre_mixed_text_out[36]  ; Output   ; --            ; --            ; --                    ; --  ; --   ;
; pre_mixed_text_out[37]  ; Output   ; --            ; --            ; --                    ; --  ; --   ;
; pre_mixed_text_out[38]  ; Output   ; --            ; --            ; --                    ; --  ; --   ;
; pre_mixed_text_out[39]  ; Output   ; --            ; --            ; --                    ; --  ; --   ;
; pre_mixed_text_out[40]  ; Output   ; --            ; --            ; --                    ; --  ; --   ;
; pre_mixed_text_out[41]  ; Output   ; --            ; --            ; --                    ; --  ; --   ;
; pre_mixed_text_out[42]  ; Output   ; --            ; --            ; --                    ; --  ; --   ;
; pre_mixed_text_out[43]  ; Output   ; --            ; --            ; --                    ; --  ; --   ;
; pre_mixed_text_out[44]  ; Output   ; --            ; --            ; --                    ; --  ; --   ;
; pre_mixed_text_out[45]  ; Output   ; --            ; --            ; --                    ; --  ; --   ;
; pre_mixed_text_out[46]  ; Output   ; --            ; --            ; --                    ; --  ; --   ;
; pre_mixed_text_out[47]  ; Output   ; --            ; --            ; --                    ; --  ; --   ;
; pre_mixed_text_out[48]  ; Output   ; --            ; --            ; --                    ; --  ; --   ;
; pre_mixed_text_out[49]  ; Output   ; --            ; --            ; --                    ; --  ; --   ;
; pre_mixed_text_out[50]  ; Output   ; --            ; --            ; --                    ; --  ; --   ;
; pre_mixed_text_out[51]  ; Output   ; --            ; --            ; --                    ; --  ; --   ;
; pre_mixed_text_out[52]  ; Output   ; --            ; --            ; --                    ; --  ; --   ;
; pre_mixed_text_out[53]  ; Output   ; --            ; --            ; --                    ; --  ; --   ;
; pre_mixed_text_out[54]  ; Output   ; --            ; --            ; --                    ; --  ; --   ;
; pre_mixed_text_out[55]  ; Output   ; --            ; --            ; --                    ; --  ; --   ;
; pre_mixed_text_out[56]  ; Output   ; --            ; --            ; --                    ; --  ; --   ;
; pre_mixed_text_out[57]  ; Output   ; --            ; --            ; --                    ; --  ; --   ;
; pre_mixed_text_out[58]  ; Output   ; --            ; --            ; --                    ; --  ; --   ;
; pre_mixed_text_out[59]  ; Output   ; --            ; --            ; --                    ; --  ; --   ;
; pre_mixed_text_out[60]  ; Output   ; --            ; --            ; --                    ; --  ; --   ;
; pre_mixed_text_out[61]  ; Output   ; --            ; --            ; --                    ; --  ; --   ;
; pre_mixed_text_out[62]  ; Output   ; --            ; --            ; --                    ; --  ; --   ;
; pre_mixed_text_out[63]  ; Output   ; --            ; --            ; --                    ; --  ; --   ;
; pre_mixed_text_out[64]  ; Output   ; --            ; --            ; --                    ; --  ; --   ;
; pre_mixed_text_out[65]  ; Output   ; --            ; --            ; --                    ; --  ; --   ;
; pre_mixed_text_out[66]  ; Output   ; --            ; --            ; --                    ; --  ; --   ;
; pre_mixed_text_out[67]  ; Output   ; --            ; --            ; --                    ; --  ; --   ;
; pre_mixed_text_out[68]  ; Output   ; --            ; --            ; --                    ; --  ; --   ;
; pre_mixed_text_out[69]  ; Output   ; --            ; --            ; --                    ; --  ; --   ;
; pre_mixed_text_out[70]  ; Output   ; --            ; --            ; --                    ; --  ; --   ;
; pre_mixed_text_out[71]  ; Output   ; --            ; --            ; --                    ; --  ; --   ;
; pre_mixed_text_out[72]  ; Output   ; --            ; --            ; --                    ; --  ; --   ;
; pre_mixed_text_out[73]  ; Output   ; --            ; --            ; --                    ; --  ; --   ;
; pre_mixed_text_out[74]  ; Output   ; --            ; --            ; --                    ; --  ; --   ;
; pre_mixed_text_out[75]  ; Output   ; --            ; --            ; --                    ; --  ; --   ;
; pre_mixed_text_out[76]  ; Output   ; --            ; --            ; --                    ; --  ; --   ;
; pre_mixed_text_out[77]  ; Output   ; --            ; --            ; --                    ; --  ; --   ;
; pre_mixed_text_out[78]  ; Output   ; --            ; --            ; --                    ; --  ; --   ;
; pre_mixed_text_out[79]  ; Output   ; --            ; --            ; --                    ; --  ; --   ;
; pre_mixed_text_out[80]  ; Output   ; --            ; --            ; --                    ; --  ; --   ;
; pre_mixed_text_out[81]  ; Output   ; --            ; --            ; --                    ; --  ; --   ;
; pre_mixed_text_out[82]  ; Output   ; --            ; --            ; --                    ; --  ; --   ;
; pre_mixed_text_out[83]  ; Output   ; --            ; --            ; --                    ; --  ; --   ;
; pre_mixed_text_out[84]  ; Output   ; --            ; --            ; --                    ; --  ; --   ;
; pre_mixed_text_out[85]  ; Output   ; --            ; --            ; --                    ; --  ; --   ;
; pre_mixed_text_out[86]  ; Output   ; --            ; --            ; --                    ; --  ; --   ;
; pre_mixed_text_out[87]  ; Output   ; --            ; --            ; --                    ; --  ; --   ;
; pre_mixed_text_out[88]  ; Output   ; --            ; --            ; --                    ; --  ; --   ;
; pre_mixed_text_out[89]  ; Output   ; --            ; --            ; --                    ; --  ; --   ;
; pre_mixed_text_out[90]  ; Output   ; --            ; --            ; --                    ; --  ; --   ;
; pre_mixed_text_out[91]  ; Output   ; --            ; --            ; --                    ; --  ; --   ;
; pre_mixed_text_out[92]  ; Output   ; --            ; --            ; --                    ; --  ; --   ;
; pre_mixed_text_out[93]  ; Output   ; --            ; --            ; --                    ; --  ; --   ;
; pre_mixed_text_out[94]  ; Output   ; --            ; --            ; --                    ; --  ; --   ;
; pre_mixed_text_out[95]  ; Output   ; --            ; --            ; --                    ; --  ; --   ;
; pre_mixed_text_out[96]  ; Output   ; --            ; --            ; --                    ; --  ; --   ;
; pre_mixed_text_out[97]  ; Output   ; --            ; --            ; --                    ; --  ; --   ;
; pre_mixed_text_out[98]  ; Output   ; --            ; --            ; --                    ; --  ; --   ;
; pre_mixed_text_out[99]  ; Output   ; --            ; --            ; --                    ; --  ; --   ;
; pre_mixed_text_out[100] ; Output   ; --            ; --            ; --                    ; --  ; --   ;
; pre_mixed_text_out[101] ; Output   ; --            ; --            ; --                    ; --  ; --   ;
; pre_mixed_text_out[102] ; Output   ; --            ; --            ; --                    ; --  ; --   ;
; pre_mixed_text_out[103] ; Output   ; --            ; --            ; --                    ; --  ; --   ;
; pre_mixed_text_out[104] ; Output   ; --            ; --            ; --                    ; --  ; --   ;
; pre_mixed_text_out[105] ; Output   ; --            ; --            ; --                    ; --  ; --   ;
; pre_mixed_text_out[106] ; Output   ; --            ; --            ; --                    ; --  ; --   ;
; pre_mixed_text_out[107] ; Output   ; --            ; --            ; --                    ; --  ; --   ;
; pre_mixed_text_out[108] ; Output   ; --            ; --            ; --                    ; --  ; --   ;
; pre_mixed_text_out[109] ; Output   ; --            ; --            ; --                    ; --  ; --   ;
; pre_mixed_text_out[110] ; Output   ; --            ; --            ; --                    ; --  ; --   ;
; pre_mixed_text_out[111] ; Output   ; --            ; --            ; --                    ; --  ; --   ;
; pre_mixed_text_out[112] ; Output   ; --            ; --            ; --                    ; --  ; --   ;
; pre_mixed_text_out[113] ; Output   ; --            ; --            ; --                    ; --  ; --   ;
; pre_mixed_text_out[114] ; Output   ; --            ; --            ; --                    ; --  ; --   ;
; pre_mixed_text_out[115] ; Output   ; --            ; --            ; --                    ; --  ; --   ;
; pre_mixed_text_out[116] ; Output   ; --            ; --            ; --                    ; --  ; --   ;
; pre_mixed_text_out[117] ; Output   ; --            ; --            ; --                    ; --  ; --   ;
; pre_mixed_text_out[118] ; Output   ; --            ; --            ; --                    ; --  ; --   ;
; pre_mixed_text_out[119] ; Output   ; --            ; --            ; --                    ; --  ; --   ;
; pre_mixed_text_out[120] ; Output   ; --            ; --            ; --                    ; --  ; --   ;
; pre_mixed_text_out[121] ; Output   ; --            ; --            ; --                    ; --  ; --   ;
; pre_mixed_text_out[122] ; Output   ; --            ; --            ; --                    ; --  ; --   ;
; pre_mixed_text_out[123] ; Output   ; --            ; --            ; --                    ; --  ; --   ;
; pre_mixed_text_out[124] ; Output   ; --            ; --            ; --                    ; --  ; --   ;
; pre_mixed_text_out[125] ; Output   ; --            ; --            ; --                    ; --  ; --   ;
; pre_mixed_text_out[126] ; Output   ; --            ; --            ; --                    ; --  ; --   ;
; pre_mixed_text_out[127] ; Output   ; --            ; --            ; --                    ; --  ; --   ;
; index_out[0]            ; Output   ; --            ; --            ; --                    ; --  ; --   ;
; index_out[1]            ; Output   ; --            ; --            ; --                    ; --  ; --   ;
; index_out[2]            ; Output   ; --            ; --            ; --                    ; --  ; --   ;
; index_out[3]            ; Output   ; --            ; --            ; --                    ; --  ; --   ;
; state_out[0]            ; Output   ; --            ; --            ; --                    ; --  ; --   ;
; state_out[1]            ; Output   ; --            ; --            ; --                    ; --  ; --   ;
; state_out[2]            ; Output   ; --            ; --            ; --                    ; --  ; --   ;
; sbox_out_test[0]        ; Output   ; --            ; --            ; --                    ; --  ; --   ;
; sbox_out_test[1]        ; Output   ; --            ; --            ; --                    ; --  ; --   ;
; sbox_out_test[2]        ; Output   ; --            ; --            ; --                    ; --  ; --   ;
; sbox_out_test[3]        ; Output   ; --            ; --            ; --                    ; --  ; --   ;
; sbox_out_test[4]        ; Output   ; --            ; --            ; --                    ; --  ; --   ;
; sbox_out_test[5]        ; Output   ; --            ; --            ; --                    ; --  ; --   ;
; sbox_out_test[6]        ; Output   ; --            ; --            ; --                    ; --  ; --   ;
; sbox_out_test[7]        ; Output   ; --            ; --            ; --                    ; --  ; --   ;
; ciphertext_out[0]       ; Output   ; --            ; --            ; --                    ; --  ; --   ;
; ciphertext_out[1]       ; Output   ; --            ; --            ; --                    ; --  ; --   ;
; ciphertext_out[2]       ; Output   ; --            ; --            ; --                    ; --  ; --   ;
; ciphertext_out[3]       ; Output   ; --            ; --            ; --                    ; --  ; --   ;
; ciphertext_out[4]       ; Output   ; --            ; --            ; --                    ; --  ; --   ;
; ciphertext_out[5]       ; Output   ; --            ; --            ; --                    ; --  ; --   ;
; ciphertext_out[6]       ; Output   ; --            ; --            ; --                    ; --  ; --   ;
; ciphertext_out[7]       ; Output   ; --            ; --            ; --                    ; --  ; --   ;
; ciphertext_out[8]       ; Output   ; --            ; --            ; --                    ; --  ; --   ;
; ciphertext_out[9]       ; Output   ; --            ; --            ; --                    ; --  ; --   ;
; ciphertext_out[10]      ; Output   ; --            ; --            ; --                    ; --  ; --   ;
; ciphertext_out[11]      ; Output   ; --            ; --            ; --                    ; --  ; --   ;
; ciphertext_out[12]      ; Output   ; --            ; --            ; --                    ; --  ; --   ;
; ciphertext_out[13]      ; Output   ; --            ; --            ; --                    ; --  ; --   ;
; ciphertext_out[14]      ; Output   ; --            ; --            ; --                    ; --  ; --   ;
; ciphertext_out[15]      ; Output   ; --            ; --            ; --                    ; --  ; --   ;
; ciphertext_out[16]      ; Output   ; --            ; --            ; --                    ; --  ; --   ;
; ciphertext_out[17]      ; Output   ; --            ; --            ; --                    ; --  ; --   ;
; ciphertext_out[18]      ; Output   ; --            ; --            ; --                    ; --  ; --   ;
; ciphertext_out[19]      ; Output   ; --            ; --            ; --                    ; --  ; --   ;
; ciphertext_out[20]      ; Output   ; --            ; --            ; --                    ; --  ; --   ;
; ciphertext_out[21]      ; Output   ; --            ; --            ; --                    ; --  ; --   ;
; ciphertext_out[22]      ; Output   ; --            ; --            ; --                    ; --  ; --   ;
; ciphertext_out[23]      ; Output   ; --            ; --            ; --                    ; --  ; --   ;
; ciphertext_out[24]      ; Output   ; --            ; --            ; --                    ; --  ; --   ;
; ciphertext_out[25]      ; Output   ; --            ; --            ; --                    ; --  ; --   ;
; ciphertext_out[26]      ; Output   ; --            ; --            ; --                    ; --  ; --   ;
; ciphertext_out[27]      ; Output   ; --            ; --            ; --                    ; --  ; --   ;
; ciphertext_out[28]      ; Output   ; --            ; --            ; --                    ; --  ; --   ;
; ciphertext_out[29]      ; Output   ; --            ; --            ; --                    ; --  ; --   ;
; ciphertext_out[30]      ; Output   ; --            ; --            ; --                    ; --  ; --   ;
; ciphertext_out[31]      ; Output   ; --            ; --            ; --                    ; --  ; --   ;
; ciphertext_out[32]      ; Output   ; --            ; --            ; --                    ; --  ; --   ;
; ciphertext_out[33]      ; Output   ; --            ; --            ; --                    ; --  ; --   ;
; ciphertext_out[34]      ; Output   ; --            ; --            ; --                    ; --  ; --   ;
; ciphertext_out[35]      ; Output   ; --            ; --            ; --                    ; --  ; --   ;
; ciphertext_out[36]      ; Output   ; --            ; --            ; --                    ; --  ; --   ;
; ciphertext_out[37]      ; Output   ; --            ; --            ; --                    ; --  ; --   ;
; ciphertext_out[38]      ; Output   ; --            ; --            ; --                    ; --  ; --   ;
; ciphertext_out[39]      ; Output   ; --            ; --            ; --                    ; --  ; --   ;
; ciphertext_out[40]      ; Output   ; --            ; --            ; --                    ; --  ; --   ;
; ciphertext_out[41]      ; Output   ; --            ; --            ; --                    ; --  ; --   ;
; ciphertext_out[42]      ; Output   ; --            ; --            ; --                    ; --  ; --   ;
; ciphertext_out[43]      ; Output   ; --            ; --            ; --                    ; --  ; --   ;
; ciphertext_out[44]      ; Output   ; --            ; --            ; --                    ; --  ; --   ;
; ciphertext_out[45]      ; Output   ; --            ; --            ; --                    ; --  ; --   ;
; ciphertext_out[46]      ; Output   ; --            ; --            ; --                    ; --  ; --   ;
; ciphertext_out[47]      ; Output   ; --            ; --            ; --                    ; --  ; --   ;
; ciphertext_out[48]      ; Output   ; --            ; --            ; --                    ; --  ; --   ;
; ciphertext_out[49]      ; Output   ; --            ; --            ; --                    ; --  ; --   ;
; ciphertext_out[50]      ; Output   ; --            ; --            ; --                    ; --  ; --   ;
; ciphertext_out[51]      ; Output   ; --            ; --            ; --                    ; --  ; --   ;
; ciphertext_out[52]      ; Output   ; --            ; --            ; --                    ; --  ; --   ;
; ciphertext_out[53]      ; Output   ; --            ; --            ; --                    ; --  ; --   ;
; ciphertext_out[54]      ; Output   ; --            ; --            ; --                    ; --  ; --   ;
; ciphertext_out[55]      ; Output   ; --            ; --            ; --                    ; --  ; --   ;
; ciphertext_out[56]      ; Output   ; --            ; --            ; --                    ; --  ; --   ;
; ciphertext_out[57]      ; Output   ; --            ; --            ; --                    ; --  ; --   ;
; ciphertext_out[58]      ; Output   ; --            ; --            ; --                    ; --  ; --   ;
; ciphertext_out[59]      ; Output   ; --            ; --            ; --                    ; --  ; --   ;
; ciphertext_out[60]      ; Output   ; --            ; --            ; --                    ; --  ; --   ;
; ciphertext_out[61]      ; Output   ; --            ; --            ; --                    ; --  ; --   ;
; ciphertext_out[62]      ; Output   ; --            ; --            ; --                    ; --  ; --   ;
; ciphertext_out[63]      ; Output   ; --            ; --            ; --                    ; --  ; --   ;
; ciphertext_out[64]      ; Output   ; --            ; --            ; --                    ; --  ; --   ;
; ciphertext_out[65]      ; Output   ; --            ; --            ; --                    ; --  ; --   ;
; ciphertext_out[66]      ; Output   ; --            ; --            ; --                    ; --  ; --   ;
; ciphertext_out[67]      ; Output   ; --            ; --            ; --                    ; --  ; --   ;
; ciphertext_out[68]      ; Output   ; --            ; --            ; --                    ; --  ; --   ;
; ciphertext_out[69]      ; Output   ; --            ; --            ; --                    ; --  ; --   ;
; ciphertext_out[70]      ; Output   ; --            ; --            ; --                    ; --  ; --   ;
; ciphertext_out[71]      ; Output   ; --            ; --            ; --                    ; --  ; --   ;
; ciphertext_out[72]      ; Output   ; --            ; --            ; --                    ; --  ; --   ;
; ciphertext_out[73]      ; Output   ; --            ; --            ; --                    ; --  ; --   ;
; ciphertext_out[74]      ; Output   ; --            ; --            ; --                    ; --  ; --   ;
; ciphertext_out[75]      ; Output   ; --            ; --            ; --                    ; --  ; --   ;
; ciphertext_out[76]      ; Output   ; --            ; --            ; --                    ; --  ; --   ;
; ciphertext_out[77]      ; Output   ; --            ; --            ; --                    ; --  ; --   ;
; ciphertext_out[78]      ; Output   ; --            ; --            ; --                    ; --  ; --   ;
; ciphertext_out[79]      ; Output   ; --            ; --            ; --                    ; --  ; --   ;
; ciphertext_out[80]      ; Output   ; --            ; --            ; --                    ; --  ; --   ;
; ciphertext_out[81]      ; Output   ; --            ; --            ; --                    ; --  ; --   ;
; ciphertext_out[82]      ; Output   ; --            ; --            ; --                    ; --  ; --   ;
; ciphertext_out[83]      ; Output   ; --            ; --            ; --                    ; --  ; --   ;
; ciphertext_out[84]      ; Output   ; --            ; --            ; --                    ; --  ; --   ;
; ciphertext_out[85]      ; Output   ; --            ; --            ; --                    ; --  ; --   ;
; ciphertext_out[86]      ; Output   ; --            ; --            ; --                    ; --  ; --   ;
; ciphertext_out[87]      ; Output   ; --            ; --            ; --                    ; --  ; --   ;
; ciphertext_out[88]      ; Output   ; --            ; --            ; --                    ; --  ; --   ;
; ciphertext_out[89]      ; Output   ; --            ; --            ; --                    ; --  ; --   ;
; ciphertext_out[90]      ; Output   ; --            ; --            ; --                    ; --  ; --   ;
; ciphertext_out[91]      ; Output   ; --            ; --            ; --                    ; --  ; --   ;
; ciphertext_out[92]      ; Output   ; --            ; --            ; --                    ; --  ; --   ;
; ciphertext_out[93]      ; Output   ; --            ; --            ; --                    ; --  ; --   ;
; ciphertext_out[94]      ; Output   ; --            ; --            ; --                    ; --  ; --   ;
; ciphertext_out[95]      ; Output   ; --            ; --            ; --                    ; --  ; --   ;
; ciphertext_out[96]      ; Output   ; --            ; --            ; --                    ; --  ; --   ;
; ciphertext_out[97]      ; Output   ; --            ; --            ; --                    ; --  ; --   ;
; ciphertext_out[98]      ; Output   ; --            ; --            ; --                    ; --  ; --   ;
; ciphertext_out[99]      ; Output   ; --            ; --            ; --                    ; --  ; --   ;
; ciphertext_out[100]     ; Output   ; --            ; --            ; --                    ; --  ; --   ;
; ciphertext_out[101]     ; Output   ; --            ; --            ; --                    ; --  ; --   ;
; ciphertext_out[102]     ; Output   ; --            ; --            ; --                    ; --  ; --   ;
; ciphertext_out[103]     ; Output   ; --            ; --            ; --                    ; --  ; --   ;
; ciphertext_out[104]     ; Output   ; --            ; --            ; --                    ; --  ; --   ;
; ciphertext_out[105]     ; Output   ; --            ; --            ; --                    ; --  ; --   ;
; ciphertext_out[106]     ; Output   ; --            ; --            ; --                    ; --  ; --   ;
; ciphertext_out[107]     ; Output   ; --            ; --            ; --                    ; --  ; --   ;
; ciphertext_out[108]     ; Output   ; --            ; --            ; --                    ; --  ; --   ;
; ciphertext_out[109]     ; Output   ; --            ; --            ; --                    ; --  ; --   ;
; ciphertext_out[110]     ; Output   ; --            ; --            ; --                    ; --  ; --   ;
; ciphertext_out[111]     ; Output   ; --            ; --            ; --                    ; --  ; --   ;
; ciphertext_out[112]     ; Output   ; --            ; --            ; --                    ; --  ; --   ;
; ciphertext_out[113]     ; Output   ; --            ; --            ; --                    ; --  ; --   ;
; ciphertext_out[114]     ; Output   ; --            ; --            ; --                    ; --  ; --   ;
; ciphertext_out[115]     ; Output   ; --            ; --            ; --                    ; --  ; --   ;
; ciphertext_out[116]     ; Output   ; --            ; --            ; --                    ; --  ; --   ;
; ciphertext_out[117]     ; Output   ; --            ; --            ; --                    ; --  ; --   ;
; ciphertext_out[118]     ; Output   ; --            ; --            ; --                    ; --  ; --   ;
; ciphertext_out[119]     ; Output   ; --            ; --            ; --                    ; --  ; --   ;
; ciphertext_out[120]     ; Output   ; --            ; --            ; --                    ; --  ; --   ;
; ciphertext_out[121]     ; Output   ; --            ; --            ; --                    ; --  ; --   ;
; ciphertext_out[122]     ; Output   ; --            ; --            ; --                    ; --  ; --   ;
; ciphertext_out[123]     ; Output   ; --            ; --            ; --                    ; --  ; --   ;
; ciphertext_out[124]     ; Output   ; --            ; --            ; --                    ; --  ; --   ;
; ciphertext_out[125]     ; Output   ; --            ; --            ; --                    ; --  ; --   ;
; ciphertext_out[126]     ; Output   ; --            ; --            ; --                    ; --  ; --   ;
; ciphertext_out[127]     ; Output   ; --            ; --            ; --                    ; --  ; --   ;
; clk                     ; Input    ; (0) 0 ps      ; --            ; --                    ; --  ; --   ;
; reset                   ; Input    ; (0) 0 ps      ; --            ; --                    ; --  ; --   ;
; start                   ; Input    ; (6) 1314 ps   ; --            ; --                    ; --  ; --   ;
; AES_version[1]          ; Input    ; (6) 1314 ps   ; --            ; --                    ; --  ; --   ;
; AES_version[0]          ; Input    ; (6) 1314 ps   ; --            ; --                    ; --  ; --   ;
+-------------------------+----------+---------------+---------------+-----------------------+-----+------+


+---------------------------------------------------+
; Pad To Core Delay Chain Fanout                    ;
+---------------------+-------------------+---------+
; Source Pin / Fanout ; Pad To Core Index ; Setting ;
+---------------------+-------------------+---------+
; clk                 ;                   ;         ;
; reset               ;                   ;         ;
; start               ;                   ;         ;
;      - Selector12~0 ; 0                 ; 6       ;
;      - Nr[0]~0      ; 0                 ; 6       ;
;      - Nr[0]~2      ; 0                 ; 6       ;
; AES_version[1]      ;                   ;         ;
;      - Equal1~0     ; 0                 ; 6       ;
;      - Nr~1         ; 0                 ; 6       ;
; AES_version[0]      ;                   ;         ;
;      - Equal1~0     ; 0                 ; 6       ;
;      - Nr~1         ; 0                 ; 6       ;
+---------------------+-------------------+---------+


+----------------------------------------------------------------------------------------------------------------------------------------------+
; Control Signals                                                                                                                              ;
+-----------------+--------------------+---------+--------------+--------+----------------------+------------------+---------------------------+
; Name            ; Location           ; Fan-Out ; Usage        ; Global ; Global Resource Used ; Global Line Name ; Enable Signal Source Name ;
+-----------------+--------------------+---------+--------------+--------+----------------------+------------------+---------------------------+
; Decoder0~1      ; LCCOMB_X74_Y18_N26 ; 8       ; Clock enable ; no     ; --                   ; --               ; --                        ;
; Decoder0~11     ; LCCOMB_X76_Y25_N6  ; 8       ; Clock enable ; no     ; --                   ; --               ; --                        ;
; Decoder0~13     ; LCCOMB_X77_Y21_N22 ; 8       ; Clock enable ; no     ; --                   ; --               ; --                        ;
; Decoder0~15     ; LCCOMB_X76_Y24_N14 ; 8       ; Clock enable ; no     ; --                   ; --               ; --                        ;
; Decoder0~16     ; LCCOMB_X69_Y21_N0  ; 8       ; Clock enable ; no     ; --                   ; --               ; --                        ;
; Decoder0~17     ; LCCOMB_X69_Y21_N30 ; 8       ; Clock enable ; no     ; --                   ; --               ; --                        ;
; Decoder0~18     ; LCCOMB_X69_Y21_N20 ; 8       ; Clock enable ; no     ; --                   ; --               ; --                        ;
; Decoder0~19     ; LCCOMB_X69_Y21_N18 ; 8       ; Clock enable ; no     ; --                   ; --               ; --                        ;
; Decoder0~20     ; LCCOMB_X74_Y23_N30 ; 8       ; Clock enable ; no     ; --                   ; --               ; --                        ;
; Decoder0~21     ; LCCOMB_X76_Y25_N16 ; 8       ; Clock enable ; no     ; --                   ; --               ; --                        ;
; Decoder0~22     ; LCCOMB_X73_Y24_N28 ; 8       ; Clock enable ; no     ; --                   ; --               ; --                        ;
; Decoder0~23     ; LCCOMB_X73_Y23_N18 ; 8       ; Clock enable ; no     ; --                   ; --               ; --                        ;
; Decoder0~3      ; LCCOMB_X72_Y21_N30 ; 8       ; Clock enable ; no     ; --                   ; --               ; --                        ;
; Decoder0~5      ; LCCOMB_X69_Y21_N8  ; 8       ; Clock enable ; no     ; --                   ; --               ; --                        ;
; Decoder0~7      ; LCCOMB_X74_Y21_N28 ; 8       ; Clock enable ; no     ; --                   ; --               ; --                        ;
; Decoder0~9      ; LCCOMB_X77_Y21_N12 ; 8       ; Clock enable ; no     ; --                   ; --               ; --                        ;
; Nr[0]~0         ; LCCOMB_X68_Y21_N10 ; 3       ; Clock enable ; no     ; --                   ; --               ; --                        ;
; Selector6~0     ; LCCOMB_X68_Y24_N30 ; 4       ; Clock enable ; no     ; --                   ; --               ; --                        ;
; clk             ; PIN_J1             ; 277     ; Clock        ; yes    ; Global Clock         ; GCLK2            ; --                        ;
; enable_sbox     ; FF_X68_Y21_N1      ; 2       ; Clock enable ; no     ; --                   ; --               ; --                        ;
; reg_text[12]~7  ; LCCOMB_X68_Y21_N26 ; 127     ; Clock enable ; no     ; --                   ; --               ; --                        ;
; reset           ; PIN_Y2             ; 7       ; Clock enable ; no     ; --                   ; --               ; --                        ;
; reset           ; PIN_Y2             ; 15      ; Async. clear ; yes    ; Global Clock         ; GCLK4            ; --                        ;
; round~0         ; LCCOMB_X69_Y21_N6  ; 4       ; Clock enable ; no     ; --                   ; --               ; --                        ;
; state.DEC_ROUND ; FF_X68_Y21_N29     ; 158     ; Sync. load   ; no     ; --                   ; --               ; --                        ;
+-----------------+--------------------+---------+--------------+--------+----------------------+------------------+---------------------------+


+-----------------------------------------------------------------------------------------------------------------------------------------+
; Global & Other Fast Signals                                                                                                             ;
+-------+----------+---------+--------------------------------------+----------------------+------------------+---------------------------+
; Name  ; Location ; Fan-Out ; Fan-Out Using Intentional Clock Skew ; Global Resource Used ; Global Line Name ; Enable Signal Source Name ;
+-------+----------+---------+--------------------------------------+----------------------+------------------+---------------------------+
; clk   ; PIN_J1   ; 277     ; 218                                  ; Global Clock         ; GCLK2            ; --                        ;
; reset ; PIN_Y2   ; 15      ; 0                                    ; Global Clock         ; GCLK4            ; --                        ;
+-------+----------+---------+--------------------------------------+----------------------+------------------+---------------------------+


+---------------------------------------------------------------------------------------------+
; Non-Global High Fan-Out Signals                                                             ;
+-----------------------------------------------------------------------------------+---------+
; Name                                                                              ; Fan-Out ;
+-----------------------------------------------------------------------------------+---------+
; round[0]                                                                          ; 235     ;
; round[3]                                                                          ; 235     ;
; round[1]                                                                          ; 234     ;
; round[2]                                                                          ; 230     ;
; state.DEC_ROUND                                                                   ; 158     ;
; reg_text[12]~7                                                                    ; 127     ;
; Nr[0]                                                                             ; 45      ;
; index[3]                                                                          ; 44      ;
; index[1]                                                                          ; 43      ;
; index[0]                                                                          ; 43      ;
; index[2]                                                                          ; 38      ;
; Nr[2]                                                                             ; 37      ;
; Nr[1]                                                                             ; 33      ;
; inv_sbox_rom:u1|altsyncram:Mux7_rtl_0|altsyncram_6k11:auto_generated|ram_block1a1 ; 17      ;
; inv_sbox_rom:u1|altsyncram:Mux7_rtl_0|altsyncram_6k11:auto_generated|ram_block1a2 ; 17      ;
; inv_sbox_rom:u1|altsyncram:Mux7_rtl_0|altsyncram_6k11:auto_generated|ram_block1a3 ; 17      ;
; inv_sbox_rom:u1|altsyncram:Mux7_rtl_0|altsyncram_6k11:auto_generated|ram_block1a4 ; 17      ;
; inv_sbox_rom:u1|altsyncram:Mux7_rtl_0|altsyncram_6k11:auto_generated|ram_block1a5 ; 17      ;
; inv_sbox_rom:u1|altsyncram:Mux7_rtl_0|altsyncram_6k11:auto_generated|ram_block1a6 ; 17      ;
; inv_sbox_rom:u1|altsyncram:Mux7_rtl_0|altsyncram_6k11:auto_generated|ram_block1a7 ; 17      ;
; inv_sbox_rom:u1|altsyncram:Mux7_rtl_0|altsyncram_6k11:auto_generated|ram_block1a0 ; 17      ;
; Selector85~0                                                                      ; 13      ;
; state.SUB_BYTES                                                                   ; 13      ;
; Selector139~0                                                                     ; 12      ;
; index[4]                                                                          ; 10      ;
; inv_mix_columns:column2|out0[1]~14                                                ; 9       ;
; sub_text[13][7]                                                                   ; 9       ;
; sub_text[3][7]                                                                    ; 9       ;
; Decoder0~23                                                                       ; 8       ;
; Decoder0~22                                                                       ; 8       ;
; Decoder0~21                                                                       ; 8       ;
; Decoder0~20                                                                       ; 8       ;
; Decoder0~19                                                                       ; 8       ;
; Decoder0~18                                                                       ; 8       ;
; Decoder0~17                                                                       ; 8       ;
; Decoder0~16                                                                       ; 8       ;
; Decoder0~15                                                                       ; 8       ;
; Decoder0~13                                                                       ; 8       ;
; Decoder0~11                                                                       ; 8       ;
; Decoder0~9                                                                        ; 8       ;
; Decoder0~7                                                                        ; 8       ;
; Decoder0~5                                                                        ; 8       ;
; Decoder0~3                                                                        ; 8       ;
; Decoder0~1                                                                        ; 8       ;
; sub_text[6][6]~0                                                                  ; 8       ;
; inv_mix_columns:column1|out0[1]~8                                                 ; 8       ;
; pre_mixed_text[71]~31                                                             ; 8       ;
; pre_mixed_text[87]~27                                                             ; 8       ;
; inv_mix_columns:column2|out0[1]~15                                                ; 8       ;
; pre_mixed_text[55]~18                                                             ; 8       ;
; Mux192~0                                                                          ; 8       ;
; pre_mixed_text[39]~10                                                             ; 8       ;
; pre_mixed_text[63]~9                                                              ; 8       ;
; Selector123~0                                                                     ; 8       ;
; inv_mix_columns:column4|out0[1]~18                                                ; 8       ;
; state.START_s                                                                     ; 8       ;
; state.IDLE                                                                        ; 8       ;
; sub_text[0][7]                                                                    ; 8       ;
; sub_text[14][7]                                                                   ; 8       ;
; sub_text[5][7]                                                                    ; 8       ;
; sub_text[2][7]                                                                    ; 8       ;
; sub_text[12][7]                                                                   ; 8       ;
; pre_mixed_text[105]~43                                                            ; 7       ;
; Mux128~0                                                                          ; 7       ;
; inv_mix_columns:column1|out0[7]~6                                                 ; 7       ;
; pre_mixed_text[35]~22                                                             ; 7       ;
; inv_mix_columns:column3|out0[1]~12                                                ; 7       ;
; pre_mixed_text[15]~3                                                              ; 7       ;
; Mux49~0                                                                           ; 7       ;
; Mux224~0                                                                          ; 7       ;
; Mux240~0                                                                          ; 7       ;
; sub_text[10][7]                                                                   ; 7       ;
; sub_text[4][7]                                                                    ; 7       ;
; sub_text[11][7]                                                                   ; 7       ;
; sub_text[8][7]                                                                    ; 7       ;
; Add5~2                                                                            ; 7       ;
; sub_text[15][7]                                                                   ; 7       ;
; sub_text[6][7]                                                                    ; 7       ;
; reset~input                                                                       ; 6       ;
; Nr[0]~_wirecell                                                                   ; 6       ;
; pre_mixed_text[100]                                                               ; 6       ;
; pre_mixed_text[97]~48                                                             ; 6       ;
; Mux126~0                                                                          ; 6       ;
; pre_mixed_text[103]~42                                                            ; 6       ;
; Mux120~0                                                                          ; 6       ;
; inv_mix_columns:column1|out0[1]~7                                                 ; 6       ;
; inv_mix_columns:column1|out1[7]~11                                                ; 6       ;
; Mux168~0                                                                          ; 6       ;
; Mux160~0                                                                          ; 6       ;
; pre_mixed_text[93]                                                                ; 6       ;
; pre_mixed_text[36]                                                                ; 6       ;
; pre_mixed_text[51]~21                                                             ; 6       ;
; Mux200~0                                                                          ; 6       ;
; pre_mixed_text[11]~4                                                              ; 6       ;
; Mux244~0                                                                          ; 6       ;
; Mux228~0                                                                          ; 6       ;
; Mux216~0                                                                          ; 6       ;
; inv_mix_columns:column4|out0[1]~17                                                ; 6       ;
; Mux218~0                                                                          ; 6       ;
; pre_mixed_text[21]                                                                ; 6       ;
; sub_text[13][5]                                                                   ; 6       ;
; sub_text[7][7]                                                                    ; 6       ;
; sub_text[1][7]                                                                    ; 6       ;
; sub_text[1][5]                                                                    ; 6       ;
; sub_text[11][5]                                                                   ; 6       ;
; sub_text[8][5]                                                                    ; 6       ;
; sub_text[12][1]                                                                   ; 6       ;
; sub_text[9][7]                                                                    ; 6       ;
; sub_text[9][6]                                                                    ; 6       ;
; sub_text[9][4]                                                                    ; 6       ;
; sub_text[9][1]                                                                    ; 6       ;
; sub_text[6][1]                                                                    ; 6       ;
; sub_text[3][6]                                                                    ; 6       ;
; sub_text[3][3]                                                                    ; 6       ;
; sub_text[3][1]                                                                    ; 6       ;
; inv_mix_columns:column2|out0[0]~41                                                ; 5       ;
; inv_mix_columns:column4|out0[0]~47                                                ; 5       ;
; pre_mixed_text[116]                                                               ; 5       ;
; pre_mixed_text[111]~46                                                            ; 5       ;
; Mux136~0                                                                          ; 5       ;
; inv_mix_columns:column1|out0[5]~10                                                ; 5       ;
; pre_mixed_text[67]~36                                                             ; 5       ;
; inv_mix_columns:column2|out0[7]~22                                                ; 5       ;
; pre_mixed_text[65]~34                                                             ; 5       ;
; Mux156~0                                                                          ; 5       ;
; pre_mixed_text[89]~29                                                             ; 5       ;
; Mux176~0                                                                          ; 5       ;
; pre_mixed_text[95]~26                                                             ; 5       ;
; Mux152~0                                                                          ; 5       ;
; pre_mixed_text[77]                                                                ; 5       ;
; inv_mix_columns:column3|xtime:b2x2|o_byte[4]~1                                    ; 5       ;
; pre_mixed_text[52]                                                                ; 5       ;
; pre_mixed_text[59]~19                                                             ; 5       ;
; pre_mixed_text[33]~16                                                             ; 5       ;
; inv_mix_columns:column3|out0[5]~15                                                ; 5       ;
; Mux208~0                                                                          ; 5       ;
; Mux184~0                                                                          ; 5       ;
; pre_mixed_text[54]~8                                                              ; 5       ;
; inv_mix_columns:column3|out0[7]~10                                                ; 5       ;
; inv_mix_columns:column3|out1[7]~21                                                ; 5       ;
; Selector135~0                                                                     ; 5       ;
; inv_mix_columns:column4|xtime:b1x2|o_byte[4]~1                                    ; 5       ;
; Mux237~0                                                                          ; 5       ;
; Mux232~0                                                                          ; 5       ;
; pre_mixed_text[23]~2                                                              ; 5       ;
; Selector140~0                                                                     ; 5       ;
; pre_mixed_text[31]~0                                                              ; 5       ;
; state.DONE                                                                        ; 5       ;
; sub_text[0][6]                                                                    ; 5       ;
; sub_text[0][3]                                                                    ; 5       ;
; sub_text[0][2]                                                                    ; 5       ;
; sub_text[0][1]                                                                    ; 5       ;
; sub_text[0][0]                                                                    ; 5       ;
; sub_text[13][3]                                                                   ; 5       ;
; sub_text[13][0]                                                                   ; 5       ;
; sub_text[10][6]                                                                   ; 5       ;
; sub_text[10][4]                                                                   ; 5       ;
; sub_text[10][2]                                                                   ; 5       ;
; sub_text[10][0]                                                                   ; 5       ;
; sub_text[7][5]                                                                    ; 5       ;
; sub_text[7][2]                                                                    ; 5       ;
; sub_text[7][0]                                                                    ; 5       ;
; sub_text[4][6]                                                                    ; 5       ;
; sub_text[4][0]                                                                    ; 5       ;
; sub_text[1][3]                                                                    ; 5       ;
; sub_text[1][2]                                                                    ; 5       ;
; sub_text[1][1]                                                                    ; 5       ;
; sub_text[1][0]                                                                    ; 5       ;
; sub_text[14][6]                                                                   ; 5       ;
; sub_text[14][3]                                                                   ; 5       ;
; sub_text[14][2]                                                                   ; 5       ;
; sub_text[14][1]                                                                   ; 5       ;
; sub_text[14][0]                                                                   ; 5       ;
; sub_text[11][4]                                                                   ; 5       ;
; sub_text[11][2]                                                                   ; 5       ;
; sub_text[11][0]                                                                   ; 5       ;
; sub_text[8][6]                                                                    ; 5       ;
; sub_text[8][0]                                                                    ; 5       ;
; Add5~1                                                                            ; 5       ;
; sub_text[5][5]                                                                    ; 5       ;
; sub_text[5][0]                                                                    ; 5       ;
; sub_text[2][6]                                                                    ; 5       ;
; sub_text[2][3]                                                                    ; 5       ;
; sub_text[2][2]                                                                    ; 5       ;
; sub_text[2][1]                                                                    ; 5       ;
; sub_text[2][0]                                                                    ; 5       ;
; sub_text[15][6]                                                                   ; 5       ;
; sub_text[15][5]                                                                   ; 5       ;
; sub_text[15][2]                                                                   ; 5       ;
; sub_text[15][0]                                                                   ; 5       ;
; sub_text[12][6]                                                                   ; 5       ;
; sub_text[12][5]                                                                   ; 5       ;
; sub_text[12][3]                                                                   ; 5       ;
; sub_text[12][2]                                                                   ; 5       ;
; sub_text[12][0]                                                                   ; 5       ;
; sub_text[9][3]                                                                    ; 5       ;
; sub_text[9][2]                                                                    ; 5       ;
; sub_text[9][0]                                                                    ; 5       ;
; sub_text[6][6]                                                                    ; 5       ;
; sub_text[6][2]                                                                    ; 5       ;
; sub_text[6][0]                                                                    ; 5       ;
; sub_text[3][5]                                                                    ; 5       ;
; sub_text[3][2]                                                                    ; 5       ;
; sub_text[3][0]                                                                    ; 5       ;
; reg_text[40]~5                                                                    ; 5       ;
; reg_text[35]~4                                                                    ; 5       ;
; inv_mix_columns:column3|out0[7]~43                                                ; 4       ;
; inv_mix_columns:column3|out1[7]~37                                                ; 4       ;
; inv_mix_columns:column4|out0[7]~49                                                ; 4       ;
; inv_mix_columns:column4|out1[7]~24                                                ; 4       ;
; inv_mix_columns:column4|out0[5]~48                                                ; 4       ;
; Selector6~0                                                                       ; 4       ;
; round~0                                                                           ; 4       ;
; pre_mixed_text[119]~52                                                            ; 4       ;
; inv_mix_columns:column1|xtime:b2x2|o_byte[4]~1                                    ; 4       ;
; pre_mixed_text[124]                                                               ; 4       ;
; inv_mix_columns:column1|xtime:b1x2|o_byte[4]~1                                    ; 4       ;
; inv_mix_columns:column1|xtime:b0x2|o_byte[4]~2                                    ; 4       ;
; inv_mix_columns:column1|xtime:b3x2|o_byte[4]~2                                    ; 4       ;
; inv_mix_columns:column1|out0[2]~15                                                ; 4       ;
; pre_mixed_text[114]~47                                                            ; 4       ;
; pre_mixed_text[113]~45                                                            ; 4       ;
; Mux144~0                                                                          ; 4       ;
; pre_mixed_text[127]~41                                                            ; 4       ;
; pre_mixed_text[118]~40                                                            ; 4       ;
; Mux130~0                                                                          ; 4       ;
; inv_mix_columns:column2|out0[7]~29                                                ; 4       ;
; inv_mix_columns:column2|xtime:b0x2|o_byte[4]~2                                    ; 4       ;
; pre_mixed_text[90]~32                                                             ; 4       ;
; pre_mixed_text[81]~30                                                             ; 4       ;
; pre_mixed_text[73]~28                                                             ; 4       ;
; pre_mixed_text[86]~25                                                             ; 4       ;
; Mux162~0                                                                          ; 4       ;
; Mux178~0                                                                          ; 4       ;
; pre_mixed_text[44]                                                                ; 4       ;
; pre_mixed_text[60]                                                                ; 4       ;
; inv_mix_columns:column3|out0[2]~19                                                ; 4       ;
; pre_mixed_text[58]~15                                                             ; 4       ;
; pre_mixed_text[47]~14                                                             ; 4       ;
; pre_mixed_text[49]~13                                                             ; 4       ;
; pre_mixed_text[57]~12                                                             ; 4       ;
; pre_mixed_text[41]~11                                                             ; 4       ;
; inv_mix_columns:column3|out0[1]~11                                                ; 4       ;
; Mux186~0                                                                          ; 4       ;
; Selector115~0                                                                     ; 4       ;
; Selector135~2                                                                     ; 4       ;
; Selector127~0                                                                     ; 4       ;
; Selector132~0                                                                     ; 4       ;
; Selector134~0                                                                     ; 4       ;
; inv_mix_columns:column4|out0[7]~31                                                ; 4       ;
; pre_mixed_text[27]~5                                                              ; 4       ;
; Mux227~0                                                                          ; 4       ;
; inv_mix_columns:column4|out0[7]~25                                                ; 4       ;
; Selector137~0                                                                     ; 4       ;
; inv_mix_columns:column4|out0[0]~22                                                ; 4       ;
; Mux246~0                                                                          ; 4       ;
; Mux230~0                                                                          ; 4       ;
; Mux222~0                                                                          ; 4       ;
; Mux238~0                                                                          ; 4       ;
; Mux225~0                                                                          ; 4       ;
; Mux241~0                                                                          ; 4       ;
; inv_mix_columns:column4|out1[0]~4                                                 ; 4       ;
; pre_mixed_text[5]                                                                 ; 4       ;
; sub_text[0][5]                                                                    ; 4       ;
; sub_text[0][4]                                                                    ; 4       ;
; sub_text[13][4]                                                                   ; 4       ;
; sub_text[13][1]                                                                   ; 4       ;
; sub_text[10][5]                                                                   ; 4       ;
; sub_text[10][3]                                                                   ; 4       ;
; sub_text[7][6]                                                                    ; 4       ;
; sub_text[7][3]                                                                    ; 4       ;
; sub_text[7][1]                                                                    ; 4       ;
; sub_text[4][4]                                                                    ; 4       ;
; sub_text[4][3]                                                                    ; 4       ;
; sub_text[4][1]                                                                    ; 4       ;
; sub_text[1][4]                                                                    ; 4       ;
; sub_text[14][5]                                                                   ; 4       ;
; sub_text[14][4]                                                                   ; 4       ;
; sub_text[11][6]                                                                   ; 4       ;
; sub_text[11][3]                                                                   ; 4       ;
; sub_text[11][1]                                                                   ; 4       ;
; sub_text[8][4]                                                                    ; 4       ;
; sub_text[8][1]                                                                    ; 4       ;
; Add5~0                                                                            ; 4       ;
; sub_text[5][4]                                                                    ; 4       ;
; sub_text[5][3]                                                                    ; 4       ;
; sub_text[5][2]                                                                    ; 4       ;
; sub_text[5][1]                                                                    ; 4       ;
; sub_text[2][5]                                                                    ; 4       ;
; sub_text[2][4]                                                                    ; 4       ;
; sub_text[15][1]                                                                   ; 4       ;
; sub_text[12][4]                                                                   ; 4       ;
; sub_text[6][5]                                                                    ; 4       ;
; sub_text[6][4]                                                                    ; 4       ;
; sub_text[6][3]                                                                    ; 4       ;
; sub_text[3][4]                                                                    ; 4       ;
; reg_text[33]~3                                                                    ; 4       ;
; start~input                                                                       ; 3       ;
; Nr[0]~0                                                                           ; 3       ;
; last_round                                                                        ; 3       ;
; pre_mixed_text[109]                                                               ; 3       ;
; pre_mixed_text[108]                                                               ; 3       ;
; inv_mix_columns:column1|xtime:b2x2|o_byte[1]~2                                    ; 3       ;
; inv_mix_columns:column1|out0[7]~23                                                ; 3       ;
; pre_mixed_text[102]~50                                                            ; 3       ;
; pre_mixed_text[125]                                                               ; 3       ;
; inv_mix_columns:column1|out0[5]~20                                                ; 3       ;
; inv_mix_columns:column1|xtime:b2x2|o_byte[3]~0                                    ; 3       ;
; inv_mix_columns:column1|out0[2]~17                                                ; 3       ;
; Mux139~0                                                                          ; 3       ;
; inv_mix_columns:column1|xtime:b0x2|o_byte[3]~1                                    ; 3       ;
; Mux132~0                                                                          ; 3       ;
; Mux149~0                                                                          ; 3       ;
; inv_mix_columns:column1|out1[7]~16                                                ; 3       ;
; Mux125~0                                                                          ; 3       ;
; inv_mix_columns:column1|xtime:b1x2|o_byte[1]~0                                    ; 3       ;
; inv_mix_columns:column1|xtime:b0x2|o_byte[1]~0                                    ; 3       ;
; inv_mix_columns:column1|xtime:b3x2|o_byte[1]~0                                    ; 3       ;
; Mux151~0                                                                          ; 3       ;
; pre_mixed_text[121]~44                                                            ; 3       ;
; inv_mix_columns:column1|out0[1]~9                                                 ; 3       ;
; Mux121~0                                                                          ; 3       ;
; Mux137~0                                                                          ; 3       ;
; Mux135~0                                                                          ; 3       ;
; Mux146~0                                                                          ; 3       ;
; Mux127~0                                                                          ; 3       ;
; Mux143~0                                                                          ; 3       ;
; pre_mixed_text[76]                                                                ; 3       ;
; inv_mix_columns:column2|xtime:b2x2|o_byte[1]~2                                    ; 3       ;
; pre_mixed_text[79]~38                                                             ; 3       ;
; pre_mixed_text[70]~37                                                             ; 3       ;
; inv_mix_columns:column2|out0[6]~28                                                ; 3       ;
; inv_mix_columns:column2|xtime:b2x2|o_byte[4]~1                                    ; 3       ;
; Mux179~0                                                                          ; 3       ;
; pre_mixed_text[92]                                                                ; 3       ;
; inv_mix_columns:column2|xtime:b2x2|o_byte[3]~0                                    ; 3       ;
; pre_mixed_text[84]                                                                ; 3       ;
; inv_mix_columns:column2|out0[2]~23                                                ; 3       ;
; Mux181~0                                                                          ; 3       ;
; pre_mixed_text[83]~35                                                             ; 3       ;
; Mux164~0                                                                          ; 3       ;
; Mux172~0                                                                          ; 3       ;
; inv_mix_columns:column2|out0[7]~19                                                ; 3       ;
; inv_mix_columns:column2|out1[7]~26                                                ; 3       ;
; Mux165~0                                                                          ; 3       ;
; inv_mix_columns:column2|xtime:b1x2|o_byte[1]~0                                    ; 3       ;
; Mux166~0                                                                          ; 3       ;
; inv_mix_columns:column2|xtime:b0x2|o_byte[1]~0                                    ; 3       ;
; inv_mix_columns:column2|xtime:b3x2|o_byte[1]~0                                    ; 3       ;
; Mux183~0                                                                          ; 3       ;
; Mux174~0                                                                          ; 3       ;
; inv_mix_columns:column2|out0[5]~16                                                ; 3       ;
; Mux153~0                                                                          ; 3       ;
; Mux167~0                                                                          ; 3       ;
; inv_mix_columns:column2|out1[7]~21                                                ; 3       ;
; Mux159~0                                                                          ; 3       ;
; Mux175~0                                                                          ; 3       ;
; Selector127~2                                                                     ; 3       ;
; pre_mixed_text[45]                                                                ; 3       ;
; inv_mix_columns:column3|xtime:b2x2|o_byte[1]~2                                    ; 3       ;
; pre_mixed_text[38]~23                                                             ; 3       ;
; inv_mix_columns:column3|out0[5]~22                                                ; 3       ;
; inv_mix_columns:column3|xtime:b2x2|o_byte[3]~0                                    ; 3       ;
; inv_mix_columns:column3|xtime:b0x2|o_byte[4]~2                                    ; 3       ;
; Mux213~0                                                                          ; 3       ;
; inv_mix_columns:column3|out0[0]~17                                                ; 3       ;
; Mux204~0                                                                          ; 3       ;
; pre_mixed_text[50]~17                                                             ; 3       ;
; Mux205~0                                                                          ; 3       ;
; inv_mix_columns:column3|xtime:b1x2|o_byte[1]~0                                    ; 3       ;
; inv_mix_columns:column3|xtime:b0x2|o_byte[1]~0                                    ; 3       ;
; inv_mix_columns:column3|xtime:b3x2|o_byte[1]~0                                    ; 3       ;
; Mux215~0                                                                          ; 3       ;
; Mux206~0                                                                          ; 3       ;
; inv_mix_columns:column3|out0[1]~13                                                ; 3       ;
; Mux185~0                                                                          ; 3       ;
; Mux201~0                                                                          ; 3       ;
; Mux199~0                                                                          ; 3       ;
; Mux194~0                                                                          ; 3       ;
; Mux210~0                                                                          ; 3       ;
; inv_mix_columns:column3|out1[0]~20                                                ; 3       ;
; Mux191~0                                                                          ; 3       ;
; Mux207~0                                                                          ; 3       ;
; Selector119~0                                                                     ; 3       ;
; Selector120~0                                                                     ; 3       ;
; pre_mixed_text[13]                                                                ; 3       ;
; pre_mixed_text[12]                                                                ; 3       ;
; Selector131~2                                                                     ; 3       ;
; inv_mix_columns:column4|xtime:b2x2|o_byte[1]~1                                    ; 3       ;
; pre_mixed_text[4]                                                                 ; 3       ;
; inv_mix_columns:column4|xtime:b2x2|o_byte[3]~0                                    ; 3       ;
; inv_mix_columns:column4|xtime:b3x2|o_byte[4]~2                                    ; 3       ;
; pre_mixed_text[28]                                                                ; 3       ;
; inv_mix_columns:column4|out0[2]~26                                                ; 3       ;
; inv_mix_columns:column4|xtime:b0x2|o_byte[3]~1                                    ; 3       ;
; Mux245~0                                                                          ; 3       ;
; Mux220~0                                                                          ; 3       ;
; Mux229~0                                                                          ; 3       ;
; Mux221~0                                                                          ; 3       ;
; inv_mix_columns:column4|xtime:b1x2|o_byte[1]~0                                    ; 3       ;
; inv_mix_columns:column4|out1[7]~6                                                 ; 3       ;
; inv_mix_columns:column4|xtime:b0x2|o_byte[1]~0                                    ; 3       ;
; inv_mix_columns:column4|xtime:b3x2|o_byte[1]~0                                    ; 3       ;
; Mux247~0                                                                          ; 3       ;
; inv_mix_columns:column4|out0[1]~19                                                ; 3       ;
; Mux217~0                                                                          ; 3       ;
; Mux233~0                                                                          ; 3       ;
; Mux231~0                                                                          ; 3       ;
; pre_mixed_text[7]~1                                                               ; 3       ;
; Mux223~0                                                                          ; 3       ;
; Mux239~0                                                                          ; 3       ;
; inv_mix_columns:column4|out0[7]~16                                                ; 3       ;
; Mux242~0                                                                          ; 3       ;
; Selector141~0                                                                     ; 3       ;
; sub_text[13][6]                                                                   ; 3       ;
; sub_text[13][2]                                                                   ; 3       ;
; sub_text[10][1]                                                                   ; 3       ;
; sub_text[7][4]                                                                    ; 3       ;
; sub_text[4][5]                                                                    ; 3       ;
; sub_text[4][2]                                                                    ; 3       ;
; sub_text[1][6]                                                                    ; 3       ;
; sub_text[8][3]                                                                    ; 3       ;
; sub_text[8][2]                                                                    ; 3       ;
; sub_text[5][6]                                                                    ; 3       ;
; sub_text[15][4]                                                                   ; 3       ;
; sub_text[15][3]                                                                   ; 3       ;
; sub_text[9][5]                                                                    ; 3       ;
; reg_text[90]                                                                      ; 3       ;
; reg_text[30]~2                                                                    ; 3       ;
; AES_version[0]~input                                                              ; 2       ;
; AES_version[1]~input                                                              ; 2       ;
; reg_text[30]~2_wirecell                                                           ; 2       ;
; enable_sbox                                                                       ; 2       ;
; Decoder0~14                                                                       ; 2       ;
; Decoder0~12                                                                       ; 2       ;
; Decoder0~10                                                                       ; 2       ;
; Decoder0~8                                                                        ; 2       ;
; Decoder0~6                                                                        ; 2       ;
; Decoder0~4                                                                        ; 2       ;
; Decoder0~2                                                                        ; 2       ;
; Decoder0~0                                                                        ; 2       ;
; inv_mix_columns:column1|out1[7]~22                                                ; 2       ;
; inv_mix_columns:column1|out0[6]~33                                                ; 2       ;
; inv_mix_columns:column1|out0[5]~32                                                ; 2       ;
; inv_mix_columns:column1|out0[4]~30                                                ; 2       ;
; inv_mix_columns:column1|out0[3]~28                                                ; 2       ;
; pre_mixed_text[99]~53                                                             ; 2       ;
; Selector34~0                                                                      ; 2       ;
; inv_mix_columns:column1|out0[2]~26                                                ; 2       ;
; inv_mix_columns:column1|out0[1]~25                                                ; 2       ;
; inv_mix_columns:column1|out0[0]~24                                                ; 2       ;
; pre_mixed_text[126]~51                                                            ; 2       ;
; inv_mix_columns:column1|out1[6]~21                                                ; 2       ;
; inv_mix_columns:column1|out0[6]~22                                                ; 2       ;
; pre_mixed_text[101]                                                               ; 2       ;
; inv_mix_columns:column1|out1[5]~20                                                ; 2       ;
; Mux148~0                                                                          ; 2       ;
; Mux131~0                                                                          ; 2       ;
; inv_mix_columns:column1|out1[4]~19                                                ; 2       ;
; inv_mix_columns:column1|out0[7]~16                                                ; 2       ;
; Mux123~0                                                                          ; 2       ;
; inv_mix_columns:column1|xtime:b3x2|o_byte[3]~1                                    ; 2       ;
; inv_mix_columns:column1|out1[3]~18                                                ; 2       ;
; pre_mixed_text[107]~49                                                            ; 2       ;
; Mux140~0                                                                          ; 2       ;
; inv_mix_columns:column1|out0[3]~14                                                ; 2       ;
; inv_mix_columns:column1|out0[0]~13                                                ; 2       ;
; inv_mix_columns:column1|out0[7]~12                                                ; 2       ;
; Mux150~0                                                                          ; 2       ;
; inv_mix_columns:column1|out1[2]~15                                                ; 2       ;
; inv_mix_columns:column1|out0[2]~11                                                ; 2       ;
; Mux134~0                                                                          ; 2       ;
; inv_mix_columns:column1|out1[1]~13                                                ; 2       ;
; inv_mix_columns:column1|out1[0]~12                                                ; 2       ;
; Mux122~0                                                                          ; 2       ;
; Mux138~0                                                                          ; 2       ;
; inv_mix_columns:column1|out1[0]~10                                                ; 2       ;
; inv_mix_columns:column2|xtime:b1x2|o_byte[3]~1                                    ; 2       ;
; inv_mix_columns:column2|out1[7]~34                                                ; 2       ;
; inv_mix_columns:column2|out0[5]~36                                                ; 2       ;
; inv_mix_columns:column2|out0[4]~35                                                ; 2       ;
; inv_mix_columns:column2|out0[3]~34                                                ; 2       ;
; inv_mix_columns:column2|out0[2]~33                                                ; 2       ;
; inv_mix_columns:column2|out0[1]~32                                                ; 2       ;
; inv_mix_columns:column2|out0[0]~31                                                ; 2       ;
; inv_mix_columns:column2|out0[7]~30                                                ; 2       ;
; inv_mix_columns:column2|out1[6]~33                                                ; 2       ;
; inv_mix_columns:column2|out1[4]~32                                                ; 2       ;
; pre_mixed_text[68]                                                                ; 2       ;
; inv_mix_columns:column2|out1[5]~31                                                ; 2       ;
; inv_mix_columns:column2|out0[5]~27                                                ; 2       ;
; inv_mix_columns:column2|out0[5]~26                                                ; 2       ;
; Mux180~0                                                                          ; 2       ;
; Mux163~0                                                                          ; 2       ;
; inv_mix_columns:column2|out1[4]~29                                                ; 2       ;
; inv_mix_columns:column2|out0[4]~25                                                ; 2       ;
; inv_mix_columns:column2|xtime:b3x2|o_byte[3]~1                                    ; 2       ;
; inv_mix_columns:column2|xtime:b0x2|o_byte[3]~1                                    ; 2       ;
; inv_mix_columns:column2|out1[3]~28                                                ; 2       ;
; pre_mixed_text[91]~33                                                             ; 2       ;
; inv_mix_columns:column2|out0[3]~21                                                ; 2       ;
; inv_mix_columns:column2|out0[0]~20                                                ; 2       ;
; Mux182~0                                                                          ; 2       ;
; inv_mix_columns:column2|out1[2]~25                                                ; 2       ;
; inv_mix_columns:column2|out0[2]~18                                                ; 2       ;
; inv_mix_columns:column2|out0[2]~17                                                ; 2       ;
; inv_mix_columns:column2|out1[1]~23                                                ; 2       ;
; Mux158~0                                                                          ; 2       ;
; inv_mix_columns:column2|out1[0]~22                                                ; 2       ;
; Mux170~0                                                                          ; 2       ;
; inv_mix_columns:column2|out1[0]~20                                                ; 2       ;
; Selector92~0                                                                      ; 2       ;
; inv_mix_columns:column3|out1[7]~32                                                ; 2       ;
; inv_mix_columns:column3|out0[6]~37                                                ; 2       ;
; inv_mix_columns:column3|out0[5]~34                                                ; 2       ;
; inv_mix_columns:column3|out0[4]~32                                                ; 2       ;
; inv_mix_columns:column3|out0[3]~31                                                ; 2       ;
; inv_mix_columns:column3|out0[2]~29                                                ; 2       ;
; inv_mix_columns:column3|out0[1]~28                                                ; 2       ;
; inv_mix_columns:column3|out0[0]~26                                                ; 2       ;
; inv_mix_columns:column3|out0[7]~25                                                ; 2       ;
; inv_mix_columns:column3|out0[7]~24                                                ; 2       ;
; pre_mixed_text[37]                                                                ; 2       ;
; inv_mix_columns:column3|out1[6]~31                                                ; 2       ;
; pre_mixed_text[53]                                                                ; 2       ;
; inv_mix_columns:column3|out1[5]~29                                                ; 2       ;
; Mux195~0                                                                          ; 2       ;
; inv_mix_columns:column3|out1[4]~28                                                ; 2       ;
; inv_mix_columns:column3|out0[4]~21                                                ; 2       ;
; inv_mix_columns:column3|out0[2]~20                                                ; 2       ;
; inv_mix_columns:column3|out0[7]~18                                                ; 2       ;
; Mux187~0                                                                          ; 2       ;
; Mux203~0                                                                          ; 2       ;
; inv_mix_columns:column3|xtime:b3x2|o_byte[3]~1                                    ; 2       ;
; Mux196~0                                                                          ; 2       ;
; inv_mix_columns:column3|xtime:b0x2|o_byte[3]~1                                    ; 2       ;
; inv_mix_columns:column3|out1[3]~27                                                ; 2       ;
; Mux197~0                                                                          ; 2       ;
; Mux214~0                                                                          ; 2       ;
; inv_mix_columns:column3|out1[2]~25                                                ; 2       ;
; inv_mix_columns:column3|out0[2]~16                                                ; 2       ;
; Mux198~0                                                                          ; 2       ;
; inv_mix_columns:column3|out1[1]~23                                                ; 2       ;
; Mux190~0                                                                          ; 2       ;
; inv_mix_columns:column3|out1[0]~22                                                ; 2       ;
; Mux202~0                                                                          ; 2       ;
; Selector128~2                                                                     ; 2       ;
; inv_mix_columns:column4|xtime:b1x2|o_byte[3]~2                                    ; 2       ;
; inv_mix_columns:column4|out1[7]~16                                                ; 2       ;
; inv_mix_columns:column4|out0[6]~41                                                ; 2       ;
; inv_mix_columns:column4|out0[5]~40                                                ; 2       ;
; Selector128~0                                                                     ; 2       ;
; inv_mix_columns:column4|out0[4]~38                                                ; 2       ;
; inv_mix_columns:column4|out0[3]~37                                                ; 2       ;
; inv_mix_columns:column4|out0[2]~34                                                ; 2       ;
; inv_mix_columns:column4|out0[1]~33                                                ; 2       ;
; Selector133~0                                                                     ; 2       ;
; inv_mix_columns:column4|out0[7]~32                                                ; 2       ;
; pre_mixed_text[29]                                                                ; 2       ;
; inv_mix_columns:column4|out1[6]~15                                                ; 2       ;
; Mux243~0                                                                          ; 2       ;
; inv_mix_columns:column4|out1[5]~14                                                ; 2       ;
; inv_mix_columns:column4|out0[5]~28                                                ; 2       ;
; inv_mix_columns:column4|out0[5]~27                                                ; 2       ;
; Selector130~0                                                                     ; 2       ;
; inv_mix_columns:column4|out3[4]~6                                                 ; 2       ;
; inv_mix_columns:column4|out1[4]~13                                                ; 2       ;
; Mux219~0                                                                          ; 2       ;
; Mux235~0                                                                          ; 2       ;
; inv_mix_columns:column4|out0[4]~24                                                ; 2       ;
; inv_mix_columns:column4|out2[2]~6                                                 ; 2       ;
; inv_mix_columns:column4|out0[2]~23                                                ; 2       ;
; inv_mix_columns:column4|xtime:b3x2|o_byte[3]~1                                    ; 2       ;
; inv_mix_columns:column4|out1[3]~12                                                ; 2       ;
; Mux236~0                                                                          ; 2       ;
; inv_mix_columns:column4|out1[3]~9                                                 ; 2       ;
; inv_mix_columns:column4|out1[2]~8                                                 ; 2       ;
; inv_mix_columns:column4|out0[2]~21                                                ; 2       ;
; inv_mix_columns:column4|out1[1]~5                                                 ; 2       ;
; inv_mix_columns:column4|out0[3]~20                                                ; 2       ;
; Mux234~0                                                                          ; 2       ;
; Mux262~0                                                                          ; 2       ;
; Mux280~0                                                                          ; 2       ;
; Mux311~0                                                                          ; 2       ;
; Mux307~0                                                                          ; 2       ;
; Mux342~0                                                                          ; 2       ;
; Mux303~0                                                                          ; 2       ;
; Mux290~0                                                                          ; 2       ;
; Mux305~0                                                                          ; 2       ;
; reg_text[127]                                                                     ; 2       ;
; reg_text[126]                                                                     ; 2       ;
; reg_text[125]                                                                     ; 2       ;
; reg_text[124]                                                                     ; 2       ;
; reg_text[123]                                                                     ; 2       ;
; reg_text[121]                                                                     ; 2       ;
; reg_text[120]                                                                     ; 2       ;
; reg_text[118]                                                                     ; 2       ;
; reg_text[114]                                                                     ; 2       ;
; reg_text[113]                                                                     ; 2       ;
; reg_text[111]                                                                     ; 2       ;
; reg_text[110]                                                                     ; 2       ;
; reg_text[108]                                                                     ; 2       ;
; reg_text[107]                                                                     ; 2       ;
; reg_text[106]                                                                     ; 2       ;
; reg_text[105]                                                                     ; 2       ;
; reg_text[104]                                                                     ; 2       ;
; reg_text[103]                                                                     ; 2       ;
; reg_text[101]                                                                     ; 2       ;
; reg_text[99]                                                                      ; 2       ;
; reg_text[98]                                                                      ; 2       ;
; reg_text[96]                                                                      ; 2       ;
; reg_text[95]                                                                      ; 2       ;
; reg_text[94]                                                                      ; 2       ;
; reg_text[92]                                                                      ; 2       ;
; reg_text[91]                                                                      ; 2       ;
; reg_text[89]                                                                      ; 2       ;
; reg_text[86]                                                                      ; 2       ;
; reg_text[85]                                                                      ; 2       ;
; reg_text[83]                                                                      ; 2       ;
; reg_text[82]                                                                      ; 2       ;
; reg_text[80]                                                                      ; 2       ;
; reg_text[79]                                                                      ; 2       ;
; reg_text[77]                                                                      ; 2       ;
; reg_text[76]                                                                      ; 2       ;
; reg_text[74]                                                                      ; 2       ;
; reg_text[72]                                                                      ; 2       ;
; reg_text[70]                                                                      ; 2       ;
; reg_text[69]                                                                      ; 2       ;
; reg_text[68]                                                                      ; 2       ;
; reg_text[65]                                                                      ; 2       ;
; reg_text[63]                                                                      ; 2       ;
; reg_text[62]                                                                      ; 2       ;
; reg_text[61]                                                                      ; 2       ;
; reg_text[60]                                                                      ; 2       ;
; reg_text[59]                                                                      ; 2       ;
; reg_text[58]                                                                      ; 2       ;
; reg_text[57]                                                                      ; 2       ;
; reg_text[56]                                                                      ; 2       ;
; reg_text[55]                                                                      ; 2       ;
; reg_text[54]                                                                      ; 2       ;
; reg_text[53]                                                                      ; 2       ;
; reg_text[52]                                                                      ; 2       ;
; reg_text[51]                                                                      ; 2       ;
; reg_text[50]                                                                      ; 2       ;
; reg_text[49]                                                                      ; 2       ;
; reg_text[46]                                                                      ; 2       ;
; reg_text[45]                                                                      ; 2       ;
; reg_text[44]                                                                      ; 2       ;
; reg_text[42]                                                                      ; 2       ;
; reg_text[39]                                                                      ; 2       ;
; reg_text[38]                                                                      ; 2       ;
; reg_text[37]                                                                      ; 2       ;
; reg_text[36]                                                                      ; 2       ;
; reg_text[34]                                                                      ; 2       ;
; reg_text[32]                                                                      ; 2       ;
; reg_text[31]                                                                      ; 2       ;
; reg_text[29]                                                                      ; 2       ;
; reg_text[28]                                                                      ; 2       ;
; reg_text[26]                                                                      ; 2       ;
; reg_text[25]                                                                      ; 2       ;
; reg_text[24]                                                                      ; 2       ;
; reg_text[23]                                                                      ; 2       ;
; reg_text[22]                                                                      ; 2       ;
; reg_text[21]                                                                      ; 2       ;
; reg_text[20]                                                                      ; 2       ;
; reg_text[18]                                                                      ; 2       ;
; reg_text[17]                                                                      ; 2       ;
; reg_text[16]                                                                      ; 2       ;
; reg_text[15]                                                                      ; 2       ;
; reg_text[14]                                                                      ; 2       ;
; reg_text[13]                                                                      ; 2       ;
; reg_text[12]                                                                      ; 2       ;
; reg_text[11]                                                                      ; 2       ;
; reg_text[10]                                                                      ; 2       ;
; reg_text[9]                                                                       ; 2       ;
; reg_text[8]                                                                       ; 2       ;
; reg_text[7]                                                                       ; 2       ;
; reg_text[6]                                                                       ; 2       ;
; reg_text[5]                                                                       ; 2       ;
; reg_text[4]                                                                       ; 2       ;
; reg_text[3]                                                                       ; 2       ;
; reg_text[1]                                                                       ; 2       ;
; reg_text[0]                                                                       ; 2       ;
; done_o~reg0                                                                       ; 2       ;
; reg_text[102]~6                                                                   ; 2       ;
; reg_text[27]~1                                                                    ; 2       ;
; reg_text[19]~0                                                                    ; 2       ;
; reg_text[122]                                                                     ; 2       ;
; reg_text[119]                                                                     ; 2       ;
; reg_text[117]                                                                     ; 2       ;
; reg_text[116]                                                                     ; 2       ;
; reg_text[115]                                                                     ; 2       ;
; reg_text[112]                                                                     ; 2       ;
; reg_text[109]                                                                     ; 2       ;
; reg_text[102]                                                                     ; 2       ;
; reg_text[100]                                                                     ; 2       ;
; reg_text[97]                                                                      ; 2       ;
; reg_text[93]                                                                      ; 2       ;
; reg_text[88]                                                                      ; 2       ;
; reg_text[87]                                                                      ; 2       ;
; reg_text[84]                                                                      ; 2       ;
; reg_text[81]                                                                      ; 2       ;
; reg_text[78]                                                                      ; 2       ;
; reg_text[75]                                                                      ; 2       ;
; reg_text[73]                                                                      ; 2       ;
; reg_text[71]                                                                      ; 2       ;
; reg_text[67]                                                                      ; 2       ;
; reg_text[66]                                                                      ; 2       ;
; reg_text[64]                                                                      ; 2       ;
; reg_text[48]                                                                      ; 2       ;
; reg_text[47]                                                                      ; 2       ;
; reg_text[43]                                                                      ; 2       ;
; reg_text[41]                                                                      ; 2       ;
; reg_text[40]                                                                      ; 2       ;
; reg_text[35]                                                                      ; 2       ;
; reg_text[33]                                                                      ; 2       ;
; reg_text[30]                                                                      ; 2       ;
; reg_text[27]                                                                      ; 2       ;
; reg_text[19]                                                                      ; 2       ;
; reg_text[2]                                                                       ; 2       ;
; Nr[0]~feeder                                                                      ; 1       ;
; reg_text[33]~3_wirecell                                                           ; 1       ;
; reg_text[102]~6_wirecell                                                          ; 1       ;
; inv_mix_columns:column1|out0[4]~40                                                ; 1       ;
; inv_mix_columns:column1|out1[6]~26                                                ; 1       ;
; inv_mix_columns:column1|out1[1]~25                                                ; 1       ;
; inv_mix_columns:column1|out1[0]                                                   ; 1       ;
; inv_mix_columns:column1|out2[1]~6                                                 ; 1       ;
; inv_mix_columns:column1|out0[2]~39                                                ; 1       ;
; inv_mix_columns:column1|out3[5]~9                                                 ; 1       ;
; inv_mix_columns:column2|out0[0]                                                   ; 1       ;
; inv_mix_columns:column2|out1[6]~40                                                ; 1       ;
; inv_mix_columns:column2|out1[5]~39                                                ; 1       ;
; inv_mix_columns:column2|out1[4]                                                   ; 1       ;
; inv_mix_columns:column2|out1[3]~38                                                ; 1       ;
; inv_mix_columns:column2|out0[3]~43                                                ; 1       ;
; inv_mix_columns:column2|out2[2]~8                                                 ; 1       ;
; inv_mix_columns:column2|out0[1]~42                                                ; 1       ;
; inv_mix_columns:column2|out3[6]~21                                                ; 1       ;
; inv_mix_columns:column2|out3[5]~20                                                ; 1       ;
; inv_mix_columns:column2|out3[2]                                                   ; 1       ;
; inv_mix_columns:column2|out3[1]~19                                                ; 1       ;
; inv_mix_columns:column2|out1[1]~37                                                ; 1       ;
; inv_mix_columns:column2|out3[0]                                                   ; 1       ;
; Selector78~2                                                                      ; 1       ;
; inv_mix_columns:column3|out0[1]~45                                                ; 1       ;
; Selector86~2                                                                      ; 1       ;
; inv_mix_columns:column3|out1[5]~41                                                ; 1       ;
; inv_mix_columns:column3|out1[1]~40                                                ; 1       ;
; inv_mix_columns:column3|out1[0]                                                   ; 1       ;
; inv_mix_columns:column3|out0[3]~44                                                ; 1       ;
; inv_mix_columns:column3|out2[2]~7                                                 ; 1       ;
; inv_mix_columns:column3|out3[5]~10                                                ; 1       ;
; inv_mix_columns:column3|out1[5]~39                                                ; 1       ;
; inv_mix_columns:column3|out1[3]~38                                                ; 1       ;
; inv_mix_columns:column4|out0[6]~50                                                ; 1       ;
; inv_mix_columns:column4|out2[5]~12                                                ; 1       ;
; Selector131~3                                                                     ; 1       ;
; pre_mixed_text_out~129                                                            ; 1       ;
; Selector1~1                                                                       ; 1       ;
; Selector1~0                                                                       ; 1       ;
; Selector11~2                                                                      ; 1       ;
; Selector11~1                                                                      ; 1       ;
; Selector6~1                                                                       ; 1       ;
; Nr[0]~2                                                                           ; 1       ;
; Nr~1                                                                              ; 1       ;
; Equal1~0                                                                          ; 1       ;
; Mux248~9                                                                          ; 1       ;
; Mux248~8                                                                          ; 1       ;
; Mux248~7                                                                          ; 1       ;
; Mux248~6                                                                          ; 1       ;
; Mux248~5                                                                          ; 1       ;
; Mux248~4                                                                          ; 1       ;
; Mux248~3                                                                          ; 1       ;
; Mux248~2                                                                          ; 1       ;
; Mux248~1                                                                          ; 1       ;
; Mux248~0                                                                          ; 1       ;
; Mux249~9                                                                          ; 1       ;
; Mux249~8                                                                          ; 1       ;
; Mux249~7                                                                          ; 1       ;
; Mux249~6                                                                          ; 1       ;
; Mux249~5                                                                          ; 1       ;
; Mux249~4                                                                          ; 1       ;
; Mux249~3                                                                          ; 1       ;
; Mux249~2                                                                          ; 1       ;
; Mux249~1                                                                          ; 1       ;
; Mux249~0                                                                          ; 1       ;
; Mux250~9                                                                          ; 1       ;
; Mux250~8                                                                          ; 1       ;
; Mux250~7                                                                          ; 1       ;
; Mux250~6                                                                          ; 1       ;
; Mux250~5                                                                          ; 1       ;
; Mux250~4                                                                          ; 1       ;
; Mux250~3                                                                          ; 1       ;
; Mux250~2                                                                          ; 1       ;
; Mux250~1                                                                          ; 1       ;
; Mux250~0                                                                          ; 1       ;
; Mux251~9                                                                          ; 1       ;
; Mux251~8                                                                          ; 1       ;
; Mux251~7                                                                          ; 1       ;
; Mux251~6                                                                          ; 1       ;
; Mux251~5                                                                          ; 1       ;
; Mux251~4                                                                          ; 1       ;
; Mux251~3                                                                          ; 1       ;
; Mux251~2                                                                          ; 1       ;
; Mux251~1                                                                          ; 1       ;
; Mux251~0                                                                          ; 1       ;
; Mux252~9                                                                          ; 1       ;
; Mux252~8                                                                          ; 1       ;
; Mux252~7                                                                          ; 1       ;
; Mux252~6                                                                          ; 1       ;
; Mux252~5                                                                          ; 1       ;
; Mux252~4                                                                          ; 1       ;
; Mux252~3                                                                          ; 1       ;
; Mux252~2                                                                          ; 1       ;
; Mux252~1                                                                          ; 1       ;
; Mux252~0                                                                          ; 1       ;
; Mux253~9                                                                          ; 1       ;
; Mux253~8                                                                          ; 1       ;
; Mux253~7                                                                          ; 1       ;
; Mux253~6                                                                          ; 1       ;
; Mux253~5                                                                          ; 1       ;
; Mux253~4                                                                          ; 1       ;
; Mux253~3                                                                          ; 1       ;
; Mux253~2                                                                          ; 1       ;
; Mux253~1                                                                          ; 1       ;
; Mux253~0                                                                          ; 1       ;
; Mux254~9                                                                          ; 1       ;
; Mux254~8                                                                          ; 1       ;
; Mux254~7                                                                          ; 1       ;
; Mux254~6                                                                          ; 1       ;
; Mux254~5                                                                          ; 1       ;
; Mux254~4                                                                          ; 1       ;
; Mux254~3                                                                          ; 1       ;
; Mux254~2                                                                          ; 1       ;
; Mux254~1                                                                          ; 1       ;
; Mux254~0                                                                          ; 1       ;
; Mux255~9                                                                          ; 1       ;
; Mux255~8                                                                          ; 1       ;
; Mux255~7                                                                          ; 1       ;
; Mux255~6                                                                          ; 1       ;
; Mux255~5                                                                          ; 1       ;
; Mux255~4                                                                          ; 1       ;
; Mux255~3                                                                          ; 1       ;
; Mux255~2                                                                          ; 1       ;
; Mux255~1                                                                          ; 1       ;
; Mux255~0                                                                          ; 1       ;
; state~10                                                                          ; 1       ;
; Selector13~0                                                                      ; 1       ;
; state~9                                                                           ; 1       ;
; Selector12~0                                                                      ; 1       ;
; Add2~11                                                                           ; 1       ;
; Add2~8                                                                            ; 1       ;
; Add2~5                                                                            ; 1       ;
; Add2~2                                                                            ; 1       ;
; Selector5~0                                                                       ; 1       ;
; Selector4~0                                                                       ; 1       ;
; Selector3~0                                                                       ; 1       ;
; Add0~0                                                                            ; 1       ;
; Selector2~1                                                                       ; 1       ;
; Selector2~0                                                                       ; 1       ;
; Selector14~0                                                                      ; 1       ;
; inv_mix_columns:column1|out0[7]~38                                                ; 1       ;
; inv_mix_columns:column1|out0[7]~37                                                ; 1       ;
; Selector15~0                                                                      ; 1       ;
; inv_mix_columns:column1|out0[6]~36                                                ; 1       ;
; Selector16~0                                                                      ; 1       ;
; inv_mix_columns:column1|out0[5]                                                   ; 1       ;
; Selector17~0                                                                      ; 1       ;
; Selector18~0                                                                      ; 1       ;
; inv_mix_columns:column1|out0[3]~35                                                ; 1       ;
; inv_mix_columns:column1|out0[2]                                                   ; 1       ;
; Selector20~0                                                                      ; 1       ;
; inv_mix_columns:column1|out0[1]                                                   ; 1       ;
; Selector21~0                                                                      ; 1       ;
; inv_mix_columns:column1|out0[0]~34                                                ; 1       ;
; inv_mix_columns:column1|out1[7]                                                   ; 1       ;
; Selector23~0                                                                      ; 1       ;
; inv_mix_columns:column1|out1[5]                                                   ; 1       ;
; inv_mix_columns:column1|out1[4]                                                   ; 1       ;
; inv_mix_columns:column1|out1[3]                                                   ; 1       ;
; inv_mix_columns:column1|xtime:b1x2|o_byte[3]~2                                    ; 1       ;
; Selector27~0                                                                      ; 1       ;
; inv_mix_columns:column1|out1[2]~24                                                ; 1       ;
; Selector28~0                                                                      ; 1       ;
; inv_mix_columns:column1|out1[0]~23                                                ; 1       ;
; Selector30~0                                                                      ; 1       ;
; inv_mix_columns:column1|out2[7]                                                   ; 1       ;
; Selector31~1                                                                      ; 1       ;
; inv_mix_columns:column1|out2[6]~5                                                 ; 1       ;
; Selector31~0                                                                      ; 1       ;
; inv_mix_columns:column1|out2[5]                                                   ; 1       ;
; inv_mix_columns:column1|out0[5]~31                                                ; 1       ;
; Selector33~0                                                                      ; 1       ;
; inv_mix_columns:column1|out2[4]                                                   ; 1       ;
; inv_mix_columns:column1|out0[4]~29                                                ; 1       ;
; Selector34~1                                                                      ; 1       ;
; inv_mix_columns:column1|out2[3]~4                                                 ; 1       ;
; inv_mix_columns:column1|out0[3]~27                                                ; 1       ;
; Selector35~0                                                                      ; 1       ;
; inv_mix_columns:column1|out2[2]~3                                                 ; 1       ;
; Selector36~0                                                                      ; 1       ;
; Selector37~1                                                                      ; 1       ;
; inv_mix_columns:column1|out2[0]~2                                                 ; 1       ;
; Selector37~0                                                                      ; 1       ;
; Selector38~0                                                                      ; 1       ;
; inv_mix_columns:column1|out3[7]~8                                                 ; 1       ;
; inv_mix_columns:column1|out3[6]                                                   ; 1       ;
; Selector40~0                                                                      ; 1       ;
; Mux147~0                                                                          ; 1       ;
; pre_mixed_text[117]                                                               ; 1       ;
; inv_mix_columns:column1|out0[5]~21                                                ; 1       ;
; inv_mix_columns:column1|out3[4]                                                   ; 1       ;
; inv_mix_columns:column1|out0[4]~19                                                ; 1       ;
; inv_mix_columns:column1|out0[4]~18                                                ; 1       ;
; Selector42~0                                                                      ; 1       ;
; inv_mix_columns:column1|out3[3]~7                                                 ; 1       ;
; inv_mix_columns:column1|out1[3]~17                                                ; 1       ;
; Selector43~0                                                                      ; 1       ;
; inv_mix_columns:column1|out3[2]                                                   ; 1       ;
; inv_mix_columns:column1|out1[2]~14                                                ; 1       ;
; inv_mix_columns:column1|out3[1]                                                   ; 1       ;
; Mux142~0                                                                          ; 1       ;
; Selector45~0                                                                      ; 1       ;
; inv_mix_columns:column1|out3[0]~6                                                 ; 1       ;
; Selector46~0                                                                      ; 1       ;
; inv_mix_columns:column2|out0[7]                                                   ; 1       ;
; Selector47~0                                                                      ; 1       ;
; inv_mix_columns:column2|out0[6]                                                   ; 1       ;
; inv_mix_columns:column2|out0[6]~40                                                ; 1       ;
; inv_mix_columns:column2|out0[5]                                                   ; 1       ;
; Selector49~1                                                                      ; 1       ;
; inv_mix_columns:column2|out0[4]~39                                                ; 1       ;
; Selector49~0                                                                      ; 1       ;
; Selector50~0                                                                      ; 1       ;
; inv_mix_columns:column2|out0[3]~38                                                ; 1       ;
; Selector51~0                                                                      ; 1       ;
; inv_mix_columns:column2|out0[2]                                                   ; 1       ;
; pre_mixed_text[74]~39                                                             ; 1       ;
; Selector52~0                                                                      ; 1       ;
; inv_mix_columns:column2|out0[1]                                                   ; 1       ;
; inv_mix_columns:column2|out0[0]~37                                                ; 1       ;
; inv_mix_columns:column2|out1[7]                                                   ; 1       ;
; Selector55~0                                                                      ; 1       ;
; Selector56~0                                                                      ; 1       ;
; Selector58~0                                                                      ; 1       ;
; Selector59~0                                                                      ; 1       ;
; inv_mix_columns:column2|out1[2]~36                                                ; 1       ;
; inv_mix_columns:column2|out1[1]                                                   ; 1       ;
; Selector61~0                                                                      ; 1       ;
; inv_mix_columns:column2|out1[0]~35                                                ; 1       ;
; Selector62~0                                                                      ; 1       ;
; inv_mix_columns:column2|out2[7]                                                   ; 1       ;
; inv_mix_columns:column2|out2[6]~7                                                 ; 1       ;
; inv_mix_columns:column2|out2[6]~6                                                 ; 1       ;
; Selector64~0                                                                      ; 1       ;
; inv_mix_columns:column2|out2[5]                                                   ; 1       ;
; Selector65~0                                                                      ; 1       ;
; inv_mix_columns:column2|out2[4]~5                                                 ; 1       ;
; inv_mix_columns:column2|out2[3]                                                   ; 1       ;
; Selector67~0                                                                      ; 1       ;
; inv_mix_columns:column2|out2[1]                                                   ; 1       ;
; Selector69~0                                                                      ; 1       ;
; inv_mix_columns:column2|out2[0]~4                                                 ; 1       ;
; inv_mix_columns:column2|out3[7]                                                   ; 1       ;
; Selector71~0                                                                      ; 1       ;
; pre_mixed_text[69]                                                                ; 1       ;
; Selector72~0                                                                      ; 1       ;
; pre_mixed_text[85]                                                                ; 1       ;
; inv_mix_columns:column2|out1[5]~30                                                ; 1       ;
; Selector73~0                                                                      ; 1       ;
; inv_mix_columns:column2|out3[4]~18                                                ; 1       ;
; inv_mix_columns:column2|out0[4]~24                                                ; 1       ;
; inv_mix_columns:column2|out3[3]                                                   ; 1       ;
; inv_mix_columns:column2|out1[3]~27                                                ; 1       ;
; inv_mix_columns:column2|out3[2]~17                                                ; 1       ;
; inv_mix_columns:column2|out1[2]~24                                                ; 1       ;
; Selector76~0                                                                      ; 1       ;
; inv_mix_columns:column2|out3[0]~16                                                ; 1       ;
; Mux154~0                                                                          ; 1       ;
; inv_mix_columns:column3|out0[7]                                                   ; 1       ;
; Selector79~0                                                                      ; 1       ;
; inv_mix_columns:column3|out0[6]~42                                                ; 1       ;
; pre_mixed_text[61]                                                                ; 1       ;
; Selector80~0                                                                      ; 1       ;
; inv_mix_columns:column3|out0[5]                                                   ; 1       ;
; Selector81~0                                                                      ; 1       ;
; inv_mix_columns:column3|out0[4]~41                                                ; 1       ;
; Selector82~0                                                                      ; 1       ;
; inv_mix_columns:column3|out0[3]~40                                                ; 1       ;
; Selector83~0                                                                      ; 1       ;
; inv_mix_columns:column3|out0[2]~39                                                ; 1       ;
; Selector84~0                                                                      ; 1       ;
; Selector85~2                                                                      ; 1       ;
; Selector85~1                                                                      ; 1       ;
; inv_mix_columns:column3|out0[0]~38                                                ; 1       ;
; inv_mix_columns:column3|out1[7]                                                   ; 1       ;
; Selector87~0                                                                      ; 1       ;
; inv_mix_columns:column3|out1[6]                                                   ; 1       ;
; Selector88~0                                                                      ; 1       ;
+-----------------------------------------------------------------------------------+---------+


+---------------------------------------------------------------------------------------------------------------------------------------------------------------------------------------------------------------------------------------------------------------------------------------------------------------------------------------------------------------------------------------------------------------------------------------------------------------------------------------------------------------------------------------------------------------+
; Fitter RAM Summary                                                                                                                                                                                                                                                                                                                                                                                                                                                                                                                                            ;
+---------------------------------------------------------------------------------+------+------+--------------+--------------+--------------+--------------+--------------+------------------------+-------------------------+------------------------+-------------------------+------+-----------------------------+-----------------------------+-----------------------------+-----------------------------+---------------------+------+--------------------------------------+----------------+----------------------+-----------------+-----------------+
; Name                                                                            ; Type ; Mode ; Clock Mode   ; Port A Depth ; Port A Width ; Port B Depth ; Port B Width ; Port A Input Registers ; Port A Output Registers ; Port B Input Registers ; Port B Output Registers ; Size ; Implementation Port A Depth ; Implementation Port A Width ; Implementation Port B Depth ; Implementation Port B Width ; Implementation Bits ; M9Ks ; MIF                                  ; Location       ; Mixed Width RDW Mode ; Port A RDW Mode ; Port B RDW Mode ;
+---------------------------------------------------------------------------------+------+------+--------------+--------------+--------------+--------------+--------------+------------------------+-------------------------+------------------------+-------------------------+------+-----------------------------+-----------------------------+-----------------------------+-----------------------------+---------------------+------+--------------------------------------+----------------+----------------------+-----------------+-----------------+
; inv_sbox_rom:u1|altsyncram:Mux7_rtl_0|altsyncram_6k11:auto_generated|ALTSYNCRAM ; AUTO ; ROM  ; Single Clock ; 256          ; 8            ; --           ; --           ; yes                    ; no                      ; --                     ; --                      ; 2048 ; 256                         ; 8                           ; --                          ; --                          ; 2048                ; 1    ; desencriptador.main_inv_AES0.rtl.mif ; M9K_X78_Y22_N0 ; Don't care           ; Old data        ; Old data        ;
+---------------------------------------------------------------------------------+------+------+--------------+--------------+--------------+--------------+--------------+------------------------+-------------------------+------------------------+-------------------------+------+-----------------------------+-----------------------------+-----------------------------+-----------------------------+---------------------+------+--------------------------------------+----------------+----------------------+-----------------+-----------------+
Note: Fitter may spread logical memories into multiple blocks to improve timing. The actual required RAM blocks can be found in the Fitter Resource Usage section.


RAM content values are presented in the following format: (Binary) (Octal) (Decimal) (Hexadecimal) 
+------------------------------------------------------------------------------------------------------------------------------------------------------------------------------------------------------------------------------------------------------------------+
; |main_inv_AES|inv_sbox_rom:u1|altsyncram:Mux7_rtl_0|altsyncram_6k11:auto_generated|ALTSYNCRAM                                                                                                                                                                    ;
+------------------------------------------------------------------------------------------------------------------------------------------------------------------------------------------------------------------------------------------------------------------+
;   Addr   ;              +0              ;              +1              ;              +2              ;              +3              ;              +4              ;              +5              ;              +6              ;              +7              ;
+----------+------------------------------+------------------------------+------------------------------+------------------------------+------------------------------+------------------------------+------------------------------+------------------------------+
;0;(01010010) (122) (82) (52)    ;(00001001) (11) (9) (09)   ;(01101010) (152) (106) (6A)   ;(11010101) (325) (213) (D5)   ;(00110000) (60) (48) (30)   ;(00110110) (66) (54) (36)   ;(10100101) (245) (165) (A5)   ;(00111000) (70) (56) (38)   ;
;8;(10111111) (277) (191) (BF)    ;(01000000) (100) (64) (40)   ;(10100011) (243) (163) (A3)   ;(10011110) (236) (158) (9E)   ;(10000001) (201) (129) (81)   ;(11110011) (363) (243) (F3)   ;(11010111) (327) (215) (D7)   ;(11111011) (373) (251) (FB)   ;
;16;(01111100) (174) (124) (7C)    ;(11100011) (343) (227) (E3)   ;(00111001) (71) (57) (39)   ;(10000010) (202) (130) (82)   ;(10011011) (233) (155) (9B)   ;(00101111) (57) (47) (2F)   ;(11111111) (377) (255) (FF)   ;(10000111) (207) (135) (87)   ;
;24;(00110100) (64) (52) (34)    ;(10001110) (216) (142) (8E)   ;(01000011) (103) (67) (43)   ;(01000100) (104) (68) (44)   ;(11000100) (304) (196) (C4)   ;(11011110) (336) (222) (DE)   ;(11101001) (351) (233) (E9)   ;(11001011) (313) (203) (CB)   ;
;32;(01010100) (124) (84) (54)    ;(01111011) (173) (123) (7B)   ;(10010100) (224) (148) (94)   ;(00110010) (62) (50) (32)   ;(10100110) (246) (166) (A6)   ;(11000010) (302) (194) (C2)   ;(00100011) (43) (35) (23)   ;(00111101) (75) (61) (3D)   ;
;40;(11101110) (356) (238) (EE)    ;(01001100) (114) (76) (4C)   ;(10010101) (225) (149) (95)   ;(00001011) (13) (11) (0B)   ;(01000010) (102) (66) (42)   ;(11111010) (372) (250) (FA)   ;(11000011) (303) (195) (C3)   ;(01001110) (116) (78) (4E)   ;
;48;(00001000) (10) (8) (08)    ;(00101110) (56) (46) (2E)   ;(10100001) (241) (161) (A1)   ;(01100110) (146) (102) (66)   ;(00101000) (50) (40) (28)   ;(11011001) (331) (217) (D9)   ;(00100100) (44) (36) (24)   ;(10110010) (262) (178) (B2)   ;
;56;(01110110) (166) (118) (76)    ;(01011011) (133) (91) (5B)   ;(10100010) (242) (162) (A2)   ;(01001001) (111) (73) (49)   ;(01101101) (155) (109) (6D)   ;(10001011) (213) (139) (8B)   ;(11010001) (321) (209) (D1)   ;(00100101) (45) (37) (25)   ;
;64;(01110010) (162) (114) (72)    ;(11111000) (370) (248) (F8)   ;(11110110) (366) (246) (F6)   ;(01100100) (144) (100) (64)   ;(10000110) (206) (134) (86)   ;(01101000) (150) (104) (68)   ;(10011000) (230) (152) (98)   ;(00010110) (26) (22) (16)   ;
;72;(11010100) (324) (212) (D4)    ;(10100100) (244) (164) (A4)   ;(01011100) (134) (92) (5C)   ;(11001100) (314) (204) (CC)   ;(01011101) (135) (93) (5D)   ;(01100101) (145) (101) (65)   ;(10110110) (266) (182) (B6)   ;(10010010) (222) (146) (92)   ;
;80;(01101100) (154) (108) (6C)    ;(01110000) (160) (112) (70)   ;(01001000) (110) (72) (48)   ;(01010000) (120) (80) (50)   ;(11111101) (375) (253) (FD)   ;(11101101) (355) (237) (ED)   ;(10111001) (271) (185) (B9)   ;(11011010) (332) (218) (DA)   ;
;88;(01011110) (136) (94) (5E)    ;(00010101) (25) (21) (15)   ;(01000110) (106) (70) (46)   ;(01010111) (127) (87) (57)   ;(10100111) (247) (167) (A7)   ;(10001101) (215) (141) (8D)   ;(10011101) (235) (157) (9D)   ;(10000100) (204) (132) (84)   ;
;96;(10010000) (220) (144) (90)    ;(11011000) (330) (216) (D8)   ;(10101011) (253) (171) (AB)   ;(00000000) (0) (0) (00)   ;(10001100) (214) (140) (8C)   ;(10111100) (274) (188) (BC)   ;(11010011) (323) (211) (D3)   ;(00001010) (12) (10) (0A)   ;
;104;(11110111) (367) (247) (F7)    ;(11100100) (344) (228) (E4)   ;(01011000) (130) (88) (58)   ;(00000101) (5) (5) (05)   ;(10111000) (270) (184) (B8)   ;(10110011) (263) (179) (B3)   ;(01000101) (105) (69) (45)   ;(00000110) (6) (6) (06)   ;
;112;(11010000) (320) (208) (D0)    ;(00101100) (54) (44) (2C)   ;(00011110) (36) (30) (1E)   ;(10001111) (217) (143) (8F)   ;(11001010) (312) (202) (CA)   ;(00111111) (77) (63) (3F)   ;(00001111) (17) (15) (0F)   ;(00000010) (2) (2) (02)   ;
;120;(11000001) (301) (193) (C1)    ;(10101111) (257) (175) (AF)   ;(10111101) (275) (189) (BD)   ;(00000011) (3) (3) (03)   ;(00000001) (1) (1) (01)   ;(00010011) (23) (19) (13)   ;(10001010) (212) (138) (8A)   ;(01101011) (153) (107) (6B)   ;
;128;(00111010) (72) (58) (3A)    ;(10010001) (221) (145) (91)   ;(00010001) (21) (17) (11)   ;(01000001) (101) (65) (41)   ;(01001111) (117) (79) (4F)   ;(01100111) (147) (103) (67)   ;(11011100) (334) (220) (DC)   ;(11101010) (352) (234) (EA)   ;
;136;(10010111) (227) (151) (97)    ;(11110010) (362) (242) (F2)   ;(11001111) (317) (207) (CF)   ;(11001110) (316) (206) (CE)   ;(11110000) (360) (240) (F0)   ;(10110100) (264) (180) (B4)   ;(11100110) (346) (230) (E6)   ;(01110011) (163) (115) (73)   ;
;144;(10010110) (226) (150) (96)    ;(10101100) (254) (172) (AC)   ;(01110100) (164) (116) (74)   ;(00100010) (42) (34) (22)   ;(11100111) (347) (231) (E7)   ;(10101101) (255) (173) (AD)   ;(00110101) (65) (53) (35)   ;(10000101) (205) (133) (85)   ;
;152;(11100010) (342) (226) (E2)    ;(11111001) (371) (249) (F9)   ;(00110111) (67) (55) (37)   ;(11101000) (350) (232) (E8)   ;(00011100) (34) (28) (1C)   ;(01110101) (165) (117) (75)   ;(11011111) (337) (223) (DF)   ;(01101110) (156) (110) (6E)   ;
;160;(01000111) (107) (71) (47)    ;(11110001) (361) (241) (F1)   ;(00011010) (32) (26) (1A)   ;(01110001) (161) (113) (71)   ;(00011101) (35) (29) (1D)   ;(00101001) (51) (41) (29)   ;(11000101) (305) (197) (C5)   ;(10001001) (211) (137) (89)   ;
;168;(01101111) (157) (111) (6F)    ;(10110111) (267) (183) (B7)   ;(01100010) (142) (98) (62)   ;(00001110) (16) (14) (0E)   ;(10101010) (252) (170) (AA)   ;(00011000) (30) (24) (18)   ;(10111110) (276) (190) (BE)   ;(00011011) (33) (27) (1B)   ;
;176;(11111100) (374) (252) (FC)    ;(01010110) (126) (86) (56)   ;(00111110) (76) (62) (3E)   ;(01001011) (113) (75) (4B)   ;(11000110) (306) (198) (C6)   ;(11010010) (322) (210) (D2)   ;(01111001) (171) (121) (79)   ;(00100000) (40) (32) (20)   ;
;184;(10011010) (232) (154) (9A)    ;(11011011) (333) (219) (DB)   ;(11000000) (300) (192) (C0)   ;(11111110) (376) (254) (FE)   ;(01111000) (170) (120) (78)   ;(11001101) (315) (205) (CD)   ;(01011010) (132) (90) (5A)   ;(11110100) (364) (244) (F4)   ;
;192;(00011111) (37) (31) (1F)    ;(11011101) (335) (221) (DD)   ;(10101000) (250) (168) (A8)   ;(00110011) (63) (51) (33)   ;(10001000) (210) (136) (88)   ;(00000111) (7) (7) (07)   ;(11000111) (307) (199) (C7)   ;(00110001) (61) (49) (31)   ;
;200;(10110001) (261) (177) (B1)    ;(00010010) (22) (18) (12)   ;(00010000) (20) (16) (10)   ;(01011001) (131) (89) (59)   ;(00100111) (47) (39) (27)   ;(10000000) (200) (128) (80)   ;(11101100) (354) (236) (EC)   ;(01011111) (137) (95) (5F)   ;
;208;(01100000) (140) (96) (60)    ;(01010001) (121) (81) (51)   ;(01111111) (177) (127) (7F)   ;(10101001) (251) (169) (A9)   ;(00011001) (31) (25) (19)   ;(10110101) (265) (181) (B5)   ;(01001010) (112) (74) (4A)   ;(00001101) (15) (13) (0D)   ;
;216;(00101101) (55) (45) (2D)    ;(11100101) (345) (229) (E5)   ;(01111010) (172) (122) (7A)   ;(10011111) (237) (159) (9F)   ;(10010011) (223) (147) (93)   ;(11001001) (311) (201) (C9)   ;(10011100) (234) (156) (9C)   ;(11101111) (357) (239) (EF)   ;
;224;(10100000) (240) (160) (A0)    ;(11100000) (340) (224) (E0)   ;(00111011) (73) (59) (3B)   ;(01001101) (115) (77) (4D)   ;(10101110) (256) (174) (AE)   ;(00101010) (52) (42) (2A)   ;(11110101) (365) (245) (F5)   ;(10110000) (260) (176) (B0)   ;
;232;(11001000) (310) (200) (C8)    ;(11101011) (353) (235) (EB)   ;(10111011) (273) (187) (BB)   ;(00111100) (74) (60) (3C)   ;(10000011) (203) (131) (83)   ;(01010011) (123) (83) (53)   ;(10011001) (231) (153) (99)   ;(01100001) (141) (97) (61)   ;
;240;(00010111) (27) (23) (17)    ;(00101011) (53) (43) (2B)   ;(00000100) (4) (4) (04)   ;(01111110) (176) (126) (7E)   ;(10111010) (272) (186) (BA)   ;(01110111) (167) (119) (77)   ;(11010110) (326) (214) (D6)   ;(00100110) (46) (38) (26)   ;
;248;(11100001) (341) (225) (E1)    ;(01101001) (151) (105) (69)   ;(00010100) (24) (20) (14)   ;(01100011) (143) (99) (63)   ;(01010101) (125) (85) (55)   ;(00100001) (41) (33) (21)   ;(00001100) (14) (12) (0C)   ;(01111101) (175) (125) (7D)   ;


+---------------------------------------------------------+
; Other Routing Usage Summary                             ;
+-----------------------------+---------------------------+
; Other Routing Resource Type ; Usage                     ;
+-----------------------------+---------------------------+
; Block interconnects         ; 2,440 / 342,891 ( < 1 % ) ;
; C16 interconnects           ; 520 / 10,120 ( 5 % )      ;
; C4 interconnects            ; 2,586 / 209,544 ( 1 % )   ;
; Direct links                ; 171 / 342,891 ( < 1 % )   ;
; Global clocks               ; 2 / 20 ( 10 % )           ;
; Local interconnects         ; 612 / 119,088 ( < 1 % )   ;
; R24 interconnects           ; 671 / 9,963 ( 7 % )       ;
; R4 interconnects            ; 2,609 / 289,782 ( < 1 % ) ;
+-----------------------------+---------------------------+


+-----------------------------------------------------------------------------+
; LAB Logic Elements                                                          ;
+---------------------------------------------+-------------------------------+
; Number of Logic Elements  (Average = 10.45) ; Number of LABs  (Total = 107) ;
+---------------------------------------------+-------------------------------+
; 1                                           ; 20                            ;
; 2                                           ; 12                            ;
; 3                                           ; 3                             ;
; 4                                           ; 0                             ;
; 5                                           ; 0                             ;
; 6                                           ; 0                             ;
; 7                                           ; 0                             ;
; 8                                           ; 0                             ;
; 9                                           ; 2                             ;
; 10                                          ; 0                             ;
; 11                                          ; 1                             ;
; 12                                          ; 5                             ;
; 13                                          ; 6                             ;
; 14                                          ; 12                            ;
; 15                                          ; 6                             ;
; 16                                          ; 40                            ;
+---------------------------------------------+-------------------------------+


+--------------------------------------------------------------------+
; LAB-wide Signals                                                   ;
+------------------------------------+-------------------------------+
; LAB-wide Signals  (Average = 1.36) ; Number of LABs  (Total = 107) ;
+------------------------------------+-------------------------------+
; 1 Async. clear                     ; 4                             ;
; 1 Clock                            ; 70                            ;
; 1 Clock enable                     ; 36                            ;
; 1 Sync. load                       ; 5                             ;
; 2 Clock enables                    ; 30                            ;
+------------------------------------+-------------------------------+


+------------------------------------------------------------------------------+
; LAB Signals Sourced                                                          ;
+----------------------------------------------+-------------------------------+
; Number of Signals Sourced  (Average = 13.03) ; Number of LABs  (Total = 107) ;
+----------------------------------------------+-------------------------------+
; 0                                            ; 0                             ;
; 1                                            ; 19                            ;
; 2                                            ; 11                            ;
; 3                                            ; 5                             ;
; 4                                            ; 0                             ;
; 5                                            ; 0                             ;
; 6                                            ; 0                             ;
; 7                                            ; 0                             ;
; 8                                            ; 0                             ;
; 9                                            ; 1                             ;
; 10                                           ; 1                             ;
; 11                                           ; 1                             ;
; 12                                           ; 1                             ;
; 13                                           ; 1                             ;
; 14                                           ; 1                             ;
; 15                                           ; 4                             ;
; 16                                           ; 5                             ;
; 17                                           ; 4                             ;
; 18                                           ; 11                            ;
; 19                                           ; 13                            ;
; 20                                           ; 12                            ;
; 21                                           ; 8                             ;
; 22                                           ; 2                             ;
; 23                                           ; 5                             ;
; 24                                           ; 1                             ;
; 25                                           ; 1                             ;
+----------------------------------------------+-------------------------------+


+---------------------------------------------------------------------------------+
; LAB Signals Sourced Out                                                         ;
+-------------------------------------------------+-------------------------------+
; Number of Signals Sourced Out  (Average = 8.70) ; Number of LABs  (Total = 107) ;
+-------------------------------------------------+-------------------------------+
; 0                                               ; 0                             ;
; 1                                               ; 28                            ;
; 2                                               ; 4                             ;
; 3                                               ; 5                             ;
; 4                                               ; 2                             ;
; 5                                               ; 0                             ;
; 6                                               ; 2                             ;
; 7                                               ; 7                             ;
; 8                                               ; 5                             ;
; 9                                               ; 8                             ;
; 10                                              ; 3                             ;
; 11                                              ; 7                             ;
; 12                                              ; 2                             ;
; 13                                              ; 8                             ;
; 14                                              ; 2                             ;
; 15                                              ; 5                             ;
; 16                                              ; 3                             ;
; 17                                              ; 1                             ;
; 18                                              ; 4                             ;
; 19                                              ; 4                             ;
; 20                                              ; 2                             ;
; 21                                              ; 2                             ;
; 22                                              ; 3                             ;
+-------------------------------------------------+-------------------------------+


+------------------------------------------------------------------------------+
; LAB Distinct Inputs                                                          ;
+----------------------------------------------+-------------------------------+
; Number of Distinct Inputs  (Average = 17.36) ; Number of LABs  (Total = 107) ;
+----------------------------------------------+-------------------------------+
; 0                                            ; 0                             ;
; 1                                            ; 0                             ;
; 2                                            ; 15                            ;
; 3                                            ; 1                             ;
; 4                                            ; 6                             ;
; 5                                            ; 8                             ;
; 6                                            ; 2                             ;
; 7                                            ; 2                             ;
; 8                                            ; 2                             ;
; 9                                            ; 2                             ;
; 10                                           ; 2                             ;
; 11                                           ; 1                             ;
; 12                                           ; 3                             ;
; 13                                           ; 3                             ;
; 14                                           ; 2                             ;
; 15                                           ; 1                             ;
; 16                                           ; 3                             ;
; 17                                           ; 2                             ;
; 18                                           ; 3                             ;
; 19                                           ; 1                             ;
; 20                                           ; 2                             ;
; 21                                           ; 0                             ;
; 22                                           ; 1                             ;
; 23                                           ; 1                             ;
; 24                                           ; 4                             ;
; 25                                           ; 3                             ;
; 26                                           ; 1                             ;
; 27                                           ; 2                             ;
; 28                                           ; 0                             ;
; 29                                           ; 4                             ;
; 30                                           ; 7                             ;
; 31                                           ; 6                             ;
; 32                                           ; 12                            ;
; 33                                           ; 5                             ;
+----------------------------------------------+-------------------------------+


+------------------------------------------+
; I/O Rules Summary                        ;
+----------------------------------+-------+
; I/O Rules Statistic              ; Total ;
+----------------------------------+-------+
; Total I/O Rules                  ; 30    ;
; Number of I/O Rules Passed       ; 9     ;
; Number of I/O Rules Failed       ; 0     ;
; Number of I/O Rules Unchecked    ; 0     ;
; Number of I/O Rules Inapplicable ; 21    ;
+----------------------------------+-------+


+-----------------------------------------------------------------------------------------------------------------------------------------------------------------------------------------------------------------------------------------------------------------------------------------------------+
; I/O Rules Details                                                                                                                                                                                                                                                                                   ;
+--------------+-----------+-----------------------------------+------------------------------------------------------------------------------------------------------+----------+--------------------------------------------------------------------------+---------------------+-------------------+
; Status       ; ID        ; Category                          ; Rule Description                                                                                     ; Severity ; Information                                                              ; Area                ; Extra Information ;
+--------------+-----------+-----------------------------------+------------------------------------------------------------------------------------------------------+----------+--------------------------------------------------------------------------+---------------------+-------------------+
; Inapplicable ; IO_000001 ; Capacity Checks                   ; Number of pins in an I/O bank should not exceed the number of locations available.                   ; Critical ; No Location assignments found.                                           ; I/O                 ;                   ;
; Inapplicable ; IO_000002 ; Capacity Checks                   ; Number of clocks in an I/O bank should not exceed the number of clocks available.                    ; Critical ; No Global Signal assignments found.                                      ; I/O                 ;                   ;
; Inapplicable ; IO_000003 ; Capacity Checks                   ; Number of pins in a Vrefgroup should not exceed the number of locations available.                   ; Critical ; No Location assignments found.                                           ; I/O                 ;                   ;
; Inapplicable ; IO_000004 ; Voltage Compatibility Checks      ; The I/O bank should support the requested VCCIO.                                                     ; Critical ; No IOBANK_VCCIO assignments found.                                       ; I/O                 ;                   ;
; Inapplicable ; IO_000005 ; Voltage Compatibility Checks      ; The I/O bank should not have competing VREF values.                                                  ; Critical ; No VREF I/O Standard assignments found.                                  ; I/O                 ;                   ;
; Pass         ; IO_000006 ; Voltage Compatibility Checks      ; The I/O bank should not have competing VCCIO values.                                                 ; Critical ; 0 such failures found.                                                   ; I/O                 ;                   ;
; Inapplicable ; IO_000007 ; Valid Location Checks             ; Checks for unavailable locations.                                                                    ; Critical ; No Location assignments found.                                           ; I/O                 ;                   ;
; Inapplicable ; IO_000008 ; Valid Location Checks             ; Checks for reserved locations.                                                                       ; Critical ; No reserved LogicLock region found.                                      ; I/O                 ;                   ;
; Pass         ; IO_000009 ; I/O Properties Checks for One I/O ; The location should support the requested I/O standard.                                              ; Critical ; 0 such failures found.                                                   ; I/O                 ;                   ;
; Pass         ; IO_000010 ; I/O Properties Checks for One I/O ; The location should support the requested I/O direction.                                             ; Critical ; 0 such failures found.                                                   ; I/O                 ;                   ;
; Inapplicable ; IO_000011 ; I/O Properties Checks for One I/O ; The location should support the requested Current Strength.                                          ; Critical ; No Current Strength assignments found.                                   ; I/O                 ;                   ;
; Pass         ; IO_000012 ; I/O Properties Checks for One I/O ; The location should support the requested On Chip Termination value.                                 ; Critical ; 0 such failures found.                                                   ; I/O                 ;                   ;
; Inapplicable ; IO_000013 ; I/O Properties Checks for One I/O ; The location should support the requested Bus Hold value.                                            ; Critical ; No Enable Bus-Hold Circuitry assignments found.                          ; I/O                 ;                   ;
; Inapplicable ; IO_000014 ; I/O Properties Checks for One I/O ; The location should support the requested Weak Pull Up value.                                        ; Critical ; No Weak Pull-Up Resistor assignments found.                              ; I/O                 ;                   ;
; Pass         ; IO_000015 ; I/O Properties Checks for One I/O ; The location should support the requested PCI Clamp Diode.                                           ; Critical ; 0 such failures found.                                                   ; I/O                 ;                   ;
; Inapplicable ; IO_000018 ; I/O Properties Checks for One I/O ; The I/O standard should support the requested Current Strength.                                      ; Critical ; No Current Strength assignments found.                                   ; I/O                 ;                   ;
; Pass         ; IO_000019 ; I/O Properties Checks for One I/O ; The I/O standard should support the requested On Chip Termination value.                             ; Critical ; 0 such failures found.                                                   ; I/O                 ;                   ;
; Pass         ; IO_000020 ; I/O Properties Checks for One I/O ; The I/O standard should support the requested PCI Clamp Diode.                                       ; Critical ; 0 such failures found.                                                   ; I/O                 ;                   ;
; Inapplicable ; IO_000021 ; I/O Properties Checks for One I/O ; The I/O standard should support the requested Weak Pull Up value.                                    ; Critical ; No Weak Pull-Up Resistor assignments found.                              ; I/O                 ;                   ;
; Inapplicable ; IO_000022 ; I/O Properties Checks for One I/O ; The I/O standard should support the requested Bus Hold value.                                        ; Critical ; No Enable Bus-Hold Circuitry assignments found.                          ; I/O                 ;                   ;
; Inapplicable ; IO_000023 ; I/O Properties Checks for One I/O ; The I/O standard should support the Open Drain value.                                                ; Critical ; No open drain assignments found.                                         ; I/O                 ;                   ;
; Pass         ; IO_000024 ; I/O Properties Checks for One I/O ; The I/O direction should support the On Chip Termination value.                                      ; Critical ; 0 such failures found.                                                   ; I/O                 ;                   ;
; Inapplicable ; IO_000026 ; I/O Properties Checks for One I/O ; On Chip Termination and Current Strength should not be used at the same time.                        ; Critical ; No Current Strength assignments found.                                   ; I/O                 ;                   ;
; Inapplicable ; IO_000027 ; I/O Properties Checks for One I/O ; Weak Pull Up and Bus Hold should not be used at the same time.                                       ; Critical ; No Enable Bus-Hold Circuitry or Weak Pull-Up Resistor assignments found. ; I/O                 ;                   ;
; Inapplicable ; IO_000045 ; I/O Properties Checks for One I/O ; The I/O standard should support the requested Slew Rate value.                                       ; Critical ; No Slew Rate assignments found.                                          ; I/O                 ;                   ;
; Inapplicable ; IO_000046 ; I/O Properties Checks for One I/O ; The location should support the requested Slew Rate value.                                           ; Critical ; No Slew Rate assignments found.                                          ; I/O                 ;                   ;
; Inapplicable ; IO_000047 ; I/O Properties Checks for One I/O ; On Chip Termination and Slew Rate should not be used at the same time.                               ; Critical ; No Slew Rate assignments found.                                          ; I/O                 ;                   ;
; Pass         ; IO_000033 ; Electromigration Checks           ; Current density for consecutive I/Os should not exceed 240mA for row I/Os and 240mA for column I/Os. ; Critical ; 0 such failures found.                                                   ; I/O                 ;                   ;
; Inapplicable ; IO_000034 ; SI Related Distance Checks        ; Single-ended outputs should be 5 LAB row(s) away from a differential I/O.                            ; High     ; No Differential I/O Standard assignments found.                          ; I/O                 ;                   ;
; Inapplicable ; IO_000042 ; SI Related SSO Limit Checks       ; No more than 20 outputs are allowed in a VREF group when VREF is being read from.                    ; High     ; No VREF I/O Standard assignments found.                                  ; I/O                 ;                   ;
; ----         ; ----      ; Disclaimer                        ; OCT rules are checked but not reported.                                                              ; None     ; ----                                                                     ; On Chip Termination ;                   ;
+--------------+-----------+-----------------------------------+------------------------------------------------------------------------------------------------------+----------+--------------------------------------------------------------------------+---------------------+-------------------+


+-------------------------------------------------------------------------------------------------------------------------------------------------------------------------------------------------------------------------------------------------------------------------------------------------------------------------------------------------------------------------------------------------------------------------------------------------------------------------------+
; I/O Rules Matrix                                                                                                                                                                                                                                                                                                                                                                                                                                                              ;
+-------------------------+--------------+--------------+--------------+--------------+--------------+-----------+--------------+--------------+-----------+-----------+--------------+--------------+--------------+--------------+--------------+--------------+--------------+--------------+--------------+--------------+--------------+--------------+--------------+--------------+--------------+--------------+--------------+-----------+--------------+--------------+
; Pin/Rules               ; IO_000001    ; IO_000002    ; IO_000003    ; IO_000004    ; IO_000005    ; IO_000006 ; IO_000007    ; IO_000008    ; IO_000009 ; IO_000010 ; IO_000011    ; IO_000012    ; IO_000013    ; IO_000014    ; IO_000015    ; IO_000018    ; IO_000019    ; IO_000020    ; IO_000021    ; IO_000022    ; IO_000023    ; IO_000024    ; IO_000026    ; IO_000027    ; IO_000045    ; IO_000046    ; IO_000047    ; IO_000033 ; IO_000034    ; IO_000042    ;
+-------------------------+--------------+--------------+--------------+--------------+--------------+-----------+--------------+--------------+-----------+-----------+--------------+--------------+--------------+--------------+--------------+--------------+--------------+--------------+--------------+--------------+--------------+--------------+--------------+--------------+--------------+--------------+--------------+-----------+--------------+--------------+
; Total Pass              ; 0            ; 0            ; 0            ; 0            ; 0            ; 405       ; 0            ; 0            ; 405       ; 405       ; 0            ; 400          ; 0            ; 0            ; 5            ; 0            ; 400          ; 5            ; 0            ; 0            ; 0            ; 400          ; 0            ; 0            ; 0            ; 0            ; 0            ; 405       ; 0            ; 0            ;
; Total Unchecked         ; 0            ; 0            ; 0            ; 0            ; 0            ; 0         ; 0            ; 0            ; 0         ; 0         ; 0            ; 0            ; 0            ; 0            ; 0            ; 0            ; 0            ; 0            ; 0            ; 0            ; 0            ; 0            ; 0            ; 0            ; 0            ; 0            ; 0            ; 0         ; 0            ; 0            ;
; Total Inapplicable      ; 405          ; 405          ; 405          ; 405          ; 405          ; 0         ; 405          ; 405          ; 0         ; 0         ; 405          ; 5            ; 405          ; 405          ; 400          ; 405          ; 5            ; 400          ; 405          ; 405          ; 405          ; 5            ; 405          ; 405          ; 405          ; 405          ; 405          ; 0         ; 405          ; 405          ;
; Total Fail              ; 0            ; 0            ; 0            ; 0            ; 0            ; 0         ; 0            ; 0            ; 0         ; 0         ; 0            ; 0            ; 0            ; 0            ; 0            ; 0            ; 0            ; 0            ; 0            ; 0            ; 0            ; 0            ; 0            ; 0            ; 0            ; 0            ; 0            ; 0         ; 0            ; 0            ;
; done_o                  ; Inapplicable ; Inapplicable ; Inapplicable ; Inapplicable ; Inapplicable ; Pass      ; Inapplicable ; Inapplicable ; Pass      ; Pass      ; Inapplicable ; Pass         ; Inapplicable ; Inapplicable ; Inapplicable ; Inapplicable ; Pass         ; Inapplicable ; Inapplicable ; Inapplicable ; Inapplicable ; Pass         ; Inapplicable ; Inapplicable ; Inapplicable ; Inapplicable ; Inapplicable ; Pass      ; Inapplicable ; Inapplicable ;
; reg_text_out[0]         ; Inapplicable ; Inapplicable ; Inapplicable ; Inapplicable ; Inapplicable ; Pass      ; Inapplicable ; Inapplicable ; Pass      ; Pass      ; Inapplicable ; Pass         ; Inapplicable ; Inapplicable ; Inapplicable ; Inapplicable ; Pass         ; Inapplicable ; Inapplicable ; Inapplicable ; Inapplicable ; Pass         ; Inapplicable ; Inapplicable ; Inapplicable ; Inapplicable ; Inapplicable ; Pass      ; Inapplicable ; Inapplicable ;
; reg_text_out[1]         ; Inapplicable ; Inapplicable ; Inapplicable ; Inapplicable ; Inapplicable ; Pass      ; Inapplicable ; Inapplicable ; Pass      ; Pass      ; Inapplicable ; Pass         ; Inapplicable ; Inapplicable ; Inapplicable ; Inapplicable ; Pass         ; Inapplicable ; Inapplicable ; Inapplicable ; Inapplicable ; Pass         ; Inapplicable ; Inapplicable ; Inapplicable ; Inapplicable ; Inapplicable ; Pass      ; Inapplicable ; Inapplicable ;
; reg_text_out[2]         ; Inapplicable ; Inapplicable ; Inapplicable ; Inapplicable ; Inapplicable ; Pass      ; Inapplicable ; Inapplicable ; Pass      ; Pass      ; Inapplicable ; Pass         ; Inapplicable ; Inapplicable ; Inapplicable ; Inapplicable ; Pass         ; Inapplicable ; Inapplicable ; Inapplicable ; Inapplicable ; Pass         ; Inapplicable ; Inapplicable ; Inapplicable ; Inapplicable ; Inapplicable ; Pass      ; Inapplicable ; Inapplicable ;
; reg_text_out[3]         ; Inapplicable ; Inapplicable ; Inapplicable ; Inapplicable ; Inapplicable ; Pass      ; Inapplicable ; Inapplicable ; Pass      ; Pass      ; Inapplicable ; Pass         ; Inapplicable ; Inapplicable ; Inapplicable ; Inapplicable ; Pass         ; Inapplicable ; Inapplicable ; Inapplicable ; Inapplicable ; Pass         ; Inapplicable ; Inapplicable ; Inapplicable ; Inapplicable ; Inapplicable ; Pass      ; Inapplicable ; Inapplicable ;
; reg_text_out[4]         ; Inapplicable ; Inapplicable ; Inapplicable ; Inapplicable ; Inapplicable ; Pass      ; Inapplicable ; Inapplicable ; Pass      ; Pass      ; Inapplicable ; Pass         ; Inapplicable ; Inapplicable ; Inapplicable ; Inapplicable ; Pass         ; Inapplicable ; Inapplicable ; Inapplicable ; Inapplicable ; Pass         ; Inapplicable ; Inapplicable ; Inapplicable ; Inapplicable ; Inapplicable ; Pass      ; Inapplicable ; Inapplicable ;
; reg_text_out[5]         ; Inapplicable ; Inapplicable ; Inapplicable ; Inapplicable ; Inapplicable ; Pass      ; Inapplicable ; Inapplicable ; Pass      ; Pass      ; Inapplicable ; Pass         ; Inapplicable ; Inapplicable ; Inapplicable ; Inapplicable ; Pass         ; Inapplicable ; Inapplicable ; Inapplicable ; Inapplicable ; Pass         ; Inapplicable ; Inapplicable ; Inapplicable ; Inapplicable ; Inapplicable ; Pass      ; Inapplicable ; Inapplicable ;
; reg_text_out[6]         ; Inapplicable ; Inapplicable ; Inapplicable ; Inapplicable ; Inapplicable ; Pass      ; Inapplicable ; Inapplicable ; Pass      ; Pass      ; Inapplicable ; Pass         ; Inapplicable ; Inapplicable ; Inapplicable ; Inapplicable ; Pass         ; Inapplicable ; Inapplicable ; Inapplicable ; Inapplicable ; Pass         ; Inapplicable ; Inapplicable ; Inapplicable ; Inapplicable ; Inapplicable ; Pass      ; Inapplicable ; Inapplicable ;
; reg_text_out[7]         ; Inapplicable ; Inapplicable ; Inapplicable ; Inapplicable ; Inapplicable ; Pass      ; Inapplicable ; Inapplicable ; Pass      ; Pass      ; Inapplicable ; Pass         ; Inapplicable ; Inapplicable ; Inapplicable ; Inapplicable ; Pass         ; Inapplicable ; Inapplicable ; Inapplicable ; Inapplicable ; Pass         ; Inapplicable ; Inapplicable ; Inapplicable ; Inapplicable ; Inapplicable ; Pass      ; Inapplicable ; Inapplicable ;
; reg_text_out[8]         ; Inapplicable ; Inapplicable ; Inapplicable ; Inapplicable ; Inapplicable ; Pass      ; Inapplicable ; Inapplicable ; Pass      ; Pass      ; Inapplicable ; Pass         ; Inapplicable ; Inapplicable ; Inapplicable ; Inapplicable ; Pass         ; Inapplicable ; Inapplicable ; Inapplicable ; Inapplicable ; Pass         ; Inapplicable ; Inapplicable ; Inapplicable ; Inapplicable ; Inapplicable ; Pass      ; Inapplicable ; Inapplicable ;
; reg_text_out[9]         ; Inapplicable ; Inapplicable ; Inapplicable ; Inapplicable ; Inapplicable ; Pass      ; Inapplicable ; Inapplicable ; Pass      ; Pass      ; Inapplicable ; Pass         ; Inapplicable ; Inapplicable ; Inapplicable ; Inapplicable ; Pass         ; Inapplicable ; Inapplicable ; Inapplicable ; Inapplicable ; Pass         ; Inapplicable ; Inapplicable ; Inapplicable ; Inapplicable ; Inapplicable ; Pass      ; Inapplicable ; Inapplicable ;
; reg_text_out[10]        ; Inapplicable ; Inapplicable ; Inapplicable ; Inapplicable ; Inapplicable ; Pass      ; Inapplicable ; Inapplicable ; Pass      ; Pass      ; Inapplicable ; Pass         ; Inapplicable ; Inapplicable ; Inapplicable ; Inapplicable ; Pass         ; Inapplicable ; Inapplicable ; Inapplicable ; Inapplicable ; Pass         ; Inapplicable ; Inapplicable ; Inapplicable ; Inapplicable ; Inapplicable ; Pass      ; Inapplicable ; Inapplicable ;
; reg_text_out[11]        ; Inapplicable ; Inapplicable ; Inapplicable ; Inapplicable ; Inapplicable ; Pass      ; Inapplicable ; Inapplicable ; Pass      ; Pass      ; Inapplicable ; Pass         ; Inapplicable ; Inapplicable ; Inapplicable ; Inapplicable ; Pass         ; Inapplicable ; Inapplicable ; Inapplicable ; Inapplicable ; Pass         ; Inapplicable ; Inapplicable ; Inapplicable ; Inapplicable ; Inapplicable ; Pass      ; Inapplicable ; Inapplicable ;
; reg_text_out[12]        ; Inapplicable ; Inapplicable ; Inapplicable ; Inapplicable ; Inapplicable ; Pass      ; Inapplicable ; Inapplicable ; Pass      ; Pass      ; Inapplicable ; Pass         ; Inapplicable ; Inapplicable ; Inapplicable ; Inapplicable ; Pass         ; Inapplicable ; Inapplicable ; Inapplicable ; Inapplicable ; Pass         ; Inapplicable ; Inapplicable ; Inapplicable ; Inapplicable ; Inapplicable ; Pass      ; Inapplicable ; Inapplicable ;
; reg_text_out[13]        ; Inapplicable ; Inapplicable ; Inapplicable ; Inapplicable ; Inapplicable ; Pass      ; Inapplicable ; Inapplicable ; Pass      ; Pass      ; Inapplicable ; Pass         ; Inapplicable ; Inapplicable ; Inapplicable ; Inapplicable ; Pass         ; Inapplicable ; Inapplicable ; Inapplicable ; Inapplicable ; Pass         ; Inapplicable ; Inapplicable ; Inapplicable ; Inapplicable ; Inapplicable ; Pass      ; Inapplicable ; Inapplicable ;
; reg_text_out[14]        ; Inapplicable ; Inapplicable ; Inapplicable ; Inapplicable ; Inapplicable ; Pass      ; Inapplicable ; Inapplicable ; Pass      ; Pass      ; Inapplicable ; Pass         ; Inapplicable ; Inapplicable ; Inapplicable ; Inapplicable ; Pass         ; Inapplicable ; Inapplicable ; Inapplicable ; Inapplicable ; Pass         ; Inapplicable ; Inapplicable ; Inapplicable ; Inapplicable ; Inapplicable ; Pass      ; Inapplicable ; Inapplicable ;
; reg_text_out[15]        ; Inapplicable ; Inapplicable ; Inapplicable ; Inapplicable ; Inapplicable ; Pass      ; Inapplicable ; Inapplicable ; Pass      ; Pass      ; Inapplicable ; Pass         ; Inapplicable ; Inapplicable ; Inapplicable ; Inapplicable ; Pass         ; Inapplicable ; Inapplicable ; Inapplicable ; Inapplicable ; Pass         ; Inapplicable ; Inapplicable ; Inapplicable ; Inapplicable ; Inapplicable ; Pass      ; Inapplicable ; Inapplicable ;
; reg_text_out[16]        ; Inapplicable ; Inapplicable ; Inapplicable ; Inapplicable ; Inapplicable ; Pass      ; Inapplicable ; Inapplicable ; Pass      ; Pass      ; Inapplicable ; Pass         ; Inapplicable ; Inapplicable ; Inapplicable ; Inapplicable ; Pass         ; Inapplicable ; Inapplicable ; Inapplicable ; Inapplicable ; Pass         ; Inapplicable ; Inapplicable ; Inapplicable ; Inapplicable ; Inapplicable ; Pass      ; Inapplicable ; Inapplicable ;
; reg_text_out[17]        ; Inapplicable ; Inapplicable ; Inapplicable ; Inapplicable ; Inapplicable ; Pass      ; Inapplicable ; Inapplicable ; Pass      ; Pass      ; Inapplicable ; Pass         ; Inapplicable ; Inapplicable ; Inapplicable ; Inapplicable ; Pass         ; Inapplicable ; Inapplicable ; Inapplicable ; Inapplicable ; Pass         ; Inapplicable ; Inapplicable ; Inapplicable ; Inapplicable ; Inapplicable ; Pass      ; Inapplicable ; Inapplicable ;
; reg_text_out[18]        ; Inapplicable ; Inapplicable ; Inapplicable ; Inapplicable ; Inapplicable ; Pass      ; Inapplicable ; Inapplicable ; Pass      ; Pass      ; Inapplicable ; Pass         ; Inapplicable ; Inapplicable ; Inapplicable ; Inapplicable ; Pass         ; Inapplicable ; Inapplicable ; Inapplicable ; Inapplicable ; Pass         ; Inapplicable ; Inapplicable ; Inapplicable ; Inapplicable ; Inapplicable ; Pass      ; Inapplicable ; Inapplicable ;
; reg_text_out[19]        ; Inapplicable ; Inapplicable ; Inapplicable ; Inapplicable ; Inapplicable ; Pass      ; Inapplicable ; Inapplicable ; Pass      ; Pass      ; Inapplicable ; Pass         ; Inapplicable ; Inapplicable ; Inapplicable ; Inapplicable ; Pass         ; Inapplicable ; Inapplicable ; Inapplicable ; Inapplicable ; Pass         ; Inapplicable ; Inapplicable ; Inapplicable ; Inapplicable ; Inapplicable ; Pass      ; Inapplicable ; Inapplicable ;
; reg_text_out[20]        ; Inapplicable ; Inapplicable ; Inapplicable ; Inapplicable ; Inapplicable ; Pass      ; Inapplicable ; Inapplicable ; Pass      ; Pass      ; Inapplicable ; Pass         ; Inapplicable ; Inapplicable ; Inapplicable ; Inapplicable ; Pass         ; Inapplicable ; Inapplicable ; Inapplicable ; Inapplicable ; Pass         ; Inapplicable ; Inapplicable ; Inapplicable ; Inapplicable ; Inapplicable ; Pass      ; Inapplicable ; Inapplicable ;
; reg_text_out[21]        ; Inapplicable ; Inapplicable ; Inapplicable ; Inapplicable ; Inapplicable ; Pass      ; Inapplicable ; Inapplicable ; Pass      ; Pass      ; Inapplicable ; Pass         ; Inapplicable ; Inapplicable ; Inapplicable ; Inapplicable ; Pass         ; Inapplicable ; Inapplicable ; Inapplicable ; Inapplicable ; Pass         ; Inapplicable ; Inapplicable ; Inapplicable ; Inapplicable ; Inapplicable ; Pass      ; Inapplicable ; Inapplicable ;
; reg_text_out[22]        ; Inapplicable ; Inapplicable ; Inapplicable ; Inapplicable ; Inapplicable ; Pass      ; Inapplicable ; Inapplicable ; Pass      ; Pass      ; Inapplicable ; Pass         ; Inapplicable ; Inapplicable ; Inapplicable ; Inapplicable ; Pass         ; Inapplicable ; Inapplicable ; Inapplicable ; Inapplicable ; Pass         ; Inapplicable ; Inapplicable ; Inapplicable ; Inapplicable ; Inapplicable ; Pass      ; Inapplicable ; Inapplicable ;
; reg_text_out[23]        ; Inapplicable ; Inapplicable ; Inapplicable ; Inapplicable ; Inapplicable ; Pass      ; Inapplicable ; Inapplicable ; Pass      ; Pass      ; Inapplicable ; Pass         ; Inapplicable ; Inapplicable ; Inapplicable ; Inapplicable ; Pass         ; Inapplicable ; Inapplicable ; Inapplicable ; Inapplicable ; Pass         ; Inapplicable ; Inapplicable ; Inapplicable ; Inapplicable ; Inapplicable ; Pass      ; Inapplicable ; Inapplicable ;
; reg_text_out[24]        ; Inapplicable ; Inapplicable ; Inapplicable ; Inapplicable ; Inapplicable ; Pass      ; Inapplicable ; Inapplicable ; Pass      ; Pass      ; Inapplicable ; Pass         ; Inapplicable ; Inapplicable ; Inapplicable ; Inapplicable ; Pass         ; Inapplicable ; Inapplicable ; Inapplicable ; Inapplicable ; Pass         ; Inapplicable ; Inapplicable ; Inapplicable ; Inapplicable ; Inapplicable ; Pass      ; Inapplicable ; Inapplicable ;
; reg_text_out[25]        ; Inapplicable ; Inapplicable ; Inapplicable ; Inapplicable ; Inapplicable ; Pass      ; Inapplicable ; Inapplicable ; Pass      ; Pass      ; Inapplicable ; Pass         ; Inapplicable ; Inapplicable ; Inapplicable ; Inapplicable ; Pass         ; Inapplicable ; Inapplicable ; Inapplicable ; Inapplicable ; Pass         ; Inapplicable ; Inapplicable ; Inapplicable ; Inapplicable ; Inapplicable ; Pass      ; Inapplicable ; Inapplicable ;
; reg_text_out[26]        ; Inapplicable ; Inapplicable ; Inapplicable ; Inapplicable ; Inapplicable ; Pass      ; Inapplicable ; Inapplicable ; Pass      ; Pass      ; Inapplicable ; Pass         ; Inapplicable ; Inapplicable ; Inapplicable ; Inapplicable ; Pass         ; Inapplicable ; Inapplicable ; Inapplicable ; Inapplicable ; Pass         ; Inapplicable ; Inapplicable ; Inapplicable ; Inapplicable ; Inapplicable ; Pass      ; Inapplicable ; Inapplicable ;
; reg_text_out[27]        ; Inapplicable ; Inapplicable ; Inapplicable ; Inapplicable ; Inapplicable ; Pass      ; Inapplicable ; Inapplicable ; Pass      ; Pass      ; Inapplicable ; Pass         ; Inapplicable ; Inapplicable ; Inapplicable ; Inapplicable ; Pass         ; Inapplicable ; Inapplicable ; Inapplicable ; Inapplicable ; Pass         ; Inapplicable ; Inapplicable ; Inapplicable ; Inapplicable ; Inapplicable ; Pass      ; Inapplicable ; Inapplicable ;
; reg_text_out[28]        ; Inapplicable ; Inapplicable ; Inapplicable ; Inapplicable ; Inapplicable ; Pass      ; Inapplicable ; Inapplicable ; Pass      ; Pass      ; Inapplicable ; Pass         ; Inapplicable ; Inapplicable ; Inapplicable ; Inapplicable ; Pass         ; Inapplicable ; Inapplicable ; Inapplicable ; Inapplicable ; Pass         ; Inapplicable ; Inapplicable ; Inapplicable ; Inapplicable ; Inapplicable ; Pass      ; Inapplicable ; Inapplicable ;
; reg_text_out[29]        ; Inapplicable ; Inapplicable ; Inapplicable ; Inapplicable ; Inapplicable ; Pass      ; Inapplicable ; Inapplicable ; Pass      ; Pass      ; Inapplicable ; Pass         ; Inapplicable ; Inapplicable ; Inapplicable ; Inapplicable ; Pass         ; Inapplicable ; Inapplicable ; Inapplicable ; Inapplicable ; Pass         ; Inapplicable ; Inapplicable ; Inapplicable ; Inapplicable ; Inapplicable ; Pass      ; Inapplicable ; Inapplicable ;
; reg_text_out[30]        ; Inapplicable ; Inapplicable ; Inapplicable ; Inapplicable ; Inapplicable ; Pass      ; Inapplicable ; Inapplicable ; Pass      ; Pass      ; Inapplicable ; Pass         ; Inapplicable ; Inapplicable ; Inapplicable ; Inapplicable ; Pass         ; Inapplicable ; Inapplicable ; Inapplicable ; Inapplicable ; Pass         ; Inapplicable ; Inapplicable ; Inapplicable ; Inapplicable ; Inapplicable ; Pass      ; Inapplicable ; Inapplicable ;
; reg_text_out[31]        ; Inapplicable ; Inapplicable ; Inapplicable ; Inapplicable ; Inapplicable ; Pass      ; Inapplicable ; Inapplicable ; Pass      ; Pass      ; Inapplicable ; Pass         ; Inapplicable ; Inapplicable ; Inapplicable ; Inapplicable ; Pass         ; Inapplicable ; Inapplicable ; Inapplicable ; Inapplicable ; Pass         ; Inapplicable ; Inapplicable ; Inapplicable ; Inapplicable ; Inapplicable ; Pass      ; Inapplicable ; Inapplicable ;
; reg_text_out[32]        ; Inapplicable ; Inapplicable ; Inapplicable ; Inapplicable ; Inapplicable ; Pass      ; Inapplicable ; Inapplicable ; Pass      ; Pass      ; Inapplicable ; Pass         ; Inapplicable ; Inapplicable ; Inapplicable ; Inapplicable ; Pass         ; Inapplicable ; Inapplicable ; Inapplicable ; Inapplicable ; Pass         ; Inapplicable ; Inapplicable ; Inapplicable ; Inapplicable ; Inapplicable ; Pass      ; Inapplicable ; Inapplicable ;
; reg_text_out[33]        ; Inapplicable ; Inapplicable ; Inapplicable ; Inapplicable ; Inapplicable ; Pass      ; Inapplicable ; Inapplicable ; Pass      ; Pass      ; Inapplicable ; Pass         ; Inapplicable ; Inapplicable ; Inapplicable ; Inapplicable ; Pass         ; Inapplicable ; Inapplicable ; Inapplicable ; Inapplicable ; Pass         ; Inapplicable ; Inapplicable ; Inapplicable ; Inapplicable ; Inapplicable ; Pass      ; Inapplicable ; Inapplicable ;
; reg_text_out[34]        ; Inapplicable ; Inapplicable ; Inapplicable ; Inapplicable ; Inapplicable ; Pass      ; Inapplicable ; Inapplicable ; Pass      ; Pass      ; Inapplicable ; Pass         ; Inapplicable ; Inapplicable ; Inapplicable ; Inapplicable ; Pass         ; Inapplicable ; Inapplicable ; Inapplicable ; Inapplicable ; Pass         ; Inapplicable ; Inapplicable ; Inapplicable ; Inapplicable ; Inapplicable ; Pass      ; Inapplicable ; Inapplicable ;
; reg_text_out[35]        ; Inapplicable ; Inapplicable ; Inapplicable ; Inapplicable ; Inapplicable ; Pass      ; Inapplicable ; Inapplicable ; Pass      ; Pass      ; Inapplicable ; Pass         ; Inapplicable ; Inapplicable ; Inapplicable ; Inapplicable ; Pass         ; Inapplicable ; Inapplicable ; Inapplicable ; Inapplicable ; Pass         ; Inapplicable ; Inapplicable ; Inapplicable ; Inapplicable ; Inapplicable ; Pass      ; Inapplicable ; Inapplicable ;
; reg_text_out[36]        ; Inapplicable ; Inapplicable ; Inapplicable ; Inapplicable ; Inapplicable ; Pass      ; Inapplicable ; Inapplicable ; Pass      ; Pass      ; Inapplicable ; Pass         ; Inapplicable ; Inapplicable ; Inapplicable ; Inapplicable ; Pass         ; Inapplicable ; Inapplicable ; Inapplicable ; Inapplicable ; Pass         ; Inapplicable ; Inapplicable ; Inapplicable ; Inapplicable ; Inapplicable ; Pass      ; Inapplicable ; Inapplicable ;
; reg_text_out[37]        ; Inapplicable ; Inapplicable ; Inapplicable ; Inapplicable ; Inapplicable ; Pass      ; Inapplicable ; Inapplicable ; Pass      ; Pass      ; Inapplicable ; Pass         ; Inapplicable ; Inapplicable ; Inapplicable ; Inapplicable ; Pass         ; Inapplicable ; Inapplicable ; Inapplicable ; Inapplicable ; Pass         ; Inapplicable ; Inapplicable ; Inapplicable ; Inapplicable ; Inapplicable ; Pass      ; Inapplicable ; Inapplicable ;
; reg_text_out[38]        ; Inapplicable ; Inapplicable ; Inapplicable ; Inapplicable ; Inapplicable ; Pass      ; Inapplicable ; Inapplicable ; Pass      ; Pass      ; Inapplicable ; Pass         ; Inapplicable ; Inapplicable ; Inapplicable ; Inapplicable ; Pass         ; Inapplicable ; Inapplicable ; Inapplicable ; Inapplicable ; Pass         ; Inapplicable ; Inapplicable ; Inapplicable ; Inapplicable ; Inapplicable ; Pass      ; Inapplicable ; Inapplicable ;
; reg_text_out[39]        ; Inapplicable ; Inapplicable ; Inapplicable ; Inapplicable ; Inapplicable ; Pass      ; Inapplicable ; Inapplicable ; Pass      ; Pass      ; Inapplicable ; Pass         ; Inapplicable ; Inapplicable ; Inapplicable ; Inapplicable ; Pass         ; Inapplicable ; Inapplicable ; Inapplicable ; Inapplicable ; Pass         ; Inapplicable ; Inapplicable ; Inapplicable ; Inapplicable ; Inapplicable ; Pass      ; Inapplicable ; Inapplicable ;
; reg_text_out[40]        ; Inapplicable ; Inapplicable ; Inapplicable ; Inapplicable ; Inapplicable ; Pass      ; Inapplicable ; Inapplicable ; Pass      ; Pass      ; Inapplicable ; Pass         ; Inapplicable ; Inapplicable ; Inapplicable ; Inapplicable ; Pass         ; Inapplicable ; Inapplicable ; Inapplicable ; Inapplicable ; Pass         ; Inapplicable ; Inapplicable ; Inapplicable ; Inapplicable ; Inapplicable ; Pass      ; Inapplicable ; Inapplicable ;
; reg_text_out[41]        ; Inapplicable ; Inapplicable ; Inapplicable ; Inapplicable ; Inapplicable ; Pass      ; Inapplicable ; Inapplicable ; Pass      ; Pass      ; Inapplicable ; Pass         ; Inapplicable ; Inapplicable ; Inapplicable ; Inapplicable ; Pass         ; Inapplicable ; Inapplicable ; Inapplicable ; Inapplicable ; Pass         ; Inapplicable ; Inapplicable ; Inapplicable ; Inapplicable ; Inapplicable ; Pass      ; Inapplicable ; Inapplicable ;
; reg_text_out[42]        ; Inapplicable ; Inapplicable ; Inapplicable ; Inapplicable ; Inapplicable ; Pass      ; Inapplicable ; Inapplicable ; Pass      ; Pass      ; Inapplicable ; Pass         ; Inapplicable ; Inapplicable ; Inapplicable ; Inapplicable ; Pass         ; Inapplicable ; Inapplicable ; Inapplicable ; Inapplicable ; Pass         ; Inapplicable ; Inapplicable ; Inapplicable ; Inapplicable ; Inapplicable ; Pass      ; Inapplicable ; Inapplicable ;
; reg_text_out[43]        ; Inapplicable ; Inapplicable ; Inapplicable ; Inapplicable ; Inapplicable ; Pass      ; Inapplicable ; Inapplicable ; Pass      ; Pass      ; Inapplicable ; Pass         ; Inapplicable ; Inapplicable ; Inapplicable ; Inapplicable ; Pass         ; Inapplicable ; Inapplicable ; Inapplicable ; Inapplicable ; Pass         ; Inapplicable ; Inapplicable ; Inapplicable ; Inapplicable ; Inapplicable ; Pass      ; Inapplicable ; Inapplicable ;
; reg_text_out[44]        ; Inapplicable ; Inapplicable ; Inapplicable ; Inapplicable ; Inapplicable ; Pass      ; Inapplicable ; Inapplicable ; Pass      ; Pass      ; Inapplicable ; Pass         ; Inapplicable ; Inapplicable ; Inapplicable ; Inapplicable ; Pass         ; Inapplicable ; Inapplicable ; Inapplicable ; Inapplicable ; Pass         ; Inapplicable ; Inapplicable ; Inapplicable ; Inapplicable ; Inapplicable ; Pass      ; Inapplicable ; Inapplicable ;
; reg_text_out[45]        ; Inapplicable ; Inapplicable ; Inapplicable ; Inapplicable ; Inapplicable ; Pass      ; Inapplicable ; Inapplicable ; Pass      ; Pass      ; Inapplicable ; Pass         ; Inapplicable ; Inapplicable ; Inapplicable ; Inapplicable ; Pass         ; Inapplicable ; Inapplicable ; Inapplicable ; Inapplicable ; Pass         ; Inapplicable ; Inapplicable ; Inapplicable ; Inapplicable ; Inapplicable ; Pass      ; Inapplicable ; Inapplicable ;
; reg_text_out[46]        ; Inapplicable ; Inapplicable ; Inapplicable ; Inapplicable ; Inapplicable ; Pass      ; Inapplicable ; Inapplicable ; Pass      ; Pass      ; Inapplicable ; Pass         ; Inapplicable ; Inapplicable ; Inapplicable ; Inapplicable ; Pass         ; Inapplicable ; Inapplicable ; Inapplicable ; Inapplicable ; Pass         ; Inapplicable ; Inapplicable ; Inapplicable ; Inapplicable ; Inapplicable ; Pass      ; Inapplicable ; Inapplicable ;
; reg_text_out[47]        ; Inapplicable ; Inapplicable ; Inapplicable ; Inapplicable ; Inapplicable ; Pass      ; Inapplicable ; Inapplicable ; Pass      ; Pass      ; Inapplicable ; Pass         ; Inapplicable ; Inapplicable ; Inapplicable ; Inapplicable ; Pass         ; Inapplicable ; Inapplicable ; Inapplicable ; Inapplicable ; Pass         ; Inapplicable ; Inapplicable ; Inapplicable ; Inapplicable ; Inapplicable ; Pass      ; Inapplicable ; Inapplicable ;
; reg_text_out[48]        ; Inapplicable ; Inapplicable ; Inapplicable ; Inapplicable ; Inapplicable ; Pass      ; Inapplicable ; Inapplicable ; Pass      ; Pass      ; Inapplicable ; Pass         ; Inapplicable ; Inapplicable ; Inapplicable ; Inapplicable ; Pass         ; Inapplicable ; Inapplicable ; Inapplicable ; Inapplicable ; Pass         ; Inapplicable ; Inapplicable ; Inapplicable ; Inapplicable ; Inapplicable ; Pass      ; Inapplicable ; Inapplicable ;
; reg_text_out[49]        ; Inapplicable ; Inapplicable ; Inapplicable ; Inapplicable ; Inapplicable ; Pass      ; Inapplicable ; Inapplicable ; Pass      ; Pass      ; Inapplicable ; Pass         ; Inapplicable ; Inapplicable ; Inapplicable ; Inapplicable ; Pass         ; Inapplicable ; Inapplicable ; Inapplicable ; Inapplicable ; Pass         ; Inapplicable ; Inapplicable ; Inapplicable ; Inapplicable ; Inapplicable ; Pass      ; Inapplicable ; Inapplicable ;
; reg_text_out[50]        ; Inapplicable ; Inapplicable ; Inapplicable ; Inapplicable ; Inapplicable ; Pass      ; Inapplicable ; Inapplicable ; Pass      ; Pass      ; Inapplicable ; Pass         ; Inapplicable ; Inapplicable ; Inapplicable ; Inapplicable ; Pass         ; Inapplicable ; Inapplicable ; Inapplicable ; Inapplicable ; Pass         ; Inapplicable ; Inapplicable ; Inapplicable ; Inapplicable ; Inapplicable ; Pass      ; Inapplicable ; Inapplicable ;
; reg_text_out[51]        ; Inapplicable ; Inapplicable ; Inapplicable ; Inapplicable ; Inapplicable ; Pass      ; Inapplicable ; Inapplicable ; Pass      ; Pass      ; Inapplicable ; Pass         ; Inapplicable ; Inapplicable ; Inapplicable ; Inapplicable ; Pass         ; Inapplicable ; Inapplicable ; Inapplicable ; Inapplicable ; Pass         ; Inapplicable ; Inapplicable ; Inapplicable ; Inapplicable ; Inapplicable ; Pass      ; Inapplicable ; Inapplicable ;
; reg_text_out[52]        ; Inapplicable ; Inapplicable ; Inapplicable ; Inapplicable ; Inapplicable ; Pass      ; Inapplicable ; Inapplicable ; Pass      ; Pass      ; Inapplicable ; Pass         ; Inapplicable ; Inapplicable ; Inapplicable ; Inapplicable ; Pass         ; Inapplicable ; Inapplicable ; Inapplicable ; Inapplicable ; Pass         ; Inapplicable ; Inapplicable ; Inapplicable ; Inapplicable ; Inapplicable ; Pass      ; Inapplicable ; Inapplicable ;
; reg_text_out[53]        ; Inapplicable ; Inapplicable ; Inapplicable ; Inapplicable ; Inapplicable ; Pass      ; Inapplicable ; Inapplicable ; Pass      ; Pass      ; Inapplicable ; Pass         ; Inapplicable ; Inapplicable ; Inapplicable ; Inapplicable ; Pass         ; Inapplicable ; Inapplicable ; Inapplicable ; Inapplicable ; Pass         ; Inapplicable ; Inapplicable ; Inapplicable ; Inapplicable ; Inapplicable ; Pass      ; Inapplicable ; Inapplicable ;
; reg_text_out[54]        ; Inapplicable ; Inapplicable ; Inapplicable ; Inapplicable ; Inapplicable ; Pass      ; Inapplicable ; Inapplicable ; Pass      ; Pass      ; Inapplicable ; Pass         ; Inapplicable ; Inapplicable ; Inapplicable ; Inapplicable ; Pass         ; Inapplicable ; Inapplicable ; Inapplicable ; Inapplicable ; Pass         ; Inapplicable ; Inapplicable ; Inapplicable ; Inapplicable ; Inapplicable ; Pass      ; Inapplicable ; Inapplicable ;
; reg_text_out[55]        ; Inapplicable ; Inapplicable ; Inapplicable ; Inapplicable ; Inapplicable ; Pass      ; Inapplicable ; Inapplicable ; Pass      ; Pass      ; Inapplicable ; Pass         ; Inapplicable ; Inapplicable ; Inapplicable ; Inapplicable ; Pass         ; Inapplicable ; Inapplicable ; Inapplicable ; Inapplicable ; Pass         ; Inapplicable ; Inapplicable ; Inapplicable ; Inapplicable ; Inapplicable ; Pass      ; Inapplicable ; Inapplicable ;
; reg_text_out[56]        ; Inapplicable ; Inapplicable ; Inapplicable ; Inapplicable ; Inapplicable ; Pass      ; Inapplicable ; Inapplicable ; Pass      ; Pass      ; Inapplicable ; Pass         ; Inapplicable ; Inapplicable ; Inapplicable ; Inapplicable ; Pass         ; Inapplicable ; Inapplicable ; Inapplicable ; Inapplicable ; Pass         ; Inapplicable ; Inapplicable ; Inapplicable ; Inapplicable ; Inapplicable ; Pass      ; Inapplicable ; Inapplicable ;
; reg_text_out[57]        ; Inapplicable ; Inapplicable ; Inapplicable ; Inapplicable ; Inapplicable ; Pass      ; Inapplicable ; Inapplicable ; Pass      ; Pass      ; Inapplicable ; Pass         ; Inapplicable ; Inapplicable ; Inapplicable ; Inapplicable ; Pass         ; Inapplicable ; Inapplicable ; Inapplicable ; Inapplicable ; Pass         ; Inapplicable ; Inapplicable ; Inapplicable ; Inapplicable ; Inapplicable ; Pass      ; Inapplicable ; Inapplicable ;
; reg_text_out[58]        ; Inapplicable ; Inapplicable ; Inapplicable ; Inapplicable ; Inapplicable ; Pass      ; Inapplicable ; Inapplicable ; Pass      ; Pass      ; Inapplicable ; Pass         ; Inapplicable ; Inapplicable ; Inapplicable ; Inapplicable ; Pass         ; Inapplicable ; Inapplicable ; Inapplicable ; Inapplicable ; Pass         ; Inapplicable ; Inapplicable ; Inapplicable ; Inapplicable ; Inapplicable ; Pass      ; Inapplicable ; Inapplicable ;
; reg_text_out[59]        ; Inapplicable ; Inapplicable ; Inapplicable ; Inapplicable ; Inapplicable ; Pass      ; Inapplicable ; Inapplicable ; Pass      ; Pass      ; Inapplicable ; Pass         ; Inapplicable ; Inapplicable ; Inapplicable ; Inapplicable ; Pass         ; Inapplicable ; Inapplicable ; Inapplicable ; Inapplicable ; Pass         ; Inapplicable ; Inapplicable ; Inapplicable ; Inapplicable ; Inapplicable ; Pass      ; Inapplicable ; Inapplicable ;
; reg_text_out[60]        ; Inapplicable ; Inapplicable ; Inapplicable ; Inapplicable ; Inapplicable ; Pass      ; Inapplicable ; Inapplicable ; Pass      ; Pass      ; Inapplicable ; Pass         ; Inapplicable ; Inapplicable ; Inapplicable ; Inapplicable ; Pass         ; Inapplicable ; Inapplicable ; Inapplicable ; Inapplicable ; Pass         ; Inapplicable ; Inapplicable ; Inapplicable ; Inapplicable ; Inapplicable ; Pass      ; Inapplicable ; Inapplicable ;
; reg_text_out[61]        ; Inapplicable ; Inapplicable ; Inapplicable ; Inapplicable ; Inapplicable ; Pass      ; Inapplicable ; Inapplicable ; Pass      ; Pass      ; Inapplicable ; Pass         ; Inapplicable ; Inapplicable ; Inapplicable ; Inapplicable ; Pass         ; Inapplicable ; Inapplicable ; Inapplicable ; Inapplicable ; Pass         ; Inapplicable ; Inapplicable ; Inapplicable ; Inapplicable ; Inapplicable ; Pass      ; Inapplicable ; Inapplicable ;
; reg_text_out[62]        ; Inapplicable ; Inapplicable ; Inapplicable ; Inapplicable ; Inapplicable ; Pass      ; Inapplicable ; Inapplicable ; Pass      ; Pass      ; Inapplicable ; Pass         ; Inapplicable ; Inapplicable ; Inapplicable ; Inapplicable ; Pass         ; Inapplicable ; Inapplicable ; Inapplicable ; Inapplicable ; Pass         ; Inapplicable ; Inapplicable ; Inapplicable ; Inapplicable ; Inapplicable ; Pass      ; Inapplicable ; Inapplicable ;
; reg_text_out[63]        ; Inapplicable ; Inapplicable ; Inapplicable ; Inapplicable ; Inapplicable ; Pass      ; Inapplicable ; Inapplicable ; Pass      ; Pass      ; Inapplicable ; Pass         ; Inapplicable ; Inapplicable ; Inapplicable ; Inapplicable ; Pass         ; Inapplicable ; Inapplicable ; Inapplicable ; Inapplicable ; Pass         ; Inapplicable ; Inapplicable ; Inapplicable ; Inapplicable ; Inapplicable ; Pass      ; Inapplicable ; Inapplicable ;
; reg_text_out[64]        ; Inapplicable ; Inapplicable ; Inapplicable ; Inapplicable ; Inapplicable ; Pass      ; Inapplicable ; Inapplicable ; Pass      ; Pass      ; Inapplicable ; Pass         ; Inapplicable ; Inapplicable ; Inapplicable ; Inapplicable ; Pass         ; Inapplicable ; Inapplicable ; Inapplicable ; Inapplicable ; Pass         ; Inapplicable ; Inapplicable ; Inapplicable ; Inapplicable ; Inapplicable ; Pass      ; Inapplicable ; Inapplicable ;
; reg_text_out[65]        ; Inapplicable ; Inapplicable ; Inapplicable ; Inapplicable ; Inapplicable ; Pass      ; Inapplicable ; Inapplicable ; Pass      ; Pass      ; Inapplicable ; Pass         ; Inapplicable ; Inapplicable ; Inapplicable ; Inapplicable ; Pass         ; Inapplicable ; Inapplicable ; Inapplicable ; Inapplicable ; Pass         ; Inapplicable ; Inapplicable ; Inapplicable ; Inapplicable ; Inapplicable ; Pass      ; Inapplicable ; Inapplicable ;
; reg_text_out[66]        ; Inapplicable ; Inapplicable ; Inapplicable ; Inapplicable ; Inapplicable ; Pass      ; Inapplicable ; Inapplicable ; Pass      ; Pass      ; Inapplicable ; Pass         ; Inapplicable ; Inapplicable ; Inapplicable ; Inapplicable ; Pass         ; Inapplicable ; Inapplicable ; Inapplicable ; Inapplicable ; Pass         ; Inapplicable ; Inapplicable ; Inapplicable ; Inapplicable ; Inapplicable ; Pass      ; Inapplicable ; Inapplicable ;
; reg_text_out[67]        ; Inapplicable ; Inapplicable ; Inapplicable ; Inapplicable ; Inapplicable ; Pass      ; Inapplicable ; Inapplicable ; Pass      ; Pass      ; Inapplicable ; Pass         ; Inapplicable ; Inapplicable ; Inapplicable ; Inapplicable ; Pass         ; Inapplicable ; Inapplicable ; Inapplicable ; Inapplicable ; Pass         ; Inapplicable ; Inapplicable ; Inapplicable ; Inapplicable ; Inapplicable ; Pass      ; Inapplicable ; Inapplicable ;
; reg_text_out[68]        ; Inapplicable ; Inapplicable ; Inapplicable ; Inapplicable ; Inapplicable ; Pass      ; Inapplicable ; Inapplicable ; Pass      ; Pass      ; Inapplicable ; Pass         ; Inapplicable ; Inapplicable ; Inapplicable ; Inapplicable ; Pass         ; Inapplicable ; Inapplicable ; Inapplicable ; Inapplicable ; Pass         ; Inapplicable ; Inapplicable ; Inapplicable ; Inapplicable ; Inapplicable ; Pass      ; Inapplicable ; Inapplicable ;
; reg_text_out[69]        ; Inapplicable ; Inapplicable ; Inapplicable ; Inapplicable ; Inapplicable ; Pass      ; Inapplicable ; Inapplicable ; Pass      ; Pass      ; Inapplicable ; Pass         ; Inapplicable ; Inapplicable ; Inapplicable ; Inapplicable ; Pass         ; Inapplicable ; Inapplicable ; Inapplicable ; Inapplicable ; Pass         ; Inapplicable ; Inapplicable ; Inapplicable ; Inapplicable ; Inapplicable ; Pass      ; Inapplicable ; Inapplicable ;
; reg_text_out[70]        ; Inapplicable ; Inapplicable ; Inapplicable ; Inapplicable ; Inapplicable ; Pass      ; Inapplicable ; Inapplicable ; Pass      ; Pass      ; Inapplicable ; Pass         ; Inapplicable ; Inapplicable ; Inapplicable ; Inapplicable ; Pass         ; Inapplicable ; Inapplicable ; Inapplicable ; Inapplicable ; Pass         ; Inapplicable ; Inapplicable ; Inapplicable ; Inapplicable ; Inapplicable ; Pass      ; Inapplicable ; Inapplicable ;
; reg_text_out[71]        ; Inapplicable ; Inapplicable ; Inapplicable ; Inapplicable ; Inapplicable ; Pass      ; Inapplicable ; Inapplicable ; Pass      ; Pass      ; Inapplicable ; Pass         ; Inapplicable ; Inapplicable ; Inapplicable ; Inapplicable ; Pass         ; Inapplicable ; Inapplicable ; Inapplicable ; Inapplicable ; Pass         ; Inapplicable ; Inapplicable ; Inapplicable ; Inapplicable ; Inapplicable ; Pass      ; Inapplicable ; Inapplicable ;
; reg_text_out[72]        ; Inapplicable ; Inapplicable ; Inapplicable ; Inapplicable ; Inapplicable ; Pass      ; Inapplicable ; Inapplicable ; Pass      ; Pass      ; Inapplicable ; Pass         ; Inapplicable ; Inapplicable ; Inapplicable ; Inapplicable ; Pass         ; Inapplicable ; Inapplicable ; Inapplicable ; Inapplicable ; Pass         ; Inapplicable ; Inapplicable ; Inapplicable ; Inapplicable ; Inapplicable ; Pass      ; Inapplicable ; Inapplicable ;
; reg_text_out[73]        ; Inapplicable ; Inapplicable ; Inapplicable ; Inapplicable ; Inapplicable ; Pass      ; Inapplicable ; Inapplicable ; Pass      ; Pass      ; Inapplicable ; Pass         ; Inapplicable ; Inapplicable ; Inapplicable ; Inapplicable ; Pass         ; Inapplicable ; Inapplicable ; Inapplicable ; Inapplicable ; Pass         ; Inapplicable ; Inapplicable ; Inapplicable ; Inapplicable ; Inapplicable ; Pass      ; Inapplicable ; Inapplicable ;
; reg_text_out[74]        ; Inapplicable ; Inapplicable ; Inapplicable ; Inapplicable ; Inapplicable ; Pass      ; Inapplicable ; Inapplicable ; Pass      ; Pass      ; Inapplicable ; Pass         ; Inapplicable ; Inapplicable ; Inapplicable ; Inapplicable ; Pass         ; Inapplicable ; Inapplicable ; Inapplicable ; Inapplicable ; Pass         ; Inapplicable ; Inapplicable ; Inapplicable ; Inapplicable ; Inapplicable ; Pass      ; Inapplicable ; Inapplicable ;
; reg_text_out[75]        ; Inapplicable ; Inapplicable ; Inapplicable ; Inapplicable ; Inapplicable ; Pass      ; Inapplicable ; Inapplicable ; Pass      ; Pass      ; Inapplicable ; Pass         ; Inapplicable ; Inapplicable ; Inapplicable ; Inapplicable ; Pass         ; Inapplicable ; Inapplicable ; Inapplicable ; Inapplicable ; Pass         ; Inapplicable ; Inapplicable ; Inapplicable ; Inapplicable ; Inapplicable ; Pass      ; Inapplicable ; Inapplicable ;
; reg_text_out[76]        ; Inapplicable ; Inapplicable ; Inapplicable ; Inapplicable ; Inapplicable ; Pass      ; Inapplicable ; Inapplicable ; Pass      ; Pass      ; Inapplicable ; Pass         ; Inapplicable ; Inapplicable ; Inapplicable ; Inapplicable ; Pass         ; Inapplicable ; Inapplicable ; Inapplicable ; Inapplicable ; Pass         ; Inapplicable ; Inapplicable ; Inapplicable ; Inapplicable ; Inapplicable ; Pass      ; Inapplicable ; Inapplicable ;
; reg_text_out[77]        ; Inapplicable ; Inapplicable ; Inapplicable ; Inapplicable ; Inapplicable ; Pass      ; Inapplicable ; Inapplicable ; Pass      ; Pass      ; Inapplicable ; Pass         ; Inapplicable ; Inapplicable ; Inapplicable ; Inapplicable ; Pass         ; Inapplicable ; Inapplicable ; Inapplicable ; Inapplicable ; Pass         ; Inapplicable ; Inapplicable ; Inapplicable ; Inapplicable ; Inapplicable ; Pass      ; Inapplicable ; Inapplicable ;
; reg_text_out[78]        ; Inapplicable ; Inapplicable ; Inapplicable ; Inapplicable ; Inapplicable ; Pass      ; Inapplicable ; Inapplicable ; Pass      ; Pass      ; Inapplicable ; Pass         ; Inapplicable ; Inapplicable ; Inapplicable ; Inapplicable ; Pass         ; Inapplicable ; Inapplicable ; Inapplicable ; Inapplicable ; Pass         ; Inapplicable ; Inapplicable ; Inapplicable ; Inapplicable ; Inapplicable ; Pass      ; Inapplicable ; Inapplicable ;
; reg_text_out[79]        ; Inapplicable ; Inapplicable ; Inapplicable ; Inapplicable ; Inapplicable ; Pass      ; Inapplicable ; Inapplicable ; Pass      ; Pass      ; Inapplicable ; Pass         ; Inapplicable ; Inapplicable ; Inapplicable ; Inapplicable ; Pass         ; Inapplicable ; Inapplicable ; Inapplicable ; Inapplicable ; Pass         ; Inapplicable ; Inapplicable ; Inapplicable ; Inapplicable ; Inapplicable ; Pass      ; Inapplicable ; Inapplicable ;
; reg_text_out[80]        ; Inapplicable ; Inapplicable ; Inapplicable ; Inapplicable ; Inapplicable ; Pass      ; Inapplicable ; Inapplicable ; Pass      ; Pass      ; Inapplicable ; Pass         ; Inapplicable ; Inapplicable ; Inapplicable ; Inapplicable ; Pass         ; Inapplicable ; Inapplicable ; Inapplicable ; Inapplicable ; Pass         ; Inapplicable ; Inapplicable ; Inapplicable ; Inapplicable ; Inapplicable ; Pass      ; Inapplicable ; Inapplicable ;
; reg_text_out[81]        ; Inapplicable ; Inapplicable ; Inapplicable ; Inapplicable ; Inapplicable ; Pass      ; Inapplicable ; Inapplicable ; Pass      ; Pass      ; Inapplicable ; Pass         ; Inapplicable ; Inapplicable ; Inapplicable ; Inapplicable ; Pass         ; Inapplicable ; Inapplicable ; Inapplicable ; Inapplicable ; Pass         ; Inapplicable ; Inapplicable ; Inapplicable ; Inapplicable ; Inapplicable ; Pass      ; Inapplicable ; Inapplicable ;
; reg_text_out[82]        ; Inapplicable ; Inapplicable ; Inapplicable ; Inapplicable ; Inapplicable ; Pass      ; Inapplicable ; Inapplicable ; Pass      ; Pass      ; Inapplicable ; Pass         ; Inapplicable ; Inapplicable ; Inapplicable ; Inapplicable ; Pass         ; Inapplicable ; Inapplicable ; Inapplicable ; Inapplicable ; Pass         ; Inapplicable ; Inapplicable ; Inapplicable ; Inapplicable ; Inapplicable ; Pass      ; Inapplicable ; Inapplicable ;
; reg_text_out[83]        ; Inapplicable ; Inapplicable ; Inapplicable ; Inapplicable ; Inapplicable ; Pass      ; Inapplicable ; Inapplicable ; Pass      ; Pass      ; Inapplicable ; Pass         ; Inapplicable ; Inapplicable ; Inapplicable ; Inapplicable ; Pass         ; Inapplicable ; Inapplicable ; Inapplicable ; Inapplicable ; Pass         ; Inapplicable ; Inapplicable ; Inapplicable ; Inapplicable ; Inapplicable ; Pass      ; Inapplicable ; Inapplicable ;
; reg_text_out[84]        ; Inapplicable ; Inapplicable ; Inapplicable ; Inapplicable ; Inapplicable ; Pass      ; Inapplicable ; Inapplicable ; Pass      ; Pass      ; Inapplicable ; Pass         ; Inapplicable ; Inapplicable ; Inapplicable ; Inapplicable ; Pass         ; Inapplicable ; Inapplicable ; Inapplicable ; Inapplicable ; Pass         ; Inapplicable ; Inapplicable ; Inapplicable ; Inapplicable ; Inapplicable ; Pass      ; Inapplicable ; Inapplicable ;
; reg_text_out[85]        ; Inapplicable ; Inapplicable ; Inapplicable ; Inapplicable ; Inapplicable ; Pass      ; Inapplicable ; Inapplicable ; Pass      ; Pass      ; Inapplicable ; Pass         ; Inapplicable ; Inapplicable ; Inapplicable ; Inapplicable ; Pass         ; Inapplicable ; Inapplicable ; Inapplicable ; Inapplicable ; Pass         ; Inapplicable ; Inapplicable ; Inapplicable ; Inapplicable ; Inapplicable ; Pass      ; Inapplicable ; Inapplicable ;
; reg_text_out[86]        ; Inapplicable ; Inapplicable ; Inapplicable ; Inapplicable ; Inapplicable ; Pass      ; Inapplicable ; Inapplicable ; Pass      ; Pass      ; Inapplicable ; Pass         ; Inapplicable ; Inapplicable ; Inapplicable ; Inapplicable ; Pass         ; Inapplicable ; Inapplicable ; Inapplicable ; Inapplicable ; Pass         ; Inapplicable ; Inapplicable ; Inapplicable ; Inapplicable ; Inapplicable ; Pass      ; Inapplicable ; Inapplicable ;
; reg_text_out[87]        ; Inapplicable ; Inapplicable ; Inapplicable ; Inapplicable ; Inapplicable ; Pass      ; Inapplicable ; Inapplicable ; Pass      ; Pass      ; Inapplicable ; Pass         ; Inapplicable ; Inapplicable ; Inapplicable ; Inapplicable ; Pass         ; Inapplicable ; Inapplicable ; Inapplicable ; Inapplicable ; Pass         ; Inapplicable ; Inapplicable ; Inapplicable ; Inapplicable ; Inapplicable ; Pass      ; Inapplicable ; Inapplicable ;
; reg_text_out[88]        ; Inapplicable ; Inapplicable ; Inapplicable ; Inapplicable ; Inapplicable ; Pass      ; Inapplicable ; Inapplicable ; Pass      ; Pass      ; Inapplicable ; Pass         ; Inapplicable ; Inapplicable ; Inapplicable ; Inapplicable ; Pass         ; Inapplicable ; Inapplicable ; Inapplicable ; Inapplicable ; Pass         ; Inapplicable ; Inapplicable ; Inapplicable ; Inapplicable ; Inapplicable ; Pass      ; Inapplicable ; Inapplicable ;
; reg_text_out[89]        ; Inapplicable ; Inapplicable ; Inapplicable ; Inapplicable ; Inapplicable ; Pass      ; Inapplicable ; Inapplicable ; Pass      ; Pass      ; Inapplicable ; Pass         ; Inapplicable ; Inapplicable ; Inapplicable ; Inapplicable ; Pass         ; Inapplicable ; Inapplicable ; Inapplicable ; Inapplicable ; Pass         ; Inapplicable ; Inapplicable ; Inapplicable ; Inapplicable ; Inapplicable ; Pass      ; Inapplicable ; Inapplicable ;
; reg_text_out[90]        ; Inapplicable ; Inapplicable ; Inapplicable ; Inapplicable ; Inapplicable ; Pass      ; Inapplicable ; Inapplicable ; Pass      ; Pass      ; Inapplicable ; Pass         ; Inapplicable ; Inapplicable ; Inapplicable ; Inapplicable ; Pass         ; Inapplicable ; Inapplicable ; Inapplicable ; Inapplicable ; Pass         ; Inapplicable ; Inapplicable ; Inapplicable ; Inapplicable ; Inapplicable ; Pass      ; Inapplicable ; Inapplicable ;
; reg_text_out[91]        ; Inapplicable ; Inapplicable ; Inapplicable ; Inapplicable ; Inapplicable ; Pass      ; Inapplicable ; Inapplicable ; Pass      ; Pass      ; Inapplicable ; Pass         ; Inapplicable ; Inapplicable ; Inapplicable ; Inapplicable ; Pass         ; Inapplicable ; Inapplicable ; Inapplicable ; Inapplicable ; Pass         ; Inapplicable ; Inapplicable ; Inapplicable ; Inapplicable ; Inapplicable ; Pass      ; Inapplicable ; Inapplicable ;
; reg_text_out[92]        ; Inapplicable ; Inapplicable ; Inapplicable ; Inapplicable ; Inapplicable ; Pass      ; Inapplicable ; Inapplicable ; Pass      ; Pass      ; Inapplicable ; Pass         ; Inapplicable ; Inapplicable ; Inapplicable ; Inapplicable ; Pass         ; Inapplicable ; Inapplicable ; Inapplicable ; Inapplicable ; Pass         ; Inapplicable ; Inapplicable ; Inapplicable ; Inapplicable ; Inapplicable ; Pass      ; Inapplicable ; Inapplicable ;
; reg_text_out[93]        ; Inapplicable ; Inapplicable ; Inapplicable ; Inapplicable ; Inapplicable ; Pass      ; Inapplicable ; Inapplicable ; Pass      ; Pass      ; Inapplicable ; Pass         ; Inapplicable ; Inapplicable ; Inapplicable ; Inapplicable ; Pass         ; Inapplicable ; Inapplicable ; Inapplicable ; Inapplicable ; Pass         ; Inapplicable ; Inapplicable ; Inapplicable ; Inapplicable ; Inapplicable ; Pass      ; Inapplicable ; Inapplicable ;
; reg_text_out[94]        ; Inapplicable ; Inapplicable ; Inapplicable ; Inapplicable ; Inapplicable ; Pass      ; Inapplicable ; Inapplicable ; Pass      ; Pass      ; Inapplicable ; Pass         ; Inapplicable ; Inapplicable ; Inapplicable ; Inapplicable ; Pass         ; Inapplicable ; Inapplicable ; Inapplicable ; Inapplicable ; Pass         ; Inapplicable ; Inapplicable ; Inapplicable ; Inapplicable ; Inapplicable ; Pass      ; Inapplicable ; Inapplicable ;
; reg_text_out[95]        ; Inapplicable ; Inapplicable ; Inapplicable ; Inapplicable ; Inapplicable ; Pass      ; Inapplicable ; Inapplicable ; Pass      ; Pass      ; Inapplicable ; Pass         ; Inapplicable ; Inapplicable ; Inapplicable ; Inapplicable ; Pass         ; Inapplicable ; Inapplicable ; Inapplicable ; Inapplicable ; Pass         ; Inapplicable ; Inapplicable ; Inapplicable ; Inapplicable ; Inapplicable ; Pass      ; Inapplicable ; Inapplicable ;
; reg_text_out[96]        ; Inapplicable ; Inapplicable ; Inapplicable ; Inapplicable ; Inapplicable ; Pass      ; Inapplicable ; Inapplicable ; Pass      ; Pass      ; Inapplicable ; Pass         ; Inapplicable ; Inapplicable ; Inapplicable ; Inapplicable ; Pass         ; Inapplicable ; Inapplicable ; Inapplicable ; Inapplicable ; Pass         ; Inapplicable ; Inapplicable ; Inapplicable ; Inapplicable ; Inapplicable ; Pass      ; Inapplicable ; Inapplicable ;
; reg_text_out[97]        ; Inapplicable ; Inapplicable ; Inapplicable ; Inapplicable ; Inapplicable ; Pass      ; Inapplicable ; Inapplicable ; Pass      ; Pass      ; Inapplicable ; Pass         ; Inapplicable ; Inapplicable ; Inapplicable ; Inapplicable ; Pass         ; Inapplicable ; Inapplicable ; Inapplicable ; Inapplicable ; Pass         ; Inapplicable ; Inapplicable ; Inapplicable ; Inapplicable ; Inapplicable ; Pass      ; Inapplicable ; Inapplicable ;
; reg_text_out[98]        ; Inapplicable ; Inapplicable ; Inapplicable ; Inapplicable ; Inapplicable ; Pass      ; Inapplicable ; Inapplicable ; Pass      ; Pass      ; Inapplicable ; Pass         ; Inapplicable ; Inapplicable ; Inapplicable ; Inapplicable ; Pass         ; Inapplicable ; Inapplicable ; Inapplicable ; Inapplicable ; Pass         ; Inapplicable ; Inapplicable ; Inapplicable ; Inapplicable ; Inapplicable ; Pass      ; Inapplicable ; Inapplicable ;
; reg_text_out[99]        ; Inapplicable ; Inapplicable ; Inapplicable ; Inapplicable ; Inapplicable ; Pass      ; Inapplicable ; Inapplicable ; Pass      ; Pass      ; Inapplicable ; Pass         ; Inapplicable ; Inapplicable ; Inapplicable ; Inapplicable ; Pass         ; Inapplicable ; Inapplicable ; Inapplicable ; Inapplicable ; Pass         ; Inapplicable ; Inapplicable ; Inapplicable ; Inapplicable ; Inapplicable ; Pass      ; Inapplicable ; Inapplicable ;
; reg_text_out[100]       ; Inapplicable ; Inapplicable ; Inapplicable ; Inapplicable ; Inapplicable ; Pass      ; Inapplicable ; Inapplicable ; Pass      ; Pass      ; Inapplicable ; Pass         ; Inapplicable ; Inapplicable ; Inapplicable ; Inapplicable ; Pass         ; Inapplicable ; Inapplicable ; Inapplicable ; Inapplicable ; Pass         ; Inapplicable ; Inapplicable ; Inapplicable ; Inapplicable ; Inapplicable ; Pass      ; Inapplicable ; Inapplicable ;
; reg_text_out[101]       ; Inapplicable ; Inapplicable ; Inapplicable ; Inapplicable ; Inapplicable ; Pass      ; Inapplicable ; Inapplicable ; Pass      ; Pass      ; Inapplicable ; Pass         ; Inapplicable ; Inapplicable ; Inapplicable ; Inapplicable ; Pass         ; Inapplicable ; Inapplicable ; Inapplicable ; Inapplicable ; Pass         ; Inapplicable ; Inapplicable ; Inapplicable ; Inapplicable ; Inapplicable ; Pass      ; Inapplicable ; Inapplicable ;
; reg_text_out[102]       ; Inapplicable ; Inapplicable ; Inapplicable ; Inapplicable ; Inapplicable ; Pass      ; Inapplicable ; Inapplicable ; Pass      ; Pass      ; Inapplicable ; Pass         ; Inapplicable ; Inapplicable ; Inapplicable ; Inapplicable ; Pass         ; Inapplicable ; Inapplicable ; Inapplicable ; Inapplicable ; Pass         ; Inapplicable ; Inapplicable ; Inapplicable ; Inapplicable ; Inapplicable ; Pass      ; Inapplicable ; Inapplicable ;
; reg_text_out[103]       ; Inapplicable ; Inapplicable ; Inapplicable ; Inapplicable ; Inapplicable ; Pass      ; Inapplicable ; Inapplicable ; Pass      ; Pass      ; Inapplicable ; Pass         ; Inapplicable ; Inapplicable ; Inapplicable ; Inapplicable ; Pass         ; Inapplicable ; Inapplicable ; Inapplicable ; Inapplicable ; Pass         ; Inapplicable ; Inapplicable ; Inapplicable ; Inapplicable ; Inapplicable ; Pass      ; Inapplicable ; Inapplicable ;
; reg_text_out[104]       ; Inapplicable ; Inapplicable ; Inapplicable ; Inapplicable ; Inapplicable ; Pass      ; Inapplicable ; Inapplicable ; Pass      ; Pass      ; Inapplicable ; Pass         ; Inapplicable ; Inapplicable ; Inapplicable ; Inapplicable ; Pass         ; Inapplicable ; Inapplicable ; Inapplicable ; Inapplicable ; Pass         ; Inapplicable ; Inapplicable ; Inapplicable ; Inapplicable ; Inapplicable ; Pass      ; Inapplicable ; Inapplicable ;
; reg_text_out[105]       ; Inapplicable ; Inapplicable ; Inapplicable ; Inapplicable ; Inapplicable ; Pass      ; Inapplicable ; Inapplicable ; Pass      ; Pass      ; Inapplicable ; Pass         ; Inapplicable ; Inapplicable ; Inapplicable ; Inapplicable ; Pass         ; Inapplicable ; Inapplicable ; Inapplicable ; Inapplicable ; Pass         ; Inapplicable ; Inapplicable ; Inapplicable ; Inapplicable ; Inapplicable ; Pass      ; Inapplicable ; Inapplicable ;
; reg_text_out[106]       ; Inapplicable ; Inapplicable ; Inapplicable ; Inapplicable ; Inapplicable ; Pass      ; Inapplicable ; Inapplicable ; Pass      ; Pass      ; Inapplicable ; Pass         ; Inapplicable ; Inapplicable ; Inapplicable ; Inapplicable ; Pass         ; Inapplicable ; Inapplicable ; Inapplicable ; Inapplicable ; Pass         ; Inapplicable ; Inapplicable ; Inapplicable ; Inapplicable ; Inapplicable ; Pass      ; Inapplicable ; Inapplicable ;
; reg_text_out[107]       ; Inapplicable ; Inapplicable ; Inapplicable ; Inapplicable ; Inapplicable ; Pass      ; Inapplicable ; Inapplicable ; Pass      ; Pass      ; Inapplicable ; Pass         ; Inapplicable ; Inapplicable ; Inapplicable ; Inapplicable ; Pass         ; Inapplicable ; Inapplicable ; Inapplicable ; Inapplicable ; Pass         ; Inapplicable ; Inapplicable ; Inapplicable ; Inapplicable ; Inapplicable ; Pass      ; Inapplicable ; Inapplicable ;
; reg_text_out[108]       ; Inapplicable ; Inapplicable ; Inapplicable ; Inapplicable ; Inapplicable ; Pass      ; Inapplicable ; Inapplicable ; Pass      ; Pass      ; Inapplicable ; Pass         ; Inapplicable ; Inapplicable ; Inapplicable ; Inapplicable ; Pass         ; Inapplicable ; Inapplicable ; Inapplicable ; Inapplicable ; Pass         ; Inapplicable ; Inapplicable ; Inapplicable ; Inapplicable ; Inapplicable ; Pass      ; Inapplicable ; Inapplicable ;
; reg_text_out[109]       ; Inapplicable ; Inapplicable ; Inapplicable ; Inapplicable ; Inapplicable ; Pass      ; Inapplicable ; Inapplicable ; Pass      ; Pass      ; Inapplicable ; Pass         ; Inapplicable ; Inapplicable ; Inapplicable ; Inapplicable ; Pass         ; Inapplicable ; Inapplicable ; Inapplicable ; Inapplicable ; Pass         ; Inapplicable ; Inapplicable ; Inapplicable ; Inapplicable ; Inapplicable ; Pass      ; Inapplicable ; Inapplicable ;
; reg_text_out[110]       ; Inapplicable ; Inapplicable ; Inapplicable ; Inapplicable ; Inapplicable ; Pass      ; Inapplicable ; Inapplicable ; Pass      ; Pass      ; Inapplicable ; Pass         ; Inapplicable ; Inapplicable ; Inapplicable ; Inapplicable ; Pass         ; Inapplicable ; Inapplicable ; Inapplicable ; Inapplicable ; Pass         ; Inapplicable ; Inapplicable ; Inapplicable ; Inapplicable ; Inapplicable ; Pass      ; Inapplicable ; Inapplicable ;
; reg_text_out[111]       ; Inapplicable ; Inapplicable ; Inapplicable ; Inapplicable ; Inapplicable ; Pass      ; Inapplicable ; Inapplicable ; Pass      ; Pass      ; Inapplicable ; Pass         ; Inapplicable ; Inapplicable ; Inapplicable ; Inapplicable ; Pass         ; Inapplicable ; Inapplicable ; Inapplicable ; Inapplicable ; Pass         ; Inapplicable ; Inapplicable ; Inapplicable ; Inapplicable ; Inapplicable ; Pass      ; Inapplicable ; Inapplicable ;
; reg_text_out[112]       ; Inapplicable ; Inapplicable ; Inapplicable ; Inapplicable ; Inapplicable ; Pass      ; Inapplicable ; Inapplicable ; Pass      ; Pass      ; Inapplicable ; Pass         ; Inapplicable ; Inapplicable ; Inapplicable ; Inapplicable ; Pass         ; Inapplicable ; Inapplicable ; Inapplicable ; Inapplicable ; Pass         ; Inapplicable ; Inapplicable ; Inapplicable ; Inapplicable ; Inapplicable ; Pass      ; Inapplicable ; Inapplicable ;
; reg_text_out[113]       ; Inapplicable ; Inapplicable ; Inapplicable ; Inapplicable ; Inapplicable ; Pass      ; Inapplicable ; Inapplicable ; Pass      ; Pass      ; Inapplicable ; Pass         ; Inapplicable ; Inapplicable ; Inapplicable ; Inapplicable ; Pass         ; Inapplicable ; Inapplicable ; Inapplicable ; Inapplicable ; Pass         ; Inapplicable ; Inapplicable ; Inapplicable ; Inapplicable ; Inapplicable ; Pass      ; Inapplicable ; Inapplicable ;
; reg_text_out[114]       ; Inapplicable ; Inapplicable ; Inapplicable ; Inapplicable ; Inapplicable ; Pass      ; Inapplicable ; Inapplicable ; Pass      ; Pass      ; Inapplicable ; Pass         ; Inapplicable ; Inapplicable ; Inapplicable ; Inapplicable ; Pass         ; Inapplicable ; Inapplicable ; Inapplicable ; Inapplicable ; Pass         ; Inapplicable ; Inapplicable ; Inapplicable ; Inapplicable ; Inapplicable ; Pass      ; Inapplicable ; Inapplicable ;
; reg_text_out[115]       ; Inapplicable ; Inapplicable ; Inapplicable ; Inapplicable ; Inapplicable ; Pass      ; Inapplicable ; Inapplicable ; Pass      ; Pass      ; Inapplicable ; Pass         ; Inapplicable ; Inapplicable ; Inapplicable ; Inapplicable ; Pass         ; Inapplicable ; Inapplicable ; Inapplicable ; Inapplicable ; Pass         ; Inapplicable ; Inapplicable ; Inapplicable ; Inapplicable ; Inapplicable ; Pass      ; Inapplicable ; Inapplicable ;
; reg_text_out[116]       ; Inapplicable ; Inapplicable ; Inapplicable ; Inapplicable ; Inapplicable ; Pass      ; Inapplicable ; Inapplicable ; Pass      ; Pass      ; Inapplicable ; Pass         ; Inapplicable ; Inapplicable ; Inapplicable ; Inapplicable ; Pass         ; Inapplicable ; Inapplicable ; Inapplicable ; Inapplicable ; Pass         ; Inapplicable ; Inapplicable ; Inapplicable ; Inapplicable ; Inapplicable ; Pass      ; Inapplicable ; Inapplicable ;
; reg_text_out[117]       ; Inapplicable ; Inapplicable ; Inapplicable ; Inapplicable ; Inapplicable ; Pass      ; Inapplicable ; Inapplicable ; Pass      ; Pass      ; Inapplicable ; Pass         ; Inapplicable ; Inapplicable ; Inapplicable ; Inapplicable ; Pass         ; Inapplicable ; Inapplicable ; Inapplicable ; Inapplicable ; Pass         ; Inapplicable ; Inapplicable ; Inapplicable ; Inapplicable ; Inapplicable ; Pass      ; Inapplicable ; Inapplicable ;
; reg_text_out[118]       ; Inapplicable ; Inapplicable ; Inapplicable ; Inapplicable ; Inapplicable ; Pass      ; Inapplicable ; Inapplicable ; Pass      ; Pass      ; Inapplicable ; Pass         ; Inapplicable ; Inapplicable ; Inapplicable ; Inapplicable ; Pass         ; Inapplicable ; Inapplicable ; Inapplicable ; Inapplicable ; Pass         ; Inapplicable ; Inapplicable ; Inapplicable ; Inapplicable ; Inapplicable ; Pass      ; Inapplicable ; Inapplicable ;
; reg_text_out[119]       ; Inapplicable ; Inapplicable ; Inapplicable ; Inapplicable ; Inapplicable ; Pass      ; Inapplicable ; Inapplicable ; Pass      ; Pass      ; Inapplicable ; Pass         ; Inapplicable ; Inapplicable ; Inapplicable ; Inapplicable ; Pass         ; Inapplicable ; Inapplicable ; Inapplicable ; Inapplicable ; Pass         ; Inapplicable ; Inapplicable ; Inapplicable ; Inapplicable ; Inapplicable ; Pass      ; Inapplicable ; Inapplicable ;
; reg_text_out[120]       ; Inapplicable ; Inapplicable ; Inapplicable ; Inapplicable ; Inapplicable ; Pass      ; Inapplicable ; Inapplicable ; Pass      ; Pass      ; Inapplicable ; Pass         ; Inapplicable ; Inapplicable ; Inapplicable ; Inapplicable ; Pass         ; Inapplicable ; Inapplicable ; Inapplicable ; Inapplicable ; Pass         ; Inapplicable ; Inapplicable ; Inapplicable ; Inapplicable ; Inapplicable ; Pass      ; Inapplicable ; Inapplicable ;
; reg_text_out[121]       ; Inapplicable ; Inapplicable ; Inapplicable ; Inapplicable ; Inapplicable ; Pass      ; Inapplicable ; Inapplicable ; Pass      ; Pass      ; Inapplicable ; Pass         ; Inapplicable ; Inapplicable ; Inapplicable ; Inapplicable ; Pass         ; Inapplicable ; Inapplicable ; Inapplicable ; Inapplicable ; Pass         ; Inapplicable ; Inapplicable ; Inapplicable ; Inapplicable ; Inapplicable ; Pass      ; Inapplicable ; Inapplicable ;
; reg_text_out[122]       ; Inapplicable ; Inapplicable ; Inapplicable ; Inapplicable ; Inapplicable ; Pass      ; Inapplicable ; Inapplicable ; Pass      ; Pass      ; Inapplicable ; Pass         ; Inapplicable ; Inapplicable ; Inapplicable ; Inapplicable ; Pass         ; Inapplicable ; Inapplicable ; Inapplicable ; Inapplicable ; Pass         ; Inapplicable ; Inapplicable ; Inapplicable ; Inapplicable ; Inapplicable ; Pass      ; Inapplicable ; Inapplicable ;
; reg_text_out[123]       ; Inapplicable ; Inapplicable ; Inapplicable ; Inapplicable ; Inapplicable ; Pass      ; Inapplicable ; Inapplicable ; Pass      ; Pass      ; Inapplicable ; Pass         ; Inapplicable ; Inapplicable ; Inapplicable ; Inapplicable ; Pass         ; Inapplicable ; Inapplicable ; Inapplicable ; Inapplicable ; Pass         ; Inapplicable ; Inapplicable ; Inapplicable ; Inapplicable ; Inapplicable ; Pass      ; Inapplicable ; Inapplicable ;
; reg_text_out[124]       ; Inapplicable ; Inapplicable ; Inapplicable ; Inapplicable ; Inapplicable ; Pass      ; Inapplicable ; Inapplicable ; Pass      ; Pass      ; Inapplicable ; Pass         ; Inapplicable ; Inapplicable ; Inapplicable ; Inapplicable ; Pass         ; Inapplicable ; Inapplicable ; Inapplicable ; Inapplicable ; Pass         ; Inapplicable ; Inapplicable ; Inapplicable ; Inapplicable ; Inapplicable ; Pass      ; Inapplicable ; Inapplicable ;
; reg_text_out[125]       ; Inapplicable ; Inapplicable ; Inapplicable ; Inapplicable ; Inapplicable ; Pass      ; Inapplicable ; Inapplicable ; Pass      ; Pass      ; Inapplicable ; Pass         ; Inapplicable ; Inapplicable ; Inapplicable ; Inapplicable ; Pass         ; Inapplicable ; Inapplicable ; Inapplicable ; Inapplicable ; Pass         ; Inapplicable ; Inapplicable ; Inapplicable ; Inapplicable ; Inapplicable ; Pass      ; Inapplicable ; Inapplicable ;
; reg_text_out[126]       ; Inapplicable ; Inapplicable ; Inapplicable ; Inapplicable ; Inapplicable ; Pass      ; Inapplicable ; Inapplicable ; Pass      ; Pass      ; Inapplicable ; Pass         ; Inapplicable ; Inapplicable ; Inapplicable ; Inapplicable ; Pass         ; Inapplicable ; Inapplicable ; Inapplicable ; Inapplicable ; Pass         ; Inapplicable ; Inapplicable ; Inapplicable ; Inapplicable ; Inapplicable ; Pass      ; Inapplicable ; Inapplicable ;
; reg_text_out[127]       ; Inapplicable ; Inapplicable ; Inapplicable ; Inapplicable ; Inapplicable ; Pass      ; Inapplicable ; Inapplicable ; Pass      ; Pass      ; Inapplicable ; Pass         ; Inapplicable ; Inapplicable ; Inapplicable ; Inapplicable ; Pass         ; Inapplicable ; Inapplicable ; Inapplicable ; Inapplicable ; Pass         ; Inapplicable ; Inapplicable ; Inapplicable ; Inapplicable ; Inapplicable ; Pass      ; Inapplicable ; Inapplicable ;
; pre_mixed_text_out[0]   ; Inapplicable ; Inapplicable ; Inapplicable ; Inapplicable ; Inapplicable ; Pass      ; Inapplicable ; Inapplicable ; Pass      ; Pass      ; Inapplicable ; Pass         ; Inapplicable ; Inapplicable ; Inapplicable ; Inapplicable ; Pass         ; Inapplicable ; Inapplicable ; Inapplicable ; Inapplicable ; Pass         ; Inapplicable ; Inapplicable ; Inapplicable ; Inapplicable ; Inapplicable ; Pass      ; Inapplicable ; Inapplicable ;
; pre_mixed_text_out[1]   ; Inapplicable ; Inapplicable ; Inapplicable ; Inapplicable ; Inapplicable ; Pass      ; Inapplicable ; Inapplicable ; Pass      ; Pass      ; Inapplicable ; Pass         ; Inapplicable ; Inapplicable ; Inapplicable ; Inapplicable ; Pass         ; Inapplicable ; Inapplicable ; Inapplicable ; Inapplicable ; Pass         ; Inapplicable ; Inapplicable ; Inapplicable ; Inapplicable ; Inapplicable ; Pass      ; Inapplicable ; Inapplicable ;
; pre_mixed_text_out[2]   ; Inapplicable ; Inapplicable ; Inapplicable ; Inapplicable ; Inapplicable ; Pass      ; Inapplicable ; Inapplicable ; Pass      ; Pass      ; Inapplicable ; Pass         ; Inapplicable ; Inapplicable ; Inapplicable ; Inapplicable ; Pass         ; Inapplicable ; Inapplicable ; Inapplicable ; Inapplicable ; Pass         ; Inapplicable ; Inapplicable ; Inapplicable ; Inapplicable ; Inapplicable ; Pass      ; Inapplicable ; Inapplicable ;
; pre_mixed_text_out[3]   ; Inapplicable ; Inapplicable ; Inapplicable ; Inapplicable ; Inapplicable ; Pass      ; Inapplicable ; Inapplicable ; Pass      ; Pass      ; Inapplicable ; Pass         ; Inapplicable ; Inapplicable ; Inapplicable ; Inapplicable ; Pass         ; Inapplicable ; Inapplicable ; Inapplicable ; Inapplicable ; Pass         ; Inapplicable ; Inapplicable ; Inapplicable ; Inapplicable ; Inapplicable ; Pass      ; Inapplicable ; Inapplicable ;
; pre_mixed_text_out[4]   ; Inapplicable ; Inapplicable ; Inapplicable ; Inapplicable ; Inapplicable ; Pass      ; Inapplicable ; Inapplicable ; Pass      ; Pass      ; Inapplicable ; Pass         ; Inapplicable ; Inapplicable ; Inapplicable ; Inapplicable ; Pass         ; Inapplicable ; Inapplicable ; Inapplicable ; Inapplicable ; Pass         ; Inapplicable ; Inapplicable ; Inapplicable ; Inapplicable ; Inapplicable ; Pass      ; Inapplicable ; Inapplicable ;
; pre_mixed_text_out[5]   ; Inapplicable ; Inapplicable ; Inapplicable ; Inapplicable ; Inapplicable ; Pass      ; Inapplicable ; Inapplicable ; Pass      ; Pass      ; Inapplicable ; Pass         ; Inapplicable ; Inapplicable ; Inapplicable ; Inapplicable ; Pass         ; Inapplicable ; Inapplicable ; Inapplicable ; Inapplicable ; Pass         ; Inapplicable ; Inapplicable ; Inapplicable ; Inapplicable ; Inapplicable ; Pass      ; Inapplicable ; Inapplicable ;
; pre_mixed_text_out[6]   ; Inapplicable ; Inapplicable ; Inapplicable ; Inapplicable ; Inapplicable ; Pass      ; Inapplicable ; Inapplicable ; Pass      ; Pass      ; Inapplicable ; Pass         ; Inapplicable ; Inapplicable ; Inapplicable ; Inapplicable ; Pass         ; Inapplicable ; Inapplicable ; Inapplicable ; Inapplicable ; Pass         ; Inapplicable ; Inapplicable ; Inapplicable ; Inapplicable ; Inapplicable ; Pass      ; Inapplicable ; Inapplicable ;
; pre_mixed_text_out[7]   ; Inapplicable ; Inapplicable ; Inapplicable ; Inapplicable ; Inapplicable ; Pass      ; Inapplicable ; Inapplicable ; Pass      ; Pass      ; Inapplicable ; Pass         ; Inapplicable ; Inapplicable ; Inapplicable ; Inapplicable ; Pass         ; Inapplicable ; Inapplicable ; Inapplicable ; Inapplicable ; Pass         ; Inapplicable ; Inapplicable ; Inapplicable ; Inapplicable ; Inapplicable ; Pass      ; Inapplicable ; Inapplicable ;
; pre_mixed_text_out[8]   ; Inapplicable ; Inapplicable ; Inapplicable ; Inapplicable ; Inapplicable ; Pass      ; Inapplicable ; Inapplicable ; Pass      ; Pass      ; Inapplicable ; Pass         ; Inapplicable ; Inapplicable ; Inapplicable ; Inapplicable ; Pass         ; Inapplicable ; Inapplicable ; Inapplicable ; Inapplicable ; Pass         ; Inapplicable ; Inapplicable ; Inapplicable ; Inapplicable ; Inapplicable ; Pass      ; Inapplicable ; Inapplicable ;
; pre_mixed_text_out[9]   ; Inapplicable ; Inapplicable ; Inapplicable ; Inapplicable ; Inapplicable ; Pass      ; Inapplicable ; Inapplicable ; Pass      ; Pass      ; Inapplicable ; Pass         ; Inapplicable ; Inapplicable ; Inapplicable ; Inapplicable ; Pass         ; Inapplicable ; Inapplicable ; Inapplicable ; Inapplicable ; Pass         ; Inapplicable ; Inapplicable ; Inapplicable ; Inapplicable ; Inapplicable ; Pass      ; Inapplicable ; Inapplicable ;
; pre_mixed_text_out[10]  ; Inapplicable ; Inapplicable ; Inapplicable ; Inapplicable ; Inapplicable ; Pass      ; Inapplicable ; Inapplicable ; Pass      ; Pass      ; Inapplicable ; Pass         ; Inapplicable ; Inapplicable ; Inapplicable ; Inapplicable ; Pass         ; Inapplicable ; Inapplicable ; Inapplicable ; Inapplicable ; Pass         ; Inapplicable ; Inapplicable ; Inapplicable ; Inapplicable ; Inapplicable ; Pass      ; Inapplicable ; Inapplicable ;
; pre_mixed_text_out[11]  ; Inapplicable ; Inapplicable ; Inapplicable ; Inapplicable ; Inapplicable ; Pass      ; Inapplicable ; Inapplicable ; Pass      ; Pass      ; Inapplicable ; Pass         ; Inapplicable ; Inapplicable ; Inapplicable ; Inapplicable ; Pass         ; Inapplicable ; Inapplicable ; Inapplicable ; Inapplicable ; Pass         ; Inapplicable ; Inapplicable ; Inapplicable ; Inapplicable ; Inapplicable ; Pass      ; Inapplicable ; Inapplicable ;
; pre_mixed_text_out[12]  ; Inapplicable ; Inapplicable ; Inapplicable ; Inapplicable ; Inapplicable ; Pass      ; Inapplicable ; Inapplicable ; Pass      ; Pass      ; Inapplicable ; Pass         ; Inapplicable ; Inapplicable ; Inapplicable ; Inapplicable ; Pass         ; Inapplicable ; Inapplicable ; Inapplicable ; Inapplicable ; Pass         ; Inapplicable ; Inapplicable ; Inapplicable ; Inapplicable ; Inapplicable ; Pass      ; Inapplicable ; Inapplicable ;
; pre_mixed_text_out[13]  ; Inapplicable ; Inapplicable ; Inapplicable ; Inapplicable ; Inapplicable ; Pass      ; Inapplicable ; Inapplicable ; Pass      ; Pass      ; Inapplicable ; Pass         ; Inapplicable ; Inapplicable ; Inapplicable ; Inapplicable ; Pass         ; Inapplicable ; Inapplicable ; Inapplicable ; Inapplicable ; Pass         ; Inapplicable ; Inapplicable ; Inapplicable ; Inapplicable ; Inapplicable ; Pass      ; Inapplicable ; Inapplicable ;
; pre_mixed_text_out[14]  ; Inapplicable ; Inapplicable ; Inapplicable ; Inapplicable ; Inapplicable ; Pass      ; Inapplicable ; Inapplicable ; Pass      ; Pass      ; Inapplicable ; Pass         ; Inapplicable ; Inapplicable ; Inapplicable ; Inapplicable ; Pass         ; Inapplicable ; Inapplicable ; Inapplicable ; Inapplicable ; Pass         ; Inapplicable ; Inapplicable ; Inapplicable ; Inapplicable ; Inapplicable ; Pass      ; Inapplicable ; Inapplicable ;
; pre_mixed_text_out[15]  ; Inapplicable ; Inapplicable ; Inapplicable ; Inapplicable ; Inapplicable ; Pass      ; Inapplicable ; Inapplicable ; Pass      ; Pass      ; Inapplicable ; Pass         ; Inapplicable ; Inapplicable ; Inapplicable ; Inapplicable ; Pass         ; Inapplicable ; Inapplicable ; Inapplicable ; Inapplicable ; Pass         ; Inapplicable ; Inapplicable ; Inapplicable ; Inapplicable ; Inapplicable ; Pass      ; Inapplicable ; Inapplicable ;
; pre_mixed_text_out[16]  ; Inapplicable ; Inapplicable ; Inapplicable ; Inapplicable ; Inapplicable ; Pass      ; Inapplicable ; Inapplicable ; Pass      ; Pass      ; Inapplicable ; Pass         ; Inapplicable ; Inapplicable ; Inapplicable ; Inapplicable ; Pass         ; Inapplicable ; Inapplicable ; Inapplicable ; Inapplicable ; Pass         ; Inapplicable ; Inapplicable ; Inapplicable ; Inapplicable ; Inapplicable ; Pass      ; Inapplicable ; Inapplicable ;
; pre_mixed_text_out[17]  ; Inapplicable ; Inapplicable ; Inapplicable ; Inapplicable ; Inapplicable ; Pass      ; Inapplicable ; Inapplicable ; Pass      ; Pass      ; Inapplicable ; Pass         ; Inapplicable ; Inapplicable ; Inapplicable ; Inapplicable ; Pass         ; Inapplicable ; Inapplicable ; Inapplicable ; Inapplicable ; Pass         ; Inapplicable ; Inapplicable ; Inapplicable ; Inapplicable ; Inapplicable ; Pass      ; Inapplicable ; Inapplicable ;
; pre_mixed_text_out[18]  ; Inapplicable ; Inapplicable ; Inapplicable ; Inapplicable ; Inapplicable ; Pass      ; Inapplicable ; Inapplicable ; Pass      ; Pass      ; Inapplicable ; Pass         ; Inapplicable ; Inapplicable ; Inapplicable ; Inapplicable ; Pass         ; Inapplicable ; Inapplicable ; Inapplicable ; Inapplicable ; Pass         ; Inapplicable ; Inapplicable ; Inapplicable ; Inapplicable ; Inapplicable ; Pass      ; Inapplicable ; Inapplicable ;
; pre_mixed_text_out[19]  ; Inapplicable ; Inapplicable ; Inapplicable ; Inapplicable ; Inapplicable ; Pass      ; Inapplicable ; Inapplicable ; Pass      ; Pass      ; Inapplicable ; Pass         ; Inapplicable ; Inapplicable ; Inapplicable ; Inapplicable ; Pass         ; Inapplicable ; Inapplicable ; Inapplicable ; Inapplicable ; Pass         ; Inapplicable ; Inapplicable ; Inapplicable ; Inapplicable ; Inapplicable ; Pass      ; Inapplicable ; Inapplicable ;
; pre_mixed_text_out[20]  ; Inapplicable ; Inapplicable ; Inapplicable ; Inapplicable ; Inapplicable ; Pass      ; Inapplicable ; Inapplicable ; Pass      ; Pass      ; Inapplicable ; Pass         ; Inapplicable ; Inapplicable ; Inapplicable ; Inapplicable ; Pass         ; Inapplicable ; Inapplicable ; Inapplicable ; Inapplicable ; Pass         ; Inapplicable ; Inapplicable ; Inapplicable ; Inapplicable ; Inapplicable ; Pass      ; Inapplicable ; Inapplicable ;
; pre_mixed_text_out[21]  ; Inapplicable ; Inapplicable ; Inapplicable ; Inapplicable ; Inapplicable ; Pass      ; Inapplicable ; Inapplicable ; Pass      ; Pass      ; Inapplicable ; Pass         ; Inapplicable ; Inapplicable ; Inapplicable ; Inapplicable ; Pass         ; Inapplicable ; Inapplicable ; Inapplicable ; Inapplicable ; Pass         ; Inapplicable ; Inapplicable ; Inapplicable ; Inapplicable ; Inapplicable ; Pass      ; Inapplicable ; Inapplicable ;
; pre_mixed_text_out[22]  ; Inapplicable ; Inapplicable ; Inapplicable ; Inapplicable ; Inapplicable ; Pass      ; Inapplicable ; Inapplicable ; Pass      ; Pass      ; Inapplicable ; Pass         ; Inapplicable ; Inapplicable ; Inapplicable ; Inapplicable ; Pass         ; Inapplicable ; Inapplicable ; Inapplicable ; Inapplicable ; Pass         ; Inapplicable ; Inapplicable ; Inapplicable ; Inapplicable ; Inapplicable ; Pass      ; Inapplicable ; Inapplicable ;
; pre_mixed_text_out[23]  ; Inapplicable ; Inapplicable ; Inapplicable ; Inapplicable ; Inapplicable ; Pass      ; Inapplicable ; Inapplicable ; Pass      ; Pass      ; Inapplicable ; Pass         ; Inapplicable ; Inapplicable ; Inapplicable ; Inapplicable ; Pass         ; Inapplicable ; Inapplicable ; Inapplicable ; Inapplicable ; Pass         ; Inapplicable ; Inapplicable ; Inapplicable ; Inapplicable ; Inapplicable ; Pass      ; Inapplicable ; Inapplicable ;
; pre_mixed_text_out[24]  ; Inapplicable ; Inapplicable ; Inapplicable ; Inapplicable ; Inapplicable ; Pass      ; Inapplicable ; Inapplicable ; Pass      ; Pass      ; Inapplicable ; Pass         ; Inapplicable ; Inapplicable ; Inapplicable ; Inapplicable ; Pass         ; Inapplicable ; Inapplicable ; Inapplicable ; Inapplicable ; Pass         ; Inapplicable ; Inapplicable ; Inapplicable ; Inapplicable ; Inapplicable ; Pass      ; Inapplicable ; Inapplicable ;
; pre_mixed_text_out[25]  ; Inapplicable ; Inapplicable ; Inapplicable ; Inapplicable ; Inapplicable ; Pass      ; Inapplicable ; Inapplicable ; Pass      ; Pass      ; Inapplicable ; Pass         ; Inapplicable ; Inapplicable ; Inapplicable ; Inapplicable ; Pass         ; Inapplicable ; Inapplicable ; Inapplicable ; Inapplicable ; Pass         ; Inapplicable ; Inapplicable ; Inapplicable ; Inapplicable ; Inapplicable ; Pass      ; Inapplicable ; Inapplicable ;
; pre_mixed_text_out[26]  ; Inapplicable ; Inapplicable ; Inapplicable ; Inapplicable ; Inapplicable ; Pass      ; Inapplicable ; Inapplicable ; Pass      ; Pass      ; Inapplicable ; Pass         ; Inapplicable ; Inapplicable ; Inapplicable ; Inapplicable ; Pass         ; Inapplicable ; Inapplicable ; Inapplicable ; Inapplicable ; Pass         ; Inapplicable ; Inapplicable ; Inapplicable ; Inapplicable ; Inapplicable ; Pass      ; Inapplicable ; Inapplicable ;
; pre_mixed_text_out[27]  ; Inapplicable ; Inapplicable ; Inapplicable ; Inapplicable ; Inapplicable ; Pass      ; Inapplicable ; Inapplicable ; Pass      ; Pass      ; Inapplicable ; Pass         ; Inapplicable ; Inapplicable ; Inapplicable ; Inapplicable ; Pass         ; Inapplicable ; Inapplicable ; Inapplicable ; Inapplicable ; Pass         ; Inapplicable ; Inapplicable ; Inapplicable ; Inapplicable ; Inapplicable ; Pass      ; Inapplicable ; Inapplicable ;
; pre_mixed_text_out[28]  ; Inapplicable ; Inapplicable ; Inapplicable ; Inapplicable ; Inapplicable ; Pass      ; Inapplicable ; Inapplicable ; Pass      ; Pass      ; Inapplicable ; Pass         ; Inapplicable ; Inapplicable ; Inapplicable ; Inapplicable ; Pass         ; Inapplicable ; Inapplicable ; Inapplicable ; Inapplicable ; Pass         ; Inapplicable ; Inapplicable ; Inapplicable ; Inapplicable ; Inapplicable ; Pass      ; Inapplicable ; Inapplicable ;
; pre_mixed_text_out[29]  ; Inapplicable ; Inapplicable ; Inapplicable ; Inapplicable ; Inapplicable ; Pass      ; Inapplicable ; Inapplicable ; Pass      ; Pass      ; Inapplicable ; Pass         ; Inapplicable ; Inapplicable ; Inapplicable ; Inapplicable ; Pass         ; Inapplicable ; Inapplicable ; Inapplicable ; Inapplicable ; Pass         ; Inapplicable ; Inapplicable ; Inapplicable ; Inapplicable ; Inapplicable ; Pass      ; Inapplicable ; Inapplicable ;
; pre_mixed_text_out[30]  ; Inapplicable ; Inapplicable ; Inapplicable ; Inapplicable ; Inapplicable ; Pass      ; Inapplicable ; Inapplicable ; Pass      ; Pass      ; Inapplicable ; Pass         ; Inapplicable ; Inapplicable ; Inapplicable ; Inapplicable ; Pass         ; Inapplicable ; Inapplicable ; Inapplicable ; Inapplicable ; Pass         ; Inapplicable ; Inapplicable ; Inapplicable ; Inapplicable ; Inapplicable ; Pass      ; Inapplicable ; Inapplicable ;
; pre_mixed_text_out[31]  ; Inapplicable ; Inapplicable ; Inapplicable ; Inapplicable ; Inapplicable ; Pass      ; Inapplicable ; Inapplicable ; Pass      ; Pass      ; Inapplicable ; Pass         ; Inapplicable ; Inapplicable ; Inapplicable ; Inapplicable ; Pass         ; Inapplicable ; Inapplicable ; Inapplicable ; Inapplicable ; Pass         ; Inapplicable ; Inapplicable ; Inapplicable ; Inapplicable ; Inapplicable ; Pass      ; Inapplicable ; Inapplicable ;
; pre_mixed_text_out[32]  ; Inapplicable ; Inapplicable ; Inapplicable ; Inapplicable ; Inapplicable ; Pass      ; Inapplicable ; Inapplicable ; Pass      ; Pass      ; Inapplicable ; Pass         ; Inapplicable ; Inapplicable ; Inapplicable ; Inapplicable ; Pass         ; Inapplicable ; Inapplicable ; Inapplicable ; Inapplicable ; Pass         ; Inapplicable ; Inapplicable ; Inapplicable ; Inapplicable ; Inapplicable ; Pass      ; Inapplicable ; Inapplicable ;
; pre_mixed_text_out[33]  ; Inapplicable ; Inapplicable ; Inapplicable ; Inapplicable ; Inapplicable ; Pass      ; Inapplicable ; Inapplicable ; Pass      ; Pass      ; Inapplicable ; Pass         ; Inapplicable ; Inapplicable ; Inapplicable ; Inapplicable ; Pass         ; Inapplicable ; Inapplicable ; Inapplicable ; Inapplicable ; Pass         ; Inapplicable ; Inapplicable ; Inapplicable ; Inapplicable ; Inapplicable ; Pass      ; Inapplicable ; Inapplicable ;
; pre_mixed_text_out[34]  ; Inapplicable ; Inapplicable ; Inapplicable ; Inapplicable ; Inapplicable ; Pass      ; Inapplicable ; Inapplicable ; Pass      ; Pass      ; Inapplicable ; Pass         ; Inapplicable ; Inapplicable ; Inapplicable ; Inapplicable ; Pass         ; Inapplicable ; Inapplicable ; Inapplicable ; Inapplicable ; Pass         ; Inapplicable ; Inapplicable ; Inapplicable ; Inapplicable ; Inapplicable ; Pass      ; Inapplicable ; Inapplicable ;
; pre_mixed_text_out[35]  ; Inapplicable ; Inapplicable ; Inapplicable ; Inapplicable ; Inapplicable ; Pass      ; Inapplicable ; Inapplicable ; Pass      ; Pass      ; Inapplicable ; Pass         ; Inapplicable ; Inapplicable ; Inapplicable ; Inapplicable ; Pass         ; Inapplicable ; Inapplicable ; Inapplicable ; Inapplicable ; Pass         ; Inapplicable ; Inapplicable ; Inapplicable ; Inapplicable ; Inapplicable ; Pass      ; Inapplicable ; Inapplicable ;
; pre_mixed_text_out[36]  ; Inapplicable ; Inapplicable ; Inapplicable ; Inapplicable ; Inapplicable ; Pass      ; Inapplicable ; Inapplicable ; Pass      ; Pass      ; Inapplicable ; Pass         ; Inapplicable ; Inapplicable ; Inapplicable ; Inapplicable ; Pass         ; Inapplicable ; Inapplicable ; Inapplicable ; Inapplicable ; Pass         ; Inapplicable ; Inapplicable ; Inapplicable ; Inapplicable ; Inapplicable ; Pass      ; Inapplicable ; Inapplicable ;
; pre_mixed_text_out[37]  ; Inapplicable ; Inapplicable ; Inapplicable ; Inapplicable ; Inapplicable ; Pass      ; Inapplicable ; Inapplicable ; Pass      ; Pass      ; Inapplicable ; Pass         ; Inapplicable ; Inapplicable ; Inapplicable ; Inapplicable ; Pass         ; Inapplicable ; Inapplicable ; Inapplicable ; Inapplicable ; Pass         ; Inapplicable ; Inapplicable ; Inapplicable ; Inapplicable ; Inapplicable ; Pass      ; Inapplicable ; Inapplicable ;
; pre_mixed_text_out[38]  ; Inapplicable ; Inapplicable ; Inapplicable ; Inapplicable ; Inapplicable ; Pass      ; Inapplicable ; Inapplicable ; Pass      ; Pass      ; Inapplicable ; Pass         ; Inapplicable ; Inapplicable ; Inapplicable ; Inapplicable ; Pass         ; Inapplicable ; Inapplicable ; Inapplicable ; Inapplicable ; Pass         ; Inapplicable ; Inapplicable ; Inapplicable ; Inapplicable ; Inapplicable ; Pass      ; Inapplicable ; Inapplicable ;
; pre_mixed_text_out[39]  ; Inapplicable ; Inapplicable ; Inapplicable ; Inapplicable ; Inapplicable ; Pass      ; Inapplicable ; Inapplicable ; Pass      ; Pass      ; Inapplicable ; Pass         ; Inapplicable ; Inapplicable ; Inapplicable ; Inapplicable ; Pass         ; Inapplicable ; Inapplicable ; Inapplicable ; Inapplicable ; Pass         ; Inapplicable ; Inapplicable ; Inapplicable ; Inapplicable ; Inapplicable ; Pass      ; Inapplicable ; Inapplicable ;
; pre_mixed_text_out[40]  ; Inapplicable ; Inapplicable ; Inapplicable ; Inapplicable ; Inapplicable ; Pass      ; Inapplicable ; Inapplicable ; Pass      ; Pass      ; Inapplicable ; Pass         ; Inapplicable ; Inapplicable ; Inapplicable ; Inapplicable ; Pass         ; Inapplicable ; Inapplicable ; Inapplicable ; Inapplicable ; Pass         ; Inapplicable ; Inapplicable ; Inapplicable ; Inapplicable ; Inapplicable ; Pass      ; Inapplicable ; Inapplicable ;
; pre_mixed_text_out[41]  ; Inapplicable ; Inapplicable ; Inapplicable ; Inapplicable ; Inapplicable ; Pass      ; Inapplicable ; Inapplicable ; Pass      ; Pass      ; Inapplicable ; Pass         ; Inapplicable ; Inapplicable ; Inapplicable ; Inapplicable ; Pass         ; Inapplicable ; Inapplicable ; Inapplicable ; Inapplicable ; Pass         ; Inapplicable ; Inapplicable ; Inapplicable ; Inapplicable ; Inapplicable ; Pass      ; Inapplicable ; Inapplicable ;
; pre_mixed_text_out[42]  ; Inapplicable ; Inapplicable ; Inapplicable ; Inapplicable ; Inapplicable ; Pass      ; Inapplicable ; Inapplicable ; Pass      ; Pass      ; Inapplicable ; Pass         ; Inapplicable ; Inapplicable ; Inapplicable ; Inapplicable ; Pass         ; Inapplicable ; Inapplicable ; Inapplicable ; Inapplicable ; Pass         ; Inapplicable ; Inapplicable ; Inapplicable ; Inapplicable ; Inapplicable ; Pass      ; Inapplicable ; Inapplicable ;
; pre_mixed_text_out[43]  ; Inapplicable ; Inapplicable ; Inapplicable ; Inapplicable ; Inapplicable ; Pass      ; Inapplicable ; Inapplicable ; Pass      ; Pass      ; Inapplicable ; Pass         ; Inapplicable ; Inapplicable ; Inapplicable ; Inapplicable ; Pass         ; Inapplicable ; Inapplicable ; Inapplicable ; Inapplicable ; Pass         ; Inapplicable ; Inapplicable ; Inapplicable ; Inapplicable ; Inapplicable ; Pass      ; Inapplicable ; Inapplicable ;
; pre_mixed_text_out[44]  ; Inapplicable ; Inapplicable ; Inapplicable ; Inapplicable ; Inapplicable ; Pass      ; Inapplicable ; Inapplicable ; Pass      ; Pass      ; Inapplicable ; Pass         ; Inapplicable ; Inapplicable ; Inapplicable ; Inapplicable ; Pass         ; Inapplicable ; Inapplicable ; Inapplicable ; Inapplicable ; Pass         ; Inapplicable ; Inapplicable ; Inapplicable ; Inapplicable ; Inapplicable ; Pass      ; Inapplicable ; Inapplicable ;
; pre_mixed_text_out[45]  ; Inapplicable ; Inapplicable ; Inapplicable ; Inapplicable ; Inapplicable ; Pass      ; Inapplicable ; Inapplicable ; Pass      ; Pass      ; Inapplicable ; Pass         ; Inapplicable ; Inapplicable ; Inapplicable ; Inapplicable ; Pass         ; Inapplicable ; Inapplicable ; Inapplicable ; Inapplicable ; Pass         ; Inapplicable ; Inapplicable ; Inapplicable ; Inapplicable ; Inapplicable ; Pass      ; Inapplicable ; Inapplicable ;
; pre_mixed_text_out[46]  ; Inapplicable ; Inapplicable ; Inapplicable ; Inapplicable ; Inapplicable ; Pass      ; Inapplicable ; Inapplicable ; Pass      ; Pass      ; Inapplicable ; Pass         ; Inapplicable ; Inapplicable ; Inapplicable ; Inapplicable ; Pass         ; Inapplicable ; Inapplicable ; Inapplicable ; Inapplicable ; Pass         ; Inapplicable ; Inapplicable ; Inapplicable ; Inapplicable ; Inapplicable ; Pass      ; Inapplicable ; Inapplicable ;
; pre_mixed_text_out[47]  ; Inapplicable ; Inapplicable ; Inapplicable ; Inapplicable ; Inapplicable ; Pass      ; Inapplicable ; Inapplicable ; Pass      ; Pass      ; Inapplicable ; Pass         ; Inapplicable ; Inapplicable ; Inapplicable ; Inapplicable ; Pass         ; Inapplicable ; Inapplicable ; Inapplicable ; Inapplicable ; Pass         ; Inapplicable ; Inapplicable ; Inapplicable ; Inapplicable ; Inapplicable ; Pass      ; Inapplicable ; Inapplicable ;
; pre_mixed_text_out[48]  ; Inapplicable ; Inapplicable ; Inapplicable ; Inapplicable ; Inapplicable ; Pass      ; Inapplicable ; Inapplicable ; Pass      ; Pass      ; Inapplicable ; Pass         ; Inapplicable ; Inapplicable ; Inapplicable ; Inapplicable ; Pass         ; Inapplicable ; Inapplicable ; Inapplicable ; Inapplicable ; Pass         ; Inapplicable ; Inapplicable ; Inapplicable ; Inapplicable ; Inapplicable ; Pass      ; Inapplicable ; Inapplicable ;
; pre_mixed_text_out[49]  ; Inapplicable ; Inapplicable ; Inapplicable ; Inapplicable ; Inapplicable ; Pass      ; Inapplicable ; Inapplicable ; Pass      ; Pass      ; Inapplicable ; Pass         ; Inapplicable ; Inapplicable ; Inapplicable ; Inapplicable ; Pass         ; Inapplicable ; Inapplicable ; Inapplicable ; Inapplicable ; Pass         ; Inapplicable ; Inapplicable ; Inapplicable ; Inapplicable ; Inapplicable ; Pass      ; Inapplicable ; Inapplicable ;
; pre_mixed_text_out[50]  ; Inapplicable ; Inapplicable ; Inapplicable ; Inapplicable ; Inapplicable ; Pass      ; Inapplicable ; Inapplicable ; Pass      ; Pass      ; Inapplicable ; Pass         ; Inapplicable ; Inapplicable ; Inapplicable ; Inapplicable ; Pass         ; Inapplicable ; Inapplicable ; Inapplicable ; Inapplicable ; Pass         ; Inapplicable ; Inapplicable ; Inapplicable ; Inapplicable ; Inapplicable ; Pass      ; Inapplicable ; Inapplicable ;
; pre_mixed_text_out[51]  ; Inapplicable ; Inapplicable ; Inapplicable ; Inapplicable ; Inapplicable ; Pass      ; Inapplicable ; Inapplicable ; Pass      ; Pass      ; Inapplicable ; Pass         ; Inapplicable ; Inapplicable ; Inapplicable ; Inapplicable ; Pass         ; Inapplicable ; Inapplicable ; Inapplicable ; Inapplicable ; Pass         ; Inapplicable ; Inapplicable ; Inapplicable ; Inapplicable ; Inapplicable ; Pass      ; Inapplicable ; Inapplicable ;
; pre_mixed_text_out[52]  ; Inapplicable ; Inapplicable ; Inapplicable ; Inapplicable ; Inapplicable ; Pass      ; Inapplicable ; Inapplicable ; Pass      ; Pass      ; Inapplicable ; Pass         ; Inapplicable ; Inapplicable ; Inapplicable ; Inapplicable ; Pass         ; Inapplicable ; Inapplicable ; Inapplicable ; Inapplicable ; Pass         ; Inapplicable ; Inapplicable ; Inapplicable ; Inapplicable ; Inapplicable ; Pass      ; Inapplicable ; Inapplicable ;
; pre_mixed_text_out[53]  ; Inapplicable ; Inapplicable ; Inapplicable ; Inapplicable ; Inapplicable ; Pass      ; Inapplicable ; Inapplicable ; Pass      ; Pass      ; Inapplicable ; Pass         ; Inapplicable ; Inapplicable ; Inapplicable ; Inapplicable ; Pass         ; Inapplicable ; Inapplicable ; Inapplicable ; Inapplicable ; Pass         ; Inapplicable ; Inapplicable ; Inapplicable ; Inapplicable ; Inapplicable ; Pass      ; Inapplicable ; Inapplicable ;
; pre_mixed_text_out[54]  ; Inapplicable ; Inapplicable ; Inapplicable ; Inapplicable ; Inapplicable ; Pass      ; Inapplicable ; Inapplicable ; Pass      ; Pass      ; Inapplicable ; Pass         ; Inapplicable ; Inapplicable ; Inapplicable ; Inapplicable ; Pass         ; Inapplicable ; Inapplicable ; Inapplicable ; Inapplicable ; Pass         ; Inapplicable ; Inapplicable ; Inapplicable ; Inapplicable ; Inapplicable ; Pass      ; Inapplicable ; Inapplicable ;
; pre_mixed_text_out[55]  ; Inapplicable ; Inapplicable ; Inapplicable ; Inapplicable ; Inapplicable ; Pass      ; Inapplicable ; Inapplicable ; Pass      ; Pass      ; Inapplicable ; Pass         ; Inapplicable ; Inapplicable ; Inapplicable ; Inapplicable ; Pass         ; Inapplicable ; Inapplicable ; Inapplicable ; Inapplicable ; Pass         ; Inapplicable ; Inapplicable ; Inapplicable ; Inapplicable ; Inapplicable ; Pass      ; Inapplicable ; Inapplicable ;
; pre_mixed_text_out[56]  ; Inapplicable ; Inapplicable ; Inapplicable ; Inapplicable ; Inapplicable ; Pass      ; Inapplicable ; Inapplicable ; Pass      ; Pass      ; Inapplicable ; Pass         ; Inapplicable ; Inapplicable ; Inapplicable ; Inapplicable ; Pass         ; Inapplicable ; Inapplicable ; Inapplicable ; Inapplicable ; Pass         ; Inapplicable ; Inapplicable ; Inapplicable ; Inapplicable ; Inapplicable ; Pass      ; Inapplicable ; Inapplicable ;
; pre_mixed_text_out[57]  ; Inapplicable ; Inapplicable ; Inapplicable ; Inapplicable ; Inapplicable ; Pass      ; Inapplicable ; Inapplicable ; Pass      ; Pass      ; Inapplicable ; Pass         ; Inapplicable ; Inapplicable ; Inapplicable ; Inapplicable ; Pass         ; Inapplicable ; Inapplicable ; Inapplicable ; Inapplicable ; Pass         ; Inapplicable ; Inapplicable ; Inapplicable ; Inapplicable ; Inapplicable ; Pass      ; Inapplicable ; Inapplicable ;
; pre_mixed_text_out[58]  ; Inapplicable ; Inapplicable ; Inapplicable ; Inapplicable ; Inapplicable ; Pass      ; Inapplicable ; Inapplicable ; Pass      ; Pass      ; Inapplicable ; Pass         ; Inapplicable ; Inapplicable ; Inapplicable ; Inapplicable ; Pass         ; Inapplicable ; Inapplicable ; Inapplicable ; Inapplicable ; Pass         ; Inapplicable ; Inapplicable ; Inapplicable ; Inapplicable ; Inapplicable ; Pass      ; Inapplicable ; Inapplicable ;
; pre_mixed_text_out[59]  ; Inapplicable ; Inapplicable ; Inapplicable ; Inapplicable ; Inapplicable ; Pass      ; Inapplicable ; Inapplicable ; Pass      ; Pass      ; Inapplicable ; Pass         ; Inapplicable ; Inapplicable ; Inapplicable ; Inapplicable ; Pass         ; Inapplicable ; Inapplicable ; Inapplicable ; Inapplicable ; Pass         ; Inapplicable ; Inapplicable ; Inapplicable ; Inapplicable ; Inapplicable ; Pass      ; Inapplicable ; Inapplicable ;
; pre_mixed_text_out[60]  ; Inapplicable ; Inapplicable ; Inapplicable ; Inapplicable ; Inapplicable ; Pass      ; Inapplicable ; Inapplicable ; Pass      ; Pass      ; Inapplicable ; Pass         ; Inapplicable ; Inapplicable ; Inapplicable ; Inapplicable ; Pass         ; Inapplicable ; Inapplicable ; Inapplicable ; Inapplicable ; Pass         ; Inapplicable ; Inapplicable ; Inapplicable ; Inapplicable ; Inapplicable ; Pass      ; Inapplicable ; Inapplicable ;
; pre_mixed_text_out[61]  ; Inapplicable ; Inapplicable ; Inapplicable ; Inapplicable ; Inapplicable ; Pass      ; Inapplicable ; Inapplicable ; Pass      ; Pass      ; Inapplicable ; Pass         ; Inapplicable ; Inapplicable ; Inapplicable ; Inapplicable ; Pass         ; Inapplicable ; Inapplicable ; Inapplicable ; Inapplicable ; Pass         ; Inapplicable ; Inapplicable ; Inapplicable ; Inapplicable ; Inapplicable ; Pass      ; Inapplicable ; Inapplicable ;
; pre_mixed_text_out[62]  ; Inapplicable ; Inapplicable ; Inapplicable ; Inapplicable ; Inapplicable ; Pass      ; Inapplicable ; Inapplicable ; Pass      ; Pass      ; Inapplicable ; Pass         ; Inapplicable ; Inapplicable ; Inapplicable ; Inapplicable ; Pass         ; Inapplicable ; Inapplicable ; Inapplicable ; Inapplicable ; Pass         ; Inapplicable ; Inapplicable ; Inapplicable ; Inapplicable ; Inapplicable ; Pass      ; Inapplicable ; Inapplicable ;
; pre_mixed_text_out[63]  ; Inapplicable ; Inapplicable ; Inapplicable ; Inapplicable ; Inapplicable ; Pass      ; Inapplicable ; Inapplicable ; Pass      ; Pass      ; Inapplicable ; Pass         ; Inapplicable ; Inapplicable ; Inapplicable ; Inapplicable ; Pass         ; Inapplicable ; Inapplicable ; Inapplicable ; Inapplicable ; Pass         ; Inapplicable ; Inapplicable ; Inapplicable ; Inapplicable ; Inapplicable ; Pass      ; Inapplicable ; Inapplicable ;
; pre_mixed_text_out[64]  ; Inapplicable ; Inapplicable ; Inapplicable ; Inapplicable ; Inapplicable ; Pass      ; Inapplicable ; Inapplicable ; Pass      ; Pass      ; Inapplicable ; Pass         ; Inapplicable ; Inapplicable ; Inapplicable ; Inapplicable ; Pass         ; Inapplicable ; Inapplicable ; Inapplicable ; Inapplicable ; Pass         ; Inapplicable ; Inapplicable ; Inapplicable ; Inapplicable ; Inapplicable ; Pass      ; Inapplicable ; Inapplicable ;
; pre_mixed_text_out[65]  ; Inapplicable ; Inapplicable ; Inapplicable ; Inapplicable ; Inapplicable ; Pass      ; Inapplicable ; Inapplicable ; Pass      ; Pass      ; Inapplicable ; Pass         ; Inapplicable ; Inapplicable ; Inapplicable ; Inapplicable ; Pass         ; Inapplicable ; Inapplicable ; Inapplicable ; Inapplicable ; Pass         ; Inapplicable ; Inapplicable ; Inapplicable ; Inapplicable ; Inapplicable ; Pass      ; Inapplicable ; Inapplicable ;
; pre_mixed_text_out[66]  ; Inapplicable ; Inapplicable ; Inapplicable ; Inapplicable ; Inapplicable ; Pass      ; Inapplicable ; Inapplicable ; Pass      ; Pass      ; Inapplicable ; Pass         ; Inapplicable ; Inapplicable ; Inapplicable ; Inapplicable ; Pass         ; Inapplicable ; Inapplicable ; Inapplicable ; Inapplicable ; Pass         ; Inapplicable ; Inapplicable ; Inapplicable ; Inapplicable ; Inapplicable ; Pass      ; Inapplicable ; Inapplicable ;
; pre_mixed_text_out[67]  ; Inapplicable ; Inapplicable ; Inapplicable ; Inapplicable ; Inapplicable ; Pass      ; Inapplicable ; Inapplicable ; Pass      ; Pass      ; Inapplicable ; Pass         ; Inapplicable ; Inapplicable ; Inapplicable ; Inapplicable ; Pass         ; Inapplicable ; Inapplicable ; Inapplicable ; Inapplicable ; Pass         ; Inapplicable ; Inapplicable ; Inapplicable ; Inapplicable ; Inapplicable ; Pass      ; Inapplicable ; Inapplicable ;
; pre_mixed_text_out[68]  ; Inapplicable ; Inapplicable ; Inapplicable ; Inapplicable ; Inapplicable ; Pass      ; Inapplicable ; Inapplicable ; Pass      ; Pass      ; Inapplicable ; Pass         ; Inapplicable ; Inapplicable ; Inapplicable ; Inapplicable ; Pass         ; Inapplicable ; Inapplicable ; Inapplicable ; Inapplicable ; Pass         ; Inapplicable ; Inapplicable ; Inapplicable ; Inapplicable ; Inapplicable ; Pass      ; Inapplicable ; Inapplicable ;
; pre_mixed_text_out[69]  ; Inapplicable ; Inapplicable ; Inapplicable ; Inapplicable ; Inapplicable ; Pass      ; Inapplicable ; Inapplicable ; Pass      ; Pass      ; Inapplicable ; Pass         ; Inapplicable ; Inapplicable ; Inapplicable ; Inapplicable ; Pass         ; Inapplicable ; Inapplicable ; Inapplicable ; Inapplicable ; Pass         ; Inapplicable ; Inapplicable ; Inapplicable ; Inapplicable ; Inapplicable ; Pass      ; Inapplicable ; Inapplicable ;
; pre_mixed_text_out[70]  ; Inapplicable ; Inapplicable ; Inapplicable ; Inapplicable ; Inapplicable ; Pass      ; Inapplicable ; Inapplicable ; Pass      ; Pass      ; Inapplicable ; Pass         ; Inapplicable ; Inapplicable ; Inapplicable ; Inapplicable ; Pass         ; Inapplicable ; Inapplicable ; Inapplicable ; Inapplicable ; Pass         ; Inapplicable ; Inapplicable ; Inapplicable ; Inapplicable ; Inapplicable ; Pass      ; Inapplicable ; Inapplicable ;
; pre_mixed_text_out[71]  ; Inapplicable ; Inapplicable ; Inapplicable ; Inapplicable ; Inapplicable ; Pass      ; Inapplicable ; Inapplicable ; Pass      ; Pass      ; Inapplicable ; Pass         ; Inapplicable ; Inapplicable ; Inapplicable ; Inapplicable ; Pass         ; Inapplicable ; Inapplicable ; Inapplicable ; Inapplicable ; Pass         ; Inapplicable ; Inapplicable ; Inapplicable ; Inapplicable ; Inapplicable ; Pass      ; Inapplicable ; Inapplicable ;
; pre_mixed_text_out[72]  ; Inapplicable ; Inapplicable ; Inapplicable ; Inapplicable ; Inapplicable ; Pass      ; Inapplicable ; Inapplicable ; Pass      ; Pass      ; Inapplicable ; Pass         ; Inapplicable ; Inapplicable ; Inapplicable ; Inapplicable ; Pass         ; Inapplicable ; Inapplicable ; Inapplicable ; Inapplicable ; Pass         ; Inapplicable ; Inapplicable ; Inapplicable ; Inapplicable ; Inapplicable ; Pass      ; Inapplicable ; Inapplicable ;
; pre_mixed_text_out[73]  ; Inapplicable ; Inapplicable ; Inapplicable ; Inapplicable ; Inapplicable ; Pass      ; Inapplicable ; Inapplicable ; Pass      ; Pass      ; Inapplicable ; Pass         ; Inapplicable ; Inapplicable ; Inapplicable ; Inapplicable ; Pass         ; Inapplicable ; Inapplicable ; Inapplicable ; Inapplicable ; Pass         ; Inapplicable ; Inapplicable ; Inapplicable ; Inapplicable ; Inapplicable ; Pass      ; Inapplicable ; Inapplicable ;
; pre_mixed_text_out[74]  ; Inapplicable ; Inapplicable ; Inapplicable ; Inapplicable ; Inapplicable ; Pass      ; Inapplicable ; Inapplicable ; Pass      ; Pass      ; Inapplicable ; Pass         ; Inapplicable ; Inapplicable ; Inapplicable ; Inapplicable ; Pass         ; Inapplicable ; Inapplicable ; Inapplicable ; Inapplicable ; Pass         ; Inapplicable ; Inapplicable ; Inapplicable ; Inapplicable ; Inapplicable ; Pass      ; Inapplicable ; Inapplicable ;
; pre_mixed_text_out[75]  ; Inapplicable ; Inapplicable ; Inapplicable ; Inapplicable ; Inapplicable ; Pass      ; Inapplicable ; Inapplicable ; Pass      ; Pass      ; Inapplicable ; Pass         ; Inapplicable ; Inapplicable ; Inapplicable ; Inapplicable ; Pass         ; Inapplicable ; Inapplicable ; Inapplicable ; Inapplicable ; Pass         ; Inapplicable ; Inapplicable ; Inapplicable ; Inapplicable ; Inapplicable ; Pass      ; Inapplicable ; Inapplicable ;
; pre_mixed_text_out[76]  ; Inapplicable ; Inapplicable ; Inapplicable ; Inapplicable ; Inapplicable ; Pass      ; Inapplicable ; Inapplicable ; Pass      ; Pass      ; Inapplicable ; Pass         ; Inapplicable ; Inapplicable ; Inapplicable ; Inapplicable ; Pass         ; Inapplicable ; Inapplicable ; Inapplicable ; Inapplicable ; Pass         ; Inapplicable ; Inapplicable ; Inapplicable ; Inapplicable ; Inapplicable ; Pass      ; Inapplicable ; Inapplicable ;
; pre_mixed_text_out[77]  ; Inapplicable ; Inapplicable ; Inapplicable ; Inapplicable ; Inapplicable ; Pass      ; Inapplicable ; Inapplicable ; Pass      ; Pass      ; Inapplicable ; Pass         ; Inapplicable ; Inapplicable ; Inapplicable ; Inapplicable ; Pass         ; Inapplicable ; Inapplicable ; Inapplicable ; Inapplicable ; Pass         ; Inapplicable ; Inapplicable ; Inapplicable ; Inapplicable ; Inapplicable ; Pass      ; Inapplicable ; Inapplicable ;
; pre_mixed_text_out[78]  ; Inapplicable ; Inapplicable ; Inapplicable ; Inapplicable ; Inapplicable ; Pass      ; Inapplicable ; Inapplicable ; Pass      ; Pass      ; Inapplicable ; Pass         ; Inapplicable ; Inapplicable ; Inapplicable ; Inapplicable ; Pass         ; Inapplicable ; Inapplicable ; Inapplicable ; Inapplicable ; Pass         ; Inapplicable ; Inapplicable ; Inapplicable ; Inapplicable ; Inapplicable ; Pass      ; Inapplicable ; Inapplicable ;
; pre_mixed_text_out[79]  ; Inapplicable ; Inapplicable ; Inapplicable ; Inapplicable ; Inapplicable ; Pass      ; Inapplicable ; Inapplicable ; Pass      ; Pass      ; Inapplicable ; Pass         ; Inapplicable ; Inapplicable ; Inapplicable ; Inapplicable ; Pass         ; Inapplicable ; Inapplicable ; Inapplicable ; Inapplicable ; Pass         ; Inapplicable ; Inapplicable ; Inapplicable ; Inapplicable ; Inapplicable ; Pass      ; Inapplicable ; Inapplicable ;
; pre_mixed_text_out[80]  ; Inapplicable ; Inapplicable ; Inapplicable ; Inapplicable ; Inapplicable ; Pass      ; Inapplicable ; Inapplicable ; Pass      ; Pass      ; Inapplicable ; Pass         ; Inapplicable ; Inapplicable ; Inapplicable ; Inapplicable ; Pass         ; Inapplicable ; Inapplicable ; Inapplicable ; Inapplicable ; Pass         ; Inapplicable ; Inapplicable ; Inapplicable ; Inapplicable ; Inapplicable ; Pass      ; Inapplicable ; Inapplicable ;
; pre_mixed_text_out[81]  ; Inapplicable ; Inapplicable ; Inapplicable ; Inapplicable ; Inapplicable ; Pass      ; Inapplicable ; Inapplicable ; Pass      ; Pass      ; Inapplicable ; Pass         ; Inapplicable ; Inapplicable ; Inapplicable ; Inapplicable ; Pass         ; Inapplicable ; Inapplicable ; Inapplicable ; Inapplicable ; Pass         ; Inapplicable ; Inapplicable ; Inapplicable ; Inapplicable ; Inapplicable ; Pass      ; Inapplicable ; Inapplicable ;
; pre_mixed_text_out[82]  ; Inapplicable ; Inapplicable ; Inapplicable ; Inapplicable ; Inapplicable ; Pass      ; Inapplicable ; Inapplicable ; Pass      ; Pass      ; Inapplicable ; Pass         ; Inapplicable ; Inapplicable ; Inapplicable ; Inapplicable ; Pass         ; Inapplicable ; Inapplicable ; Inapplicable ; Inapplicable ; Pass         ; Inapplicable ; Inapplicable ; Inapplicable ; Inapplicable ; Inapplicable ; Pass      ; Inapplicable ; Inapplicable ;
; pre_mixed_text_out[83]  ; Inapplicable ; Inapplicable ; Inapplicable ; Inapplicable ; Inapplicable ; Pass      ; Inapplicable ; Inapplicable ; Pass      ; Pass      ; Inapplicable ; Pass         ; Inapplicable ; Inapplicable ; Inapplicable ; Inapplicable ; Pass         ; Inapplicable ; Inapplicable ; Inapplicable ; Inapplicable ; Pass         ; Inapplicable ; Inapplicable ; Inapplicable ; Inapplicable ; Inapplicable ; Pass      ; Inapplicable ; Inapplicable ;
; pre_mixed_text_out[84]  ; Inapplicable ; Inapplicable ; Inapplicable ; Inapplicable ; Inapplicable ; Pass      ; Inapplicable ; Inapplicable ; Pass      ; Pass      ; Inapplicable ; Pass         ; Inapplicable ; Inapplicable ; Inapplicable ; Inapplicable ; Pass         ; Inapplicable ; Inapplicable ; Inapplicable ; Inapplicable ; Pass         ; Inapplicable ; Inapplicable ; Inapplicable ; Inapplicable ; Inapplicable ; Pass      ; Inapplicable ; Inapplicable ;
; pre_mixed_text_out[85]  ; Inapplicable ; Inapplicable ; Inapplicable ; Inapplicable ; Inapplicable ; Pass      ; Inapplicable ; Inapplicable ; Pass      ; Pass      ; Inapplicable ; Pass         ; Inapplicable ; Inapplicable ; Inapplicable ; Inapplicable ; Pass         ; Inapplicable ; Inapplicable ; Inapplicable ; Inapplicable ; Pass         ; Inapplicable ; Inapplicable ; Inapplicable ; Inapplicable ; Inapplicable ; Pass      ; Inapplicable ; Inapplicable ;
; pre_mixed_text_out[86]  ; Inapplicable ; Inapplicable ; Inapplicable ; Inapplicable ; Inapplicable ; Pass      ; Inapplicable ; Inapplicable ; Pass      ; Pass      ; Inapplicable ; Pass         ; Inapplicable ; Inapplicable ; Inapplicable ; Inapplicable ; Pass         ; Inapplicable ; Inapplicable ; Inapplicable ; Inapplicable ; Pass         ; Inapplicable ; Inapplicable ; Inapplicable ; Inapplicable ; Inapplicable ; Pass      ; Inapplicable ; Inapplicable ;
; pre_mixed_text_out[87]  ; Inapplicable ; Inapplicable ; Inapplicable ; Inapplicable ; Inapplicable ; Pass      ; Inapplicable ; Inapplicable ; Pass      ; Pass      ; Inapplicable ; Pass         ; Inapplicable ; Inapplicable ; Inapplicable ; Inapplicable ; Pass         ; Inapplicable ; Inapplicable ; Inapplicable ; Inapplicable ; Pass         ; Inapplicable ; Inapplicable ; Inapplicable ; Inapplicable ; Inapplicable ; Pass      ; Inapplicable ; Inapplicable ;
; pre_mixed_text_out[88]  ; Inapplicable ; Inapplicable ; Inapplicable ; Inapplicable ; Inapplicable ; Pass      ; Inapplicable ; Inapplicable ; Pass      ; Pass      ; Inapplicable ; Pass         ; Inapplicable ; Inapplicable ; Inapplicable ; Inapplicable ; Pass         ; Inapplicable ; Inapplicable ; Inapplicable ; Inapplicable ; Pass         ; Inapplicable ; Inapplicable ; Inapplicable ; Inapplicable ; Inapplicable ; Pass      ; Inapplicable ; Inapplicable ;
; pre_mixed_text_out[89]  ; Inapplicable ; Inapplicable ; Inapplicable ; Inapplicable ; Inapplicable ; Pass      ; Inapplicable ; Inapplicable ; Pass      ; Pass      ; Inapplicable ; Pass         ; Inapplicable ; Inapplicable ; Inapplicable ; Inapplicable ; Pass         ; Inapplicable ; Inapplicable ; Inapplicable ; Inapplicable ; Pass         ; Inapplicable ; Inapplicable ; Inapplicable ; Inapplicable ; Inapplicable ; Pass      ; Inapplicable ; Inapplicable ;
; pre_mixed_text_out[90]  ; Inapplicable ; Inapplicable ; Inapplicable ; Inapplicable ; Inapplicable ; Pass      ; Inapplicable ; Inapplicable ; Pass      ; Pass      ; Inapplicable ; Pass         ; Inapplicable ; Inapplicable ; Inapplicable ; Inapplicable ; Pass         ; Inapplicable ; Inapplicable ; Inapplicable ; Inapplicable ; Pass         ; Inapplicable ; Inapplicable ; Inapplicable ; Inapplicable ; Inapplicable ; Pass      ; Inapplicable ; Inapplicable ;
; pre_mixed_text_out[91]  ; Inapplicable ; Inapplicable ; Inapplicable ; Inapplicable ; Inapplicable ; Pass      ; Inapplicable ; Inapplicable ; Pass      ; Pass      ; Inapplicable ; Pass         ; Inapplicable ; Inapplicable ; Inapplicable ; Inapplicable ; Pass         ; Inapplicable ; Inapplicable ; Inapplicable ; Inapplicable ; Pass         ; Inapplicable ; Inapplicable ; Inapplicable ; Inapplicable ; Inapplicable ; Pass      ; Inapplicable ; Inapplicable ;
; pre_mixed_text_out[92]  ; Inapplicable ; Inapplicable ; Inapplicable ; Inapplicable ; Inapplicable ; Pass      ; Inapplicable ; Inapplicable ; Pass      ; Pass      ; Inapplicable ; Pass         ; Inapplicable ; Inapplicable ; Inapplicable ; Inapplicable ; Pass         ; Inapplicable ; Inapplicable ; Inapplicable ; Inapplicable ; Pass         ; Inapplicable ; Inapplicable ; Inapplicable ; Inapplicable ; Inapplicable ; Pass      ; Inapplicable ; Inapplicable ;
; pre_mixed_text_out[93]  ; Inapplicable ; Inapplicable ; Inapplicable ; Inapplicable ; Inapplicable ; Pass      ; Inapplicable ; Inapplicable ; Pass      ; Pass      ; Inapplicable ; Pass         ; Inapplicable ; Inapplicable ; Inapplicable ; Inapplicable ; Pass         ; Inapplicable ; Inapplicable ; Inapplicable ; Inapplicable ; Pass         ; Inapplicable ; Inapplicable ; Inapplicable ; Inapplicable ; Inapplicable ; Pass      ; Inapplicable ; Inapplicable ;
; pre_mixed_text_out[94]  ; Inapplicable ; Inapplicable ; Inapplicable ; Inapplicable ; Inapplicable ; Pass      ; Inapplicable ; Inapplicable ; Pass      ; Pass      ; Inapplicable ; Pass         ; Inapplicable ; Inapplicable ; Inapplicable ; Inapplicable ; Pass         ; Inapplicable ; Inapplicable ; Inapplicable ; Inapplicable ; Pass         ; Inapplicable ; Inapplicable ; Inapplicable ; Inapplicable ; Inapplicable ; Pass      ; Inapplicable ; Inapplicable ;
; pre_mixed_text_out[95]  ; Inapplicable ; Inapplicable ; Inapplicable ; Inapplicable ; Inapplicable ; Pass      ; Inapplicable ; Inapplicable ; Pass      ; Pass      ; Inapplicable ; Pass         ; Inapplicable ; Inapplicable ; Inapplicable ; Inapplicable ; Pass         ; Inapplicable ; Inapplicable ; Inapplicable ; Inapplicable ; Pass         ; Inapplicable ; Inapplicable ; Inapplicable ; Inapplicable ; Inapplicable ; Pass      ; Inapplicable ; Inapplicable ;
; pre_mixed_text_out[96]  ; Inapplicable ; Inapplicable ; Inapplicable ; Inapplicable ; Inapplicable ; Pass      ; Inapplicable ; Inapplicable ; Pass      ; Pass      ; Inapplicable ; Pass         ; Inapplicable ; Inapplicable ; Inapplicable ; Inapplicable ; Pass         ; Inapplicable ; Inapplicable ; Inapplicable ; Inapplicable ; Pass         ; Inapplicable ; Inapplicable ; Inapplicable ; Inapplicable ; Inapplicable ; Pass      ; Inapplicable ; Inapplicable ;
; pre_mixed_text_out[97]  ; Inapplicable ; Inapplicable ; Inapplicable ; Inapplicable ; Inapplicable ; Pass      ; Inapplicable ; Inapplicable ; Pass      ; Pass      ; Inapplicable ; Pass         ; Inapplicable ; Inapplicable ; Inapplicable ; Inapplicable ; Pass         ; Inapplicable ; Inapplicable ; Inapplicable ; Inapplicable ; Pass         ; Inapplicable ; Inapplicable ; Inapplicable ; Inapplicable ; Inapplicable ; Pass      ; Inapplicable ; Inapplicable ;
; pre_mixed_text_out[98]  ; Inapplicable ; Inapplicable ; Inapplicable ; Inapplicable ; Inapplicable ; Pass      ; Inapplicable ; Inapplicable ; Pass      ; Pass      ; Inapplicable ; Pass         ; Inapplicable ; Inapplicable ; Inapplicable ; Inapplicable ; Pass         ; Inapplicable ; Inapplicable ; Inapplicable ; Inapplicable ; Pass         ; Inapplicable ; Inapplicable ; Inapplicable ; Inapplicable ; Inapplicable ; Pass      ; Inapplicable ; Inapplicable ;
; pre_mixed_text_out[99]  ; Inapplicable ; Inapplicable ; Inapplicable ; Inapplicable ; Inapplicable ; Pass      ; Inapplicable ; Inapplicable ; Pass      ; Pass      ; Inapplicable ; Pass         ; Inapplicable ; Inapplicable ; Inapplicable ; Inapplicable ; Pass         ; Inapplicable ; Inapplicable ; Inapplicable ; Inapplicable ; Pass         ; Inapplicable ; Inapplicable ; Inapplicable ; Inapplicable ; Inapplicable ; Pass      ; Inapplicable ; Inapplicable ;
; pre_mixed_text_out[100] ; Inapplicable ; Inapplicable ; Inapplicable ; Inapplicable ; Inapplicable ; Pass      ; Inapplicable ; Inapplicable ; Pass      ; Pass      ; Inapplicable ; Pass         ; Inapplicable ; Inapplicable ; Inapplicable ; Inapplicable ; Pass         ; Inapplicable ; Inapplicable ; Inapplicable ; Inapplicable ; Pass         ; Inapplicable ; Inapplicable ; Inapplicable ; Inapplicable ; Inapplicable ; Pass      ; Inapplicable ; Inapplicable ;
; pre_mixed_text_out[101] ; Inapplicable ; Inapplicable ; Inapplicable ; Inapplicable ; Inapplicable ; Pass      ; Inapplicable ; Inapplicable ; Pass      ; Pass      ; Inapplicable ; Pass         ; Inapplicable ; Inapplicable ; Inapplicable ; Inapplicable ; Pass         ; Inapplicable ; Inapplicable ; Inapplicable ; Inapplicable ; Pass         ; Inapplicable ; Inapplicable ; Inapplicable ; Inapplicable ; Inapplicable ; Pass      ; Inapplicable ; Inapplicable ;
; pre_mixed_text_out[102] ; Inapplicable ; Inapplicable ; Inapplicable ; Inapplicable ; Inapplicable ; Pass      ; Inapplicable ; Inapplicable ; Pass      ; Pass      ; Inapplicable ; Pass         ; Inapplicable ; Inapplicable ; Inapplicable ; Inapplicable ; Pass         ; Inapplicable ; Inapplicable ; Inapplicable ; Inapplicable ; Pass         ; Inapplicable ; Inapplicable ; Inapplicable ; Inapplicable ; Inapplicable ; Pass      ; Inapplicable ; Inapplicable ;
; pre_mixed_text_out[103] ; Inapplicable ; Inapplicable ; Inapplicable ; Inapplicable ; Inapplicable ; Pass      ; Inapplicable ; Inapplicable ; Pass      ; Pass      ; Inapplicable ; Pass         ; Inapplicable ; Inapplicable ; Inapplicable ; Inapplicable ; Pass         ; Inapplicable ; Inapplicable ; Inapplicable ; Inapplicable ; Pass         ; Inapplicable ; Inapplicable ; Inapplicable ; Inapplicable ; Inapplicable ; Pass      ; Inapplicable ; Inapplicable ;
; pre_mixed_text_out[104] ; Inapplicable ; Inapplicable ; Inapplicable ; Inapplicable ; Inapplicable ; Pass      ; Inapplicable ; Inapplicable ; Pass      ; Pass      ; Inapplicable ; Pass         ; Inapplicable ; Inapplicable ; Inapplicable ; Inapplicable ; Pass         ; Inapplicable ; Inapplicable ; Inapplicable ; Inapplicable ; Pass         ; Inapplicable ; Inapplicable ; Inapplicable ; Inapplicable ; Inapplicable ; Pass      ; Inapplicable ; Inapplicable ;
; pre_mixed_text_out[105] ; Inapplicable ; Inapplicable ; Inapplicable ; Inapplicable ; Inapplicable ; Pass      ; Inapplicable ; Inapplicable ; Pass      ; Pass      ; Inapplicable ; Pass         ; Inapplicable ; Inapplicable ; Inapplicable ; Inapplicable ; Pass         ; Inapplicable ; Inapplicable ; Inapplicable ; Inapplicable ; Pass         ; Inapplicable ; Inapplicable ; Inapplicable ; Inapplicable ; Inapplicable ; Pass      ; Inapplicable ; Inapplicable ;
; pre_mixed_text_out[106] ; Inapplicable ; Inapplicable ; Inapplicable ; Inapplicable ; Inapplicable ; Pass      ; Inapplicable ; Inapplicable ; Pass      ; Pass      ; Inapplicable ; Pass         ; Inapplicable ; Inapplicable ; Inapplicable ; Inapplicable ; Pass         ; Inapplicable ; Inapplicable ; Inapplicable ; Inapplicable ; Pass         ; Inapplicable ; Inapplicable ; Inapplicable ; Inapplicable ; Inapplicable ; Pass      ; Inapplicable ; Inapplicable ;
; pre_mixed_text_out[107] ; Inapplicable ; Inapplicable ; Inapplicable ; Inapplicable ; Inapplicable ; Pass      ; Inapplicable ; Inapplicable ; Pass      ; Pass      ; Inapplicable ; Pass         ; Inapplicable ; Inapplicable ; Inapplicable ; Inapplicable ; Pass         ; Inapplicable ; Inapplicable ; Inapplicable ; Inapplicable ; Pass         ; Inapplicable ; Inapplicable ; Inapplicable ; Inapplicable ; Inapplicable ; Pass      ; Inapplicable ; Inapplicable ;
; pre_mixed_text_out[108] ; Inapplicable ; Inapplicable ; Inapplicable ; Inapplicable ; Inapplicable ; Pass      ; Inapplicable ; Inapplicable ; Pass      ; Pass      ; Inapplicable ; Pass         ; Inapplicable ; Inapplicable ; Inapplicable ; Inapplicable ; Pass         ; Inapplicable ; Inapplicable ; Inapplicable ; Inapplicable ; Pass         ; Inapplicable ; Inapplicable ; Inapplicable ; Inapplicable ; Inapplicable ; Pass      ; Inapplicable ; Inapplicable ;
; pre_mixed_text_out[109] ; Inapplicable ; Inapplicable ; Inapplicable ; Inapplicable ; Inapplicable ; Pass      ; Inapplicable ; Inapplicable ; Pass      ; Pass      ; Inapplicable ; Pass         ; Inapplicable ; Inapplicable ; Inapplicable ; Inapplicable ; Pass         ; Inapplicable ; Inapplicable ; Inapplicable ; Inapplicable ; Pass         ; Inapplicable ; Inapplicable ; Inapplicable ; Inapplicable ; Inapplicable ; Pass      ; Inapplicable ; Inapplicable ;
; pre_mixed_text_out[110] ; Inapplicable ; Inapplicable ; Inapplicable ; Inapplicable ; Inapplicable ; Pass      ; Inapplicable ; Inapplicable ; Pass      ; Pass      ; Inapplicable ; Pass         ; Inapplicable ; Inapplicable ; Inapplicable ; Inapplicable ; Pass         ; Inapplicable ; Inapplicable ; Inapplicable ; Inapplicable ; Pass         ; Inapplicable ; Inapplicable ; Inapplicable ; Inapplicable ; Inapplicable ; Pass      ; Inapplicable ; Inapplicable ;
; pre_mixed_text_out[111] ; Inapplicable ; Inapplicable ; Inapplicable ; Inapplicable ; Inapplicable ; Pass      ; Inapplicable ; Inapplicable ; Pass      ; Pass      ; Inapplicable ; Pass         ; Inapplicable ; Inapplicable ; Inapplicable ; Inapplicable ; Pass         ; Inapplicable ; Inapplicable ; Inapplicable ; Inapplicable ; Pass         ; Inapplicable ; Inapplicable ; Inapplicable ; Inapplicable ; Inapplicable ; Pass      ; Inapplicable ; Inapplicable ;
; pre_mixed_text_out[112] ; Inapplicable ; Inapplicable ; Inapplicable ; Inapplicable ; Inapplicable ; Pass      ; Inapplicable ; Inapplicable ; Pass      ; Pass      ; Inapplicable ; Pass         ; Inapplicable ; Inapplicable ; Inapplicable ; Inapplicable ; Pass         ; Inapplicable ; Inapplicable ; Inapplicable ; Inapplicable ; Pass         ; Inapplicable ; Inapplicable ; Inapplicable ; Inapplicable ; Inapplicable ; Pass      ; Inapplicable ; Inapplicable ;
; pre_mixed_text_out[113] ; Inapplicable ; Inapplicable ; Inapplicable ; Inapplicable ; Inapplicable ; Pass      ; Inapplicable ; Inapplicable ; Pass      ; Pass      ; Inapplicable ; Pass         ; Inapplicable ; Inapplicable ; Inapplicable ; Inapplicable ; Pass         ; Inapplicable ; Inapplicable ; Inapplicable ; Inapplicable ; Pass         ; Inapplicable ; Inapplicable ; Inapplicable ; Inapplicable ; Inapplicable ; Pass      ; Inapplicable ; Inapplicable ;
; pre_mixed_text_out[114] ; Inapplicable ; Inapplicable ; Inapplicable ; Inapplicable ; Inapplicable ; Pass      ; Inapplicable ; Inapplicable ; Pass      ; Pass      ; Inapplicable ; Pass         ; Inapplicable ; Inapplicable ; Inapplicable ; Inapplicable ; Pass         ; Inapplicable ; Inapplicable ; Inapplicable ; Inapplicable ; Pass         ; Inapplicable ; Inapplicable ; Inapplicable ; Inapplicable ; Inapplicable ; Pass      ; Inapplicable ; Inapplicable ;
; pre_mixed_text_out[115] ; Inapplicable ; Inapplicable ; Inapplicable ; Inapplicable ; Inapplicable ; Pass      ; Inapplicable ; Inapplicable ; Pass      ; Pass      ; Inapplicable ; Pass         ; Inapplicable ; Inapplicable ; Inapplicable ; Inapplicable ; Pass         ; Inapplicable ; Inapplicable ; Inapplicable ; Inapplicable ; Pass         ; Inapplicable ; Inapplicable ; Inapplicable ; Inapplicable ; Inapplicable ; Pass      ; Inapplicable ; Inapplicable ;
; pre_mixed_text_out[116] ; Inapplicable ; Inapplicable ; Inapplicable ; Inapplicable ; Inapplicable ; Pass      ; Inapplicable ; Inapplicable ; Pass      ; Pass      ; Inapplicable ; Pass         ; Inapplicable ; Inapplicable ; Inapplicable ; Inapplicable ; Pass         ; Inapplicable ; Inapplicable ; Inapplicable ; Inapplicable ; Pass         ; Inapplicable ; Inapplicable ; Inapplicable ; Inapplicable ; Inapplicable ; Pass      ; Inapplicable ; Inapplicable ;
; pre_mixed_text_out[117] ; Inapplicable ; Inapplicable ; Inapplicable ; Inapplicable ; Inapplicable ; Pass      ; Inapplicable ; Inapplicable ; Pass      ; Pass      ; Inapplicable ; Pass         ; Inapplicable ; Inapplicable ; Inapplicable ; Inapplicable ; Pass         ; Inapplicable ; Inapplicable ; Inapplicable ; Inapplicable ; Pass         ; Inapplicable ; Inapplicable ; Inapplicable ; Inapplicable ; Inapplicable ; Pass      ; Inapplicable ; Inapplicable ;
; pre_mixed_text_out[118] ; Inapplicable ; Inapplicable ; Inapplicable ; Inapplicable ; Inapplicable ; Pass      ; Inapplicable ; Inapplicable ; Pass      ; Pass      ; Inapplicable ; Pass         ; Inapplicable ; Inapplicable ; Inapplicable ; Inapplicable ; Pass         ; Inapplicable ; Inapplicable ; Inapplicable ; Inapplicable ; Pass         ; Inapplicable ; Inapplicable ; Inapplicable ; Inapplicable ; Inapplicable ; Pass      ; Inapplicable ; Inapplicable ;
; pre_mixed_text_out[119] ; Inapplicable ; Inapplicable ; Inapplicable ; Inapplicable ; Inapplicable ; Pass      ; Inapplicable ; Inapplicable ; Pass      ; Pass      ; Inapplicable ; Pass         ; Inapplicable ; Inapplicable ; Inapplicable ; Inapplicable ; Pass         ; Inapplicable ; Inapplicable ; Inapplicable ; Inapplicable ; Pass         ; Inapplicable ; Inapplicable ; Inapplicable ; Inapplicable ; Inapplicable ; Pass      ; Inapplicable ; Inapplicable ;
; pre_mixed_text_out[120] ; Inapplicable ; Inapplicable ; Inapplicable ; Inapplicable ; Inapplicable ; Pass      ; Inapplicable ; Inapplicable ; Pass      ; Pass      ; Inapplicable ; Pass         ; Inapplicable ; Inapplicable ; Inapplicable ; Inapplicable ; Pass         ; Inapplicable ; Inapplicable ; Inapplicable ; Inapplicable ; Pass         ; Inapplicable ; Inapplicable ; Inapplicable ; Inapplicable ; Inapplicable ; Pass      ; Inapplicable ; Inapplicable ;
; pre_mixed_text_out[121] ; Inapplicable ; Inapplicable ; Inapplicable ; Inapplicable ; Inapplicable ; Pass      ; Inapplicable ; Inapplicable ; Pass      ; Pass      ; Inapplicable ; Pass         ; Inapplicable ; Inapplicable ; Inapplicable ; Inapplicable ; Pass         ; Inapplicable ; Inapplicable ; Inapplicable ; Inapplicable ; Pass         ; Inapplicable ; Inapplicable ; Inapplicable ; Inapplicable ; Inapplicable ; Pass      ; Inapplicable ; Inapplicable ;
; pre_mixed_text_out[122] ; Inapplicable ; Inapplicable ; Inapplicable ; Inapplicable ; Inapplicable ; Pass      ; Inapplicable ; Inapplicable ; Pass      ; Pass      ; Inapplicable ; Pass         ; Inapplicable ; Inapplicable ; Inapplicable ; Inapplicable ; Pass         ; Inapplicable ; Inapplicable ; Inapplicable ; Inapplicable ; Pass         ; Inapplicable ; Inapplicable ; Inapplicable ; Inapplicable ; Inapplicable ; Pass      ; Inapplicable ; Inapplicable ;
; pre_mixed_text_out[123] ; Inapplicable ; Inapplicable ; Inapplicable ; Inapplicable ; Inapplicable ; Pass      ; Inapplicable ; Inapplicable ; Pass      ; Pass      ; Inapplicable ; Pass         ; Inapplicable ; Inapplicable ; Inapplicable ; Inapplicable ; Pass         ; Inapplicable ; Inapplicable ; Inapplicable ; Inapplicable ; Pass         ; Inapplicable ; Inapplicable ; Inapplicable ; Inapplicable ; Inapplicable ; Pass      ; Inapplicable ; Inapplicable ;
; pre_mixed_text_out[124] ; Inapplicable ; Inapplicable ; Inapplicable ; Inapplicable ; Inapplicable ; Pass      ; Inapplicable ; Inapplicable ; Pass      ; Pass      ; Inapplicable ; Pass         ; Inapplicable ; Inapplicable ; Inapplicable ; Inapplicable ; Pass         ; Inapplicable ; Inapplicable ; Inapplicable ; Inapplicable ; Pass         ; Inapplicable ; Inapplicable ; Inapplicable ; Inapplicable ; Inapplicable ; Pass      ; Inapplicable ; Inapplicable ;
; pre_mixed_text_out[125] ; Inapplicable ; Inapplicable ; Inapplicable ; Inapplicable ; Inapplicable ; Pass      ; Inapplicable ; Inapplicable ; Pass      ; Pass      ; Inapplicable ; Pass         ; Inapplicable ; Inapplicable ; Inapplicable ; Inapplicable ; Pass         ; Inapplicable ; Inapplicable ; Inapplicable ; Inapplicable ; Pass         ; Inapplicable ; Inapplicable ; Inapplicable ; Inapplicable ; Inapplicable ; Pass      ; Inapplicable ; Inapplicable ;
; pre_mixed_text_out[126] ; Inapplicable ; Inapplicable ; Inapplicable ; Inapplicable ; Inapplicable ; Pass      ; Inapplicable ; Inapplicable ; Pass      ; Pass      ; Inapplicable ; Pass         ; Inapplicable ; Inapplicable ; Inapplicable ; Inapplicable ; Pass         ; Inapplicable ; Inapplicable ; Inapplicable ; Inapplicable ; Pass         ; Inapplicable ; Inapplicable ; Inapplicable ; Inapplicable ; Inapplicable ; Pass      ; Inapplicable ; Inapplicable ;
; pre_mixed_text_out[127] ; Inapplicable ; Inapplicable ; Inapplicable ; Inapplicable ; Inapplicable ; Pass      ; Inapplicable ; Inapplicable ; Pass      ; Pass      ; Inapplicable ; Pass         ; Inapplicable ; Inapplicable ; Inapplicable ; Inapplicable ; Pass         ; Inapplicable ; Inapplicable ; Inapplicable ; Inapplicable ; Pass         ; Inapplicable ; Inapplicable ; Inapplicable ; Inapplicable ; Inapplicable ; Pass      ; Inapplicable ; Inapplicable ;
; index_out[0]            ; Inapplicable ; Inapplicable ; Inapplicable ; Inapplicable ; Inapplicable ; Pass      ; Inapplicable ; Inapplicable ; Pass      ; Pass      ; Inapplicable ; Pass         ; Inapplicable ; Inapplicable ; Inapplicable ; Inapplicable ; Pass         ; Inapplicable ; Inapplicable ; Inapplicable ; Inapplicable ; Pass         ; Inapplicable ; Inapplicable ; Inapplicable ; Inapplicable ; Inapplicable ; Pass      ; Inapplicable ; Inapplicable ;
; index_out[1]            ; Inapplicable ; Inapplicable ; Inapplicable ; Inapplicable ; Inapplicable ; Pass      ; Inapplicable ; Inapplicable ; Pass      ; Pass      ; Inapplicable ; Pass         ; Inapplicable ; Inapplicable ; Inapplicable ; Inapplicable ; Pass         ; Inapplicable ; Inapplicable ; Inapplicable ; Inapplicable ; Pass         ; Inapplicable ; Inapplicable ; Inapplicable ; Inapplicable ; Inapplicable ; Pass      ; Inapplicable ; Inapplicable ;
; index_out[2]            ; Inapplicable ; Inapplicable ; Inapplicable ; Inapplicable ; Inapplicable ; Pass      ; Inapplicable ; Inapplicable ; Pass      ; Pass      ; Inapplicable ; Pass         ; Inapplicable ; Inapplicable ; Inapplicable ; Inapplicable ; Pass         ; Inapplicable ; Inapplicable ; Inapplicable ; Inapplicable ; Pass         ; Inapplicable ; Inapplicable ; Inapplicable ; Inapplicable ; Inapplicable ; Pass      ; Inapplicable ; Inapplicable ;
; index_out[3]            ; Inapplicable ; Inapplicable ; Inapplicable ; Inapplicable ; Inapplicable ; Pass      ; Inapplicable ; Inapplicable ; Pass      ; Pass      ; Inapplicable ; Pass         ; Inapplicable ; Inapplicable ; Inapplicable ; Inapplicable ; Pass         ; Inapplicable ; Inapplicable ; Inapplicable ; Inapplicable ; Pass         ; Inapplicable ; Inapplicable ; Inapplicable ; Inapplicable ; Inapplicable ; Pass      ; Inapplicable ; Inapplicable ;
; state_out[0]            ; Inapplicable ; Inapplicable ; Inapplicable ; Inapplicable ; Inapplicable ; Pass      ; Inapplicable ; Inapplicable ; Pass      ; Pass      ; Inapplicable ; Pass         ; Inapplicable ; Inapplicable ; Inapplicable ; Inapplicable ; Pass         ; Inapplicable ; Inapplicable ; Inapplicable ; Inapplicable ; Pass         ; Inapplicable ; Inapplicable ; Inapplicable ; Inapplicable ; Inapplicable ; Pass      ; Inapplicable ; Inapplicable ;
; state_out[1]            ; Inapplicable ; Inapplicable ; Inapplicable ; Inapplicable ; Inapplicable ; Pass      ; Inapplicable ; Inapplicable ; Pass      ; Pass      ; Inapplicable ; Pass         ; Inapplicable ; Inapplicable ; Inapplicable ; Inapplicable ; Pass         ; Inapplicable ; Inapplicable ; Inapplicable ; Inapplicable ; Pass         ; Inapplicable ; Inapplicable ; Inapplicable ; Inapplicable ; Inapplicable ; Pass      ; Inapplicable ; Inapplicable ;
; state_out[2]            ; Inapplicable ; Inapplicable ; Inapplicable ; Inapplicable ; Inapplicable ; Pass      ; Inapplicable ; Inapplicable ; Pass      ; Pass      ; Inapplicable ; Pass         ; Inapplicable ; Inapplicable ; Inapplicable ; Inapplicable ; Pass         ; Inapplicable ; Inapplicable ; Inapplicable ; Inapplicable ; Pass         ; Inapplicable ; Inapplicable ; Inapplicable ; Inapplicable ; Inapplicable ; Pass      ; Inapplicable ; Inapplicable ;
; sbox_out_test[0]        ; Inapplicable ; Inapplicable ; Inapplicable ; Inapplicable ; Inapplicable ; Pass      ; Inapplicable ; Inapplicable ; Pass      ; Pass      ; Inapplicable ; Pass         ; Inapplicable ; Inapplicable ; Inapplicable ; Inapplicable ; Pass         ; Inapplicable ; Inapplicable ; Inapplicable ; Inapplicable ; Pass         ; Inapplicable ; Inapplicable ; Inapplicable ; Inapplicable ; Inapplicable ; Pass      ; Inapplicable ; Inapplicable ;
; sbox_out_test[1]        ; Inapplicable ; Inapplicable ; Inapplicable ; Inapplicable ; Inapplicable ; Pass      ; Inapplicable ; Inapplicable ; Pass      ; Pass      ; Inapplicable ; Pass         ; Inapplicable ; Inapplicable ; Inapplicable ; Inapplicable ; Pass         ; Inapplicable ; Inapplicable ; Inapplicable ; Inapplicable ; Pass         ; Inapplicable ; Inapplicable ; Inapplicable ; Inapplicable ; Inapplicable ; Pass      ; Inapplicable ; Inapplicable ;
; sbox_out_test[2]        ; Inapplicable ; Inapplicable ; Inapplicable ; Inapplicable ; Inapplicable ; Pass      ; Inapplicable ; Inapplicable ; Pass      ; Pass      ; Inapplicable ; Pass         ; Inapplicable ; Inapplicable ; Inapplicable ; Inapplicable ; Pass         ; Inapplicable ; Inapplicable ; Inapplicable ; Inapplicable ; Pass         ; Inapplicable ; Inapplicable ; Inapplicable ; Inapplicable ; Inapplicable ; Pass      ; Inapplicable ; Inapplicable ;
; sbox_out_test[3]        ; Inapplicable ; Inapplicable ; Inapplicable ; Inapplicable ; Inapplicable ; Pass      ; Inapplicable ; Inapplicable ; Pass      ; Pass      ; Inapplicable ; Pass         ; Inapplicable ; Inapplicable ; Inapplicable ; Inapplicable ; Pass         ; Inapplicable ; Inapplicable ; Inapplicable ; Inapplicable ; Pass         ; Inapplicable ; Inapplicable ; Inapplicable ; Inapplicable ; Inapplicable ; Pass      ; Inapplicable ; Inapplicable ;
; sbox_out_test[4]        ; Inapplicable ; Inapplicable ; Inapplicable ; Inapplicable ; Inapplicable ; Pass      ; Inapplicable ; Inapplicable ; Pass      ; Pass      ; Inapplicable ; Pass         ; Inapplicable ; Inapplicable ; Inapplicable ; Inapplicable ; Pass         ; Inapplicable ; Inapplicable ; Inapplicable ; Inapplicable ; Pass         ; Inapplicable ; Inapplicable ; Inapplicable ; Inapplicable ; Inapplicable ; Pass      ; Inapplicable ; Inapplicable ;
; sbox_out_test[5]        ; Inapplicable ; Inapplicable ; Inapplicable ; Inapplicable ; Inapplicable ; Pass      ; Inapplicable ; Inapplicable ; Pass      ; Pass      ; Inapplicable ; Pass         ; Inapplicable ; Inapplicable ; Inapplicable ; Inapplicable ; Pass         ; Inapplicable ; Inapplicable ; Inapplicable ; Inapplicable ; Pass         ; Inapplicable ; Inapplicable ; Inapplicable ; Inapplicable ; Inapplicable ; Pass      ; Inapplicable ; Inapplicable ;
; sbox_out_test[6]        ; Inapplicable ; Inapplicable ; Inapplicable ; Inapplicable ; Inapplicable ; Pass      ; Inapplicable ; Inapplicable ; Pass      ; Pass      ; Inapplicable ; Pass         ; Inapplicable ; Inapplicable ; Inapplicable ; Inapplicable ; Pass         ; Inapplicable ; Inapplicable ; Inapplicable ; Inapplicable ; Pass         ; Inapplicable ; Inapplicable ; Inapplicable ; Inapplicable ; Inapplicable ; Pass      ; Inapplicable ; Inapplicable ;
; sbox_out_test[7]        ; Inapplicable ; Inapplicable ; Inapplicable ; Inapplicable ; Inapplicable ; Pass      ; Inapplicable ; Inapplicable ; Pass      ; Pass      ; Inapplicable ; Pass         ; Inapplicable ; Inapplicable ; Inapplicable ; Inapplicable ; Pass         ; Inapplicable ; Inapplicable ; Inapplicable ; Inapplicable ; Pass         ; Inapplicable ; Inapplicable ; Inapplicable ; Inapplicable ; Inapplicable ; Pass      ; Inapplicable ; Inapplicable ;
; ciphertext_out[0]       ; Inapplicable ; Inapplicable ; Inapplicable ; Inapplicable ; Inapplicable ; Pass      ; Inapplicable ; Inapplicable ; Pass      ; Pass      ; Inapplicable ; Pass         ; Inapplicable ; Inapplicable ; Inapplicable ; Inapplicable ; Pass         ; Inapplicable ; Inapplicable ; Inapplicable ; Inapplicable ; Pass         ; Inapplicable ; Inapplicable ; Inapplicable ; Inapplicable ; Inapplicable ; Pass      ; Inapplicable ; Inapplicable ;
; ciphertext_out[1]       ; Inapplicable ; Inapplicable ; Inapplicable ; Inapplicable ; Inapplicable ; Pass      ; Inapplicable ; Inapplicable ; Pass      ; Pass      ; Inapplicable ; Pass         ; Inapplicable ; Inapplicable ; Inapplicable ; Inapplicable ; Pass         ; Inapplicable ; Inapplicable ; Inapplicable ; Inapplicable ; Pass         ; Inapplicable ; Inapplicable ; Inapplicable ; Inapplicable ; Inapplicable ; Pass      ; Inapplicable ; Inapplicable ;
; ciphertext_out[2]       ; Inapplicable ; Inapplicable ; Inapplicable ; Inapplicable ; Inapplicable ; Pass      ; Inapplicable ; Inapplicable ; Pass      ; Pass      ; Inapplicable ; Pass         ; Inapplicable ; Inapplicable ; Inapplicable ; Inapplicable ; Pass         ; Inapplicable ; Inapplicable ; Inapplicable ; Inapplicable ; Pass         ; Inapplicable ; Inapplicable ; Inapplicable ; Inapplicable ; Inapplicable ; Pass      ; Inapplicable ; Inapplicable ;
; ciphertext_out[3]       ; Inapplicable ; Inapplicable ; Inapplicable ; Inapplicable ; Inapplicable ; Pass      ; Inapplicable ; Inapplicable ; Pass      ; Pass      ; Inapplicable ; Pass         ; Inapplicable ; Inapplicable ; Inapplicable ; Inapplicable ; Pass         ; Inapplicable ; Inapplicable ; Inapplicable ; Inapplicable ; Pass         ; Inapplicable ; Inapplicable ; Inapplicable ; Inapplicable ; Inapplicable ; Pass      ; Inapplicable ; Inapplicable ;
; ciphertext_out[4]       ; Inapplicable ; Inapplicable ; Inapplicable ; Inapplicable ; Inapplicable ; Pass      ; Inapplicable ; Inapplicable ; Pass      ; Pass      ; Inapplicable ; Pass         ; Inapplicable ; Inapplicable ; Inapplicable ; Inapplicable ; Pass         ; Inapplicable ; Inapplicable ; Inapplicable ; Inapplicable ; Pass         ; Inapplicable ; Inapplicable ; Inapplicable ; Inapplicable ; Inapplicable ; Pass      ; Inapplicable ; Inapplicable ;
; ciphertext_out[5]       ; Inapplicable ; Inapplicable ; Inapplicable ; Inapplicable ; Inapplicable ; Pass      ; Inapplicable ; Inapplicable ; Pass      ; Pass      ; Inapplicable ; Pass         ; Inapplicable ; Inapplicable ; Inapplicable ; Inapplicable ; Pass         ; Inapplicable ; Inapplicable ; Inapplicable ; Inapplicable ; Pass         ; Inapplicable ; Inapplicable ; Inapplicable ; Inapplicable ; Inapplicable ; Pass      ; Inapplicable ; Inapplicable ;
; ciphertext_out[6]       ; Inapplicable ; Inapplicable ; Inapplicable ; Inapplicable ; Inapplicable ; Pass      ; Inapplicable ; Inapplicable ; Pass      ; Pass      ; Inapplicable ; Pass         ; Inapplicable ; Inapplicable ; Inapplicable ; Inapplicable ; Pass         ; Inapplicable ; Inapplicable ; Inapplicable ; Inapplicable ; Pass         ; Inapplicable ; Inapplicable ; Inapplicable ; Inapplicable ; Inapplicable ; Pass      ; Inapplicable ; Inapplicable ;
; ciphertext_out[7]       ; Inapplicable ; Inapplicable ; Inapplicable ; Inapplicable ; Inapplicable ; Pass      ; Inapplicable ; Inapplicable ; Pass      ; Pass      ; Inapplicable ; Pass         ; Inapplicable ; Inapplicable ; Inapplicable ; Inapplicable ; Pass         ; Inapplicable ; Inapplicable ; Inapplicable ; Inapplicable ; Pass         ; Inapplicable ; Inapplicable ; Inapplicable ; Inapplicable ; Inapplicable ; Pass      ; Inapplicable ; Inapplicable ;
; ciphertext_out[8]       ; Inapplicable ; Inapplicable ; Inapplicable ; Inapplicable ; Inapplicable ; Pass      ; Inapplicable ; Inapplicable ; Pass      ; Pass      ; Inapplicable ; Pass         ; Inapplicable ; Inapplicable ; Inapplicable ; Inapplicable ; Pass         ; Inapplicable ; Inapplicable ; Inapplicable ; Inapplicable ; Pass         ; Inapplicable ; Inapplicable ; Inapplicable ; Inapplicable ; Inapplicable ; Pass      ; Inapplicable ; Inapplicable ;
; ciphertext_out[9]       ; Inapplicable ; Inapplicable ; Inapplicable ; Inapplicable ; Inapplicable ; Pass      ; Inapplicable ; Inapplicable ; Pass      ; Pass      ; Inapplicable ; Pass         ; Inapplicable ; Inapplicable ; Inapplicable ; Inapplicable ; Pass         ; Inapplicable ; Inapplicable ; Inapplicable ; Inapplicable ; Pass         ; Inapplicable ; Inapplicable ; Inapplicable ; Inapplicable ; Inapplicable ; Pass      ; Inapplicable ; Inapplicable ;
; ciphertext_out[10]      ; Inapplicable ; Inapplicable ; Inapplicable ; Inapplicable ; Inapplicable ; Pass      ; Inapplicable ; Inapplicable ; Pass      ; Pass      ; Inapplicable ; Pass         ; Inapplicable ; Inapplicable ; Inapplicable ; Inapplicable ; Pass         ; Inapplicable ; Inapplicable ; Inapplicable ; Inapplicable ; Pass         ; Inapplicable ; Inapplicable ; Inapplicable ; Inapplicable ; Inapplicable ; Pass      ; Inapplicable ; Inapplicable ;
; ciphertext_out[11]      ; Inapplicable ; Inapplicable ; Inapplicable ; Inapplicable ; Inapplicable ; Pass      ; Inapplicable ; Inapplicable ; Pass      ; Pass      ; Inapplicable ; Pass         ; Inapplicable ; Inapplicable ; Inapplicable ; Inapplicable ; Pass         ; Inapplicable ; Inapplicable ; Inapplicable ; Inapplicable ; Pass         ; Inapplicable ; Inapplicable ; Inapplicable ; Inapplicable ; Inapplicable ; Pass      ; Inapplicable ; Inapplicable ;
; ciphertext_out[12]      ; Inapplicable ; Inapplicable ; Inapplicable ; Inapplicable ; Inapplicable ; Pass      ; Inapplicable ; Inapplicable ; Pass      ; Pass      ; Inapplicable ; Pass         ; Inapplicable ; Inapplicable ; Inapplicable ; Inapplicable ; Pass         ; Inapplicable ; Inapplicable ; Inapplicable ; Inapplicable ; Pass         ; Inapplicable ; Inapplicable ; Inapplicable ; Inapplicable ; Inapplicable ; Pass      ; Inapplicable ; Inapplicable ;
; ciphertext_out[13]      ; Inapplicable ; Inapplicable ; Inapplicable ; Inapplicable ; Inapplicable ; Pass      ; Inapplicable ; Inapplicable ; Pass      ; Pass      ; Inapplicable ; Pass         ; Inapplicable ; Inapplicable ; Inapplicable ; Inapplicable ; Pass         ; Inapplicable ; Inapplicable ; Inapplicable ; Inapplicable ; Pass         ; Inapplicable ; Inapplicable ; Inapplicable ; Inapplicable ; Inapplicable ; Pass      ; Inapplicable ; Inapplicable ;
; ciphertext_out[14]      ; Inapplicable ; Inapplicable ; Inapplicable ; Inapplicable ; Inapplicable ; Pass      ; Inapplicable ; Inapplicable ; Pass      ; Pass      ; Inapplicable ; Pass         ; Inapplicable ; Inapplicable ; Inapplicable ; Inapplicable ; Pass         ; Inapplicable ; Inapplicable ; Inapplicable ; Inapplicable ; Pass         ; Inapplicable ; Inapplicable ; Inapplicable ; Inapplicable ; Inapplicable ; Pass      ; Inapplicable ; Inapplicable ;
; ciphertext_out[15]      ; Inapplicable ; Inapplicable ; Inapplicable ; Inapplicable ; Inapplicable ; Pass      ; Inapplicable ; Inapplicable ; Pass      ; Pass      ; Inapplicable ; Pass         ; Inapplicable ; Inapplicable ; Inapplicable ; Inapplicable ; Pass         ; Inapplicable ; Inapplicable ; Inapplicable ; Inapplicable ; Pass         ; Inapplicable ; Inapplicable ; Inapplicable ; Inapplicable ; Inapplicable ; Pass      ; Inapplicable ; Inapplicable ;
; ciphertext_out[16]      ; Inapplicable ; Inapplicable ; Inapplicable ; Inapplicable ; Inapplicable ; Pass      ; Inapplicable ; Inapplicable ; Pass      ; Pass      ; Inapplicable ; Pass         ; Inapplicable ; Inapplicable ; Inapplicable ; Inapplicable ; Pass         ; Inapplicable ; Inapplicable ; Inapplicable ; Inapplicable ; Pass         ; Inapplicable ; Inapplicable ; Inapplicable ; Inapplicable ; Inapplicable ; Pass      ; Inapplicable ; Inapplicable ;
; ciphertext_out[17]      ; Inapplicable ; Inapplicable ; Inapplicable ; Inapplicable ; Inapplicable ; Pass      ; Inapplicable ; Inapplicable ; Pass      ; Pass      ; Inapplicable ; Pass         ; Inapplicable ; Inapplicable ; Inapplicable ; Inapplicable ; Pass         ; Inapplicable ; Inapplicable ; Inapplicable ; Inapplicable ; Pass         ; Inapplicable ; Inapplicable ; Inapplicable ; Inapplicable ; Inapplicable ; Pass      ; Inapplicable ; Inapplicable ;
; ciphertext_out[18]      ; Inapplicable ; Inapplicable ; Inapplicable ; Inapplicable ; Inapplicable ; Pass      ; Inapplicable ; Inapplicable ; Pass      ; Pass      ; Inapplicable ; Pass         ; Inapplicable ; Inapplicable ; Inapplicable ; Inapplicable ; Pass         ; Inapplicable ; Inapplicable ; Inapplicable ; Inapplicable ; Pass         ; Inapplicable ; Inapplicable ; Inapplicable ; Inapplicable ; Inapplicable ; Pass      ; Inapplicable ; Inapplicable ;
; ciphertext_out[19]      ; Inapplicable ; Inapplicable ; Inapplicable ; Inapplicable ; Inapplicable ; Pass      ; Inapplicable ; Inapplicable ; Pass      ; Pass      ; Inapplicable ; Pass         ; Inapplicable ; Inapplicable ; Inapplicable ; Inapplicable ; Pass         ; Inapplicable ; Inapplicable ; Inapplicable ; Inapplicable ; Pass         ; Inapplicable ; Inapplicable ; Inapplicable ; Inapplicable ; Inapplicable ; Pass      ; Inapplicable ; Inapplicable ;
; ciphertext_out[20]      ; Inapplicable ; Inapplicable ; Inapplicable ; Inapplicable ; Inapplicable ; Pass      ; Inapplicable ; Inapplicable ; Pass      ; Pass      ; Inapplicable ; Pass         ; Inapplicable ; Inapplicable ; Inapplicable ; Inapplicable ; Pass         ; Inapplicable ; Inapplicable ; Inapplicable ; Inapplicable ; Pass         ; Inapplicable ; Inapplicable ; Inapplicable ; Inapplicable ; Inapplicable ; Pass      ; Inapplicable ; Inapplicable ;
; ciphertext_out[21]      ; Inapplicable ; Inapplicable ; Inapplicable ; Inapplicable ; Inapplicable ; Pass      ; Inapplicable ; Inapplicable ; Pass      ; Pass      ; Inapplicable ; Pass         ; Inapplicable ; Inapplicable ; Inapplicable ; Inapplicable ; Pass         ; Inapplicable ; Inapplicable ; Inapplicable ; Inapplicable ; Pass         ; Inapplicable ; Inapplicable ; Inapplicable ; Inapplicable ; Inapplicable ; Pass      ; Inapplicable ; Inapplicable ;
; ciphertext_out[22]      ; Inapplicable ; Inapplicable ; Inapplicable ; Inapplicable ; Inapplicable ; Pass      ; Inapplicable ; Inapplicable ; Pass      ; Pass      ; Inapplicable ; Pass         ; Inapplicable ; Inapplicable ; Inapplicable ; Inapplicable ; Pass         ; Inapplicable ; Inapplicable ; Inapplicable ; Inapplicable ; Pass         ; Inapplicable ; Inapplicable ; Inapplicable ; Inapplicable ; Inapplicable ; Pass      ; Inapplicable ; Inapplicable ;
; ciphertext_out[23]      ; Inapplicable ; Inapplicable ; Inapplicable ; Inapplicable ; Inapplicable ; Pass      ; Inapplicable ; Inapplicable ; Pass      ; Pass      ; Inapplicable ; Pass         ; Inapplicable ; Inapplicable ; Inapplicable ; Inapplicable ; Pass         ; Inapplicable ; Inapplicable ; Inapplicable ; Inapplicable ; Pass         ; Inapplicable ; Inapplicable ; Inapplicable ; Inapplicable ; Inapplicable ; Pass      ; Inapplicable ; Inapplicable ;
; ciphertext_out[24]      ; Inapplicable ; Inapplicable ; Inapplicable ; Inapplicable ; Inapplicable ; Pass      ; Inapplicable ; Inapplicable ; Pass      ; Pass      ; Inapplicable ; Pass         ; Inapplicable ; Inapplicable ; Inapplicable ; Inapplicable ; Pass         ; Inapplicable ; Inapplicable ; Inapplicable ; Inapplicable ; Pass         ; Inapplicable ; Inapplicable ; Inapplicable ; Inapplicable ; Inapplicable ; Pass      ; Inapplicable ; Inapplicable ;
; ciphertext_out[25]      ; Inapplicable ; Inapplicable ; Inapplicable ; Inapplicable ; Inapplicable ; Pass      ; Inapplicable ; Inapplicable ; Pass      ; Pass      ; Inapplicable ; Pass         ; Inapplicable ; Inapplicable ; Inapplicable ; Inapplicable ; Pass         ; Inapplicable ; Inapplicable ; Inapplicable ; Inapplicable ; Pass         ; Inapplicable ; Inapplicable ; Inapplicable ; Inapplicable ; Inapplicable ; Pass      ; Inapplicable ; Inapplicable ;
; ciphertext_out[26]      ; Inapplicable ; Inapplicable ; Inapplicable ; Inapplicable ; Inapplicable ; Pass      ; Inapplicable ; Inapplicable ; Pass      ; Pass      ; Inapplicable ; Pass         ; Inapplicable ; Inapplicable ; Inapplicable ; Inapplicable ; Pass         ; Inapplicable ; Inapplicable ; Inapplicable ; Inapplicable ; Pass         ; Inapplicable ; Inapplicable ; Inapplicable ; Inapplicable ; Inapplicable ; Pass      ; Inapplicable ; Inapplicable ;
; ciphertext_out[27]      ; Inapplicable ; Inapplicable ; Inapplicable ; Inapplicable ; Inapplicable ; Pass      ; Inapplicable ; Inapplicable ; Pass      ; Pass      ; Inapplicable ; Pass         ; Inapplicable ; Inapplicable ; Inapplicable ; Inapplicable ; Pass         ; Inapplicable ; Inapplicable ; Inapplicable ; Inapplicable ; Pass         ; Inapplicable ; Inapplicable ; Inapplicable ; Inapplicable ; Inapplicable ; Pass      ; Inapplicable ; Inapplicable ;
; ciphertext_out[28]      ; Inapplicable ; Inapplicable ; Inapplicable ; Inapplicable ; Inapplicable ; Pass      ; Inapplicable ; Inapplicable ; Pass      ; Pass      ; Inapplicable ; Pass         ; Inapplicable ; Inapplicable ; Inapplicable ; Inapplicable ; Pass         ; Inapplicable ; Inapplicable ; Inapplicable ; Inapplicable ; Pass         ; Inapplicable ; Inapplicable ; Inapplicable ; Inapplicable ; Inapplicable ; Pass      ; Inapplicable ; Inapplicable ;
; ciphertext_out[29]      ; Inapplicable ; Inapplicable ; Inapplicable ; Inapplicable ; Inapplicable ; Pass      ; Inapplicable ; Inapplicable ; Pass      ; Pass      ; Inapplicable ; Pass         ; Inapplicable ; Inapplicable ; Inapplicable ; Inapplicable ; Pass         ; Inapplicable ; Inapplicable ; Inapplicable ; Inapplicable ; Pass         ; Inapplicable ; Inapplicable ; Inapplicable ; Inapplicable ; Inapplicable ; Pass      ; Inapplicable ; Inapplicable ;
; ciphertext_out[30]      ; Inapplicable ; Inapplicable ; Inapplicable ; Inapplicable ; Inapplicable ; Pass      ; Inapplicable ; Inapplicable ; Pass      ; Pass      ; Inapplicable ; Pass         ; Inapplicable ; Inapplicable ; Inapplicable ; Inapplicable ; Pass         ; Inapplicable ; Inapplicable ; Inapplicable ; Inapplicable ; Pass         ; Inapplicable ; Inapplicable ; Inapplicable ; Inapplicable ; Inapplicable ; Pass      ; Inapplicable ; Inapplicable ;
; ciphertext_out[31]      ; Inapplicable ; Inapplicable ; Inapplicable ; Inapplicable ; Inapplicable ; Pass      ; Inapplicable ; Inapplicable ; Pass      ; Pass      ; Inapplicable ; Pass         ; Inapplicable ; Inapplicable ; Inapplicable ; Inapplicable ; Pass         ; Inapplicable ; Inapplicable ; Inapplicable ; Inapplicable ; Pass         ; Inapplicable ; Inapplicable ; Inapplicable ; Inapplicable ; Inapplicable ; Pass      ; Inapplicable ; Inapplicable ;
; ciphertext_out[32]      ; Inapplicable ; Inapplicable ; Inapplicable ; Inapplicable ; Inapplicable ; Pass      ; Inapplicable ; Inapplicable ; Pass      ; Pass      ; Inapplicable ; Pass         ; Inapplicable ; Inapplicable ; Inapplicable ; Inapplicable ; Pass         ; Inapplicable ; Inapplicable ; Inapplicable ; Inapplicable ; Pass         ; Inapplicable ; Inapplicable ; Inapplicable ; Inapplicable ; Inapplicable ; Pass      ; Inapplicable ; Inapplicable ;
; ciphertext_out[33]      ; Inapplicable ; Inapplicable ; Inapplicable ; Inapplicable ; Inapplicable ; Pass      ; Inapplicable ; Inapplicable ; Pass      ; Pass      ; Inapplicable ; Pass         ; Inapplicable ; Inapplicable ; Inapplicable ; Inapplicable ; Pass         ; Inapplicable ; Inapplicable ; Inapplicable ; Inapplicable ; Pass         ; Inapplicable ; Inapplicable ; Inapplicable ; Inapplicable ; Inapplicable ; Pass      ; Inapplicable ; Inapplicable ;
; ciphertext_out[34]      ; Inapplicable ; Inapplicable ; Inapplicable ; Inapplicable ; Inapplicable ; Pass      ; Inapplicable ; Inapplicable ; Pass      ; Pass      ; Inapplicable ; Pass         ; Inapplicable ; Inapplicable ; Inapplicable ; Inapplicable ; Pass         ; Inapplicable ; Inapplicable ; Inapplicable ; Inapplicable ; Pass         ; Inapplicable ; Inapplicable ; Inapplicable ; Inapplicable ; Inapplicable ; Pass      ; Inapplicable ; Inapplicable ;
; ciphertext_out[35]      ; Inapplicable ; Inapplicable ; Inapplicable ; Inapplicable ; Inapplicable ; Pass      ; Inapplicable ; Inapplicable ; Pass      ; Pass      ; Inapplicable ; Pass         ; Inapplicable ; Inapplicable ; Inapplicable ; Inapplicable ; Pass         ; Inapplicable ; Inapplicable ; Inapplicable ; Inapplicable ; Pass         ; Inapplicable ; Inapplicable ; Inapplicable ; Inapplicable ; Inapplicable ; Pass      ; Inapplicable ; Inapplicable ;
; ciphertext_out[36]      ; Inapplicable ; Inapplicable ; Inapplicable ; Inapplicable ; Inapplicable ; Pass      ; Inapplicable ; Inapplicable ; Pass      ; Pass      ; Inapplicable ; Pass         ; Inapplicable ; Inapplicable ; Inapplicable ; Inapplicable ; Pass         ; Inapplicable ; Inapplicable ; Inapplicable ; Inapplicable ; Pass         ; Inapplicable ; Inapplicable ; Inapplicable ; Inapplicable ; Inapplicable ; Pass      ; Inapplicable ; Inapplicable ;
; ciphertext_out[37]      ; Inapplicable ; Inapplicable ; Inapplicable ; Inapplicable ; Inapplicable ; Pass      ; Inapplicable ; Inapplicable ; Pass      ; Pass      ; Inapplicable ; Pass         ; Inapplicable ; Inapplicable ; Inapplicable ; Inapplicable ; Pass         ; Inapplicable ; Inapplicable ; Inapplicable ; Inapplicable ; Pass         ; Inapplicable ; Inapplicable ; Inapplicable ; Inapplicable ; Inapplicable ; Pass      ; Inapplicable ; Inapplicable ;
; ciphertext_out[38]      ; Inapplicable ; Inapplicable ; Inapplicable ; Inapplicable ; Inapplicable ; Pass      ; Inapplicable ; Inapplicable ; Pass      ; Pass      ; Inapplicable ; Pass         ; Inapplicable ; Inapplicable ; Inapplicable ; Inapplicable ; Pass         ; Inapplicable ; Inapplicable ; Inapplicable ; Inapplicable ; Pass         ; Inapplicable ; Inapplicable ; Inapplicable ; Inapplicable ; Inapplicable ; Pass      ; Inapplicable ; Inapplicable ;
; ciphertext_out[39]      ; Inapplicable ; Inapplicable ; Inapplicable ; Inapplicable ; Inapplicable ; Pass      ; Inapplicable ; Inapplicable ; Pass      ; Pass      ; Inapplicable ; Pass         ; Inapplicable ; Inapplicable ; Inapplicable ; Inapplicable ; Pass         ; Inapplicable ; Inapplicable ; Inapplicable ; Inapplicable ; Pass         ; Inapplicable ; Inapplicable ; Inapplicable ; Inapplicable ; Inapplicable ; Pass      ; Inapplicable ; Inapplicable ;
; ciphertext_out[40]      ; Inapplicable ; Inapplicable ; Inapplicable ; Inapplicable ; Inapplicable ; Pass      ; Inapplicable ; Inapplicable ; Pass      ; Pass      ; Inapplicable ; Pass         ; Inapplicable ; Inapplicable ; Inapplicable ; Inapplicable ; Pass         ; Inapplicable ; Inapplicable ; Inapplicable ; Inapplicable ; Pass         ; Inapplicable ; Inapplicable ; Inapplicable ; Inapplicable ; Inapplicable ; Pass      ; Inapplicable ; Inapplicable ;
; ciphertext_out[41]      ; Inapplicable ; Inapplicable ; Inapplicable ; Inapplicable ; Inapplicable ; Pass      ; Inapplicable ; Inapplicable ; Pass      ; Pass      ; Inapplicable ; Pass         ; Inapplicable ; Inapplicable ; Inapplicable ; Inapplicable ; Pass         ; Inapplicable ; Inapplicable ; Inapplicable ; Inapplicable ; Pass         ; Inapplicable ; Inapplicable ; Inapplicable ; Inapplicable ; Inapplicable ; Pass      ; Inapplicable ; Inapplicable ;
; ciphertext_out[42]      ; Inapplicable ; Inapplicable ; Inapplicable ; Inapplicable ; Inapplicable ; Pass      ; Inapplicable ; Inapplicable ; Pass      ; Pass      ; Inapplicable ; Pass         ; Inapplicable ; Inapplicable ; Inapplicable ; Inapplicable ; Pass         ; Inapplicable ; Inapplicable ; Inapplicable ; Inapplicable ; Pass         ; Inapplicable ; Inapplicable ; Inapplicable ; Inapplicable ; Inapplicable ; Pass      ; Inapplicable ; Inapplicable ;
; ciphertext_out[43]      ; Inapplicable ; Inapplicable ; Inapplicable ; Inapplicable ; Inapplicable ; Pass      ; Inapplicable ; Inapplicable ; Pass      ; Pass      ; Inapplicable ; Pass         ; Inapplicable ; Inapplicable ; Inapplicable ; Inapplicable ; Pass         ; Inapplicable ; Inapplicable ; Inapplicable ; Inapplicable ; Pass         ; Inapplicable ; Inapplicable ; Inapplicable ; Inapplicable ; Inapplicable ; Pass      ; Inapplicable ; Inapplicable ;
; ciphertext_out[44]      ; Inapplicable ; Inapplicable ; Inapplicable ; Inapplicable ; Inapplicable ; Pass      ; Inapplicable ; Inapplicable ; Pass      ; Pass      ; Inapplicable ; Pass         ; Inapplicable ; Inapplicable ; Inapplicable ; Inapplicable ; Pass         ; Inapplicable ; Inapplicable ; Inapplicable ; Inapplicable ; Pass         ; Inapplicable ; Inapplicable ; Inapplicable ; Inapplicable ; Inapplicable ; Pass      ; Inapplicable ; Inapplicable ;
; ciphertext_out[45]      ; Inapplicable ; Inapplicable ; Inapplicable ; Inapplicable ; Inapplicable ; Pass      ; Inapplicable ; Inapplicable ; Pass      ; Pass      ; Inapplicable ; Pass         ; Inapplicable ; Inapplicable ; Inapplicable ; Inapplicable ; Pass         ; Inapplicable ; Inapplicable ; Inapplicable ; Inapplicable ; Pass         ; Inapplicable ; Inapplicable ; Inapplicable ; Inapplicable ; Inapplicable ; Pass      ; Inapplicable ; Inapplicable ;
; ciphertext_out[46]      ; Inapplicable ; Inapplicable ; Inapplicable ; Inapplicable ; Inapplicable ; Pass      ; Inapplicable ; Inapplicable ; Pass      ; Pass      ; Inapplicable ; Pass         ; Inapplicable ; Inapplicable ; Inapplicable ; Inapplicable ; Pass         ; Inapplicable ; Inapplicable ; Inapplicable ; Inapplicable ; Pass         ; Inapplicable ; Inapplicable ; Inapplicable ; Inapplicable ; Inapplicable ; Pass      ; Inapplicable ; Inapplicable ;
; ciphertext_out[47]      ; Inapplicable ; Inapplicable ; Inapplicable ; Inapplicable ; Inapplicable ; Pass      ; Inapplicable ; Inapplicable ; Pass      ; Pass      ; Inapplicable ; Pass         ; Inapplicable ; Inapplicable ; Inapplicable ; Inapplicable ; Pass         ; Inapplicable ; Inapplicable ; Inapplicable ; Inapplicable ; Pass         ; Inapplicable ; Inapplicable ; Inapplicable ; Inapplicable ; Inapplicable ; Pass      ; Inapplicable ; Inapplicable ;
; ciphertext_out[48]      ; Inapplicable ; Inapplicable ; Inapplicable ; Inapplicable ; Inapplicable ; Pass      ; Inapplicable ; Inapplicable ; Pass      ; Pass      ; Inapplicable ; Pass         ; Inapplicable ; Inapplicable ; Inapplicable ; Inapplicable ; Pass         ; Inapplicable ; Inapplicable ; Inapplicable ; Inapplicable ; Pass         ; Inapplicable ; Inapplicable ; Inapplicable ; Inapplicable ; Inapplicable ; Pass      ; Inapplicable ; Inapplicable ;
; ciphertext_out[49]      ; Inapplicable ; Inapplicable ; Inapplicable ; Inapplicable ; Inapplicable ; Pass      ; Inapplicable ; Inapplicable ; Pass      ; Pass      ; Inapplicable ; Pass         ; Inapplicable ; Inapplicable ; Inapplicable ; Inapplicable ; Pass         ; Inapplicable ; Inapplicable ; Inapplicable ; Inapplicable ; Pass         ; Inapplicable ; Inapplicable ; Inapplicable ; Inapplicable ; Inapplicable ; Pass      ; Inapplicable ; Inapplicable ;
; ciphertext_out[50]      ; Inapplicable ; Inapplicable ; Inapplicable ; Inapplicable ; Inapplicable ; Pass      ; Inapplicable ; Inapplicable ; Pass      ; Pass      ; Inapplicable ; Pass         ; Inapplicable ; Inapplicable ; Inapplicable ; Inapplicable ; Pass         ; Inapplicable ; Inapplicable ; Inapplicable ; Inapplicable ; Pass         ; Inapplicable ; Inapplicable ; Inapplicable ; Inapplicable ; Inapplicable ; Pass      ; Inapplicable ; Inapplicable ;
; ciphertext_out[51]      ; Inapplicable ; Inapplicable ; Inapplicable ; Inapplicable ; Inapplicable ; Pass      ; Inapplicable ; Inapplicable ; Pass      ; Pass      ; Inapplicable ; Pass         ; Inapplicable ; Inapplicable ; Inapplicable ; Inapplicable ; Pass         ; Inapplicable ; Inapplicable ; Inapplicable ; Inapplicable ; Pass         ; Inapplicable ; Inapplicable ; Inapplicable ; Inapplicable ; Inapplicable ; Pass      ; Inapplicable ; Inapplicable ;
; ciphertext_out[52]      ; Inapplicable ; Inapplicable ; Inapplicable ; Inapplicable ; Inapplicable ; Pass      ; Inapplicable ; Inapplicable ; Pass      ; Pass      ; Inapplicable ; Pass         ; Inapplicable ; Inapplicable ; Inapplicable ; Inapplicable ; Pass         ; Inapplicable ; Inapplicable ; Inapplicable ; Inapplicable ; Pass         ; Inapplicable ; Inapplicable ; Inapplicable ; Inapplicable ; Inapplicable ; Pass      ; Inapplicable ; Inapplicable ;
; ciphertext_out[53]      ; Inapplicable ; Inapplicable ; Inapplicable ; Inapplicable ; Inapplicable ; Pass      ; Inapplicable ; Inapplicable ; Pass      ; Pass      ; Inapplicable ; Pass         ; Inapplicable ; Inapplicable ; Inapplicable ; Inapplicable ; Pass         ; Inapplicable ; Inapplicable ; Inapplicable ; Inapplicable ; Pass         ; Inapplicable ; Inapplicable ; Inapplicable ; Inapplicable ; Inapplicable ; Pass      ; Inapplicable ; Inapplicable ;
; ciphertext_out[54]      ; Inapplicable ; Inapplicable ; Inapplicable ; Inapplicable ; Inapplicable ; Pass      ; Inapplicable ; Inapplicable ; Pass      ; Pass      ; Inapplicable ; Pass         ; Inapplicable ; Inapplicable ; Inapplicable ; Inapplicable ; Pass         ; Inapplicable ; Inapplicable ; Inapplicable ; Inapplicable ; Pass         ; Inapplicable ; Inapplicable ; Inapplicable ; Inapplicable ; Inapplicable ; Pass      ; Inapplicable ; Inapplicable ;
; ciphertext_out[55]      ; Inapplicable ; Inapplicable ; Inapplicable ; Inapplicable ; Inapplicable ; Pass      ; Inapplicable ; Inapplicable ; Pass      ; Pass      ; Inapplicable ; Pass         ; Inapplicable ; Inapplicable ; Inapplicable ; Inapplicable ; Pass         ; Inapplicable ; Inapplicable ; Inapplicable ; Inapplicable ; Pass         ; Inapplicable ; Inapplicable ; Inapplicable ; Inapplicable ; Inapplicable ; Pass      ; Inapplicable ; Inapplicable ;
; ciphertext_out[56]      ; Inapplicable ; Inapplicable ; Inapplicable ; Inapplicable ; Inapplicable ; Pass      ; Inapplicable ; Inapplicable ; Pass      ; Pass      ; Inapplicable ; Pass         ; Inapplicable ; Inapplicable ; Inapplicable ; Inapplicable ; Pass         ; Inapplicable ; Inapplicable ; Inapplicable ; Inapplicable ; Pass         ; Inapplicable ; Inapplicable ; Inapplicable ; Inapplicable ; Inapplicable ; Pass      ; Inapplicable ; Inapplicable ;
; ciphertext_out[57]      ; Inapplicable ; Inapplicable ; Inapplicable ; Inapplicable ; Inapplicable ; Pass      ; Inapplicable ; Inapplicable ; Pass      ; Pass      ; Inapplicable ; Pass         ; Inapplicable ; Inapplicable ; Inapplicable ; Inapplicable ; Pass         ; Inapplicable ; Inapplicable ; Inapplicable ; Inapplicable ; Pass         ; Inapplicable ; Inapplicable ; Inapplicable ; Inapplicable ; Inapplicable ; Pass      ; Inapplicable ; Inapplicable ;
; ciphertext_out[58]      ; Inapplicable ; Inapplicable ; Inapplicable ; Inapplicable ; Inapplicable ; Pass      ; Inapplicable ; Inapplicable ; Pass      ; Pass      ; Inapplicable ; Pass         ; Inapplicable ; Inapplicable ; Inapplicable ; Inapplicable ; Pass         ; Inapplicable ; Inapplicable ; Inapplicable ; Inapplicable ; Pass         ; Inapplicable ; Inapplicable ; Inapplicable ; Inapplicable ; Inapplicable ; Pass      ; Inapplicable ; Inapplicable ;
; ciphertext_out[59]      ; Inapplicable ; Inapplicable ; Inapplicable ; Inapplicable ; Inapplicable ; Pass      ; Inapplicable ; Inapplicable ; Pass      ; Pass      ; Inapplicable ; Pass         ; Inapplicable ; Inapplicable ; Inapplicable ; Inapplicable ; Pass         ; Inapplicable ; Inapplicable ; Inapplicable ; Inapplicable ; Pass         ; Inapplicable ; Inapplicable ; Inapplicable ; Inapplicable ; Inapplicable ; Pass      ; Inapplicable ; Inapplicable ;
; ciphertext_out[60]      ; Inapplicable ; Inapplicable ; Inapplicable ; Inapplicable ; Inapplicable ; Pass      ; Inapplicable ; Inapplicable ; Pass      ; Pass      ; Inapplicable ; Pass         ; Inapplicable ; Inapplicable ; Inapplicable ; Inapplicable ; Pass         ; Inapplicable ; Inapplicable ; Inapplicable ; Inapplicable ; Pass         ; Inapplicable ; Inapplicable ; Inapplicable ; Inapplicable ; Inapplicable ; Pass      ; Inapplicable ; Inapplicable ;
; ciphertext_out[61]      ; Inapplicable ; Inapplicable ; Inapplicable ; Inapplicable ; Inapplicable ; Pass      ; Inapplicable ; Inapplicable ; Pass      ; Pass      ; Inapplicable ; Pass         ; Inapplicable ; Inapplicable ; Inapplicable ; Inapplicable ; Pass         ; Inapplicable ; Inapplicable ; Inapplicable ; Inapplicable ; Pass         ; Inapplicable ; Inapplicable ; Inapplicable ; Inapplicable ; Inapplicable ; Pass      ; Inapplicable ; Inapplicable ;
; ciphertext_out[62]      ; Inapplicable ; Inapplicable ; Inapplicable ; Inapplicable ; Inapplicable ; Pass      ; Inapplicable ; Inapplicable ; Pass      ; Pass      ; Inapplicable ; Pass         ; Inapplicable ; Inapplicable ; Inapplicable ; Inapplicable ; Pass         ; Inapplicable ; Inapplicable ; Inapplicable ; Inapplicable ; Pass         ; Inapplicable ; Inapplicable ; Inapplicable ; Inapplicable ; Inapplicable ; Pass      ; Inapplicable ; Inapplicable ;
; ciphertext_out[63]      ; Inapplicable ; Inapplicable ; Inapplicable ; Inapplicable ; Inapplicable ; Pass      ; Inapplicable ; Inapplicable ; Pass      ; Pass      ; Inapplicable ; Pass         ; Inapplicable ; Inapplicable ; Inapplicable ; Inapplicable ; Pass         ; Inapplicable ; Inapplicable ; Inapplicable ; Inapplicable ; Pass         ; Inapplicable ; Inapplicable ; Inapplicable ; Inapplicable ; Inapplicable ; Pass      ; Inapplicable ; Inapplicable ;
; ciphertext_out[64]      ; Inapplicable ; Inapplicable ; Inapplicable ; Inapplicable ; Inapplicable ; Pass      ; Inapplicable ; Inapplicable ; Pass      ; Pass      ; Inapplicable ; Pass         ; Inapplicable ; Inapplicable ; Inapplicable ; Inapplicable ; Pass         ; Inapplicable ; Inapplicable ; Inapplicable ; Inapplicable ; Pass         ; Inapplicable ; Inapplicable ; Inapplicable ; Inapplicable ; Inapplicable ; Pass      ; Inapplicable ; Inapplicable ;
; ciphertext_out[65]      ; Inapplicable ; Inapplicable ; Inapplicable ; Inapplicable ; Inapplicable ; Pass      ; Inapplicable ; Inapplicable ; Pass      ; Pass      ; Inapplicable ; Pass         ; Inapplicable ; Inapplicable ; Inapplicable ; Inapplicable ; Pass         ; Inapplicable ; Inapplicable ; Inapplicable ; Inapplicable ; Pass         ; Inapplicable ; Inapplicable ; Inapplicable ; Inapplicable ; Inapplicable ; Pass      ; Inapplicable ; Inapplicable ;
; ciphertext_out[66]      ; Inapplicable ; Inapplicable ; Inapplicable ; Inapplicable ; Inapplicable ; Pass      ; Inapplicable ; Inapplicable ; Pass      ; Pass      ; Inapplicable ; Pass         ; Inapplicable ; Inapplicable ; Inapplicable ; Inapplicable ; Pass         ; Inapplicable ; Inapplicable ; Inapplicable ; Inapplicable ; Pass         ; Inapplicable ; Inapplicable ; Inapplicable ; Inapplicable ; Inapplicable ; Pass      ; Inapplicable ; Inapplicable ;
; ciphertext_out[67]      ; Inapplicable ; Inapplicable ; Inapplicable ; Inapplicable ; Inapplicable ; Pass      ; Inapplicable ; Inapplicable ; Pass      ; Pass      ; Inapplicable ; Pass         ; Inapplicable ; Inapplicable ; Inapplicable ; Inapplicable ; Pass         ; Inapplicable ; Inapplicable ; Inapplicable ; Inapplicable ; Pass         ; Inapplicable ; Inapplicable ; Inapplicable ; Inapplicable ; Inapplicable ; Pass      ; Inapplicable ; Inapplicable ;
; ciphertext_out[68]      ; Inapplicable ; Inapplicable ; Inapplicable ; Inapplicable ; Inapplicable ; Pass      ; Inapplicable ; Inapplicable ; Pass      ; Pass      ; Inapplicable ; Pass         ; Inapplicable ; Inapplicable ; Inapplicable ; Inapplicable ; Pass         ; Inapplicable ; Inapplicable ; Inapplicable ; Inapplicable ; Pass         ; Inapplicable ; Inapplicable ; Inapplicable ; Inapplicable ; Inapplicable ; Pass      ; Inapplicable ; Inapplicable ;
; ciphertext_out[69]      ; Inapplicable ; Inapplicable ; Inapplicable ; Inapplicable ; Inapplicable ; Pass      ; Inapplicable ; Inapplicable ; Pass      ; Pass      ; Inapplicable ; Pass         ; Inapplicable ; Inapplicable ; Inapplicable ; Inapplicable ; Pass         ; Inapplicable ; Inapplicable ; Inapplicable ; Inapplicable ; Pass         ; Inapplicable ; Inapplicable ; Inapplicable ; Inapplicable ; Inapplicable ; Pass      ; Inapplicable ; Inapplicable ;
; ciphertext_out[70]      ; Inapplicable ; Inapplicable ; Inapplicable ; Inapplicable ; Inapplicable ; Pass      ; Inapplicable ; Inapplicable ; Pass      ; Pass      ; Inapplicable ; Pass         ; Inapplicable ; Inapplicable ; Inapplicable ; Inapplicable ; Pass         ; Inapplicable ; Inapplicable ; Inapplicable ; Inapplicable ; Pass         ; Inapplicable ; Inapplicable ; Inapplicable ; Inapplicable ; Inapplicable ; Pass      ; Inapplicable ; Inapplicable ;
; ciphertext_out[71]      ; Inapplicable ; Inapplicable ; Inapplicable ; Inapplicable ; Inapplicable ; Pass      ; Inapplicable ; Inapplicable ; Pass      ; Pass      ; Inapplicable ; Pass         ; Inapplicable ; Inapplicable ; Inapplicable ; Inapplicable ; Pass         ; Inapplicable ; Inapplicable ; Inapplicable ; Inapplicable ; Pass         ; Inapplicable ; Inapplicable ; Inapplicable ; Inapplicable ; Inapplicable ; Pass      ; Inapplicable ; Inapplicable ;
; ciphertext_out[72]      ; Inapplicable ; Inapplicable ; Inapplicable ; Inapplicable ; Inapplicable ; Pass      ; Inapplicable ; Inapplicable ; Pass      ; Pass      ; Inapplicable ; Pass         ; Inapplicable ; Inapplicable ; Inapplicable ; Inapplicable ; Pass         ; Inapplicable ; Inapplicable ; Inapplicable ; Inapplicable ; Pass         ; Inapplicable ; Inapplicable ; Inapplicable ; Inapplicable ; Inapplicable ; Pass      ; Inapplicable ; Inapplicable ;
; ciphertext_out[73]      ; Inapplicable ; Inapplicable ; Inapplicable ; Inapplicable ; Inapplicable ; Pass      ; Inapplicable ; Inapplicable ; Pass      ; Pass      ; Inapplicable ; Pass         ; Inapplicable ; Inapplicable ; Inapplicable ; Inapplicable ; Pass         ; Inapplicable ; Inapplicable ; Inapplicable ; Inapplicable ; Pass         ; Inapplicable ; Inapplicable ; Inapplicable ; Inapplicable ; Inapplicable ; Pass      ; Inapplicable ; Inapplicable ;
; ciphertext_out[74]      ; Inapplicable ; Inapplicable ; Inapplicable ; Inapplicable ; Inapplicable ; Pass      ; Inapplicable ; Inapplicable ; Pass      ; Pass      ; Inapplicable ; Pass         ; Inapplicable ; Inapplicable ; Inapplicable ; Inapplicable ; Pass         ; Inapplicable ; Inapplicable ; Inapplicable ; Inapplicable ; Pass         ; Inapplicable ; Inapplicable ; Inapplicable ; Inapplicable ; Inapplicable ; Pass      ; Inapplicable ; Inapplicable ;
; ciphertext_out[75]      ; Inapplicable ; Inapplicable ; Inapplicable ; Inapplicable ; Inapplicable ; Pass      ; Inapplicable ; Inapplicable ; Pass      ; Pass      ; Inapplicable ; Pass         ; Inapplicable ; Inapplicable ; Inapplicable ; Inapplicable ; Pass         ; Inapplicable ; Inapplicable ; Inapplicable ; Inapplicable ; Pass         ; Inapplicable ; Inapplicable ; Inapplicable ; Inapplicable ; Inapplicable ; Pass      ; Inapplicable ; Inapplicable ;
; ciphertext_out[76]      ; Inapplicable ; Inapplicable ; Inapplicable ; Inapplicable ; Inapplicable ; Pass      ; Inapplicable ; Inapplicable ; Pass      ; Pass      ; Inapplicable ; Pass         ; Inapplicable ; Inapplicable ; Inapplicable ; Inapplicable ; Pass         ; Inapplicable ; Inapplicable ; Inapplicable ; Inapplicable ; Pass         ; Inapplicable ; Inapplicable ; Inapplicable ; Inapplicable ; Inapplicable ; Pass      ; Inapplicable ; Inapplicable ;
; ciphertext_out[77]      ; Inapplicable ; Inapplicable ; Inapplicable ; Inapplicable ; Inapplicable ; Pass      ; Inapplicable ; Inapplicable ; Pass      ; Pass      ; Inapplicable ; Pass         ; Inapplicable ; Inapplicable ; Inapplicable ; Inapplicable ; Pass         ; Inapplicable ; Inapplicable ; Inapplicable ; Inapplicable ; Pass         ; Inapplicable ; Inapplicable ; Inapplicable ; Inapplicable ; Inapplicable ; Pass      ; Inapplicable ; Inapplicable ;
; ciphertext_out[78]      ; Inapplicable ; Inapplicable ; Inapplicable ; Inapplicable ; Inapplicable ; Pass      ; Inapplicable ; Inapplicable ; Pass      ; Pass      ; Inapplicable ; Pass         ; Inapplicable ; Inapplicable ; Inapplicable ; Inapplicable ; Pass         ; Inapplicable ; Inapplicable ; Inapplicable ; Inapplicable ; Pass         ; Inapplicable ; Inapplicable ; Inapplicable ; Inapplicable ; Inapplicable ; Pass      ; Inapplicable ; Inapplicable ;
; ciphertext_out[79]      ; Inapplicable ; Inapplicable ; Inapplicable ; Inapplicable ; Inapplicable ; Pass      ; Inapplicable ; Inapplicable ; Pass      ; Pass      ; Inapplicable ; Pass         ; Inapplicable ; Inapplicable ; Inapplicable ; Inapplicable ; Pass         ; Inapplicable ; Inapplicable ; Inapplicable ; Inapplicable ; Pass         ; Inapplicable ; Inapplicable ; Inapplicable ; Inapplicable ; Inapplicable ; Pass      ; Inapplicable ; Inapplicable ;
; ciphertext_out[80]      ; Inapplicable ; Inapplicable ; Inapplicable ; Inapplicable ; Inapplicable ; Pass      ; Inapplicable ; Inapplicable ; Pass      ; Pass      ; Inapplicable ; Pass         ; Inapplicable ; Inapplicable ; Inapplicable ; Inapplicable ; Pass         ; Inapplicable ; Inapplicable ; Inapplicable ; Inapplicable ; Pass         ; Inapplicable ; Inapplicable ; Inapplicable ; Inapplicable ; Inapplicable ; Pass      ; Inapplicable ; Inapplicable ;
; ciphertext_out[81]      ; Inapplicable ; Inapplicable ; Inapplicable ; Inapplicable ; Inapplicable ; Pass      ; Inapplicable ; Inapplicable ; Pass      ; Pass      ; Inapplicable ; Pass         ; Inapplicable ; Inapplicable ; Inapplicable ; Inapplicable ; Pass         ; Inapplicable ; Inapplicable ; Inapplicable ; Inapplicable ; Pass         ; Inapplicable ; Inapplicable ; Inapplicable ; Inapplicable ; Inapplicable ; Pass      ; Inapplicable ; Inapplicable ;
; ciphertext_out[82]      ; Inapplicable ; Inapplicable ; Inapplicable ; Inapplicable ; Inapplicable ; Pass      ; Inapplicable ; Inapplicable ; Pass      ; Pass      ; Inapplicable ; Pass         ; Inapplicable ; Inapplicable ; Inapplicable ; Inapplicable ; Pass         ; Inapplicable ; Inapplicable ; Inapplicable ; Inapplicable ; Pass         ; Inapplicable ; Inapplicable ; Inapplicable ; Inapplicable ; Inapplicable ; Pass      ; Inapplicable ; Inapplicable ;
; ciphertext_out[83]      ; Inapplicable ; Inapplicable ; Inapplicable ; Inapplicable ; Inapplicable ; Pass      ; Inapplicable ; Inapplicable ; Pass      ; Pass      ; Inapplicable ; Pass         ; Inapplicable ; Inapplicable ; Inapplicable ; Inapplicable ; Pass         ; Inapplicable ; Inapplicable ; Inapplicable ; Inapplicable ; Pass         ; Inapplicable ; Inapplicable ; Inapplicable ; Inapplicable ; Inapplicable ; Pass      ; Inapplicable ; Inapplicable ;
; ciphertext_out[84]      ; Inapplicable ; Inapplicable ; Inapplicable ; Inapplicable ; Inapplicable ; Pass      ; Inapplicable ; Inapplicable ; Pass      ; Pass      ; Inapplicable ; Pass         ; Inapplicable ; Inapplicable ; Inapplicable ; Inapplicable ; Pass         ; Inapplicable ; Inapplicable ; Inapplicable ; Inapplicable ; Pass         ; Inapplicable ; Inapplicable ; Inapplicable ; Inapplicable ; Inapplicable ; Pass      ; Inapplicable ; Inapplicable ;
; ciphertext_out[85]      ; Inapplicable ; Inapplicable ; Inapplicable ; Inapplicable ; Inapplicable ; Pass      ; Inapplicable ; Inapplicable ; Pass      ; Pass      ; Inapplicable ; Pass         ; Inapplicable ; Inapplicable ; Inapplicable ; Inapplicable ; Pass         ; Inapplicable ; Inapplicable ; Inapplicable ; Inapplicable ; Pass         ; Inapplicable ; Inapplicable ; Inapplicable ; Inapplicable ; Inapplicable ; Pass      ; Inapplicable ; Inapplicable ;
; ciphertext_out[86]      ; Inapplicable ; Inapplicable ; Inapplicable ; Inapplicable ; Inapplicable ; Pass      ; Inapplicable ; Inapplicable ; Pass      ; Pass      ; Inapplicable ; Pass         ; Inapplicable ; Inapplicable ; Inapplicable ; Inapplicable ; Pass         ; Inapplicable ; Inapplicable ; Inapplicable ; Inapplicable ; Pass         ; Inapplicable ; Inapplicable ; Inapplicable ; Inapplicable ; Inapplicable ; Pass      ; Inapplicable ; Inapplicable ;
; ciphertext_out[87]      ; Inapplicable ; Inapplicable ; Inapplicable ; Inapplicable ; Inapplicable ; Pass      ; Inapplicable ; Inapplicable ; Pass      ; Pass      ; Inapplicable ; Pass         ; Inapplicable ; Inapplicable ; Inapplicable ; Inapplicable ; Pass         ; Inapplicable ; Inapplicable ; Inapplicable ; Inapplicable ; Pass         ; Inapplicable ; Inapplicable ; Inapplicable ; Inapplicable ; Inapplicable ; Pass      ; Inapplicable ; Inapplicable ;
; ciphertext_out[88]      ; Inapplicable ; Inapplicable ; Inapplicable ; Inapplicable ; Inapplicable ; Pass      ; Inapplicable ; Inapplicable ; Pass      ; Pass      ; Inapplicable ; Pass         ; Inapplicable ; Inapplicable ; Inapplicable ; Inapplicable ; Pass         ; Inapplicable ; Inapplicable ; Inapplicable ; Inapplicable ; Pass         ; Inapplicable ; Inapplicable ; Inapplicable ; Inapplicable ; Inapplicable ; Pass      ; Inapplicable ; Inapplicable ;
; ciphertext_out[89]      ; Inapplicable ; Inapplicable ; Inapplicable ; Inapplicable ; Inapplicable ; Pass      ; Inapplicable ; Inapplicable ; Pass      ; Pass      ; Inapplicable ; Pass         ; Inapplicable ; Inapplicable ; Inapplicable ; Inapplicable ; Pass         ; Inapplicable ; Inapplicable ; Inapplicable ; Inapplicable ; Pass         ; Inapplicable ; Inapplicable ; Inapplicable ; Inapplicable ; Inapplicable ; Pass      ; Inapplicable ; Inapplicable ;
; ciphertext_out[90]      ; Inapplicable ; Inapplicable ; Inapplicable ; Inapplicable ; Inapplicable ; Pass      ; Inapplicable ; Inapplicable ; Pass      ; Pass      ; Inapplicable ; Pass         ; Inapplicable ; Inapplicable ; Inapplicable ; Inapplicable ; Pass         ; Inapplicable ; Inapplicable ; Inapplicable ; Inapplicable ; Pass         ; Inapplicable ; Inapplicable ; Inapplicable ; Inapplicable ; Inapplicable ; Pass      ; Inapplicable ; Inapplicable ;
; ciphertext_out[91]      ; Inapplicable ; Inapplicable ; Inapplicable ; Inapplicable ; Inapplicable ; Pass      ; Inapplicable ; Inapplicable ; Pass      ; Pass      ; Inapplicable ; Pass         ; Inapplicable ; Inapplicable ; Inapplicable ; Inapplicable ; Pass         ; Inapplicable ; Inapplicable ; Inapplicable ; Inapplicable ; Pass         ; Inapplicable ; Inapplicable ; Inapplicable ; Inapplicable ; Inapplicable ; Pass      ; Inapplicable ; Inapplicable ;
; ciphertext_out[92]      ; Inapplicable ; Inapplicable ; Inapplicable ; Inapplicable ; Inapplicable ; Pass      ; Inapplicable ; Inapplicable ; Pass      ; Pass      ; Inapplicable ; Pass         ; Inapplicable ; Inapplicable ; Inapplicable ; Inapplicable ; Pass         ; Inapplicable ; Inapplicable ; Inapplicable ; Inapplicable ; Pass         ; Inapplicable ; Inapplicable ; Inapplicable ; Inapplicable ; Inapplicable ; Pass      ; Inapplicable ; Inapplicable ;
; ciphertext_out[93]      ; Inapplicable ; Inapplicable ; Inapplicable ; Inapplicable ; Inapplicable ; Pass      ; Inapplicable ; Inapplicable ; Pass      ; Pass      ; Inapplicable ; Pass         ; Inapplicable ; Inapplicable ; Inapplicable ; Inapplicable ; Pass         ; Inapplicable ; Inapplicable ; Inapplicable ; Inapplicable ; Pass         ; Inapplicable ; Inapplicable ; Inapplicable ; Inapplicable ; Inapplicable ; Pass      ; Inapplicable ; Inapplicable ;
; ciphertext_out[94]      ; Inapplicable ; Inapplicable ; Inapplicable ; Inapplicable ; Inapplicable ; Pass      ; Inapplicable ; Inapplicable ; Pass      ; Pass      ; Inapplicable ; Pass         ; Inapplicable ; Inapplicable ; Inapplicable ; Inapplicable ; Pass         ; Inapplicable ; Inapplicable ; Inapplicable ; Inapplicable ; Pass         ; Inapplicable ; Inapplicable ; Inapplicable ; Inapplicable ; Inapplicable ; Pass      ; Inapplicable ; Inapplicable ;
; ciphertext_out[95]      ; Inapplicable ; Inapplicable ; Inapplicable ; Inapplicable ; Inapplicable ; Pass      ; Inapplicable ; Inapplicable ; Pass      ; Pass      ; Inapplicable ; Pass         ; Inapplicable ; Inapplicable ; Inapplicable ; Inapplicable ; Pass         ; Inapplicable ; Inapplicable ; Inapplicable ; Inapplicable ; Pass         ; Inapplicable ; Inapplicable ; Inapplicable ; Inapplicable ; Inapplicable ; Pass      ; Inapplicable ; Inapplicable ;
; ciphertext_out[96]      ; Inapplicable ; Inapplicable ; Inapplicable ; Inapplicable ; Inapplicable ; Pass      ; Inapplicable ; Inapplicable ; Pass      ; Pass      ; Inapplicable ; Pass         ; Inapplicable ; Inapplicable ; Inapplicable ; Inapplicable ; Pass         ; Inapplicable ; Inapplicable ; Inapplicable ; Inapplicable ; Pass         ; Inapplicable ; Inapplicable ; Inapplicable ; Inapplicable ; Inapplicable ; Pass      ; Inapplicable ; Inapplicable ;
; ciphertext_out[97]      ; Inapplicable ; Inapplicable ; Inapplicable ; Inapplicable ; Inapplicable ; Pass      ; Inapplicable ; Inapplicable ; Pass      ; Pass      ; Inapplicable ; Pass         ; Inapplicable ; Inapplicable ; Inapplicable ; Inapplicable ; Pass         ; Inapplicable ; Inapplicable ; Inapplicable ; Inapplicable ; Pass         ; Inapplicable ; Inapplicable ; Inapplicable ; Inapplicable ; Inapplicable ; Pass      ; Inapplicable ; Inapplicable ;
; ciphertext_out[98]      ; Inapplicable ; Inapplicable ; Inapplicable ; Inapplicable ; Inapplicable ; Pass      ; Inapplicable ; Inapplicable ; Pass      ; Pass      ; Inapplicable ; Pass         ; Inapplicable ; Inapplicable ; Inapplicable ; Inapplicable ; Pass         ; Inapplicable ; Inapplicable ; Inapplicable ; Inapplicable ; Pass         ; Inapplicable ; Inapplicable ; Inapplicable ; Inapplicable ; Inapplicable ; Pass      ; Inapplicable ; Inapplicable ;
; ciphertext_out[99]      ; Inapplicable ; Inapplicable ; Inapplicable ; Inapplicable ; Inapplicable ; Pass      ; Inapplicable ; Inapplicable ; Pass      ; Pass      ; Inapplicable ; Pass         ; Inapplicable ; Inapplicable ; Inapplicable ; Inapplicable ; Pass         ; Inapplicable ; Inapplicable ; Inapplicable ; Inapplicable ; Pass         ; Inapplicable ; Inapplicable ; Inapplicable ; Inapplicable ; Inapplicable ; Pass      ; Inapplicable ; Inapplicable ;
; ciphertext_out[100]     ; Inapplicable ; Inapplicable ; Inapplicable ; Inapplicable ; Inapplicable ; Pass      ; Inapplicable ; Inapplicable ; Pass      ; Pass      ; Inapplicable ; Pass         ; Inapplicable ; Inapplicable ; Inapplicable ; Inapplicable ; Pass         ; Inapplicable ; Inapplicable ; Inapplicable ; Inapplicable ; Pass         ; Inapplicable ; Inapplicable ; Inapplicable ; Inapplicable ; Inapplicable ; Pass      ; Inapplicable ; Inapplicable ;
; ciphertext_out[101]     ; Inapplicable ; Inapplicable ; Inapplicable ; Inapplicable ; Inapplicable ; Pass      ; Inapplicable ; Inapplicable ; Pass      ; Pass      ; Inapplicable ; Pass         ; Inapplicable ; Inapplicable ; Inapplicable ; Inapplicable ; Pass         ; Inapplicable ; Inapplicable ; Inapplicable ; Inapplicable ; Pass         ; Inapplicable ; Inapplicable ; Inapplicable ; Inapplicable ; Inapplicable ; Pass      ; Inapplicable ; Inapplicable ;
; ciphertext_out[102]     ; Inapplicable ; Inapplicable ; Inapplicable ; Inapplicable ; Inapplicable ; Pass      ; Inapplicable ; Inapplicable ; Pass      ; Pass      ; Inapplicable ; Pass         ; Inapplicable ; Inapplicable ; Inapplicable ; Inapplicable ; Pass         ; Inapplicable ; Inapplicable ; Inapplicable ; Inapplicable ; Pass         ; Inapplicable ; Inapplicable ; Inapplicable ; Inapplicable ; Inapplicable ; Pass      ; Inapplicable ; Inapplicable ;
; ciphertext_out[103]     ; Inapplicable ; Inapplicable ; Inapplicable ; Inapplicable ; Inapplicable ; Pass      ; Inapplicable ; Inapplicable ; Pass      ; Pass      ; Inapplicable ; Pass         ; Inapplicable ; Inapplicable ; Inapplicable ; Inapplicable ; Pass         ; Inapplicable ; Inapplicable ; Inapplicable ; Inapplicable ; Pass         ; Inapplicable ; Inapplicable ; Inapplicable ; Inapplicable ; Inapplicable ; Pass      ; Inapplicable ; Inapplicable ;
; ciphertext_out[104]     ; Inapplicable ; Inapplicable ; Inapplicable ; Inapplicable ; Inapplicable ; Pass      ; Inapplicable ; Inapplicable ; Pass      ; Pass      ; Inapplicable ; Pass         ; Inapplicable ; Inapplicable ; Inapplicable ; Inapplicable ; Pass         ; Inapplicable ; Inapplicable ; Inapplicable ; Inapplicable ; Pass         ; Inapplicable ; Inapplicable ; Inapplicable ; Inapplicable ; Inapplicable ; Pass      ; Inapplicable ; Inapplicable ;
; ciphertext_out[105]     ; Inapplicable ; Inapplicable ; Inapplicable ; Inapplicable ; Inapplicable ; Pass      ; Inapplicable ; Inapplicable ; Pass      ; Pass      ; Inapplicable ; Pass         ; Inapplicable ; Inapplicable ; Inapplicable ; Inapplicable ; Pass         ; Inapplicable ; Inapplicable ; Inapplicable ; Inapplicable ; Pass         ; Inapplicable ; Inapplicable ; Inapplicable ; Inapplicable ; Inapplicable ; Pass      ; Inapplicable ; Inapplicable ;
; ciphertext_out[106]     ; Inapplicable ; Inapplicable ; Inapplicable ; Inapplicable ; Inapplicable ; Pass      ; Inapplicable ; Inapplicable ; Pass      ; Pass      ; Inapplicable ; Pass         ; Inapplicable ; Inapplicable ; Inapplicable ; Inapplicable ; Pass         ; Inapplicable ; Inapplicable ; Inapplicable ; Inapplicable ; Pass         ; Inapplicable ; Inapplicable ; Inapplicable ; Inapplicable ; Inapplicable ; Pass      ; Inapplicable ; Inapplicable ;
; ciphertext_out[107]     ; Inapplicable ; Inapplicable ; Inapplicable ; Inapplicable ; Inapplicable ; Pass      ; Inapplicable ; Inapplicable ; Pass      ; Pass      ; Inapplicable ; Pass         ; Inapplicable ; Inapplicable ; Inapplicable ; Inapplicable ; Pass         ; Inapplicable ; Inapplicable ; Inapplicable ; Inapplicable ; Pass         ; Inapplicable ; Inapplicable ; Inapplicable ; Inapplicable ; Inapplicable ; Pass      ; Inapplicable ; Inapplicable ;
; ciphertext_out[108]     ; Inapplicable ; Inapplicable ; Inapplicable ; Inapplicable ; Inapplicable ; Pass      ; Inapplicable ; Inapplicable ; Pass      ; Pass      ; Inapplicable ; Pass         ; Inapplicable ; Inapplicable ; Inapplicable ; Inapplicable ; Pass         ; Inapplicable ; Inapplicable ; Inapplicable ; Inapplicable ; Pass         ; Inapplicable ; Inapplicable ; Inapplicable ; Inapplicable ; Inapplicable ; Pass      ; Inapplicable ; Inapplicable ;
; ciphertext_out[109]     ; Inapplicable ; Inapplicable ; Inapplicable ; Inapplicable ; Inapplicable ; Pass      ; Inapplicable ; Inapplicable ; Pass      ; Pass      ; Inapplicable ; Pass         ; Inapplicable ; Inapplicable ; Inapplicable ; Inapplicable ; Pass         ; Inapplicable ; Inapplicable ; Inapplicable ; Inapplicable ; Pass         ; Inapplicable ; Inapplicable ; Inapplicable ; Inapplicable ; Inapplicable ; Pass      ; Inapplicable ; Inapplicable ;
; ciphertext_out[110]     ; Inapplicable ; Inapplicable ; Inapplicable ; Inapplicable ; Inapplicable ; Pass      ; Inapplicable ; Inapplicable ; Pass      ; Pass      ; Inapplicable ; Pass         ; Inapplicable ; Inapplicable ; Inapplicable ; Inapplicable ; Pass         ; Inapplicable ; Inapplicable ; Inapplicable ; Inapplicable ; Pass         ; Inapplicable ; Inapplicable ; Inapplicable ; Inapplicable ; Inapplicable ; Pass      ; Inapplicable ; Inapplicable ;
; ciphertext_out[111]     ; Inapplicable ; Inapplicable ; Inapplicable ; Inapplicable ; Inapplicable ; Pass      ; Inapplicable ; Inapplicable ; Pass      ; Pass      ; Inapplicable ; Pass         ; Inapplicable ; Inapplicable ; Inapplicable ; Inapplicable ; Pass         ; Inapplicable ; Inapplicable ; Inapplicable ; Inapplicable ; Pass         ; Inapplicable ; Inapplicable ; Inapplicable ; Inapplicable ; Inapplicable ; Pass      ; Inapplicable ; Inapplicable ;
; ciphertext_out[112]     ; Inapplicable ; Inapplicable ; Inapplicable ; Inapplicable ; Inapplicable ; Pass      ; Inapplicable ; Inapplicable ; Pass      ; Pass      ; Inapplicable ; Pass         ; Inapplicable ; Inapplicable ; Inapplicable ; Inapplicable ; Pass         ; Inapplicable ; Inapplicable ; Inapplicable ; Inapplicable ; Pass         ; Inapplicable ; Inapplicable ; Inapplicable ; Inapplicable ; Inapplicable ; Pass      ; Inapplicable ; Inapplicable ;
; ciphertext_out[113]     ; Inapplicable ; Inapplicable ; Inapplicable ; Inapplicable ; Inapplicable ; Pass      ; Inapplicable ; Inapplicable ; Pass      ; Pass      ; Inapplicable ; Pass         ; Inapplicable ; Inapplicable ; Inapplicable ; Inapplicable ; Pass         ; Inapplicable ; Inapplicable ; Inapplicable ; Inapplicable ; Pass         ; Inapplicable ; Inapplicable ; Inapplicable ; Inapplicable ; Inapplicable ; Pass      ; Inapplicable ; Inapplicable ;
; ciphertext_out[114]     ; Inapplicable ; Inapplicable ; Inapplicable ; Inapplicable ; Inapplicable ; Pass      ; Inapplicable ; Inapplicable ; Pass      ; Pass      ; Inapplicable ; Pass         ; Inapplicable ; Inapplicable ; Inapplicable ; Inapplicable ; Pass         ; Inapplicable ; Inapplicable ; Inapplicable ; Inapplicable ; Pass         ; Inapplicable ; Inapplicable ; Inapplicable ; Inapplicable ; Inapplicable ; Pass      ; Inapplicable ; Inapplicable ;
; ciphertext_out[115]     ; Inapplicable ; Inapplicable ; Inapplicable ; Inapplicable ; Inapplicable ; Pass      ; Inapplicable ; Inapplicable ; Pass      ; Pass      ; Inapplicable ; Pass         ; Inapplicable ; Inapplicable ; Inapplicable ; Inapplicable ; Pass         ; Inapplicable ; Inapplicable ; Inapplicable ; Inapplicable ; Pass         ; Inapplicable ; Inapplicable ; Inapplicable ; Inapplicable ; Inapplicable ; Pass      ; Inapplicable ; Inapplicable ;
; ciphertext_out[116]     ; Inapplicable ; Inapplicable ; Inapplicable ; Inapplicable ; Inapplicable ; Pass      ; Inapplicable ; Inapplicable ; Pass      ; Pass      ; Inapplicable ; Pass         ; Inapplicable ; Inapplicable ; Inapplicable ; Inapplicable ; Pass         ; Inapplicable ; Inapplicable ; Inapplicable ; Inapplicable ; Pass         ; Inapplicable ; Inapplicable ; Inapplicable ; Inapplicable ; Inapplicable ; Pass      ; Inapplicable ; Inapplicable ;
; ciphertext_out[117]     ; Inapplicable ; Inapplicable ; Inapplicable ; Inapplicable ; Inapplicable ; Pass      ; Inapplicable ; Inapplicable ; Pass      ; Pass      ; Inapplicable ; Pass         ; Inapplicable ; Inapplicable ; Inapplicable ; Inapplicable ; Pass         ; Inapplicable ; Inapplicable ; Inapplicable ; Inapplicable ; Pass         ; Inapplicable ; Inapplicable ; Inapplicable ; Inapplicable ; Inapplicable ; Pass      ; Inapplicable ; Inapplicable ;
; ciphertext_out[118]     ; Inapplicable ; Inapplicable ; Inapplicable ; Inapplicable ; Inapplicable ; Pass      ; Inapplicable ; Inapplicable ; Pass      ; Pass      ; Inapplicable ; Pass         ; Inapplicable ; Inapplicable ; Inapplicable ; Inapplicable ; Pass         ; Inapplicable ; Inapplicable ; Inapplicable ; Inapplicable ; Pass         ; Inapplicable ; Inapplicable ; Inapplicable ; Inapplicable ; Inapplicable ; Pass      ; Inapplicable ; Inapplicable ;
; ciphertext_out[119]     ; Inapplicable ; Inapplicable ; Inapplicable ; Inapplicable ; Inapplicable ; Pass      ; Inapplicable ; Inapplicable ; Pass      ; Pass      ; Inapplicable ; Pass         ; Inapplicable ; Inapplicable ; Inapplicable ; Inapplicable ; Pass         ; Inapplicable ; Inapplicable ; Inapplicable ; Inapplicable ; Pass         ; Inapplicable ; Inapplicable ; Inapplicable ; Inapplicable ; Inapplicable ; Pass      ; Inapplicable ; Inapplicable ;
; ciphertext_out[120]     ; Inapplicable ; Inapplicable ; Inapplicable ; Inapplicable ; Inapplicable ; Pass      ; Inapplicable ; Inapplicable ; Pass      ; Pass      ; Inapplicable ; Pass         ; Inapplicable ; Inapplicable ; Inapplicable ; Inapplicable ; Pass         ; Inapplicable ; Inapplicable ; Inapplicable ; Inapplicable ; Pass         ; Inapplicable ; Inapplicable ; Inapplicable ; Inapplicable ; Inapplicable ; Pass      ; Inapplicable ; Inapplicable ;
; ciphertext_out[121]     ; Inapplicable ; Inapplicable ; Inapplicable ; Inapplicable ; Inapplicable ; Pass      ; Inapplicable ; Inapplicable ; Pass      ; Pass      ; Inapplicable ; Pass         ; Inapplicable ; Inapplicable ; Inapplicable ; Inapplicable ; Pass         ; Inapplicable ; Inapplicable ; Inapplicable ; Inapplicable ; Pass         ; Inapplicable ; Inapplicable ; Inapplicable ; Inapplicable ; Inapplicable ; Pass      ; Inapplicable ; Inapplicable ;
; ciphertext_out[122]     ; Inapplicable ; Inapplicable ; Inapplicable ; Inapplicable ; Inapplicable ; Pass      ; Inapplicable ; Inapplicable ; Pass      ; Pass      ; Inapplicable ; Pass         ; Inapplicable ; Inapplicable ; Inapplicable ; Inapplicable ; Pass         ; Inapplicable ; Inapplicable ; Inapplicable ; Inapplicable ; Pass         ; Inapplicable ; Inapplicable ; Inapplicable ; Inapplicable ; Inapplicable ; Pass      ; Inapplicable ; Inapplicable ;
; ciphertext_out[123]     ; Inapplicable ; Inapplicable ; Inapplicable ; Inapplicable ; Inapplicable ; Pass      ; Inapplicable ; Inapplicable ; Pass      ; Pass      ; Inapplicable ; Pass         ; Inapplicable ; Inapplicable ; Inapplicable ; Inapplicable ; Pass         ; Inapplicable ; Inapplicable ; Inapplicable ; Inapplicable ; Pass         ; Inapplicable ; Inapplicable ; Inapplicable ; Inapplicable ; Inapplicable ; Pass      ; Inapplicable ; Inapplicable ;
; ciphertext_out[124]     ; Inapplicable ; Inapplicable ; Inapplicable ; Inapplicable ; Inapplicable ; Pass      ; Inapplicable ; Inapplicable ; Pass      ; Pass      ; Inapplicable ; Pass         ; Inapplicable ; Inapplicable ; Inapplicable ; Inapplicable ; Pass         ; Inapplicable ; Inapplicable ; Inapplicable ; Inapplicable ; Pass         ; Inapplicable ; Inapplicable ; Inapplicable ; Inapplicable ; Inapplicable ; Pass      ; Inapplicable ; Inapplicable ;
; ciphertext_out[125]     ; Inapplicable ; Inapplicable ; Inapplicable ; Inapplicable ; Inapplicable ; Pass      ; Inapplicable ; Inapplicable ; Pass      ; Pass      ; Inapplicable ; Pass         ; Inapplicable ; Inapplicable ; Inapplicable ; Inapplicable ; Pass         ; Inapplicable ; Inapplicable ; Inapplicable ; Inapplicable ; Pass         ; Inapplicable ; Inapplicable ; Inapplicable ; Inapplicable ; Inapplicable ; Pass      ; Inapplicable ; Inapplicable ;
; ciphertext_out[126]     ; Inapplicable ; Inapplicable ; Inapplicable ; Inapplicable ; Inapplicable ; Pass      ; Inapplicable ; Inapplicable ; Pass      ; Pass      ; Inapplicable ; Pass         ; Inapplicable ; Inapplicable ; Inapplicable ; Inapplicable ; Pass         ; Inapplicable ; Inapplicable ; Inapplicable ; Inapplicable ; Pass         ; Inapplicable ; Inapplicable ; Inapplicable ; Inapplicable ; Inapplicable ; Pass      ; Inapplicable ; Inapplicable ;
; ciphertext_out[127]     ; Inapplicable ; Inapplicable ; Inapplicable ; Inapplicable ; Inapplicable ; Pass      ; Inapplicable ; Inapplicable ; Pass      ; Pass      ; Inapplicable ; Pass         ; Inapplicable ; Inapplicable ; Inapplicable ; Inapplicable ; Pass         ; Inapplicable ; Inapplicable ; Inapplicable ; Inapplicable ; Pass         ; Inapplicable ; Inapplicable ; Inapplicable ; Inapplicable ; Inapplicable ; Pass      ; Inapplicable ; Inapplicable ;
; clk                     ; Inapplicable ; Inapplicable ; Inapplicable ; Inapplicable ; Inapplicable ; Pass      ; Inapplicable ; Inapplicable ; Pass      ; Pass      ; Inapplicable ; Inapplicable ; Inapplicable ; Inapplicable ; Pass         ; Inapplicable ; Inapplicable ; Pass         ; Inapplicable ; Inapplicable ; Inapplicable ; Inapplicable ; Inapplicable ; Inapplicable ; Inapplicable ; Inapplicable ; Inapplicable ; Pass      ; Inapplicable ; Inapplicable ;
; reset                   ; Inapplicable ; Inapplicable ; Inapplicable ; Inapplicable ; Inapplicable ; Pass      ; Inapplicable ; Inapplicable ; Pass      ; Pass      ; Inapplicable ; Inapplicable ; Inapplicable ; Inapplicable ; Pass         ; Inapplicable ; Inapplicable ; Pass         ; Inapplicable ; Inapplicable ; Inapplicable ; Inapplicable ; Inapplicable ; Inapplicable ; Inapplicable ; Inapplicable ; Inapplicable ; Pass      ; Inapplicable ; Inapplicable ;
; start                   ; Inapplicable ; Inapplicable ; Inapplicable ; Inapplicable ; Inapplicable ; Pass      ; Inapplicable ; Inapplicable ; Pass      ; Pass      ; Inapplicable ; Inapplicable ; Inapplicable ; Inapplicable ; Pass         ; Inapplicable ; Inapplicable ; Pass         ; Inapplicable ; Inapplicable ; Inapplicable ; Inapplicable ; Inapplicable ; Inapplicable ; Inapplicable ; Inapplicable ; Inapplicable ; Pass      ; Inapplicable ; Inapplicable ;
; AES_version[1]          ; Inapplicable ; Inapplicable ; Inapplicable ; Inapplicable ; Inapplicable ; Pass      ; Inapplicable ; Inapplicable ; Pass      ; Pass      ; Inapplicable ; Inapplicable ; Inapplicable ; Inapplicable ; Pass         ; Inapplicable ; Inapplicable ; Pass         ; Inapplicable ; Inapplicable ; Inapplicable ; Inapplicable ; Inapplicable ; Inapplicable ; Inapplicable ; Inapplicable ; Inapplicable ; Pass      ; Inapplicable ; Inapplicable ;
; AES_version[0]          ; Inapplicable ; Inapplicable ; Inapplicable ; Inapplicable ; Inapplicable ; Pass      ; Inapplicable ; Inapplicable ; Pass      ; Pass      ; Inapplicable ; Inapplicable ; Inapplicable ; Inapplicable ; Pass         ; Inapplicable ; Inapplicable ; Pass         ; Inapplicable ; Inapplicable ; Inapplicable ; Inapplicable ; Inapplicable ; Inapplicable ; Inapplicable ; Inapplicable ; Inapplicable ; Pass      ; Inapplicable ; Inapplicable ;
+-------------------------+--------------+--------------+--------------+--------------+--------------+-----------+--------------+--------------+-----------+-----------+--------------+--------------+--------------+--------------+--------------+--------------+--------------+--------------+--------------+--------------+--------------+--------------+--------------+--------------+--------------+--------------+--------------+-----------+--------------+--------------+


+---------------------------------------------------------------------------------------------+
; Fitter Device Options                                                                       ;
+------------------------------------------------------------------+--------------------------+
; Option                                                           ; Setting                  ;
+------------------------------------------------------------------+--------------------------+
; Enable user-supplied start-up clock (CLKUSR)                     ; Off                      ;
; Enable device-wide reset (DEV_CLRn)                              ; Off                      ;
; Enable device-wide output enable (DEV_OE)                        ; Off                      ;
; Enable INIT_DONE output                                          ; Off                      ;
; Configuration scheme                                             ; Active Serial            ;
; Error detection CRC                                              ; Off                      ;
; Enable open drain on CRC_ERROR pin                               ; Off                      ;
; Enable input tri-state on active configuration pins in user mode ; Off                      ;
; Configuration Voltage Level                                      ; Auto                     ;
; Force Configuration Voltage Level                                ; Off                      ;
; nCEO                                                             ; As output driving ground ;
; Data[0]                                                          ; As input tri-stated      ;
; Data[1]/ASDO                                                     ; As input tri-stated      ;
; Data[7..2]                                                       ; Unreserved               ;
; FLASH_nCE/nCSO                                                   ; As input tri-stated      ;
; Other Active Parallel pins                                       ; Unreserved               ;
; DCLK                                                             ; As output driving ground ;
; Base pin-out file on sameframe device                            ; Off                      ;
+------------------------------------------------------------------+--------------------------+


+------------------------------------+
; Operating Settings and Conditions  ;
+---------------------------+--------+
; Setting                   ; Value  ;
+---------------------------+--------+
; Nominal Core Voltage      ; 1.20 V ;
; Low Junction Temperature  ; 0 °C   ;
; High Junction Temperature ; 85 °C  ;
+---------------------------+--------+


+------------------------------------------------------------+
; Estimated Delay Added for Hold Timing Summary              ;
+-----------------+----------------------+-------------------+
; Source Clock(s) ; Destination Clock(s) ; Delay Added in ns ;
+-----------------+----------------------+-------------------+
Note: For more information on problematic transfers, consider running the Fitter again with the Optimize hold timing option (Settings Menu) turned off.
This will disable optimization of problematic paths and expose them for further analysis using either the TimeQuest Timing Analyzer or the Classic Timing Analyzer.


+------------------------------------------------------------+
; Estimated Delay Added for Hold Timing Details              ;
+-----------------+----------------------+-------------------+
; Source Register ; Destination Register ; Delay Added in ns ;
+-----------------+----------------------+-------------------+
; state.DONE      ; done_o~reg0          ; 0.027             ;
; state.START_s   ; enable_sbox          ; 0.016             ;
; state.DEC_ROUND ; enable_sbox          ; 0.012             ;
+-----------------+----------------------+-------------------+
Note: This table only shows the top 3 path(s) that have the largest delay added for hold.


+-----------------+
; Fitter Messages ;
+-----------------+
Warning (20028): Parallel compilation is not licensed and has been disabled
Info (119006): Selected device EP4CE115F29C7 for design "desencriptador"
Info (21077): Low junction temperature is 0 degrees C
Info (21077): High junction temperature is 85 degrees C
Info (171003): Fitter is performing an Auto Fit compilation, which may decrease Fitter effort to reduce compilation time
Warning (292013): Feature LogicLock is only available with a valid subscription license. You can purchase a software subscription to gain full access to this feature.
Info (176444): Device migration not selected. If you intend to use device migration later, you may need to change the pin assignments as they may be incompatible with other devices
    Info (176445): Device EP4CE40F29C7 is compatible
    Info (176445): Device EP4CE40F29I7 is compatible
    Info (176445): Device EP4CE30F29C7 is compatible
    Info (176445): Device EP4CE30F29I7 is compatible
    Info (176445): Device EP4CE55F29C7 is compatible
    Info (176445): Device EP4CE55F29I7 is compatible
    Info (176445): Device EP4CE75F29C7 is compatible
    Info (176445): Device EP4CE75F29I7 is compatible
    Info (176445): Device EP4CE115F29I7 is compatible
Info (169124): Fitter converted 5 user pins into dedicated programming pins
    Info (169125): Pin ~ALTERA_ASDO_DATA1~ is reserved at location F4
    Info (169125): Pin ~ALTERA_FLASH_nCE_nCSO~ is reserved at location E2
    Info (169125): Pin ~ALTERA_DCLK~ is reserved at location P3
    Info (169125): Pin ~ALTERA_DATA0~ is reserved at location N7
    Info (169125): Pin ~ALTERA_nCEO~ is reserved at location P28
Warning (15714): Some pins have incomplete I/O assignments. Refer to the I/O Assignment Warnings report for details
Info (176045): Design uses memory blocks. Violating setup or hold times of memory block address registers for either read or write operations could cause memory contents to be corrupted. Make sure that all memory block address registers meet the setup and hold time requirements.
Critical Warning (169085): No exact pin location assignment(s) for 405 pins of 405 total pins
    Info (169086): Pin done_o not assigned to an exact location on the device
    Info (169086): Pin reg_text_out[0] not assigned to an exact location on the device
    Info (169086): Pin reg_text_out[1] not assigned to an exact location on the device
    Info (169086): Pin reg_text_out[2] not assigned to an exact location on the device
    Info (169086): Pin reg_text_out[3] not assigned to an exact location on the device
    Info (169086): Pin reg_text_out[4] not assigned to an exact location on the device
    Info (169086): Pin reg_text_out[5] not assigned to an exact location on the device
    Info (169086): Pin reg_text_out[6] not assigned to an exact location on the device
    Info (169086): Pin reg_text_out[7] not assigned to an exact location on the device
    Info (169086): Pin reg_text_out[8] not assigned to an exact location on the device
    Info (169086): Pin reg_text_out[9] not assigned to an exact location on the device
    Info (169086): Pin reg_text_out[10] not assigned to an exact location on the device
    Info (169086): Pin reg_text_out[11] not assigned to an exact location on the device
    Info (169086): Pin reg_text_out[12] not assigned to an exact location on the device
    Info (169086): Pin reg_text_out[13] not assigned to an exact location on the device
    Info (169086): Pin reg_text_out[14] not assigned to an exact location on the device
    Info (169086): Pin reg_text_out[15] not assigned to an exact location on the device
    Info (169086): Pin reg_text_out[16] not assigned to an exact location on the device
    Info (169086): Pin reg_text_out[17] not assigned to an exact location on the device
    Info (169086): Pin reg_text_out[18] not assigned to an exact location on the device
    Info (169086): Pin reg_text_out[19] not assigned to an exact location on the device
    Info (169086): Pin reg_text_out[20] not assigned to an exact location on the device
    Info (169086): Pin reg_text_out[21] not assigned to an exact location on the device
    Info (169086): Pin reg_text_out[22] not assigned to an exact location on the device
    Info (169086): Pin reg_text_out[23] not assigned to an exact location on the device
    Info (169086): Pin reg_text_out[24] not assigned to an exact location on the device
    Info (169086): Pin reg_text_out[25] not assigned to an exact location on the device
    Info (169086): Pin reg_text_out[26] not assigned to an exact location on the device
    Info (169086): Pin reg_text_out[27] not assigned to an exact location on the device
    Info (169086): Pin reg_text_out[28] not assigned to an exact location on the device
    Info (169086): Pin reg_text_out[29] not assigned to an exact location on the device
    Info (169086): Pin reg_text_out[30] not assigned to an exact location on the device
    Info (169086): Pin reg_text_out[31] not assigned to an exact location on the device
    Info (169086): Pin reg_text_out[32] not assigned to an exact location on the device
    Info (169086): Pin reg_text_out[33] not assigned to an exact location on the device
    Info (169086): Pin reg_text_out[34] not assigned to an exact location on the device
    Info (169086): Pin reg_text_out[35] not assigned to an exact location on the device
    Info (169086): Pin reg_text_out[36] not assigned to an exact location on the device
    Info (169086): Pin reg_text_out[37] not assigned to an exact location on the device
    Info (169086): Pin reg_text_out[38] not assigned to an exact location on the device
    Info (169086): Pin reg_text_out[39] not assigned to an exact location on the device
    Info (169086): Pin reg_text_out[40] not assigned to an exact location on the device
    Info (169086): Pin reg_text_out[41] not assigned to an exact location on the device
    Info (169086): Pin reg_text_out[42] not assigned to an exact location on the device
    Info (169086): Pin reg_text_out[43] not assigned to an exact location on the device
    Info (169086): Pin reg_text_out[44] not assigned to an exact location on the device
    Info (169086): Pin reg_text_out[45] not assigned to an exact location on the device
    Info (169086): Pin reg_text_out[46] not assigned to an exact location on the device
    Info (169086): Pin reg_text_out[47] not assigned to an exact location on the device
    Info (169086): Pin reg_text_out[48] not assigned to an exact location on the device
    Info (169086): Pin reg_text_out[49] not assigned to an exact location on the device
    Info (169086): Pin reg_text_out[50] not assigned to an exact location on the device
    Info (169086): Pin reg_text_out[51] not assigned to an exact location on the device
    Info (169086): Pin reg_text_out[52] not assigned to an exact location on the device
    Info (169086): Pin reg_text_out[53] not assigned to an exact location on the device
    Info (169086): Pin reg_text_out[54] not assigned to an exact location on the device
    Info (169086): Pin reg_text_out[55] not assigned to an exact location on the device
    Info (169086): Pin reg_text_out[56] not assigned to an exact location on the device
    Info (169086): Pin reg_text_out[57] not assigned to an exact location on the device
    Info (169086): Pin reg_text_out[58] not assigned to an exact location on the device
    Info (169086): Pin reg_text_out[59] not assigned to an exact location on the device
    Info (169086): Pin reg_text_out[60] not assigned to an exact location on the device
    Info (169086): Pin reg_text_out[61] not assigned to an exact location on the device
    Info (169086): Pin reg_text_out[62] not assigned to an exact location on the device
    Info (169086): Pin reg_text_out[63] not assigned to an exact location on the device
    Info (169086): Pin reg_text_out[64] not assigned to an exact location on the device
    Info (169086): Pin reg_text_out[65] not assigned to an exact location on the device
    Info (169086): Pin reg_text_out[66] not assigned to an exact location on the device
    Info (169086): Pin reg_text_out[67] not assigned to an exact location on the device
    Info (169086): Pin reg_text_out[68] not assigned to an exact location on the device
    Info (169086): Pin reg_text_out[69] not assigned to an exact location on the device
    Info (169086): Pin reg_text_out[70] not assigned to an exact location on the device
    Info (169086): Pin reg_text_out[71] not assigned to an exact location on the device
    Info (169086): Pin reg_text_out[72] not assigned to an exact location on the device
    Info (169086): Pin reg_text_out[73] not assigned to an exact location on the device
    Info (169086): Pin reg_text_out[74] not assigned to an exact location on the device
    Info (169086): Pin reg_text_out[75] not assigned to an exact location on the device
    Info (169086): Pin reg_text_out[76] not assigned to an exact location on the device
    Info (169086): Pin reg_text_out[77] not assigned to an exact location on the device
    Info (169086): Pin reg_text_out[78] not assigned to an exact location on the device
    Info (169086): Pin reg_text_out[79] not assigned to an exact location on the device
    Info (169086): Pin reg_text_out[80] not assigned to an exact location on the device
    Info (169086): Pin reg_text_out[81] not assigned to an exact location on the device
    Info (169086): Pin reg_text_out[82] not assigned to an exact location on the device
    Info (169086): Pin reg_text_out[83] not assigned to an exact location on the device
    Info (169086): Pin reg_text_out[84] not assigned to an exact location on the device
    Info (169086): Pin reg_text_out[85] not assigned to an exact location on the device
    Info (169086): Pin reg_text_out[86] not assigned to an exact location on the device
    Info (169086): Pin reg_text_out[87] not assigned to an exact location on the device
    Info (169086): Pin reg_text_out[88] not assigned to an exact location on the device
    Info (169086): Pin reg_text_out[89] not assigned to an exact location on the device
    Info (169086): Pin reg_text_out[90] not assigned to an exact location on the device
    Info (169086): Pin reg_text_out[91] not assigned to an exact location on the device
    Info (169086): Pin reg_text_out[92] not assigned to an exact location on the device
    Info (169086): Pin reg_text_out[93] not assigned to an exact location on the device
    Info (169086): Pin reg_text_out[94] not assigned to an exact location on the device
    Info (169086): Pin reg_text_out[95] not assigned to an exact location on the device
    Info (169086): Pin reg_text_out[96] not assigned to an exact location on the device
    Info (169086): Pin reg_text_out[97] not assigned to an exact location on the device
    Info (169086): Pin reg_text_out[98] not assigned to an exact location on the device
    Info (169086): Pin reg_text_out[99] not assigned to an exact location on the device
    Info (169086): Pin reg_text_out[100] not assigned to an exact location on the device
    Info (169086): Pin reg_text_out[101] not assigned to an exact location on the device
    Info (169086): Pin reg_text_out[102] not assigned to an exact location on the device
    Info (169086): Pin reg_text_out[103] not assigned to an exact location on the device
    Info (169086): Pin reg_text_out[104] not assigned to an exact location on the device
    Info (169086): Pin reg_text_out[105] not assigned to an exact location on the device
    Info (169086): Pin reg_text_out[106] not assigned to an exact location on the device
    Info (169086): Pin reg_text_out[107] not assigned to an exact location on the device
    Info (169086): Pin reg_text_out[108] not assigned to an exact location on the device
    Info (169086): Pin reg_text_out[109] not assigned to an exact location on the device
    Info (169086): Pin reg_text_out[110] not assigned to an exact location on the device
    Info (169086): Pin reg_text_out[111] not assigned to an exact location on the device
    Info (169086): Pin reg_text_out[112] not assigned to an exact location on the device
    Info (169086): Pin reg_text_out[113] not assigned to an exact location on the device
    Info (169086): Pin reg_text_out[114] not assigned to an exact location on the device
    Info (169086): Pin reg_text_out[115] not assigned to an exact location on the device
    Info (169086): Pin reg_text_out[116] not assigned to an exact location on the device
    Info (169086): Pin reg_text_out[117] not assigned to an exact location on the device
    Info (169086): Pin reg_text_out[118] not assigned to an exact location on the device
    Info (169086): Pin reg_text_out[119] not assigned to an exact location on the device
    Info (169086): Pin reg_text_out[120] not assigned to an exact location on the device
    Info (169086): Pin reg_text_out[121] not assigned to an exact location on the device
    Info (169086): Pin reg_text_out[122] not assigned to an exact location on the device
    Info (169086): Pin reg_text_out[123] not assigned to an exact location on the device
    Info (169086): Pin reg_text_out[124] not assigned to an exact location on the device
    Info (169086): Pin reg_text_out[125] not assigned to an exact location on the device
    Info (169086): Pin reg_text_out[126] not assigned to an exact location on the device
    Info (169086): Pin reg_text_out[127] not assigned to an exact location on the device
    Info (169086): Pin pre_mixed_text_out[0] not assigned to an exact location on the device
    Info (169086): Pin pre_mixed_text_out[1] not assigned to an exact location on the device
    Info (169086): Pin pre_mixed_text_out[2] not assigned to an exact location on the device
    Info (169086): Pin pre_mixed_text_out[3] not assigned to an exact location on the device
    Info (169086): Pin pre_mixed_text_out[4] not assigned to an exact location on the device
    Info (169086): Pin pre_mixed_text_out[5] not assigned to an exact location on the device
    Info (169086): Pin pre_mixed_text_out[6] not assigned to an exact location on the device
    Info (169086): Pin pre_mixed_text_out[7] not assigned to an exact location on the device
    Info (169086): Pin pre_mixed_text_out[8] not assigned to an exact location on the device
    Info (169086): Pin pre_mixed_text_out[9] not assigned to an exact location on the device
    Info (169086): Pin pre_mixed_text_out[10] not assigned to an exact location on the device
    Info (169086): Pin pre_mixed_text_out[11] not assigned to an exact location on the device
    Info (169086): Pin pre_mixed_text_out[12] not assigned to an exact location on the device
    Info (169086): Pin pre_mixed_text_out[13] not assigned to an exact location on the device
    Info (169086): Pin pre_mixed_text_out[14] not assigned to an exact location on the device
    Info (169086): Pin pre_mixed_text_out[15] not assigned to an exact location on the device
    Info (169086): Pin pre_mixed_text_out[16] not assigned to an exact location on the device
    Info (169086): Pin pre_mixed_text_out[17] not assigned to an exact location on the device
    Info (169086): Pin pre_mixed_text_out[18] not assigned to an exact location on the device
    Info (169086): Pin pre_mixed_text_out[19] not assigned to an exact location on the device
    Info (169086): Pin pre_mixed_text_out[20] not assigned to an exact location on the device
    Info (169086): Pin pre_mixed_text_out[21] not assigned to an exact location on the device
    Info (169086): Pin pre_mixed_text_out[22] not assigned to an exact location on the device
    Info (169086): Pin pre_mixed_text_out[23] not assigned to an exact location on the device
    Info (169086): Pin pre_mixed_text_out[24] not assigned to an exact location on the device
    Info (169086): Pin pre_mixed_text_out[25] not assigned to an exact location on the device
    Info (169086): Pin pre_mixed_text_out[26] not assigned to an exact location on the device
    Info (169086): Pin pre_mixed_text_out[27] not assigned to an exact location on the device
    Info (169086): Pin pre_mixed_text_out[28] not assigned to an exact location on the device
    Info (169086): Pin pre_mixed_text_out[29] not assigned to an exact location on the device
    Info (169086): Pin pre_mixed_text_out[30] not assigned to an exact location on the device
    Info (169086): Pin pre_mixed_text_out[31] not assigned to an exact location on the device
    Info (169086): Pin pre_mixed_text_out[32] not assigned to an exact location on the device
    Info (169086): Pin pre_mixed_text_out[33] not assigned to an exact location on the device
    Info (169086): Pin pre_mixed_text_out[34] not assigned to an exact location on the device
    Info (169086): Pin pre_mixed_text_out[35] not assigned to an exact location on the device
    Info (169086): Pin pre_mixed_text_out[36] not assigned to an exact location on the device
    Info (169086): Pin pre_mixed_text_out[37] not assigned to an exact location on the device
    Info (169086): Pin pre_mixed_text_out[38] not assigned to an exact location on the device
    Info (169086): Pin pre_mixed_text_out[39] not assigned to an exact location on the device
    Info (169086): Pin pre_mixed_text_out[40] not assigned to an exact location on the device
    Info (169086): Pin pre_mixed_text_out[41] not assigned to an exact location on the device
    Info (169086): Pin pre_mixed_text_out[42] not assigned to an exact location on the device
    Info (169086): Pin pre_mixed_text_out[43] not assigned to an exact location on the device
    Info (169086): Pin pre_mixed_text_out[44] not assigned to an exact location on the device
    Info (169086): Pin pre_mixed_text_out[45] not assigned to an exact location on the device
    Info (169086): Pin pre_mixed_text_out[46] not assigned to an exact location on the device
    Info (169086): Pin pre_mixed_text_out[47] not assigned to an exact location on the device
    Info (169086): Pin pre_mixed_text_out[48] not assigned to an exact location on the device
    Info (169086): Pin pre_mixed_text_out[49] not assigned to an exact location on the device
    Info (169086): Pin pre_mixed_text_out[50] not assigned to an exact location on the device
    Info (169086): Pin pre_mixed_text_out[51] not assigned to an exact location on the device
    Info (169086): Pin pre_mixed_text_out[52] not assigned to an exact location on the device
    Info (169086): Pin pre_mixed_text_out[53] not assigned to an exact location on the device
    Info (169086): Pin pre_mixed_text_out[54] not assigned to an exact location on the device
    Info (169086): Pin pre_mixed_text_out[55] not assigned to an exact location on the device
    Info (169086): Pin pre_mixed_text_out[56] not assigned to an exact location on the device
    Info (169086): Pin pre_mixed_text_out[57] not assigned to an exact location on the device
    Info (169086): Pin pre_mixed_text_out[58] not assigned to an exact location on the device
    Info (169086): Pin pre_mixed_text_out[59] not assigned to an exact location on the device
    Info (169086): Pin pre_mixed_text_out[60] not assigned to an exact location on the device
    Info (169086): Pin pre_mixed_text_out[61] not assigned to an exact location on the device
    Info (169086): Pin pre_mixed_text_out[62] not assigned to an exact location on the device
    Info (169086): Pin pre_mixed_text_out[63] not assigned to an exact location on the device
    Info (169086): Pin pre_mixed_text_out[64] not assigned to an exact location on the device
    Info (169086): Pin pre_mixed_text_out[65] not assigned to an exact location on the device
    Info (169086): Pin pre_mixed_text_out[66] not assigned to an exact location on the device
    Info (169086): Pin pre_mixed_text_out[67] not assigned to an exact location on the device
    Info (169086): Pin pre_mixed_text_out[68] not assigned to an exact location on the device
    Info (169086): Pin pre_mixed_text_out[69] not assigned to an exact location on the device
    Info (169086): Pin pre_mixed_text_out[70] not assigned to an exact location on the device
    Info (169086): Pin pre_mixed_text_out[71] not assigned to an exact location on the device
    Info (169086): Pin pre_mixed_text_out[72] not assigned to an exact location on the device
    Info (169086): Pin pre_mixed_text_out[73] not assigned to an exact location on the device
    Info (169086): Pin pre_mixed_text_out[74] not assigned to an exact location on the device
    Info (169086): Pin pre_mixed_text_out[75] not assigned to an exact location on the device
    Info (169086): Pin pre_mixed_text_out[76] not assigned to an exact location on the device
    Info (169086): Pin pre_mixed_text_out[77] not assigned to an exact location on the device
    Info (169086): Pin pre_mixed_text_out[78] not assigned to an exact location on the device
    Info (169086): Pin pre_mixed_text_out[79] not assigned to an exact location on the device
    Info (169086): Pin pre_mixed_text_out[80] not assigned to an exact location on the device
    Info (169086): Pin pre_mixed_text_out[81] not assigned to an exact location on the device
    Info (169086): Pin pre_mixed_text_out[82] not assigned to an exact location on the device
    Info (169086): Pin pre_mixed_text_out[83] not assigned to an exact location on the device
    Info (169086): Pin pre_mixed_text_out[84] not assigned to an exact location on the device
    Info (169086): Pin pre_mixed_text_out[85] not assigned to an exact location on the device
    Info (169086): Pin pre_mixed_text_out[86] not assigned to an exact location on the device
    Info (169086): Pin pre_mixed_text_out[87] not assigned to an exact location on the device
    Info (169086): Pin pre_mixed_text_out[88] not assigned to an exact location on the device
    Info (169086): Pin pre_mixed_text_out[89] not assigned to an exact location on the device
    Info (169086): Pin pre_mixed_text_out[90] not assigned to an exact location on the device
    Info (169086): Pin pre_mixed_text_out[91] not assigned to an exact location on the device
    Info (169086): Pin pre_mixed_text_out[92] not assigned to an exact location on the device
    Info (169086): Pin pre_mixed_text_out[93] not assigned to an exact location on the device
    Info (169086): Pin pre_mixed_text_out[94] not assigned to an exact location on the device
    Info (169086): Pin pre_mixed_text_out[95] not assigned to an exact location on the device
    Info (169086): Pin pre_mixed_text_out[96] not assigned to an exact location on the device
    Info (169086): Pin pre_mixed_text_out[97] not assigned to an exact location on the device
    Info (169086): Pin pre_mixed_text_out[98] not assigned to an exact location on the device
    Info (169086): Pin pre_mixed_text_out[99] not assigned to an exact location on the device
    Info (169086): Pin pre_mixed_text_out[100] not assigned to an exact location on the device
    Info (169086): Pin pre_mixed_text_out[101] not assigned to an exact location on the device
    Info (169086): Pin pre_mixed_text_out[102] not assigned to an exact location on the device
    Info (169086): Pin pre_mixed_text_out[103] not assigned to an exact location on the device
    Info (169086): Pin pre_mixed_text_out[104] not assigned to an exact location on the device
    Info (169086): Pin pre_mixed_text_out[105] not assigned to an exact location on the device
    Info (169086): Pin pre_mixed_text_out[106] not assigned to an exact location on the device
    Info (169086): Pin pre_mixed_text_out[107] not assigned to an exact location on the device
    Info (169086): Pin pre_mixed_text_out[108] not assigned to an exact location on the device
    Info (169086): Pin pre_mixed_text_out[109] not assigned to an exact location on the device
    Info (169086): Pin pre_mixed_text_out[110] not assigned to an exact location on the device
    Info (169086): Pin pre_mixed_text_out[111] not assigned to an exact location on the device
    Info (169086): Pin pre_mixed_text_out[112] not assigned to an exact location on the device
    Info (169086): Pin pre_mixed_text_out[113] not assigned to an exact location on the device
    Info (169086): Pin pre_mixed_text_out[114] not assigned to an exact location on the device
    Info (169086): Pin pre_mixed_text_out[115] not assigned to an exact location on the device
    Info (169086): Pin pre_mixed_text_out[116] not assigned to an exact location on the device
    Info (169086): Pin pre_mixed_text_out[117] not assigned to an exact location on the device
    Info (169086): Pin pre_mixed_text_out[118] not assigned to an exact location on the device
    Info (169086): Pin pre_mixed_text_out[119] not assigned to an exact location on the device
    Info (169086): Pin pre_mixed_text_out[120] not assigned to an exact location on the device
    Info (169086): Pin pre_mixed_text_out[121] not assigned to an exact location on the device
    Info (169086): Pin pre_mixed_text_out[122] not assigned to an exact location on the device
    Info (169086): Pin pre_mixed_text_out[123] not assigned to an exact location on the device
    Info (169086): Pin pre_mixed_text_out[124] not assigned to an exact location on the device
    Info (169086): Pin pre_mixed_text_out[125] not assigned to an exact location on the device
    Info (169086): Pin pre_mixed_text_out[126] not assigned to an exact location on the device
    Info (169086): Pin pre_mixed_text_out[127] not assigned to an exact location on the device
    Info (169086): Pin index_out[0] not assigned to an exact location on the device
    Info (169086): Pin index_out[1] not assigned to an exact location on the device
    Info (169086): Pin index_out[2] not assigned to an exact location on the device
    Info (169086): Pin index_out[3] not assigned to an exact location on the device
    Info (169086): Pin state_out[0] not assigned to an exact location on the device
    Info (169086): Pin state_out[1] not assigned to an exact location on the device
    Info (169086): Pin state_out[2] not assigned to an exact location on the device
    Info (169086): Pin sbox_out_test[0] not assigned to an exact location on the device
    Info (169086): Pin sbox_out_test[1] not assigned to an exact location on the device
    Info (169086): Pin sbox_out_test[2] not assigned to an exact location on the device
    Info (169086): Pin sbox_out_test[3] not assigned to an exact location on the device
    Info (169086): Pin sbox_out_test[4] not assigned to an exact location on the device
    Info (169086): Pin sbox_out_test[5] not assigned to an exact location on the device
    Info (169086): Pin sbox_out_test[6] not assigned to an exact location on the device
    Info (169086): Pin sbox_out_test[7] not assigned to an exact location on the device
    Info (169086): Pin ciphertext_out[0] not assigned to an exact location on the device
    Info (169086): Pin ciphertext_out[1] not assigned to an exact location on the device
    Info (169086): Pin ciphertext_out[2] not assigned to an exact location on the device
    Info (169086): Pin ciphertext_out[3] not assigned to an exact location on the device
    Info (169086): Pin ciphertext_out[4] not assigned to an exact location on the device
    Info (169086): Pin ciphertext_out[5] not assigned to an exact location on the device
    Info (169086): Pin ciphertext_out[6] not assigned to an exact location on the device
    Info (169086): Pin ciphertext_out[7] not assigned to an exact location on the device
    Info (169086): Pin ciphertext_out[8] not assigned to an exact location on the device
    Info (169086): Pin ciphertext_out[9] not assigned to an exact location on the device
    Info (169086): Pin ciphertext_out[10] not assigned to an exact location on the device
    Info (169086): Pin ciphertext_out[11] not assigned to an exact location on the device
    Info (169086): Pin ciphertext_out[12] not assigned to an exact location on the device
    Info (169086): Pin ciphertext_out[13] not assigned to an exact location on the device
    Info (169086): Pin ciphertext_out[14] not assigned to an exact location on the device
    Info (169086): Pin ciphertext_out[15] not assigned to an exact location on the device
    Info (169086): Pin ciphertext_out[16] not assigned to an exact location on the device
    Info (169086): Pin ciphertext_out[17] not assigned to an exact location on the device
    Info (169086): Pin ciphertext_out[18] not assigned to an exact location on the device
    Info (169086): Pin ciphertext_out[19] not assigned to an exact location on the device
    Info (169086): Pin ciphertext_out[20] not assigned to an exact location on the device
    Info (169086): Pin ciphertext_out[21] not assigned to an exact location on the device
    Info (169086): Pin ciphertext_out[22] not assigned to an exact location on the device
    Info (169086): Pin ciphertext_out[23] not assigned to an exact location on the device
    Info (169086): Pin ciphertext_out[24] not assigned to an exact location on the device
    Info (169086): Pin ciphertext_out[25] not assigned to an exact location on the device
    Info (169086): Pin ciphertext_out[26] not assigned to an exact location on the device
    Info (169086): Pin ciphertext_out[27] not assigned to an exact location on the device
    Info (169086): Pin ciphertext_out[28] not assigned to an exact location on the device
    Info (169086): Pin ciphertext_out[29] not assigned to an exact location on the device
    Info (169086): Pin ciphertext_out[30] not assigned to an exact location on the device
    Info (169086): Pin ciphertext_out[31] not assigned to an exact location on the device
    Info (169086): Pin ciphertext_out[32] not assigned to an exact location on the device
    Info (169086): Pin ciphertext_out[33] not assigned to an exact location on the device
    Info (169086): Pin ciphertext_out[34] not assigned to an exact location on the device
    Info (169086): Pin ciphertext_out[35] not assigned to an exact location on the device
    Info (169086): Pin ciphertext_out[36] not assigned to an exact location on the device
    Info (169086): Pin ciphertext_out[37] not assigned to an exact location on the device
    Info (169086): Pin ciphertext_out[38] not assigned to an exact location on the device
    Info (169086): Pin ciphertext_out[39] not assigned to an exact location on the device
    Info (169086): Pin ciphertext_out[40] not assigned to an exact location on the device
    Info (169086): Pin ciphertext_out[41] not assigned to an exact location on the device
    Info (169086): Pin ciphertext_out[42] not assigned to an exact location on the device
    Info (169086): Pin ciphertext_out[43] not assigned to an exact location on the device
    Info (169086): Pin ciphertext_out[44] not assigned to an exact location on the device
    Info (169086): Pin ciphertext_out[45] not assigned to an exact location on the device
    Info (169086): Pin ciphertext_out[46] not assigned to an exact location on the device
    Info (169086): Pin ciphertext_out[47] not assigned to an exact location on the device
    Info (169086): Pin ciphertext_out[48] not assigned to an exact location on the device
    Info (169086): Pin ciphertext_out[49] not assigned to an exact location on the device
    Info (169086): Pin ciphertext_out[50] not assigned to an exact location on the device
    Info (169086): Pin ciphertext_out[51] not assigned to an exact location on the device
    Info (169086): Pin ciphertext_out[52] not assigned to an exact location on the device
    Info (169086): Pin ciphertext_out[53] not assigned to an exact location on the device
    Info (169086): Pin ciphertext_out[54] not assigned to an exact location on the device
    Info (169086): Pin ciphertext_out[55] not assigned to an exact location on the device
    Info (169086): Pin ciphertext_out[56] not assigned to an exact location on the device
    Info (169086): Pin ciphertext_out[57] not assigned to an exact location on the device
    Info (169086): Pin ciphertext_out[58] not assigned to an exact location on the device
    Info (169086): Pin ciphertext_out[59] not assigned to an exact location on the device
    Info (169086): Pin ciphertext_out[60] not assigned to an exact location on the device
    Info (169086): Pin ciphertext_out[61] not assigned to an exact location on the device
    Info (169086): Pin ciphertext_out[62] not assigned to an exact location on the device
    Info (169086): Pin ciphertext_out[63] not assigned to an exact location on the device
    Info (169086): Pin ciphertext_out[64] not assigned to an exact location on the device
    Info (169086): Pin ciphertext_out[65] not assigned to an exact location on the device
    Info (169086): Pin ciphertext_out[66] not assigned to an exact location on the device
    Info (169086): Pin ciphertext_out[67] not assigned to an exact location on the device
    Info (169086): Pin ciphertext_out[68] not assigned to an exact location on the device
    Info (169086): Pin ciphertext_out[69] not assigned to an exact location on the device
    Info (169086): Pin ciphertext_out[70] not assigned to an exact location on the device
    Info (169086): Pin ciphertext_out[71] not assigned to an exact location on the device
    Info (169086): Pin ciphertext_out[72] not assigned to an exact location on the device
    Info (169086): Pin ciphertext_out[73] not assigned to an exact location on the device
    Info (169086): Pin ciphertext_out[74] not assigned to an exact location on the device
    Info (169086): Pin ciphertext_out[75] not assigned to an exact location on the device
    Info (169086): Pin ciphertext_out[76] not assigned to an exact location on the device
    Info (169086): Pin ciphertext_out[77] not assigned to an exact location on the device
    Info (169086): Pin ciphertext_out[78] not assigned to an exact location on the device
    Info (169086): Pin ciphertext_out[79] not assigned to an exact location on the device
    Info (169086): Pin ciphertext_out[80] not assigned to an exact location on the device
    Info (169086): Pin ciphertext_out[81] not assigned to an exact location on the device
    Info (169086): Pin ciphertext_out[82] not assigned to an exact location on the device
    Info (169086): Pin ciphertext_out[83] not assigned to an exact location on the device
    Info (169086): Pin ciphertext_out[84] not assigned to an exact location on the device
    Info (169086): Pin ciphertext_out[85] not assigned to an exact location on the device
    Info (169086): Pin ciphertext_out[86] not assigned to an exact location on the device
    Info (169086): Pin ciphertext_out[87] not assigned to an exact location on the device
    Info (169086): Pin ciphertext_out[88] not assigned to an exact location on the device
    Info (169086): Pin ciphertext_out[89] not assigned to an exact location on the device
    Info (169086): Pin ciphertext_out[90] not assigned to an exact location on the device
    Info (169086): Pin ciphertext_out[91] not assigned to an exact location on the device
    Info (169086): Pin ciphertext_out[92] not assigned to an exact location on the device
    Info (169086): Pin ciphertext_out[93] not assigned to an exact location on the device
    Info (169086): Pin ciphertext_out[94] not assigned to an exact location on the device
    Info (169086): Pin ciphertext_out[95] not assigned to an exact location on the device
    Info (169086): Pin ciphertext_out[96] not assigned to an exact location on the device
    Info (169086): Pin ciphertext_out[97] not assigned to an exact location on the device
    Info (169086): Pin ciphertext_out[98] not assigned to an exact location on the device
    Info (169086): Pin ciphertext_out[99] not assigned to an exact location on the device
    Info (169086): Pin ciphertext_out[100] not assigned to an exact location on the device
    Info (169086): Pin ciphertext_out[101] not assigned to an exact location on the device
    Info (169086): Pin ciphertext_out[102] not assigned to an exact location on the device
    Info (169086): Pin ciphertext_out[103] not assigned to an exact location on the device
    Info (169086): Pin ciphertext_out[104] not assigned to an exact location on the device
    Info (169086): Pin ciphertext_out[105] not assigned to an exact location on the device
    Info (169086): Pin ciphertext_out[106] not assigned to an exact location on the device
    Info (169086): Pin ciphertext_out[107] not assigned to an exact location on the device
    Info (169086): Pin ciphertext_out[108] not assigned to an exact location on the device
    Info (169086): Pin ciphertext_out[109] not assigned to an exact location on the device
    Info (169086): Pin ciphertext_out[110] not assigned to an exact location on the device
    Info (169086): Pin ciphertext_out[111] not assigned to an exact location on the device
    Info (169086): Pin ciphertext_out[112] not assigned to an exact location on the device
    Info (169086): Pin ciphertext_out[113] not assigned to an exact location on the device
    Info (169086): Pin ciphertext_out[114] not assigned to an exact location on the device
    Info (169086): Pin ciphertext_out[115] not assigned to an exact location on the device
    Info (169086): Pin ciphertext_out[116] not assigned to an exact location on the device
    Info (169086): Pin ciphertext_out[117] not assigned to an exact location on the device
    Info (169086): Pin ciphertext_out[118] not assigned to an exact location on the device
    Info (169086): Pin ciphertext_out[119] not assigned to an exact location on the device
    Info (169086): Pin ciphertext_out[120] not assigned to an exact location on the device
    Info (169086): Pin ciphertext_out[121] not assigned to an exact location on the device
    Info (169086): Pin ciphertext_out[122] not assigned to an exact location on the device
    Info (169086): Pin ciphertext_out[123] not assigned to an exact location on the device
    Info (169086): Pin ciphertext_out[124] not assigned to an exact location on the device
    Info (169086): Pin ciphertext_out[125] not assigned to an exact location on the device
    Info (169086): Pin ciphertext_out[126] not assigned to an exact location on the device
    Info (169086): Pin ciphertext_out[127] not assigned to an exact location on the device
    Info (169086): Pin clk not assigned to an exact location on the device
    Info (169086): Pin reset not assigned to an exact location on the device
    Info (169086): Pin start not assigned to an exact location on the device
    Info (169086): Pin AES_version[1] not assigned to an exact location on the device
    Info (169086): Pin AES_version[0] not assigned to an exact location on the device
Critical Warning (332012): Synopsys Design Constraints File file not found: 'desencriptador.sdc'. A Synopsys Design Constraints File is required by the TimeQuest Timing Analyzer to get proper timing constraints. Without it, the Compiler will not properly optimize the design.
Info (332144): No user constrained base clocks found in the design
Info (332143): No user constrained clock uncertainty found in the design. Calling "derive_clock_uncertainty"
Info (332154): The derive_clock_uncertainty command did not apply clock uncertainty to any clock-to-clock transfers.
Info (332130): Timing requirements not specified -- quality metrics such as performance may be sacrificed to reduce compilation time.
Info (176353): Automatically promoted node clk~input (placed in PIN J1 (CLK1, DIFFCLK_0n))
    Info (176355): Automatically promoted destinations to use location or clock signal Global Clock CLKCTRL_G2
Info (176353): Automatically promoted node reset~input (placed in PIN Y2 (CLK2, DIFFCLK_1p))
    Info (176355): Automatically promoted destinations to use location or clock signal Global Clock CLKCTRL_G4
    Info (176356): Following destination nodes may be non-global or may not use global or regional clocks
        Info (176357): Destination node done_o~reg0
        Info (176357): Destination node reg_text[90]
        Info (176357): Destination node reg_text[12]~7
        Info (176357): Destination node sub_text[6][6]~0
        Info (176357): Destination node enable_sbox
        Info (176357): Destination node Nr[0]~0
Info (176233): Starting register packing
Info (176235): Finished register packing
    Extra Info (176219): No registers were packed into other blocks
Info (176214): Statistics of I/O pins that need to be placed that use the same VCCIO and VREF, before I/O pin placement
    Info (176211): Number of I/O pins in group: 403 (unused VREF, 2.5V VCCIO, 3 input, 400 output, 0 bidirectional)
        Info (176212): I/O standards used: 2.5 V.
Info (176215): I/O bank details before I/O pin placement
    Info (176214): Statistics of I/O banks
        Info (176213): I/O bank number 1 does not use VREF pins and has undetermined VCCIO pins. 5 total pin(s) used --  51 pins available
        Info (176213): I/O bank number 2 does not use VREF pins and has undetermined VCCIO pins. 1 total pin(s) used --  62 pins available
        Info (176213): I/O bank number 3 does not use VREF pins and has undetermined VCCIO pins. 0 total pin(s) used --  73 pins available
        Info (176213): I/O bank number 4 does not use VREF pins and has undetermined VCCIO pins. 0 total pin(s) used --  71 pins available
        Info (176213): I/O bank number 5 does not use VREF pins and has undetermined VCCIO pins. 0 total pin(s) used --  65 pins available
        Info (176213): I/O bank number 6 does not use VREF pins and has undetermined VCCIO pins. 1 total pin(s) used --  57 pins available
        Info (176213): I/O bank number 7 does not use VREF pins and has undetermined VCCIO pins. 0 total pin(s) used --  72 pins available
        Info (176213): I/O bank number 8 does not use VREF pins and has undetermined VCCIO pins. 0 total pin(s) used --  71 pins available
Info (171121): Fitter preparation operations ending: elapsed time is 00:00:04
Info (170189): Fitter placement preparation operations beginning
Info (170190): Fitter placement preparation operations ending: elapsed time is 00:00:01
Info (170191): Fitter placement operations beginning
Info (170137): Fitter placement was successful
Info (170192): Fitter placement operations ending: elapsed time is 00:00:14
Info (170193): Fitter routing operations beginning
Info (170195): Router estimated average interconnect usage is 1% of the available device resources
    Info (170196): Router estimated peak interconnect usage is 17% of the available device resources in the region that extends from location X69_Y12 to location X80_Y23
Info (170194): Fitter routing operations ending: elapsed time is 00:00:07
Info (170199): The Fitter performed an Auto Fit compilation.  Optimizations were skipped to reduce compilation time.
    Info (170201): Optimizations that may affect the design's routability were skipped
Info (11888): Total time spent on timing analysis during the Fitter is 0.97 seconds.
Info (334003): Started post-fitting delay annotation
Info (334004): Delay annotation completed successfully
Info (334003): Started post-fitting delay annotation
Info (334004): Delay annotation completed successfully
Info (11218): Fitter post-fit operations ending: elapsed time is 00:00:02
Info (144001): Generated suppressed messages file C:/Users/LSC/agustin-spennato/Desencriptador_V2/output_files/desencriptador.fit.smsg
Info: Quartus II 64-Bit Fitter was successful. 0 errors, 5 warnings
    Info: Peak virtual memory: 5090 megabytes
    Info: Processing ended: Fri Aug 21 10:43:47 2026
    Info: Elapsed time: 00:00:43
    Info: Total CPU time (on all processors): 00:00:43


+----------------------------+
; Fitter Suppressed Messages ;
+----------------------------+
The suppressed messages can be found in C:/Users/LSC/agustin-spennato/Desencriptador_V2/output_files/desencriptador.fit.smsg.


