TimeQuest Timing Analyzer report for mapa_logistico
Thu May 28 10:23:19 2026
Quartus II 64-Bit Version 13.0.1 Build 232 06/12/2013 Service Pack 1 SJ Web Edition


---------------------
; Table of Contents ;
---------------------
  1. Legal Notice
  2. TimeQuest Timing Analyzer Summary
  3. Parallel Compilation
  4. Clocks
  5. Slow 1200mV 85C Model Fmax Summary
  6. Timing Closure Recommendations
  7. Slow 1200mV 85C Model Setup Summary
  8. Slow 1200mV 85C Model Hold Summary
  9. Slow 1200mV 85C Model Recovery Summary
 10. Slow 1200mV 85C Model Removal Summary
 11. Slow 1200mV 85C Model Minimum Pulse Width Summary
 12. Slow 1200mV 85C Model Setup: 'clk'
 13. Slow 1200mV 85C Model Hold: 'clk'
 14. Slow 1200mV 85C Model Recovery: 'clk'
 15. Slow 1200mV 85C Model Removal: 'clk'
 16. Slow 1200mV 85C Model Minimum Pulse Width: 'clk'
 17. Setup Times
 18. Hold Times
 19. Clock to Output Times
 20. Minimum Clock to Output Times
 21. Slow 1200mV 85C Model Metastability Report
 22. Slow 1200mV 0C Model Fmax Summary
 23. Slow 1200mV 0C Model Setup Summary
 24. Slow 1200mV 0C Model Hold Summary
 25. Slow 1200mV 0C Model Recovery Summary
 26. Slow 1200mV 0C Model Removal Summary
 27. Slow 1200mV 0C Model Minimum Pulse Width Summary
 28. Slow 1200mV 0C Model Setup: 'clk'
 29. Slow 1200mV 0C Model Hold: 'clk'
 30. Slow 1200mV 0C Model Recovery: 'clk'
 31. Slow 1200mV 0C Model Removal: 'clk'
 32. Slow 1200mV 0C Model Minimum Pulse Width: 'clk'
 33. Setup Times
 34. Hold Times
 35. Clock to Output Times
 36. Minimum Clock to Output Times
 37. Slow 1200mV 0C Model Metastability Report
 38. Fast 1200mV 0C Model Setup Summary
 39. Fast 1200mV 0C Model Hold Summary
 40. Fast 1200mV 0C Model Recovery Summary
 41. Fast 1200mV 0C Model Removal Summary
 42. Fast 1200mV 0C Model Minimum Pulse Width Summary
 43. Fast 1200mV 0C Model Setup: 'clk'
 44. Fast 1200mV 0C Model Hold: 'clk'
 45. Fast 1200mV 0C Model Recovery: 'clk'
 46. Fast 1200mV 0C Model Removal: 'clk'
 47. Fast 1200mV 0C Model Minimum Pulse Width: 'clk'
 48. Setup Times
 49. Hold Times
 50. Clock to Output Times
 51. Minimum Clock to Output Times
 52. Fast 1200mV 0C Model Metastability Report
 53. Multicorner Timing Analysis Summary
 54. Setup Times
 55. Hold Times
 56. Clock to Output Times
 57. Minimum Clock to Output Times
 58. Board Trace Model Assignments
 59. Input Transition Times
 60. Signal Integrity Metrics (Slow 1200mv 0c Model)
 61. Signal Integrity Metrics (Slow 1200mv 85c Model)
 62. Signal Integrity Metrics (Fast 1200mv 0c Model)
 63. Setup Transfers
 64. Hold Transfers
 65. Recovery Transfers
 66. Removal Transfers
 67. Report TCCS
 68. Report RSKM
 69. Unconstrained Paths
 70. TimeQuest Timing Analyzer Messages



----------------
; Legal Notice ;
----------------
Copyright (C) 1991-2013 Altera Corporation
Your use of Altera Corporation's design tools, logic functions 
and other software and tools, and its AMPP partner logic 
functions, and any output files from any of the foregoing 
(including device programming or simulation files), and any 
associated documentation or information are expressly subject 
to the terms and conditions of the Altera Program License 
Subscription Agreement, Altera MegaCore Function License 
Agreement, or other applicable license agreement, including, 
without limitation, that your use is for the sole purpose of 
programming logic devices manufactured by Altera and sold by 
Altera or its authorized distributors.  Please refer to the 
applicable agreement for further details.



+----------------------------------------------------------------------------------------+
; TimeQuest Timing Analyzer Summary                                                      ;
+--------------------+-------------------------------------------------------------------+
; Quartus II Version ; Version 13.0.1 Build 232 06/12/2013 Service Pack 1 SJ Web Edition ;
; Revision Name      ; mapa_logistico                                                    ;
; Device Family      ; Cyclone IV E                                                      ;
; Device Name        ; EP4CE115F29C7                                                     ;
; Timing Models      ; Final                                                             ;
; Delay Model        ; Combined                                                          ;
; Rise/Fall Delays   ; Enabled                                                           ;
+--------------------+-------------------------------------------------------------------+


Parallel compilation was disabled, but you have multiple processors available. Enable parallel compilation to reduce compilation time.
+-------------------------------------+
; Parallel Compilation                ;
+----------------------------+--------+
; Processors                 ; Number ;
+----------------------------+--------+
; Number detected on machine ; 8      ;
; Maximum allowed            ; 1      ;
+----------------------------+--------+


+---------------------------------------------------------------------------------------------------------------------------------------------------------------------------------+
; Clocks                                                                                                                                                                          ;
+------------+------+--------+------------+-------+-------+------------+-----------+-------------+-------+--------+-----------+------------+----------+--------+--------+---------+
; Clock Name ; Type ; Period ; Frequency  ; Rise  ; Fall  ; Duty Cycle ; Divide by ; Multiply by ; Phase ; Offset ; Edge List ; Edge Shift ; Inverted ; Master ; Source ; Targets ;
+------------+------+--------+------------+-------+-------+------------+-----------+-------------+-------+--------+-----------+------------+----------+--------+--------+---------+
; clk        ; Base ; 1.000  ; 1000.0 MHz ; 0.000 ; 0.500 ;            ;           ;             ;       ;        ;           ;            ;          ;        ;        ; { clk } ;
+------------+------+--------+------------+-------+-------+------------+-----------+-------------+-------+--------+-----------+------------+----------+--------+--------+---------+


+-------------------------------------------------+
; Slow 1200mV 85C Model Fmax Summary              ;
+-----------+-----------------+------------+------+
; Fmax      ; Restricted Fmax ; Clock Name ; Note ;
+-----------+-----------------+------------+------+
; 65.52 MHz ; 65.52 MHz       ; clk        ;      ;
+-----------+-----------------+------------+------+
This panel reports FMAX for every clock in the design, regardless of the user-specified clock periods.  FMAX is only computed for paths where the source and destination registers or ports are driven by the same clock.  Paths of different clocks, including generated clocks, are ignored.  For paths between a clock and its inversion, FMAX is computed as if the rising and falling edges are scaled along with FMAX, such that the duty cycle (in terms of a percentage) is maintained. Altera recommends that you always use clock constraints and other slack reports for sign-off analysis.


----------------------------------
; Timing Closure Recommendations ;
----------------------------------
HTML report is unavailable in plain text report export.


+-------------------------------------+
; Slow 1200mV 85C Model Setup Summary ;
+-------+---------+-------------------+
; Clock ; Slack   ; End Point TNS     ;
+-------+---------+-------------------+
; clk   ; -14.262 ; -500.661          ;
+-------+---------+-------------------+


+------------------------------------+
; Slow 1200mV 85C Model Hold Summary ;
+-------+-------+--------------------+
; Clock ; Slack ; End Point TNS      ;
+-------+-------+--------------------+
; clk   ; 0.388 ; 0.000              ;
+-------+-------+--------------------+


+----------------------------------------+
; Slow 1200mV 85C Model Recovery Summary ;
+-------+--------+-----------------------+
; Clock ; Slack  ; End Point TNS         ;
+-------+--------+-----------------------+
; clk   ; -0.523 ; -2.092                ;
+-------+--------+-----------------------+


+---------------------------------------+
; Slow 1200mV 85C Model Removal Summary ;
+-------+-------+-----------------------+
; Clock ; Slack ; End Point TNS         ;
+-------+-------+-----------------------+
; clk   ; 1.025 ; 0.000                 ;
+-------+-------+-----------------------+


+---------------------------------------------------+
; Slow 1200mV 85C Model Minimum Pulse Width Summary ;
+-------+--------+----------------------------------+
; Clock ; Slack  ; End Point TNS                    ;
+-------+--------+----------------------------------+
; clk   ; -3.000 ; -92.950                          ;
+-------+--------+----------------------------------+


+-------------------------------------------------------------------------------------------------------+
; Slow 1200mV 85C Model Setup: 'clk'                                                                    ;
+---------+-----------+-----------+--------------+-------------+--------------+------------+------------+
; Slack   ; From Node ; To Node   ; Launch Clock ; Latch Clock ; Relationship ; Clock Skew ; Data Delay ;
+---------+-----------+-----------+--------------+-------------+--------------+------------+------------+
; -14.262 ; x_reg[0]  ; x_reg[31] ; clk          ; clk         ; 1.000        ; 0.335      ; 15.595     ;
; -14.139 ; x_reg[1]  ; x_reg[31] ; clk          ; clk         ; 1.000        ; 0.335      ; 15.472     ;
; -14.106 ; x_reg[0]  ; x_reg[28] ; clk          ; clk         ; 1.000        ; 0.322      ; 15.426     ;
; -14.022 ; x_reg[0]  ; x_reg[27] ; clk          ; clk         ; 1.000        ; 0.351      ; 15.371     ;
; -13.996 ; x_reg[0]  ; x_reg[30] ; clk          ; clk         ; 1.000        ; 0.335      ; 15.329     ;
; -13.983 ; x_reg[1]  ; x_reg[28] ; clk          ; clk         ; 1.000        ; 0.322      ; 15.303     ;
; -13.982 ; x_reg[0]  ; x_reg[26] ; clk          ; clk         ; 1.000        ; 0.351      ; 15.331     ;
; -13.899 ; x_reg[1]  ; x_reg[27] ; clk          ; clk         ; 1.000        ; 0.351      ; 15.248     ;
; -13.898 ; x_reg[0]  ; x_reg[25] ; clk          ; clk         ; 1.000        ; 0.322      ; 15.218     ;
; -13.873 ; x_reg[1]  ; x_reg[30] ; clk          ; clk         ; 1.000        ; 0.335      ; 15.206     ;
; -13.870 ; x_reg[0]  ; x_reg[29] ; clk          ; clk         ; 1.000        ; 0.335      ; 15.203     ;
; -13.866 ; x_reg[0]  ; x_reg[24] ; clk          ; clk         ; 1.000        ; 0.322      ; 15.186     ;
; -13.859 ; x_reg[1]  ; x_reg[26] ; clk          ; clk         ; 1.000        ; 0.351      ; 15.208     ;
; -13.800 ; x_reg[0]  ; x_reg[23] ; clk          ; clk         ; 1.000        ; 0.322      ; 15.120     ;
; -13.775 ; x_reg[1]  ; x_reg[25] ; clk          ; clk         ; 1.000        ; 0.322      ; 15.095     ;
; -13.747 ; x_reg[1]  ; x_reg[29] ; clk          ; clk         ; 1.000        ; 0.335      ; 15.080     ;
; -13.743 ; x_reg[1]  ; x_reg[24] ; clk          ; clk         ; 1.000        ; 0.322      ; 15.063     ;
; -13.712 ; x_reg[4]  ; x_reg[31] ; clk          ; clk         ; 1.000        ; 0.342      ; 15.052     ;
; -13.701 ; x_reg[0]  ; x_reg[22] ; clk          ; clk         ; 1.000        ; 0.322      ; 15.021     ;
; -13.677 ; x_reg[1]  ; x_reg[23] ; clk          ; clk         ; 1.000        ; 0.322      ; 14.997     ;
; -13.627 ; x_reg[2]  ; x_reg[31] ; clk          ; clk         ; 1.000        ; 0.352      ; 14.977     ;
; -13.614 ; x_reg[0]  ; x_reg[15] ; clk          ; clk         ; 1.000        ; -0.095     ; 14.517     ;
; -13.585 ; x_reg[0]  ; x_reg[21] ; clk          ; clk         ; 1.000        ; 0.322      ; 14.905     ;
; -13.578 ; x_reg[1]  ; x_reg[22] ; clk          ; clk         ; 1.000        ; 0.322      ; 14.898     ;
; -13.556 ; x_reg[4]  ; x_reg[28] ; clk          ; clk         ; 1.000        ; 0.329      ; 14.883     ;
; -13.544 ; x_reg[6]  ; x_reg[31] ; clk          ; clk         ; 1.000        ; 0.342      ; 14.884     ;
; -13.491 ; x_reg[1]  ; x_reg[15] ; clk          ; clk         ; 1.000        ; -0.095     ; 14.394     ;
; -13.490 ; x_reg[7]  ; x_reg[31] ; clk          ; clk         ; 1.000        ; 0.342      ; 14.830     ;
; -13.488 ; x_reg[17] ; x_reg[31] ; clk          ; clk         ; 1.000        ; -0.089     ; 14.397     ;
; -13.472 ; x_reg[4]  ; x_reg[27] ; clk          ; clk         ; 1.000        ; 0.358      ; 14.828     ;
; -13.471 ; x_reg[2]  ; x_reg[28] ; clk          ; clk         ; 1.000        ; 0.339      ; 14.808     ;
; -13.462 ; x_reg[1]  ; x_reg[21] ; clk          ; clk         ; 1.000        ; 0.322      ; 14.782     ;
; -13.446 ; x_reg[0]  ; x_reg[18] ; clk          ; clk         ; 1.000        ; 0.351      ; 14.795     ;
; -13.446 ; x_reg[0]  ; x_reg[12] ; clk          ; clk         ; 1.000        ; -0.085     ; 14.359     ;
; -13.446 ; x_reg[4]  ; x_reg[30] ; clk          ; clk         ; 1.000        ; 0.342      ; 14.786     ;
; -13.442 ; x_reg[8]  ; x_reg[31] ; clk          ; clk         ; 1.000        ; 0.342      ; 14.782     ;
; -13.432 ; x_reg[4]  ; x_reg[26] ; clk          ; clk         ; 1.000        ; 0.358      ; 14.788     ;
; -13.418 ; x_reg[3]  ; x_reg[31] ; clk          ; clk         ; 1.000        ; 0.352      ; 14.768     ;
; -13.411 ; x_reg[0]  ; x_reg[11] ; clk          ; clk         ; 1.000        ; -0.095     ; 14.314     ;
; -13.388 ; x_reg[6]  ; x_reg[28] ; clk          ; clk         ; 1.000        ; 0.329      ; 14.715     ;
; -13.387 ; x_reg[2]  ; x_reg[27] ; clk          ; clk         ; 1.000        ; 0.368      ; 14.753     ;
; -13.370 ; x_reg[0]  ; x_reg[14] ; clk          ; clk         ; 1.000        ; -0.085     ; 14.283     ;
; -13.361 ; x_reg[2]  ; x_reg[30] ; clk          ; clk         ; 1.000        ; 0.352      ; 14.711     ;
; -13.354 ; x_reg[0]  ; x_reg[10] ; clk          ; clk         ; 1.000        ; -0.095     ; 14.257     ;
; -13.348 ; x_reg[4]  ; x_reg[25] ; clk          ; clk         ; 1.000        ; 0.329      ; 14.675     ;
; -13.347 ; x_reg[2]  ; x_reg[26] ; clk          ; clk         ; 1.000        ; 0.368      ; 14.713     ;
; -13.337 ; x_reg[0]  ; x_reg[20] ; clk          ; clk         ; 1.000        ; 0.316      ; 14.651     ;
; -13.334 ; x_reg[7]  ; x_reg[28] ; clk          ; clk         ; 1.000        ; 0.329      ; 14.661     ;
; -13.332 ; x_reg[17] ; x_reg[28] ; clk          ; clk         ; 1.000        ; -0.102     ; 14.228     ;
; -13.323 ; x_reg[1]  ; x_reg[18] ; clk          ; clk         ; 1.000        ; 0.351      ; 14.672     ;
; -13.323 ; x_reg[1]  ; x_reg[12] ; clk          ; clk         ; 1.000        ; -0.085     ; 14.236     ;
; -13.320 ; x_reg[0]  ; x_reg[17] ; clk          ; clk         ; 1.000        ; 0.329      ; 14.647     ;
; -13.320 ; x_reg[4]  ; x_reg[29] ; clk          ; clk         ; 1.000        ; 0.342      ; 14.660     ;
; -13.316 ; x_reg[4]  ; x_reg[24] ; clk          ; clk         ; 1.000        ; 0.329      ; 14.643     ;
; -13.308 ; x_reg[9]  ; x_reg[31] ; clk          ; clk         ; 1.000        ; 0.343      ; 14.649     ;
; -13.304 ; x_reg[6]  ; x_reg[27] ; clk          ; clk         ; 1.000        ; 0.358      ; 14.660     ;
; -13.292 ; x_reg[5]  ; x_reg[31] ; clk          ; clk         ; 1.000        ; 0.352      ; 14.642     ;
; -13.288 ; x_reg[1]  ; x_reg[11] ; clk          ; clk         ; 1.000        ; -0.095     ; 14.191     ;
; -13.286 ; x_reg[8]  ; x_reg[28] ; clk          ; clk         ; 1.000        ; 0.329      ; 14.613     ;
; -13.278 ; x_reg[6]  ; x_reg[30] ; clk          ; clk         ; 1.000        ; 0.342      ; 14.618     ;
; -13.271 ; x_reg[16] ; x_reg[31] ; clk          ; clk         ; 1.000        ; 0.343      ; 14.612     ;
; -13.269 ; x_reg[0]  ; x_reg[13] ; clk          ; clk         ; 1.000        ; -0.085     ; 14.182     ;
; -13.264 ; x_reg[6]  ; x_reg[26] ; clk          ; clk         ; 1.000        ; 0.358      ; 14.620     ;
; -13.263 ; x_reg[2]  ; x_reg[25] ; clk          ; clk         ; 1.000        ; 0.339      ; 14.600     ;
; -13.262 ; x_reg[3]  ; x_reg[28] ; clk          ; clk         ; 1.000        ; 0.339      ; 14.599     ;
; -13.250 ; x_reg[7]  ; x_reg[27] ; clk          ; clk         ; 1.000        ; 0.358      ; 14.606     ;
; -13.250 ; x_reg[4]  ; x_reg[23] ; clk          ; clk         ; 1.000        ; 0.329      ; 14.577     ;
; -13.248 ; x_reg[17] ; x_reg[27] ; clk          ; clk         ; 1.000        ; -0.073     ; 14.173     ;
; -13.247 ; x_reg[1]  ; x_reg[14] ; clk          ; clk         ; 1.000        ; -0.085     ; 14.160     ;
; -13.235 ; x_reg[2]  ; x_reg[29] ; clk          ; clk         ; 1.000        ; 0.352      ; 14.585     ;
; -13.231 ; x_reg[0]  ; x_reg[8]  ; clk          ; clk         ; 1.000        ; -0.085     ; 14.144     ;
; -13.231 ; x_reg[2]  ; x_reg[24] ; clk          ; clk         ; 1.000        ; 0.339      ; 14.568     ;
; -13.231 ; x_reg[1]  ; x_reg[10] ; clk          ; clk         ; 1.000        ; -0.095     ; 14.134     ;
; -13.224 ; x_reg[7]  ; x_reg[30] ; clk          ; clk         ; 1.000        ; 0.342      ; 14.564     ;
; -13.222 ; x_reg[17] ; x_reg[30] ; clk          ; clk         ; 1.000        ; -0.089     ; 14.131     ;
; -13.214 ; x_reg[1]  ; x_reg[20] ; clk          ; clk         ; 1.000        ; 0.316      ; 14.528     ;
; -13.210 ; x_reg[7]  ; x_reg[26] ; clk          ; clk         ; 1.000        ; 0.358      ; 14.566     ;
; -13.208 ; x_reg[17] ; x_reg[26] ; clk          ; clk         ; 1.000        ; -0.073     ; 14.133     ;
; -13.202 ; x_reg[8]  ; x_reg[27] ; clk          ; clk         ; 1.000        ; 0.358      ; 14.558     ;
; -13.197 ; x_reg[1]  ; x_reg[17] ; clk          ; clk         ; 1.000        ; 0.329      ; 14.524     ;
; -13.184 ; x_reg[12] ; x_reg[31] ; clk          ; clk         ; 1.000        ; 0.342      ; 14.524     ;
; -13.180 ; x_reg[6]  ; x_reg[25] ; clk          ; clk         ; 1.000        ; 0.329      ; 14.507     ;
; -13.178 ; x_reg[3]  ; x_reg[27] ; clk          ; clk         ; 1.000        ; 0.368      ; 14.544     ;
; -13.176 ; x_reg[8]  ; x_reg[30] ; clk          ; clk         ; 1.000        ; 0.342      ; 14.516     ;
; -13.165 ; x_reg[2]  ; x_reg[23] ; clk          ; clk         ; 1.000        ; 0.339      ; 14.502     ;
; -13.162 ; x_reg[8]  ; x_reg[26] ; clk          ; clk         ; 1.000        ; 0.358      ; 14.518     ;
; -13.152 ; x_reg[9]  ; x_reg[28] ; clk          ; clk         ; 1.000        ; 0.330      ; 14.480     ;
; -13.152 ; x_reg[3]  ; x_reg[30] ; clk          ; clk         ; 1.000        ; 0.352      ; 14.502     ;
; -13.152 ; x_reg[6]  ; x_reg[29] ; clk          ; clk         ; 1.000        ; 0.342      ; 14.492     ;
; -13.151 ; x_reg[4]  ; x_reg[22] ; clk          ; clk         ; 1.000        ; 0.329      ; 14.478     ;
; -13.148 ; x_reg[6]  ; x_reg[24] ; clk          ; clk         ; 1.000        ; 0.329      ; 14.475     ;
; -13.146 ; x_reg[1]  ; x_reg[13] ; clk          ; clk         ; 1.000        ; -0.085     ; 14.059     ;
; -13.138 ; x_reg[3]  ; x_reg[26] ; clk          ; clk         ; 1.000        ; 0.368      ; 14.504     ;
; -13.136 ; x_reg[5]  ; x_reg[28] ; clk          ; clk         ; 1.000        ; 0.339      ; 14.473     ;
; -13.126 ; x_reg[7]  ; x_reg[25] ; clk          ; clk         ; 1.000        ; 0.329      ; 14.453     ;
; -13.124 ; x_reg[17] ; x_reg[25] ; clk          ; clk         ; 1.000        ; -0.102     ; 14.020     ;
; -13.115 ; x_reg[16] ; x_reg[28] ; clk          ; clk         ; 1.000        ; 0.330      ; 14.443     ;
; -13.108 ; x_reg[1]  ; x_reg[8]  ; clk          ; clk         ; 1.000        ; -0.085     ; 14.021     ;
; -13.107 ; x_reg[10] ; x_reg[31] ; clk          ; clk         ; 1.000        ; 0.352      ; 14.457     ;
; -13.098 ; x_reg[7]  ; x_reg[29] ; clk          ; clk         ; 1.000        ; 0.342      ; 14.438     ;
+---------+-----------+-----------+--------------+-------------+--------------+------------+------------+


+-----------------------------------------------------------------------------------------------------------------------------+
; Slow 1200mV 85C Model Hold: 'clk'                                                                                           ;
+-------+-----------------------+-----------------------+--------------+-------------+--------------+------------+------------+
; Slack ; From Node             ; To Node               ; Launch Clock ; Latch Clock ; Relationship ; Clock Skew ; Data Delay ;
+-------+-----------------------+-----------------------+--------------+-------------+--------------+------------+------------+
; 0.388 ; x_reg[30]             ; x_reg[30]             ; clk          ; clk         ; 0.000        ; 0.095      ; 0.669      ;
; 0.388 ; x_reg[29]             ; x_reg[29]             ; clk          ; clk         ; 0.000        ; 0.095      ; 0.669      ;
; 0.388 ; x_reg[28]             ; x_reg[28]             ; clk          ; clk         ; 0.000        ; 0.095      ; 0.669      ;
; 0.388 ; x_reg[25]             ; x_reg[25]             ; clk          ; clk         ; 0.000        ; 0.095      ; 0.669      ;
; 0.388 ; x_reg[24]             ; x_reg[24]             ; clk          ; clk         ; 0.000        ; 0.095      ; 0.669      ;
; 0.388 ; x_reg[23]             ; x_reg[23]             ; clk          ; clk         ; 0.000        ; 0.095      ; 0.669      ;
; 0.388 ; x_reg[22]             ; x_reg[22]             ; clk          ; clk         ; 0.000        ; 0.095      ; 0.669      ;
; 0.388 ; x_reg[21]             ; x_reg[21]             ; clk          ; clk         ; 0.000        ; 0.095      ; 0.669      ;
; 0.388 ; x_reg[20]             ; x_reg[20]             ; clk          ; clk         ; 0.000        ; 0.095      ; 0.669      ;
; 0.388 ; x_reg[31]             ; x_reg[31]             ; clk          ; clk         ; 0.000        ; 0.095      ; 0.669      ;
; 0.388 ; x_reg[17]             ; x_reg[17]             ; clk          ; clk         ; 0.000        ; 0.095      ; 0.669      ;
; 0.403 ; state.IDLE            ; state.IDLE            ; clk          ; clk         ; 0.000        ; 0.080      ; 0.669      ;
; 0.403 ; state.DONE            ; state.DONE            ; clk          ; clk         ; 0.000        ; 0.080      ; 0.669      ;
; 0.403 ; round[0]              ; round[0]              ; clk          ; clk         ; 0.000        ; 0.080      ; 0.669      ;
; 0.403 ; round[1]              ; round[1]              ; clk          ; clk         ; 0.000        ; 0.080      ; 0.669      ;
; 0.403 ; s_counter_out[1]      ; s_counter_out[1]      ; clk          ; clk         ; 0.000        ; 0.080      ; 0.669      ;
; 0.403 ; s_ram_addr[0]         ; s_ram_addr[0]         ; clk          ; clk         ; 0.000        ; 0.080      ; 0.669      ;
; 0.403 ; s_ram_addr[1]         ; s_ram_addr[1]         ; clk          ; clk         ; 0.000        ; 0.080      ; 0.669      ;
; 0.403 ; s_ram_addr[2]         ; s_ram_addr[2]         ; clk          ; clk         ; 0.000        ; 0.080      ; 0.669      ;
; 0.403 ; s_ram_addr[3]         ; s_ram_addr[3]         ; clk          ; clk         ; 0.000        ; 0.080      ; 0.669      ;
; 0.405 ; x_reg[15]             ; x_reg[15]             ; clk          ; clk         ; 0.000        ; 0.078      ; 0.669      ;
; 0.405 ; x_reg[14]             ; x_reg[14]             ; clk          ; clk         ; 0.000        ; 0.078      ; 0.669      ;
; 0.405 ; x_reg[13]             ; x_reg[13]             ; clk          ; clk         ; 0.000        ; 0.078      ; 0.669      ;
; 0.405 ; x_reg[12]             ; x_reg[12]             ; clk          ; clk         ; 0.000        ; 0.078      ; 0.669      ;
; 0.405 ; x_reg[8]              ; x_reg[8]              ; clk          ; clk         ; 0.000        ; 0.078      ; 0.669      ;
; 0.405 ; x_reg[7]              ; x_reg[7]              ; clk          ; clk         ; 0.000        ; 0.078      ; 0.669      ;
; 0.405 ; x_reg[6]              ; x_reg[6]              ; clk          ; clk         ; 0.000        ; 0.078      ; 0.669      ;
; 0.405 ; x_reg[5]              ; x_reg[5]              ; clk          ; clk         ; 0.000        ; 0.078      ; 0.669      ;
; 0.405 ; x_reg[4]              ; x_reg[4]              ; clk          ; clk         ; 0.000        ; 0.078      ; 0.669      ;
; 0.408 ; s_counter_out[0]      ; s_counter_out[0]      ; clk          ; clk         ; 0.000        ; 0.080      ; 0.674      ;
; 0.442 ; s_ram_addr[2]         ; s_ram_addr[3]         ; clk          ; clk         ; 0.000        ; 0.080      ; 0.708      ;
; 0.466 ; s_counter_out[0]      ; s_ram_addr[0]         ; clk          ; clk         ; 0.000        ; 0.080      ; 0.732      ;
; 0.466 ; s_counter_out[0]      ; s_ram_addr[1]         ; clk          ; clk         ; 0.000        ; 0.080      ; 0.732      ;
; 0.467 ; state.IDLE            ; state.INIT            ; clk          ; clk         ; 0.000        ; 0.080      ; 0.733      ;
; 0.472 ; state.INIT            ; done_out~reg0         ; clk          ; clk         ; 0.000        ; 0.080      ; 0.738      ;
; 0.482 ; state.INIT            ; round[0]              ; clk          ; clk         ; 0.000        ; 0.080      ; 0.748      ;
; 0.642 ; counter[1]            ; counter[1]            ; clk          ; clk         ; 0.000        ; 0.080      ; 0.908      ;
; 0.644 ; counter[6]            ; counter[6]            ; clk          ; clk         ; 0.000        ; 0.080      ; 0.910      ;
; 0.644 ; counter[7]            ; counter[7]            ; clk          ; clk         ; 0.000        ; 0.080      ; 0.910      ;
; 0.644 ; counter[8]            ; counter[8]            ; clk          ; clk         ; 0.000        ; 0.080      ; 0.910      ;
; 0.645 ; counter[5]            ; counter[5]            ; clk          ; clk         ; 0.000        ; 0.080      ; 0.911      ;
; 0.645 ; counter_2[1]          ; counter_2[1]          ; clk          ; clk         ; 0.000        ; 0.080      ; 0.911      ;
; 0.645 ; counter_2[2]          ; counter_2[2]          ; clk          ; clk         ; 0.000        ; 0.080      ; 0.911      ;
; 0.645 ; counter_2[5]          ; counter_2[5]          ; clk          ; clk         ; 0.000        ; 0.080      ; 0.911      ;
; 0.646 ; counter_2[8]          ; counter_2[8]          ; clk          ; clk         ; 0.000        ; 0.080      ; 0.912      ;
; 0.648 ; counter[2]            ; counter[2]            ; clk          ; clk         ; 0.000        ; 0.080      ; 0.914      ;
; 0.649 ; counter_2[4]          ; counter_2[4]          ; clk          ; clk         ; 0.000        ; 0.080      ; 0.915      ;
; 0.649 ; counter_2[6]          ; counter_2[6]          ; clk          ; clk         ; 0.000        ; 0.080      ; 0.915      ;
; 0.657 ; counter_2[3]          ; counter_2[3]          ; clk          ; clk         ; 0.000        ; 0.080      ; 0.923      ;
; 0.659 ; counter[3]            ; counter[3]            ; clk          ; clk         ; 0.000        ; 0.080      ; 0.925      ;
; 0.660 ; counter_2[7]          ; counter_2[7]          ; clk          ; clk         ; 0.000        ; 0.080      ; 0.926      ;
; 0.662 ; counter[4]            ; counter[4]            ; clk          ; clk         ; 0.000        ; 0.080      ; 0.928      ;
; 0.663 ; counter_2[0]          ; counter_2[0]          ; clk          ; clk         ; 0.000        ; 0.080      ; 0.929      ;
; 0.664 ; counter[0]            ; counter[0]            ; clk          ; clk         ; 0.000        ; 0.080      ; 0.930      ;
; 0.667 ; s_ram_addr[0]         ; s_ram_addr[1]         ; clk          ; clk         ; 0.000        ; 0.080      ; 0.933      ;
; 0.678 ; s_counter_out[1]      ; s_ram_addr[0]         ; clk          ; clk         ; 0.000        ; 0.080      ; 0.944      ;
; 0.678 ; s_counter_out[1]      ; s_ram_addr[1]         ; clk          ; clk         ; 0.000        ; 0.080      ; 0.944      ;
; 0.683 ; s_counter_out[0]      ; s_counter_out[1]      ; clk          ; clk         ; 0.000        ; 0.080      ; 0.949      ;
; 0.691 ; state.INIT            ; state.GENERATE_VALUES ; clk          ; clk         ; 0.000        ; 0.080      ; 0.957      ;
; 0.736 ; state.DONE            ; round[0]              ; clk          ; clk         ; 0.000        ; 0.080      ; 1.002      ;
; 0.760 ; state.IDLE            ; done_out~reg0         ; clk          ; clk         ; 0.000        ; 0.080      ; 1.026      ;
; 0.819 ; s_counter_out[0]      ; s_ram_addr[2]         ; clk          ; clk         ; 0.000        ; 0.080      ; 1.085      ;
; 0.854 ; state.IDLE            ; s_counter_out[1]      ; clk          ; clk         ; 0.000        ; 0.084      ; 1.124      ;
; 0.855 ; state.IDLE            ; s_counter_out[0]      ; clk          ; clk         ; 0.000        ; 0.084      ; 1.125      ;
; 0.918 ; round[0]              ; round[1]              ; clk          ; clk         ; 0.000        ; 0.080      ; 1.184      ;
; 0.928 ; s_ram_addr[0]         ; s_ram_addr[2]         ; clk          ; clk         ; 0.000        ; 0.080      ; 1.194      ;
; 0.960 ; counter[1]            ; counter[2]            ; clk          ; clk         ; 0.000        ; 0.080      ; 1.226      ;
; 0.961 ; counter[7]            ; counter[8]            ; clk          ; clk         ; 0.000        ; 0.080      ; 1.227      ;
; 0.962 ; counter[5]            ; counter[6]            ; clk          ; clk         ; 0.000        ; 0.080      ; 1.228      ;
; 0.962 ; counter_2[1]          ; counter_2[2]          ; clk          ; clk         ; 0.000        ; 0.080      ; 1.228      ;
; 0.962 ; counter_2[5]          ; counter_2[6]          ; clk          ; clk         ; 0.000        ; 0.080      ; 1.228      ;
; 0.971 ; counter[6]            ; counter[7]            ; clk          ; clk         ; 0.000        ; 0.080      ; 1.237      ;
; 0.971 ; counter_2[0]          ; counter_2[1]          ; clk          ; clk         ; 0.000        ; 0.080      ; 1.237      ;
; 0.972 ; counter[0]            ; counter[1]            ; clk          ; clk         ; 0.000        ; 0.080      ; 1.238      ;
; 0.972 ; counter_2[2]          ; counter_2[3]          ; clk          ; clk         ; 0.000        ; 0.080      ; 1.238      ;
; 0.975 ; counter_2[3]          ; counter_2[4]          ; clk          ; clk         ; 0.000        ; 0.080      ; 1.241      ;
; 0.975 ; counter[2]            ; counter[3]            ; clk          ; clk         ; 0.000        ; 0.080      ; 1.241      ;
; 0.976 ; counter[3]            ; counter[4]            ; clk          ; clk         ; 0.000        ; 0.080      ; 1.242      ;
; 0.976 ; counter_2[4]          ; counter_2[5]          ; clk          ; clk         ; 0.000        ; 0.080      ; 1.242      ;
; 0.976 ; counter_2[6]          ; counter_2[7]          ; clk          ; clk         ; 0.000        ; 0.080      ; 1.242      ;
; 0.976 ; counter[6]            ; counter[8]            ; clk          ; clk         ; 0.000        ; 0.080      ; 1.242      ;
; 0.976 ; counter_2[0]          ; counter_2[2]          ; clk          ; clk         ; 0.000        ; 0.080      ; 1.242      ;
; 0.977 ; counter_2[7]          ; counter_2[8]          ; clk          ; clk         ; 0.000        ; 0.080      ; 1.243      ;
; 0.977 ; counter[0]            ; counter[2]            ; clk          ; clk         ; 0.000        ; 0.080      ; 1.243      ;
; 0.977 ; counter_2[2]          ; counter_2[4]          ; clk          ; clk         ; 0.000        ; 0.080      ; 1.243      ;
; 0.980 ; counter[2]            ; counter[4]            ; clk          ; clk         ; 0.000        ; 0.080      ; 1.246      ;
; 0.981 ; counter_2[4]          ; counter_2[6]          ; clk          ; clk         ; 0.000        ; 0.080      ; 1.247      ;
; 0.981 ; counter_2[6]          ; counter_2[8]          ; clk          ; clk         ; 0.000        ; 0.080      ; 1.247      ;
; 0.989 ; counter[4]            ; counter[5]            ; clk          ; clk         ; 0.000        ; 0.080      ; 1.255      ;
; 0.994 ; counter[4]            ; counter[6]            ; clk          ; clk         ; 0.000        ; 0.080      ; 1.260      ;
; 1.025 ; s_counter_out[1]      ; s_ram_addr[2]         ; clk          ; clk         ; 0.000        ; 0.080      ; 1.291      ;
; 1.034 ; s_counter_out[0]      ; s_ram_addr[3]         ; clk          ; clk         ; 0.000        ; 0.080      ; 1.300      ;
; 1.041 ; state.INIT            ; round[1]              ; clk          ; clk         ; 0.000        ; 0.080      ; 1.307      ;
; 1.056 ; state.GENERATE_VALUES ; round[1]              ; clk          ; clk         ; 0.000        ; 0.080      ; 1.322      ;
; 1.058 ; state.GENERATE_VALUES ; state.DONE            ; clk          ; clk         ; 0.000        ; 0.080      ; 1.324      ;
; 1.081 ; counter[1]            ; counter[3]            ; clk          ; clk         ; 0.000        ; 0.080      ; 1.347      ;
; 1.083 ; counter[5]            ; counter[7]            ; clk          ; clk         ; 0.000        ; 0.080      ; 1.349      ;
; 1.083 ; counter_2[1]          ; counter_2[3]          ; clk          ; clk         ; 0.000        ; 0.080      ; 1.349      ;
; 1.083 ; counter_2[5]          ; counter_2[7]          ; clk          ; clk         ; 0.000        ; 0.080      ; 1.349      ;
; 1.086 ; counter[1]            ; counter[4]            ; clk          ; clk         ; 0.000        ; 0.080      ; 1.352      ;
+-------+-----------------------+-----------------------+--------------+-------------+--------------+------------+------------+


+-------------------------------------------------------------------------------------------------------------+
; Slow 1200mV 85C Model Recovery: 'clk'                                                                       ;
+--------+--------------+---------------+--------------+-------------+--------------+------------+------------+
; Slack  ; From Node    ; To Node       ; Launch Clock ; Latch Clock ; Relationship ; Clock Skew ; Data Delay ;
+--------+--------------+---------------+--------------+-------------+--------------+------------+------------+
; -0.523 ; s_data_valid ; s_ram_addr[0] ; clk          ; clk         ; 1.000        ; -0.080     ; 1.441      ;
; -0.523 ; s_data_valid ; s_ram_addr[1] ; clk          ; clk         ; 1.000        ; -0.080     ; 1.441      ;
; -0.523 ; s_data_valid ; s_ram_addr[2] ; clk          ; clk         ; 1.000        ; -0.080     ; 1.441      ;
; -0.523 ; s_data_valid ; s_ram_addr[3] ; clk          ; clk         ; 1.000        ; -0.080     ; 1.441      ;
+--------+--------------+---------------+--------------+-------------+--------------+------------+------------+


+------------------------------------------------------------------------------------------------------------+
; Slow 1200mV 85C Model Removal: 'clk'                                                                       ;
+-------+--------------+---------------+--------------+-------------+--------------+------------+------------+
; Slack ; From Node    ; To Node       ; Launch Clock ; Latch Clock ; Relationship ; Clock Skew ; Data Delay ;
+-------+--------------+---------------+--------------+-------------+--------------+------------+------------+
; 1.025 ; s_data_valid ; s_ram_addr[0] ; clk          ; clk         ; 0.000        ; 0.080      ; 1.291      ;
; 1.025 ; s_data_valid ; s_ram_addr[1] ; clk          ; clk         ; 0.000        ; 0.080      ; 1.291      ;
; 1.025 ; s_data_valid ; s_ram_addr[2] ; clk          ; clk         ; 0.000        ; 0.080      ; 1.291      ;
; 1.025 ; s_data_valid ; s_ram_addr[3] ; clk          ; clk         ; 0.000        ; 0.080      ; 1.291      ;
+-------+--------------+---------------+--------------+-------------+--------------+------------+------------+


+-------------------------------------------------------------------------------------------------------+
; Slow 1200mV 85C Model Minimum Pulse Width: 'clk'                                                      ;
+--------+--------------+----------------+-----------------+-------+------------+-----------------------+
; Slack  ; Actual Width ; Required Width ; Type            ; Clock ; Clock Edge ; Target                ;
+--------+--------------+----------------+-----------------+-------+------------+-----------------------+
; -3.000 ; 1.000        ; 4.000          ; Port Rate       ; clk   ; Rise       ; clk                   ;
; -1.285 ; 1.000        ; 2.285          ; Min Period      ; clk   ; Rise       ; counter[0]            ;
; -1.285 ; 1.000        ; 2.285          ; Min Period      ; clk   ; Rise       ; counter[1]            ;
; -1.285 ; 1.000        ; 2.285          ; Min Period      ; clk   ; Rise       ; counter[2]            ;
; -1.285 ; 1.000        ; 2.285          ; Min Period      ; clk   ; Rise       ; counter[3]            ;
; -1.285 ; 1.000        ; 2.285          ; Min Period      ; clk   ; Rise       ; counter[4]            ;
; -1.285 ; 1.000        ; 2.285          ; Min Period      ; clk   ; Rise       ; counter[5]            ;
; -1.285 ; 1.000        ; 2.285          ; Min Period      ; clk   ; Rise       ; counter[6]            ;
; -1.285 ; 1.000        ; 2.285          ; Min Period      ; clk   ; Rise       ; counter[7]            ;
; -1.285 ; 1.000        ; 2.285          ; Min Period      ; clk   ; Rise       ; counter[8]            ;
; -1.285 ; 1.000        ; 2.285          ; Min Period      ; clk   ; Rise       ; counter_2[0]          ;
; -1.285 ; 1.000        ; 2.285          ; Min Period      ; clk   ; Rise       ; counter_2[1]          ;
; -1.285 ; 1.000        ; 2.285          ; Min Period      ; clk   ; Rise       ; counter_2[2]          ;
; -1.285 ; 1.000        ; 2.285          ; Min Period      ; clk   ; Rise       ; counter_2[3]          ;
; -1.285 ; 1.000        ; 2.285          ; Min Period      ; clk   ; Rise       ; counter_2[4]          ;
; -1.285 ; 1.000        ; 2.285          ; Min Period      ; clk   ; Rise       ; counter_2[5]          ;
; -1.285 ; 1.000        ; 2.285          ; Min Period      ; clk   ; Rise       ; counter_2[6]          ;
; -1.285 ; 1.000        ; 2.285          ; Min Period      ; clk   ; Rise       ; counter_2[7]          ;
; -1.285 ; 1.000        ; 2.285          ; Min Period      ; clk   ; Rise       ; counter_2[8]          ;
; -1.285 ; 1.000        ; 2.285          ; Min Period      ; clk   ; Rise       ; data_valid~reg0       ;
; -1.285 ; 1.000        ; 2.285          ; Min Period      ; clk   ; Rise       ; done_out~reg0         ;
; -1.285 ; 1.000        ; 2.285          ; Min Period      ; clk   ; Rise       ; round[0]              ;
; -1.285 ; 1.000        ; 2.285          ; Min Period      ; clk   ; Rise       ; round[1]              ;
; -1.285 ; 1.000        ; 2.285          ; Min Period      ; clk   ; Rise       ; s_counter_out[0]      ;
; -1.285 ; 1.000        ; 2.285          ; Min Period      ; clk   ; Rise       ; s_counter_out[1]      ;
; -1.285 ; 1.000        ; 2.285          ; Min Period      ; clk   ; Rise       ; s_data_valid          ;
; -1.285 ; 1.000        ; 2.285          ; Min Period      ; clk   ; Rise       ; s_ram_addr[0]         ;
; -1.285 ; 1.000        ; 2.285          ; Min Period      ; clk   ; Rise       ; s_ram_addr[1]         ;
; -1.285 ; 1.000        ; 2.285          ; Min Period      ; clk   ; Rise       ; s_ram_addr[2]         ;
; -1.285 ; 1.000        ; 2.285          ; Min Period      ; clk   ; Rise       ; s_ram_addr[3]         ;
; -1.285 ; 1.000        ; 2.285          ; Min Period      ; clk   ; Rise       ; state.DONE            ;
; -1.285 ; 1.000        ; 2.285          ; Min Period      ; clk   ; Rise       ; state.GENERATE_VALUES ;
; -1.285 ; 1.000        ; 2.285          ; Min Period      ; clk   ; Rise       ; state.IDLE            ;
; -1.285 ; 1.000        ; 2.285          ; Min Period      ; clk   ; Rise       ; state.INIT            ;
; -1.285 ; 1.000        ; 2.285          ; Min Period      ; clk   ; Rise       ; total_key_words[3]    ;
; -1.285 ; 1.000        ; 2.285          ; Min Period      ; clk   ; Rise       ; total_key_words[4]    ;
; -1.285 ; 1.000        ; 2.285          ; Min Period      ; clk   ; Rise       ; total_key_words[5]    ;
; -1.285 ; 1.000        ; 2.285          ; Min Period      ; clk   ; Rise       ; words_x_round[0]      ;
; -1.285 ; 1.000        ; 2.285          ; Min Period      ; clk   ; Rise       ; words_x_round[3]      ;
; -1.285 ; 1.000        ; 2.285          ; Min Period      ; clk   ; Rise       ; x_reg[0]              ;
; -1.285 ; 1.000        ; 2.285          ; Min Period      ; clk   ; Rise       ; x_reg[10]             ;
; -1.285 ; 1.000        ; 2.285          ; Min Period      ; clk   ; Rise       ; x_reg[11]             ;
; -1.285 ; 1.000        ; 2.285          ; Min Period      ; clk   ; Rise       ; x_reg[12]             ;
; -1.285 ; 1.000        ; 2.285          ; Min Period      ; clk   ; Rise       ; x_reg[13]             ;
; -1.285 ; 1.000        ; 2.285          ; Min Period      ; clk   ; Rise       ; x_reg[14]             ;
; -1.285 ; 1.000        ; 2.285          ; Min Period      ; clk   ; Rise       ; x_reg[15]             ;
; -1.285 ; 1.000        ; 2.285          ; Min Period      ; clk   ; Rise       ; x_reg[16]             ;
; -1.285 ; 1.000        ; 2.285          ; Min Period      ; clk   ; Rise       ; x_reg[17]             ;
; -1.285 ; 1.000        ; 2.285          ; Min Period      ; clk   ; Rise       ; x_reg[18]             ;
; -1.285 ; 1.000        ; 2.285          ; Min Period      ; clk   ; Rise       ; x_reg[19]             ;
; -1.285 ; 1.000        ; 2.285          ; Min Period      ; clk   ; Rise       ; x_reg[1]              ;
; -1.285 ; 1.000        ; 2.285          ; Min Period      ; clk   ; Rise       ; x_reg[20]             ;
; -1.285 ; 1.000        ; 2.285          ; Min Period      ; clk   ; Rise       ; x_reg[21]             ;
; -1.285 ; 1.000        ; 2.285          ; Min Period      ; clk   ; Rise       ; x_reg[22]             ;
; -1.285 ; 1.000        ; 2.285          ; Min Period      ; clk   ; Rise       ; x_reg[23]             ;
; -1.285 ; 1.000        ; 2.285          ; Min Period      ; clk   ; Rise       ; x_reg[24]             ;
; -1.285 ; 1.000        ; 2.285          ; Min Period      ; clk   ; Rise       ; x_reg[25]             ;
; -1.285 ; 1.000        ; 2.285          ; Min Period      ; clk   ; Rise       ; x_reg[26]             ;
; -1.285 ; 1.000        ; 2.285          ; Min Period      ; clk   ; Rise       ; x_reg[27]             ;
; -1.285 ; 1.000        ; 2.285          ; Min Period      ; clk   ; Rise       ; x_reg[28]             ;
; -1.285 ; 1.000        ; 2.285          ; Min Period      ; clk   ; Rise       ; x_reg[29]             ;
; -1.285 ; 1.000        ; 2.285          ; Min Period      ; clk   ; Rise       ; x_reg[2]              ;
; -1.285 ; 1.000        ; 2.285          ; Min Period      ; clk   ; Rise       ; x_reg[30]             ;
; -1.285 ; 1.000        ; 2.285          ; Min Period      ; clk   ; Rise       ; x_reg[31]             ;
; -1.285 ; 1.000        ; 2.285          ; Min Period      ; clk   ; Rise       ; x_reg[3]              ;
; -1.285 ; 1.000        ; 2.285          ; Min Period      ; clk   ; Rise       ; x_reg[4]              ;
; -1.285 ; 1.000        ; 2.285          ; Min Period      ; clk   ; Rise       ; x_reg[5]              ;
; -1.285 ; 1.000        ; 2.285          ; Min Period      ; clk   ; Rise       ; x_reg[6]              ;
; -1.285 ; 1.000        ; 2.285          ; Min Period      ; clk   ; Rise       ; x_reg[7]              ;
; -1.285 ; 1.000        ; 2.285          ; Min Period      ; clk   ; Rise       ; x_reg[8]              ;
; -1.285 ; 1.000        ; 2.285          ; Min Period      ; clk   ; Rise       ; x_reg[9]              ;
; 0.252  ; 0.440        ; 0.188          ; Low Pulse Width ; clk   ; Rise       ; x_reg[19]             ;
; 0.258  ; 0.446        ; 0.188          ; Low Pulse Width ; clk   ; Rise       ; done_out~reg0         ;
; 0.258  ; 0.446        ; 0.188          ; Low Pulse Width ; clk   ; Rise       ; round[0]              ;
; 0.258  ; 0.446        ; 0.188          ; Low Pulse Width ; clk   ; Rise       ; round[1]              ;
; 0.258  ; 0.446        ; 0.188          ; Low Pulse Width ; clk   ; Rise       ; state.DONE            ;
; 0.258  ; 0.446        ; 0.188          ; Low Pulse Width ; clk   ; Rise       ; state.GENERATE_VALUES ;
; 0.258  ; 0.446        ; 0.188          ; Low Pulse Width ; clk   ; Rise       ; state.IDLE            ;
; 0.258  ; 0.446        ; 0.188          ; Low Pulse Width ; clk   ; Rise       ; state.INIT            ;
; 0.259  ; 0.447        ; 0.188          ; Low Pulse Width ; clk   ; Rise       ; counter[0]            ;
; 0.259  ; 0.447        ; 0.188          ; Low Pulse Width ; clk   ; Rise       ; counter[1]            ;
; 0.259  ; 0.447        ; 0.188          ; Low Pulse Width ; clk   ; Rise       ; counter[2]            ;
; 0.259  ; 0.447        ; 0.188          ; Low Pulse Width ; clk   ; Rise       ; counter[3]            ;
; 0.259  ; 0.447        ; 0.188          ; Low Pulse Width ; clk   ; Rise       ; counter[4]            ;
; 0.259  ; 0.447        ; 0.188          ; Low Pulse Width ; clk   ; Rise       ; counter[5]            ;
; 0.259  ; 0.447        ; 0.188          ; Low Pulse Width ; clk   ; Rise       ; counter[6]            ;
; 0.259  ; 0.447        ; 0.188          ; Low Pulse Width ; clk   ; Rise       ; counter[7]            ;
; 0.259  ; 0.447        ; 0.188          ; Low Pulse Width ; clk   ; Rise       ; counter[8]            ;
; 0.259  ; 0.447        ; 0.188          ; Low Pulse Width ; clk   ; Rise       ; counter_2[0]          ;
; 0.259  ; 0.447        ; 0.188          ; Low Pulse Width ; clk   ; Rise       ; counter_2[1]          ;
; 0.259  ; 0.447        ; 0.188          ; Low Pulse Width ; clk   ; Rise       ; counter_2[2]          ;
; 0.259  ; 0.447        ; 0.188          ; Low Pulse Width ; clk   ; Rise       ; counter_2[3]          ;
; 0.259  ; 0.447        ; 0.188          ; Low Pulse Width ; clk   ; Rise       ; counter_2[4]          ;
; 0.259  ; 0.447        ; 0.188          ; Low Pulse Width ; clk   ; Rise       ; counter_2[5]          ;
; 0.259  ; 0.447        ; 0.188          ; Low Pulse Width ; clk   ; Rise       ; counter_2[6]          ;
; 0.259  ; 0.447        ; 0.188          ; Low Pulse Width ; clk   ; Rise       ; counter_2[7]          ;
; 0.259  ; 0.447        ; 0.188          ; Low Pulse Width ; clk   ; Rise       ; counter_2[8]          ;
; 0.259  ; 0.447        ; 0.188          ; Low Pulse Width ; clk   ; Rise       ; data_valid~reg0       ;
; 0.259  ; 0.447        ; 0.188          ; Low Pulse Width ; clk   ; Rise       ; s_counter_out[0]      ;
; 0.259  ; 0.447        ; 0.188          ; Low Pulse Width ; clk   ; Rise       ; s_counter_out[1]      ;
+--------+--------------+----------------+-----------------+-------+------------+-----------------------+


+-----------------------------------------------------------------------------+
; Setup Times                                                                 ;
+-----------------+------------+-------+-------+------------+-----------------+
; Data Port       ; Clock Port ; Rise  ; Fall  ; Clock Edge ; Clock Reference ;
+-----------------+------------+-------+-------+------------+-----------------+
; AES_version[*]  ; clk        ; 1.445 ; 1.800 ; Rise       ; clk             ;
;  AES_version[0] ; clk        ; 1.445 ; 1.800 ; Rise       ; clk             ;
;  AES_version[1] ; clk        ; 1.319 ; 1.655 ; Rise       ; clk             ;
; reset           ; clk        ; 0.783 ; 0.817 ; Rise       ; clk             ;
; start           ; clk        ; 2.868 ; 3.156 ; Rise       ; clk             ;
+-----------------+------------+-------+-------+------------+-----------------+


+-------------------------------------------------------------------------------+
; Hold Times                                                                    ;
+-----------------+------------+--------+--------+------------+-----------------+
; Data Port       ; Clock Port ; Rise   ; Fall   ; Clock Edge ; Clock Reference ;
+-----------------+------------+--------+--------+------------+-----------------+
; AES_version[*]  ; clk        ; -0.862 ; -1.186 ; Rise       ; clk             ;
;  AES_version[0] ; clk        ; -0.986 ; -1.305 ; Rise       ; clk             ;
;  AES_version[1] ; clk        ; -0.862 ; -1.186 ; Rise       ; clk             ;
; reset           ; clk        ; 0.533  ; 0.431  ; Rise       ; clk             ;
; start           ; clk        ; -0.868 ; -1.166 ; Rise       ; clk             ;
+-----------------+------------+--------+--------+------------+-----------------+


+-----------------------------------------------------------------------------+
; Clock to Output Times                                                       ;
+-----------------+------------+-------+-------+------------+-----------------+
; Data Port       ; Clock Port ; Rise  ; Fall  ; Clock Edge ; Clock Reference ;
+-----------------+------------+-------+-------+------------+-----------------+
; counter_out[*]  ; clk        ; 6.978 ; 6.985 ; Rise       ; clk             ;
;  counter_out[0] ; clk        ; 6.978 ; 6.985 ; Rise       ; clk             ;
;  counter_out[1] ; clk        ; 6.668 ; 6.678 ; Rise       ; clk             ;
; data_out[*]     ; clk        ; 9.398 ; 9.454 ; Rise       ; clk             ;
;  data_out[0]    ; clk        ; 8.453 ; 8.376 ; Rise       ; clk             ;
;  data_out[1]    ; clk        ; 7.505 ; 7.472 ; Rise       ; clk             ;
;  data_out[2]    ; clk        ; 8.039 ; 8.041 ; Rise       ; clk             ;
;  data_out[3]    ; clk        ; 8.520 ; 8.421 ; Rise       ; clk             ;
;  data_out[4]    ; clk        ; 7.853 ; 7.828 ; Rise       ; clk             ;
;  data_out[5]    ; clk        ; 8.635 ; 8.565 ; Rise       ; clk             ;
;  data_out[6]    ; clk        ; 8.152 ; 8.119 ; Rise       ; clk             ;
;  data_out[7]    ; clk        ; 7.906 ; 7.868 ; Rise       ; clk             ;
;  data_out[8]    ; clk        ; 8.048 ; 7.987 ; Rise       ; clk             ;
;  data_out[9]    ; clk        ; 7.745 ; 7.744 ; Rise       ; clk             ;
;  data_out[10]   ; clk        ; 7.653 ; 7.679 ; Rise       ; clk             ;
;  data_out[11]   ; clk        ; 8.387 ; 8.340 ; Rise       ; clk             ;
;  data_out[12]   ; clk        ; 8.041 ; 8.003 ; Rise       ; clk             ;
;  data_out[13]   ; clk        ; 7.852 ; 7.920 ; Rise       ; clk             ;
;  data_out[14]   ; clk        ; 8.043 ; 7.995 ; Rise       ; clk             ;
;  data_out[15]   ; clk        ; 9.398 ; 9.454 ; Rise       ; clk             ;
;  data_out[16]   ; clk        ; 8.194 ; 8.160 ; Rise       ; clk             ;
;  data_out[17]   ; clk        ; 8.432 ; 8.401 ; Rise       ; clk             ;
;  data_out[18]   ; clk        ; 8.657 ; 8.620 ; Rise       ; clk             ;
;  data_out[19]   ; clk        ; 7.925 ; 7.914 ; Rise       ; clk             ;
;  data_out[20]   ; clk        ; 7.681 ; 7.718 ; Rise       ; clk             ;
;  data_out[21]   ; clk        ; 8.549 ; 8.516 ; Rise       ; clk             ;
;  data_out[22]   ; clk        ; 9.187 ; 9.283 ; Rise       ; clk             ;
;  data_out[23]   ; clk        ; 8.292 ; 8.269 ; Rise       ; clk             ;
;  data_out[24]   ; clk        ; 8.767 ; 8.702 ; Rise       ; clk             ;
;  data_out[25]   ; clk        ; 8.492 ; 8.435 ; Rise       ; clk             ;
;  data_out[26]   ; clk        ; 8.301 ; 8.273 ; Rise       ; clk             ;
;  data_out[27]   ; clk        ; 8.204 ; 8.183 ; Rise       ; clk             ;
;  data_out[28]   ; clk        ; 8.136 ; 8.093 ; Rise       ; clk             ;
;  data_out[29]   ; clk        ; 8.198 ; 8.167 ; Rise       ; clk             ;
;  data_out[30]   ; clk        ; 8.487 ; 8.444 ; Rise       ; clk             ;
;  data_out[31]   ; clk        ; 8.265 ; 8.235 ; Rise       ; clk             ;
; data_valid      ; clk        ; 6.972 ; 6.982 ; Rise       ; clk             ;
; done_out        ; clk        ; 7.053 ; 7.025 ; Rise       ; clk             ;
; ram_addr[*]     ; clk        ; 7.019 ; 7.028 ; Rise       ; clk             ;
;  ram_addr[0]    ; clk        ; 6.983 ; 6.991 ; Rise       ; clk             ;
;  ram_addr[1]    ; clk        ; 6.653 ; 6.670 ; Rise       ; clk             ;
;  ram_addr[2]    ; clk        ; 7.019 ; 7.028 ; Rise       ; clk             ;
;  ram_addr[3]    ; clk        ; 6.903 ; 6.912 ; Rise       ; clk             ;
+-----------------+------------+-------+-------+------------+-----------------+


+-----------------------------------------------------------------------------+
; Minimum Clock to Output Times                                               ;
+-----------------+------------+-------+-------+------------+-----------------+
; Data Port       ; Clock Port ; Rise  ; Fall  ; Clock Edge ; Clock Reference ;
+-----------------+------------+-------+-------+------------+-----------------+
; counter_out[*]  ; clk        ; 6.448 ; 6.456 ; Rise       ; clk             ;
;  counter_out[0] ; clk        ; 6.745 ; 6.750 ; Rise       ; clk             ;
;  counter_out[1] ; clk        ; 6.448 ; 6.456 ; Rise       ; clk             ;
; data_out[*]     ; clk        ; 7.245 ; 7.211 ; Rise       ; clk             ;
;  data_out[0]    ; clk        ; 8.161 ; 8.086 ; Rise       ; clk             ;
;  data_out[1]    ; clk        ; 7.245 ; 7.211 ; Rise       ; clk             ;
;  data_out[2]    ; clk        ; 7.763 ; 7.764 ; Rise       ; clk             ;
;  data_out[3]    ; clk        ; 8.226 ; 8.130 ; Rise       ; clk             ;
;  data_out[4]    ; clk        ; 7.585 ; 7.559 ; Rise       ; clk             ;
;  data_out[5]    ; clk        ; 8.334 ; 8.266 ; Rise       ; clk             ;
;  data_out[6]    ; clk        ; 7.874 ; 7.841 ; Rise       ; clk             ;
;  data_out[7]    ; clk        ; 7.635 ; 7.598 ; Rise       ; clk             ;
;  data_out[8]    ; clk        ; 7.767 ; 7.707 ; Rise       ; clk             ;
;  data_out[9]    ; clk        ; 7.479 ; 7.477 ; Rise       ; clk             ;
;  data_out[10]   ; clk        ; 7.392 ; 7.415 ; Rise       ; clk             ;
;  data_out[11]   ; clk        ; 8.095 ; 8.050 ; Rise       ; clk             ;
;  data_out[12]   ; clk        ; 7.767 ; 7.729 ; Rise       ; clk             ;
;  data_out[13]   ; clk        ; 7.579 ; 7.643 ; Rise       ; clk             ;
;  data_out[14]   ; clk        ; 7.766 ; 7.719 ; Rise       ; clk             ;
;  data_out[15]   ; clk        ; 9.116 ; 9.173 ; Rise       ; clk             ;
;  data_out[16]   ; clk        ; 7.911 ; 7.878 ; Rise       ; clk             ;
;  data_out[17]   ; clk        ; 8.141 ; 8.111 ; Rise       ; clk             ;
;  data_out[18]   ; clk        ; 8.358 ; 8.321 ; Rise       ; clk             ;
;  data_out[19]   ; clk        ; 7.655 ; 7.642 ; Rise       ; clk             ;
;  data_out[20]   ; clk        ; 7.418 ; 7.453 ; Rise       ; clk             ;
;  data_out[21]   ; clk        ; 8.255 ; 8.222 ; Rise       ; clk             ;
;  data_out[22]   ; clk        ; 8.920 ; 9.014 ; Rise       ; clk             ;
;  data_out[23]   ; clk        ; 8.008 ; 7.985 ; Rise       ; clk             ;
;  data_out[24]   ; clk        ; 8.461 ; 8.398 ; Rise       ; clk             ;
;  data_out[25]   ; clk        ; 8.200 ; 8.143 ; Rise       ; clk             ;
;  data_out[26]   ; clk        ; 8.016 ; 7.987 ; Rise       ; clk             ;
;  data_out[27]   ; clk        ; 7.923 ; 7.902 ; Rise       ; clk             ;
;  data_out[28]   ; clk        ; 7.857 ; 7.815 ; Rise       ; clk             ;
;  data_out[29]   ; clk        ; 7.918 ; 7.887 ; Rise       ; clk             ;
;  data_out[30]   ; clk        ; 8.195 ; 8.152 ; Rise       ; clk             ;
;  data_out[31]   ; clk        ; 7.982 ; 7.951 ; Rise       ; clk             ;
; data_valid      ; clk        ; 6.737 ; 6.746 ; Rise       ; clk             ;
; done_out        ; clk        ; 6.817 ; 6.790 ; Rise       ; clk             ;
; ram_addr[*]     ; clk        ; 6.434 ; 6.449 ; Rise       ; clk             ;
;  ram_addr[0]    ; clk        ; 6.750 ; 6.757 ; Rise       ; clk             ;
;  ram_addr[1]    ; clk        ; 6.434 ; 6.449 ; Rise       ; clk             ;
;  ram_addr[2]    ; clk        ; 6.784 ; 6.791 ; Rise       ; clk             ;
;  ram_addr[3]    ; clk        ; 6.671 ; 6.679 ; Rise       ; clk             ;
+-----------------+------------+-------+-------+------------+-----------------+


----------------------------------------------
; Slow 1200mV 85C Model Metastability Report ;
----------------------------------------------
No synchronizer chains to report.


+-------------------------------------------------+
; Slow 1200mV 0C Model Fmax Summary               ;
+-----------+-----------------+------------+------+
; Fmax      ; Restricted Fmax ; Clock Name ; Note ;
+-----------+-----------------+------------+------+
; 73.17 MHz ; 73.17 MHz       ; clk        ;      ;
+-----------+-----------------+------------+------+
This panel reports FMAX for every clock in the design, regardless of the user-specified clock periods.  FMAX is only computed for paths where the source and destination registers or ports are driven by the same clock.  Paths of different clocks, including generated clocks, are ignored.  For paths between a clock and its inversion, FMAX is computed as if the rising and falling edges are scaled along with FMAX, such that the duty cycle (in terms of a percentage) is maintained. Altera recommends that you always use clock constraints and other slack reports for sign-off analysis.


+------------------------------------+
; Slow 1200mV 0C Model Setup Summary ;
+-------+---------+------------------+
; Clock ; Slack   ; End Point TNS    ;
+-------+---------+------------------+
; clk   ; -12.666 ; -444.046         ;
+-------+---------+------------------+


+-----------------------------------+
; Slow 1200mV 0C Model Hold Summary ;
+-------+-------+-------------------+
; Clock ; Slack ; End Point TNS     ;
+-------+-------+-------------------+
; clk   ; 0.340 ; 0.000             ;
+-------+-------+-------------------+


+---------------------------------------+
; Slow 1200mV 0C Model Recovery Summary ;
+-------+--------+----------------------+
; Clock ; Slack  ; End Point TNS        ;
+-------+--------+----------------------+
; clk   ; -0.365 ; -1.460               ;
+-------+--------+----------------------+


+--------------------------------------+
; Slow 1200mV 0C Model Removal Summary ;
+-------+-------+----------------------+
; Clock ; Slack ; End Point TNS        ;
+-------+-------+----------------------+
; clk   ; 0.936 ; 0.000                ;
+-------+-------+----------------------+


+--------------------------------------------------+
; Slow 1200mV 0C Model Minimum Pulse Width Summary ;
+-------+--------+---------------------------------+
; Clock ; Slack  ; End Point TNS                   ;
+-------+--------+---------------------------------+
; clk   ; -3.000 ; -92.950                         ;
+-------+--------+---------------------------------+


+-------------------------------------------------------------------------------------------------------+
; Slow 1200mV 0C Model Setup: 'clk'                                                                     ;
+---------+-----------+-----------+--------------+-------------+--------------+------------+------------+
; Slack   ; From Node ; To Node   ; Launch Clock ; Latch Clock ; Relationship ; Clock Skew ; Data Delay ;
+---------+-----------+-----------+--------------+-------------+--------------+------------+------------+
; -12.666 ; x_reg[0]  ; x_reg[31] ; clk          ; clk         ; 1.000        ; 0.309      ; 13.974     ;
; -12.609 ; x_reg[1]  ; x_reg[31] ; clk          ; clk         ; 1.000        ; 0.309      ; 13.917     ;
; -12.539 ; x_reg[0]  ; x_reg[28] ; clk          ; clk         ; 1.000        ; 0.292      ; 13.830     ;
; -12.482 ; x_reg[1]  ; x_reg[28] ; clk          ; clk         ; 1.000        ; 0.292      ; 13.773     ;
; -12.455 ; x_reg[0]  ; x_reg[27] ; clk          ; clk         ; 1.000        ; 0.321      ; 13.775     ;
; -12.427 ; x_reg[0]  ; x_reg[26] ; clk          ; clk         ; 1.000        ; 0.321      ; 13.747     ;
; -12.423 ; x_reg[0]  ; x_reg[30] ; clk          ; clk         ; 1.000        ; 0.309      ; 13.731     ;
; -12.398 ; x_reg[1]  ; x_reg[27] ; clk          ; clk         ; 1.000        ; 0.321      ; 13.718     ;
; -12.370 ; x_reg[1]  ; x_reg[26] ; clk          ; clk         ; 1.000        ; 0.321      ; 13.690     ;
; -12.366 ; x_reg[1]  ; x_reg[30] ; clk          ; clk         ; 1.000        ; 0.309      ; 13.674     ;
; -12.350 ; x_reg[0]  ; x_reg[25] ; clk          ; clk         ; 1.000        ; 0.292      ; 13.641     ;
; -12.330 ; x_reg[0]  ; x_reg[24] ; clk          ; clk         ; 1.000        ; 0.292      ; 13.621     ;
; -12.306 ; x_reg[0]  ; x_reg[29] ; clk          ; clk         ; 1.000        ; 0.309      ; 13.614     ;
; -12.293 ; x_reg[1]  ; x_reg[25] ; clk          ; clk         ; 1.000        ; 0.292      ; 13.584     ;
; -12.273 ; x_reg[1]  ; x_reg[24] ; clk          ; clk         ; 1.000        ; 0.292      ; 13.564     ;
; -12.268 ; x_reg[0]  ; x_reg[23] ; clk          ; clk         ; 1.000        ; 0.292      ; 13.559     ;
; -12.249 ; x_reg[1]  ; x_reg[29] ; clk          ; clk         ; 1.000        ; 0.309      ; 13.557     ;
; -12.211 ; x_reg[1]  ; x_reg[23] ; clk          ; clk         ; 1.000        ; 0.292      ; 13.502     ;
; -12.183 ; x_reg[0]  ; x_reg[22] ; clk          ; clk         ; 1.000        ; 0.292      ; 13.474     ;
; -12.175 ; x_reg[4]  ; x_reg[31] ; clk          ; clk         ; 1.000        ; 0.317      ; 13.491     ;
; -12.126 ; x_reg[1]  ; x_reg[22] ; clk          ; clk         ; 1.000        ; 0.292      ; 13.417     ;
; -12.117 ; x_reg[0]  ; x_reg[15] ; clk          ; clk         ; 1.000        ; -0.089     ; 13.027     ;
; -12.090 ; x_reg[2]  ; x_reg[31] ; clk          ; clk         ; 1.000        ; 0.329      ; 13.418     ;
; -12.077 ; x_reg[0]  ; x_reg[21] ; clk          ; clk         ; 1.000        ; 0.292      ; 13.368     ;
; -12.060 ; x_reg[1]  ; x_reg[15] ; clk          ; clk         ; 1.000        ; -0.089     ; 12.970     ;
; -12.050 ; x_reg[17] ; x_reg[31] ; clk          ; clk         ; 1.000        ; -0.079     ; 12.970     ;
; -12.048 ; x_reg[4]  ; x_reg[28] ; clk          ; clk         ; 1.000        ; 0.300      ; 13.347     ;
; -12.028 ; x_reg[6]  ; x_reg[31] ; clk          ; clk         ; 1.000        ; 0.317      ; 13.344     ;
; -12.022 ; x_reg[7]  ; x_reg[31] ; clk          ; clk         ; 1.000        ; 0.317      ; 13.338     ;
; -12.020 ; x_reg[1]  ; x_reg[21] ; clk          ; clk         ; 1.000        ; 0.292      ; 13.311     ;
; -11.979 ; x_reg[0]  ; x_reg[12] ; clk          ; clk         ; 1.000        ; -0.078     ; 12.900     ;
; -11.964 ; x_reg[4]  ; x_reg[27] ; clk          ; clk         ; 1.000        ; 0.329      ; 13.292     ;
; -11.963 ; x_reg[2]  ; x_reg[28] ; clk          ; clk         ; 1.000        ; 0.312      ; 13.274     ;
; -11.957 ; x_reg[0]  ; x_reg[18] ; clk          ; clk         ; 1.000        ; 0.321      ; 13.277     ;
; -11.940 ; x_reg[3]  ; x_reg[31] ; clk          ; clk         ; 1.000        ; 0.329      ; 13.268     ;
; -11.938 ; x_reg[8]  ; x_reg[31] ; clk          ; clk         ; 1.000        ; 0.317      ; 13.254     ;
; -11.937 ; x_reg[0]  ; x_reg[11] ; clk          ; clk         ; 1.000        ; -0.089     ; 12.847     ;
; -11.936 ; x_reg[4]  ; x_reg[26] ; clk          ; clk         ; 1.000        ; 0.329      ; 13.264     ;
; -11.932 ; x_reg[4]  ; x_reg[30] ; clk          ; clk         ; 1.000        ; 0.317      ; 13.248     ;
; -11.923 ; x_reg[17] ; x_reg[28] ; clk          ; clk         ; 1.000        ; -0.096     ; 12.826     ;
; -11.922 ; x_reg[1]  ; x_reg[12] ; clk          ; clk         ; 1.000        ; -0.078     ; 12.843     ;
; -11.901 ; x_reg[6]  ; x_reg[28] ; clk          ; clk         ; 1.000        ; 0.300      ; 13.200     ;
; -11.900 ; x_reg[1]  ; x_reg[18] ; clk          ; clk         ; 1.000        ; 0.321      ; 13.220     ;
; -11.895 ; x_reg[7]  ; x_reg[28] ; clk          ; clk         ; 1.000        ; 0.300      ; 13.194     ;
; -11.894 ; x_reg[0]  ; x_reg[14] ; clk          ; clk         ; 1.000        ; -0.078     ; 12.815     ;
; -11.891 ; x_reg[0]  ; x_reg[10] ; clk          ; clk         ; 1.000        ; -0.089     ; 12.801     ;
; -11.880 ; x_reg[1]  ; x_reg[11] ; clk          ; clk         ; 1.000        ; -0.089     ; 12.790     ;
; -11.879 ; x_reg[2]  ; x_reg[27] ; clk          ; clk         ; 1.000        ; 0.341      ; 13.219     ;
; -11.861 ; x_reg[9]  ; x_reg[31] ; clk          ; clk         ; 1.000        ; 0.318      ; 13.178     ;
; -11.859 ; x_reg[4]  ; x_reg[25] ; clk          ; clk         ; 1.000        ; 0.300      ; 13.158     ;
; -11.851 ; x_reg[2]  ; x_reg[26] ; clk          ; clk         ; 1.000        ; 0.341      ; 13.191     ;
; -11.847 ; x_reg[0]  ; x_reg[20] ; clk          ; clk         ; 1.000        ; 0.291      ; 13.137     ;
; -11.847 ; x_reg[2]  ; x_reg[30] ; clk          ; clk         ; 1.000        ; 0.329      ; 13.175     ;
; -11.846 ; x_reg[0]  ; x_reg[17] ; clk          ; clk         ; 1.000        ; 0.303      ; 13.148     ;
; -11.839 ; x_reg[17] ; x_reg[27] ; clk          ; clk         ; 1.000        ; -0.067     ; 12.771     ;
; -11.839 ; x_reg[4]  ; x_reg[24] ; clk          ; clk         ; 1.000        ; 0.300      ; 13.138     ;
; -11.837 ; x_reg[1]  ; x_reg[14] ; clk          ; clk         ; 1.000        ; -0.078     ; 12.758     ;
; -11.834 ; x_reg[1]  ; x_reg[10] ; clk          ; clk         ; 1.000        ; -0.089     ; 12.744     ;
; -11.830 ; x_reg[5]  ; x_reg[31] ; clk          ; clk         ; 1.000        ; 0.329      ; 13.158     ;
; -11.817 ; x_reg[6]  ; x_reg[27] ; clk          ; clk         ; 1.000        ; 0.329      ; 13.145     ;
; -11.815 ; x_reg[4]  ; x_reg[29] ; clk          ; clk         ; 1.000        ; 0.317      ; 13.131     ;
; -11.813 ; x_reg[3]  ; x_reg[28] ; clk          ; clk         ; 1.000        ; 0.312      ; 13.124     ;
; -11.811 ; x_reg[8]  ; x_reg[28] ; clk          ; clk         ; 1.000        ; 0.300      ; 13.110     ;
; -11.811 ; x_reg[7]  ; x_reg[27] ; clk          ; clk         ; 1.000        ; 0.329      ; 13.139     ;
; -11.811 ; x_reg[17] ; x_reg[26] ; clk          ; clk         ; 1.000        ; -0.067     ; 12.743     ;
; -11.807 ; x_reg[17] ; x_reg[30] ; clk          ; clk         ; 1.000        ; -0.079     ; 12.727     ;
; -11.800 ; x_reg[0]  ; x_reg[13] ; clk          ; clk         ; 1.000        ; -0.078     ; 12.721     ;
; -11.790 ; x_reg[1]  ; x_reg[20] ; clk          ; clk         ; 1.000        ; 0.291      ; 13.080     ;
; -11.789 ; x_reg[16] ; x_reg[31] ; clk          ; clk         ; 1.000        ; 0.318      ; 13.106     ;
; -11.789 ; x_reg[6]  ; x_reg[26] ; clk          ; clk         ; 1.000        ; 0.329      ; 13.117     ;
; -11.789 ; x_reg[1]  ; x_reg[17] ; clk          ; clk         ; 1.000        ; 0.303      ; 13.091     ;
; -11.785 ; x_reg[6]  ; x_reg[30] ; clk          ; clk         ; 1.000        ; 0.317      ; 13.101     ;
; -11.783 ; x_reg[0]  ; x_reg[8]  ; clk          ; clk         ; 1.000        ; -0.078     ; 12.704     ;
; -11.783 ; x_reg[7]  ; x_reg[26] ; clk          ; clk         ; 1.000        ; 0.329      ; 13.111     ;
; -11.779 ; x_reg[7]  ; x_reg[30] ; clk          ; clk         ; 1.000        ; 0.317      ; 13.095     ;
; -11.777 ; x_reg[4]  ; x_reg[23] ; clk          ; clk         ; 1.000        ; 0.300      ; 13.076     ;
; -11.774 ; x_reg[2]  ; x_reg[25] ; clk          ; clk         ; 1.000        ; 0.312      ; 13.085     ;
; -11.754 ; x_reg[2]  ; x_reg[24] ; clk          ; clk         ; 1.000        ; 0.312      ; 13.065     ;
; -11.743 ; x_reg[1]  ; x_reg[13] ; clk          ; clk         ; 1.000        ; -0.078     ; 12.664     ;
; -11.734 ; x_reg[9]  ; x_reg[28] ; clk          ; clk         ; 1.000        ; 0.301      ; 13.034     ;
; -11.734 ; x_reg[17] ; x_reg[25] ; clk          ; clk         ; 1.000        ; -0.096     ; 12.637     ;
; -11.730 ; x_reg[2]  ; x_reg[29] ; clk          ; clk         ; 1.000        ; 0.329      ; 13.058     ;
; -11.729 ; x_reg[3]  ; x_reg[27] ; clk          ; clk         ; 1.000        ; 0.341      ; 13.069     ;
; -11.727 ; x_reg[8]  ; x_reg[27] ; clk          ; clk         ; 1.000        ; 0.329      ; 13.055     ;
; -11.726 ; x_reg[1]  ; x_reg[8]  ; clk          ; clk         ; 1.000        ; -0.078     ; 12.647     ;
; -11.714 ; x_reg[17] ; x_reg[24] ; clk          ; clk         ; 1.000        ; -0.096     ; 12.617     ;
; -11.712 ; x_reg[6]  ; x_reg[25] ; clk          ; clk         ; 1.000        ; 0.300      ; 13.011     ;
; -11.711 ; x_reg[12] ; x_reg[31] ; clk          ; clk         ; 1.000        ; 0.317      ; 13.027     ;
; -11.706 ; x_reg[7]  ; x_reg[25] ; clk          ; clk         ; 1.000        ; 0.300      ; 13.005     ;
; -11.703 ; x_reg[5]  ; x_reg[28] ; clk          ; clk         ; 1.000        ; 0.312      ; 13.014     ;
; -11.701 ; x_reg[3]  ; x_reg[26] ; clk          ; clk         ; 1.000        ; 0.341      ; 13.041     ;
; -11.699 ; x_reg[8]  ; x_reg[26] ; clk          ; clk         ; 1.000        ; 0.329      ; 13.027     ;
; -11.697 ; x_reg[3]  ; x_reg[30] ; clk          ; clk         ; 1.000        ; 0.329      ; 13.025     ;
; -11.695 ; x_reg[8]  ; x_reg[30] ; clk          ; clk         ; 1.000        ; 0.317      ; 13.011     ;
; -11.692 ; x_reg[6]  ; x_reg[24] ; clk          ; clk         ; 1.000        ; 0.300      ; 12.991     ;
; -11.692 ; x_reg[2]  ; x_reg[23] ; clk          ; clk         ; 1.000        ; 0.312      ; 13.003     ;
; -11.692 ; x_reg[4]  ; x_reg[22] ; clk          ; clk         ; 1.000        ; 0.300      ; 12.991     ;
; -11.690 ; x_reg[17] ; x_reg[29] ; clk          ; clk         ; 1.000        ; -0.079     ; 12.610     ;
; -11.686 ; x_reg[7]  ; x_reg[24] ; clk          ; clk         ; 1.000        ; 0.300      ; 12.985     ;
; -11.668 ; x_reg[6]  ; x_reg[29] ; clk          ; clk         ; 1.000        ; 0.317      ; 12.984     ;
+---------+-----------+-----------+--------------+-------------+--------------+------------+------------+


+-----------------------------------------------------------------------------------------------------------------------------+
; Slow 1200mV 0C Model Hold: 'clk'                                                                                            ;
+-------+-----------------------+-----------------------+--------------+-------------+--------------+------------+------------+
; Slack ; From Node             ; To Node               ; Launch Clock ; Latch Clock ; Relationship ; Clock Skew ; Data Delay ;
+-------+-----------------------+-----------------------+--------------+-------------+--------------+------------+------------+
; 0.340 ; x_reg[30]             ; x_reg[30]             ; clk          ; clk         ; 0.000        ; 0.086      ; 0.597      ;
; 0.340 ; x_reg[29]             ; x_reg[29]             ; clk          ; clk         ; 0.000        ; 0.086      ; 0.597      ;
; 0.340 ; x_reg[31]             ; x_reg[31]             ; clk          ; clk         ; 0.000        ; 0.086      ; 0.597      ;
; 0.341 ; x_reg[28]             ; x_reg[28]             ; clk          ; clk         ; 0.000        ; 0.085      ; 0.597      ;
; 0.341 ; x_reg[25]             ; x_reg[25]             ; clk          ; clk         ; 0.000        ; 0.085      ; 0.597      ;
; 0.341 ; x_reg[24]             ; x_reg[24]             ; clk          ; clk         ; 0.000        ; 0.085      ; 0.597      ;
; 0.341 ; x_reg[23]             ; x_reg[23]             ; clk          ; clk         ; 0.000        ; 0.085      ; 0.597      ;
; 0.341 ; x_reg[22]             ; x_reg[22]             ; clk          ; clk         ; 0.000        ; 0.085      ; 0.597      ;
; 0.341 ; x_reg[21]             ; x_reg[21]             ; clk          ; clk         ; 0.000        ; 0.085      ; 0.597      ;
; 0.341 ; x_reg[17]             ; x_reg[17]             ; clk          ; clk         ; 0.000        ; 0.085      ; 0.597      ;
; 0.342 ; x_reg[20]             ; x_reg[20]             ; clk          ; clk         ; 0.000        ; 0.084      ; 0.597      ;
; 0.355 ; state.IDLE            ; state.IDLE            ; clk          ; clk         ; 0.000        ; 0.071      ; 0.597      ;
; 0.355 ; state.DONE            ; state.DONE            ; clk          ; clk         ; 0.000        ; 0.071      ; 0.597      ;
; 0.355 ; round[0]              ; round[0]              ; clk          ; clk         ; 0.000        ; 0.071      ; 0.597      ;
; 0.355 ; round[1]              ; round[1]              ; clk          ; clk         ; 0.000        ; 0.071      ; 0.597      ;
; 0.355 ; s_counter_out[1]      ; s_counter_out[1]      ; clk          ; clk         ; 0.000        ; 0.071      ; 0.597      ;
; 0.355 ; s_ram_addr[0]         ; s_ram_addr[0]         ; clk          ; clk         ; 0.000        ; 0.071      ; 0.597      ;
; 0.355 ; s_ram_addr[1]         ; s_ram_addr[1]         ; clk          ; clk         ; 0.000        ; 0.071      ; 0.597      ;
; 0.355 ; s_ram_addr[2]         ; s_ram_addr[2]         ; clk          ; clk         ; 0.000        ; 0.071      ; 0.597      ;
; 0.355 ; s_ram_addr[3]         ; s_ram_addr[3]         ; clk          ; clk         ; 0.000        ; 0.071      ; 0.597      ;
; 0.356 ; x_reg[14]             ; x_reg[14]             ; clk          ; clk         ; 0.000        ; 0.070      ; 0.597      ;
; 0.356 ; x_reg[13]             ; x_reg[13]             ; clk          ; clk         ; 0.000        ; 0.070      ; 0.597      ;
; 0.356 ; x_reg[12]             ; x_reg[12]             ; clk          ; clk         ; 0.000        ; 0.070      ; 0.597      ;
; 0.356 ; x_reg[8]              ; x_reg[8]              ; clk          ; clk         ; 0.000        ; 0.070      ; 0.597      ;
; 0.356 ; x_reg[7]              ; x_reg[7]              ; clk          ; clk         ; 0.000        ; 0.070      ; 0.597      ;
; 0.356 ; x_reg[6]              ; x_reg[6]              ; clk          ; clk         ; 0.000        ; 0.070      ; 0.597      ;
; 0.356 ; x_reg[4]              ; x_reg[4]              ; clk          ; clk         ; 0.000        ; 0.070      ; 0.597      ;
; 0.357 ; x_reg[15]             ; x_reg[15]             ; clk          ; clk         ; 0.000        ; 0.069      ; 0.597      ;
; 0.357 ; x_reg[5]              ; x_reg[5]              ; clk          ; clk         ; 0.000        ; 0.069      ; 0.597      ;
; 0.366 ; s_counter_out[0]      ; s_counter_out[0]      ; clk          ; clk         ; 0.000        ; 0.071      ; 0.608      ;
; 0.400 ; s_ram_addr[2]         ; s_ram_addr[3]         ; clk          ; clk         ; 0.000        ; 0.071      ; 0.642      ;
; 0.422 ; state.IDLE            ; state.INIT            ; clk          ; clk         ; 0.000        ; 0.071      ; 0.664      ;
; 0.423 ; s_counter_out[0]      ; s_ram_addr[1]         ; clk          ; clk         ; 0.000        ; 0.071      ; 0.665      ;
; 0.424 ; s_counter_out[0]      ; s_ram_addr[0]         ; clk          ; clk         ; 0.000        ; 0.071      ; 0.666      ;
; 0.428 ; state.INIT            ; done_out~reg0         ; clk          ; clk         ; 0.000        ; 0.071      ; 0.670      ;
; 0.445 ; state.INIT            ; round[0]              ; clk          ; clk         ; 0.000        ; 0.071      ; 0.687      ;
; 0.586 ; counter[1]            ; counter[1]            ; clk          ; clk         ; 0.000        ; 0.072      ; 0.829      ;
; 0.587 ; counter[6]            ; counter[6]            ; clk          ; clk         ; 0.000        ; 0.072      ; 0.830      ;
; 0.588 ; counter[8]            ; counter[8]            ; clk          ; clk         ; 0.000        ; 0.072      ; 0.831      ;
; 0.589 ; counter[7]            ; counter[7]            ; clk          ; clk         ; 0.000        ; 0.072      ; 0.832      ;
; 0.589 ; counter_2[8]          ; counter_2[8]          ; clk          ; clk         ; 0.000        ; 0.071      ; 0.831      ;
; 0.590 ; counter[5]            ; counter[5]            ; clk          ; clk         ; 0.000        ; 0.072      ; 0.833      ;
; 0.590 ; counter_2[2]          ; counter_2[2]          ; clk          ; clk         ; 0.000        ; 0.071      ; 0.832      ;
; 0.591 ; counter_2[1]          ; counter_2[1]          ; clk          ; clk         ; 0.000        ; 0.071      ; 0.833      ;
; 0.591 ; counter_2[5]          ; counter_2[5]          ; clk          ; clk         ; 0.000        ; 0.071      ; 0.833      ;
; 0.592 ; counter[2]            ; counter[2]            ; clk          ; clk         ; 0.000        ; 0.072      ; 0.835      ;
; 0.593 ; counter_2[6]          ; counter_2[6]          ; clk          ; clk         ; 0.000        ; 0.071      ; 0.835      ;
; 0.594 ; counter_2[4]          ; counter_2[4]          ; clk          ; clk         ; 0.000        ; 0.071      ; 0.836      ;
; 0.601 ; counter_2[3]          ; counter_2[3]          ; clk          ; clk         ; 0.000        ; 0.071      ; 0.843      ;
; 0.604 ; counter[3]            ; counter[3]            ; clk          ; clk         ; 0.000        ; 0.072      ; 0.847      ;
; 0.605 ; counter[4]            ; counter[4]            ; clk          ; clk         ; 0.000        ; 0.072      ; 0.848      ;
; 0.605 ; counter_2[7]          ; counter_2[7]          ; clk          ; clk         ; 0.000        ; 0.071      ; 0.847      ;
; 0.608 ; counter[0]            ; counter[0]            ; clk          ; clk         ; 0.000        ; 0.072      ; 0.851      ;
; 0.608 ; counter_2[0]          ; counter_2[0]          ; clk          ; clk         ; 0.000        ; 0.071      ; 0.850      ;
; 0.609 ; s_ram_addr[0]         ; s_ram_addr[1]         ; clk          ; clk         ; 0.000        ; 0.071      ; 0.851      ;
; 0.620 ; s_counter_out[1]      ; s_ram_addr[0]         ; clk          ; clk         ; 0.000        ; 0.071      ; 0.862      ;
; 0.620 ; s_counter_out[1]      ; s_ram_addr[1]         ; clk          ; clk         ; 0.000        ; 0.071      ; 0.862      ;
; 0.623 ; s_counter_out[0]      ; s_counter_out[1]      ; clk          ; clk         ; 0.000        ; 0.071      ; 0.865      ;
; 0.631 ; state.INIT            ; state.GENERATE_VALUES ; clk          ; clk         ; 0.000        ; 0.071      ; 0.873      ;
; 0.677 ; state.DONE            ; round[0]              ; clk          ; clk         ; 0.000        ; 0.071      ; 0.919      ;
; 0.697 ; state.IDLE            ; done_out~reg0         ; clk          ; clk         ; 0.000        ; 0.071      ; 0.939      ;
; 0.751 ; s_counter_out[0]      ; s_ram_addr[2]         ; clk          ; clk         ; 0.000        ; 0.071      ; 0.993      ;
; 0.799 ; state.IDLE            ; s_counter_out[1]      ; clk          ; clk         ; 0.000        ; 0.075      ; 1.045      ;
; 0.801 ; state.IDLE            ; s_counter_out[0]      ; clk          ; clk         ; 0.000        ; 0.075      ; 1.047      ;
; 0.838 ; round[0]              ; round[1]              ; clk          ; clk         ; 0.000        ; 0.071      ; 1.080      ;
; 0.848 ; s_ram_addr[0]         ; s_ram_addr[2]         ; clk          ; clk         ; 0.000        ; 0.071      ; 1.090      ;
; 0.872 ; counter[1]            ; counter[2]            ; clk          ; clk         ; 0.000        ; 0.072      ; 1.115      ;
; 0.875 ; counter[6]            ; counter[7]            ; clk          ; clk         ; 0.000        ; 0.072      ; 1.118      ;
; 0.876 ; counter[7]            ; counter[8]            ; clk          ; clk         ; 0.000        ; 0.072      ; 1.119      ;
; 0.877 ; counter[5]            ; counter[6]            ; clk          ; clk         ; 0.000        ; 0.072      ; 1.120      ;
; 0.877 ; counter[0]            ; counter[1]            ; clk          ; clk         ; 0.000        ; 0.072      ; 1.120      ;
; 0.877 ; counter_2[0]          ; counter_2[1]          ; clk          ; clk         ; 0.000        ; 0.071      ; 1.119      ;
; 0.878 ; counter_2[1]          ; counter_2[2]          ; clk          ; clk         ; 0.000        ; 0.071      ; 1.120      ;
; 0.878 ; counter_2[5]          ; counter_2[6]          ; clk          ; clk         ; 0.000        ; 0.071      ; 1.120      ;
; 0.878 ; counter_2[2]          ; counter_2[3]          ; clk          ; clk         ; 0.000        ; 0.071      ; 1.120      ;
; 0.880 ; counter[2]            ; counter[3]            ; clk          ; clk         ; 0.000        ; 0.072      ; 1.123      ;
; 0.881 ; counter_2[6]          ; counter_2[7]          ; clk          ; clk         ; 0.000        ; 0.071      ; 1.123      ;
; 0.882 ; counter_2[4]          ; counter_2[5]          ; clk          ; clk         ; 0.000        ; 0.071      ; 1.124      ;
; 0.886 ; counter[6]            ; counter[8]            ; clk          ; clk         ; 0.000        ; 0.072      ; 1.129      ;
; 0.887 ; counter_2[3]          ; counter_2[4]          ; clk          ; clk         ; 0.000        ; 0.071      ; 1.129      ;
; 0.888 ; counter[0]            ; counter[2]            ; clk          ; clk         ; 0.000        ; 0.072      ; 1.131      ;
; 0.888 ; counter_2[0]          ; counter_2[2]          ; clk          ; clk         ; 0.000        ; 0.071      ; 1.130      ;
; 0.889 ; counter_2[2]          ; counter_2[4]          ; clk          ; clk         ; 0.000        ; 0.071      ; 1.131      ;
; 0.891 ; counter[3]            ; counter[4]            ; clk          ; clk         ; 0.000        ; 0.072      ; 1.134      ;
; 0.891 ; counter[2]            ; counter[4]            ; clk          ; clk         ; 0.000        ; 0.072      ; 1.134      ;
; 0.892 ; counter_2[7]          ; counter_2[8]          ; clk          ; clk         ; 0.000        ; 0.071      ; 1.134      ;
; 0.892 ; counter_2[6]          ; counter_2[8]          ; clk          ; clk         ; 0.000        ; 0.071      ; 1.134      ;
; 0.893 ; counter[4]            ; counter[5]            ; clk          ; clk         ; 0.000        ; 0.072      ; 1.136      ;
; 0.893 ; counter_2[4]          ; counter_2[6]          ; clk          ; clk         ; 0.000        ; 0.071      ; 1.135      ;
; 0.904 ; counter[4]            ; counter[6]            ; clk          ; clk         ; 0.000        ; 0.072      ; 1.147      ;
; 0.934 ; s_counter_out[1]      ; s_ram_addr[2]         ; clk          ; clk         ; 0.000        ; 0.071      ; 1.176      ;
; 0.951 ; s_counter_out[0]      ; s_ram_addr[3]         ; clk          ; clk         ; 0.000        ; 0.071      ; 1.193      ;
; 0.957 ; state.INIT            ; round[1]              ; clk          ; clk         ; 0.000        ; 0.071      ; 1.199      ;
; 0.971 ; counter[1]            ; counter[3]            ; clk          ; clk         ; 0.000        ; 0.072      ; 1.214      ;
; 0.976 ; counter[5]            ; counter[7]            ; clk          ; clk         ; 0.000        ; 0.072      ; 1.219      ;
; 0.977 ; counter_2[1]          ; counter_2[3]          ; clk          ; clk         ; 0.000        ; 0.071      ; 1.219      ;
; 0.977 ; counter_2[5]          ; counter_2[7]          ; clk          ; clk         ; 0.000        ; 0.071      ; 1.219      ;
; 0.982 ; counter[1]            ; counter[4]            ; clk          ; clk         ; 0.000        ; 0.072      ; 1.225      ;
; 0.983 ; state.GENERATE_VALUES ; round[1]              ; clk          ; clk         ; 0.000        ; 0.071      ; 1.225      ;
; 0.986 ; state.GENERATE_VALUES ; state.DONE            ; clk          ; clk         ; 0.000        ; 0.071      ; 1.228      ;
+-------+-----------------------+-----------------------+--------------+-------------+--------------+------------+------------+


+-------------------------------------------------------------------------------------------------------------+
; Slow 1200mV 0C Model Recovery: 'clk'                                                                        ;
+--------+--------------+---------------+--------------+-------------+--------------+------------+------------+
; Slack  ; From Node    ; To Node       ; Launch Clock ; Latch Clock ; Relationship ; Clock Skew ; Data Delay ;
+--------+--------------+---------------+--------------+-------------+--------------+------------+------------+
; -0.365 ; s_data_valid ; s_ram_addr[0] ; clk          ; clk         ; 1.000        ; -0.071     ; 1.293      ;
; -0.365 ; s_data_valid ; s_ram_addr[1] ; clk          ; clk         ; 1.000        ; -0.071     ; 1.293      ;
; -0.365 ; s_data_valid ; s_ram_addr[2] ; clk          ; clk         ; 1.000        ; -0.071     ; 1.293      ;
; -0.365 ; s_data_valid ; s_ram_addr[3] ; clk          ; clk         ; 1.000        ; -0.071     ; 1.293      ;
+--------+--------------+---------------+--------------+-------------+--------------+------------+------------+


+------------------------------------------------------------------------------------------------------------+
; Slow 1200mV 0C Model Removal: 'clk'                                                                        ;
+-------+--------------+---------------+--------------+-------------+--------------+------------+------------+
; Slack ; From Node    ; To Node       ; Launch Clock ; Latch Clock ; Relationship ; Clock Skew ; Data Delay ;
+-------+--------------+---------------+--------------+-------------+--------------+------------+------------+
; 0.936 ; s_data_valid ; s_ram_addr[0] ; clk          ; clk         ; 0.000        ; 0.071      ; 1.178      ;
; 0.936 ; s_data_valid ; s_ram_addr[1] ; clk          ; clk         ; 0.000        ; 0.071      ; 1.178      ;
; 0.936 ; s_data_valid ; s_ram_addr[2] ; clk          ; clk         ; 0.000        ; 0.071      ; 1.178      ;
; 0.936 ; s_data_valid ; s_ram_addr[3] ; clk          ; clk         ; 0.000        ; 0.071      ; 1.178      ;
+-------+--------------+---------------+--------------+-------------+--------------+------------+------------+


+-------------------------------------------------------------------------------------------------------+
; Slow 1200mV 0C Model Minimum Pulse Width: 'clk'                                                       ;
+--------+--------------+----------------+-----------------+-------+------------+-----------------------+
; Slack  ; Actual Width ; Required Width ; Type            ; Clock ; Clock Edge ; Target                ;
+--------+--------------+----------------+-----------------+-------+------------+-----------------------+
; -3.000 ; 1.000        ; 4.000          ; Port Rate       ; clk   ; Rise       ; clk                   ;
; -1.285 ; 1.000        ; 2.285          ; Min Period      ; clk   ; Rise       ; counter[0]            ;
; -1.285 ; 1.000        ; 2.285          ; Min Period      ; clk   ; Rise       ; counter[1]            ;
; -1.285 ; 1.000        ; 2.285          ; Min Period      ; clk   ; Rise       ; counter[2]            ;
; -1.285 ; 1.000        ; 2.285          ; Min Period      ; clk   ; Rise       ; counter[3]            ;
; -1.285 ; 1.000        ; 2.285          ; Min Period      ; clk   ; Rise       ; counter[4]            ;
; -1.285 ; 1.000        ; 2.285          ; Min Period      ; clk   ; Rise       ; counter[5]            ;
; -1.285 ; 1.000        ; 2.285          ; Min Period      ; clk   ; Rise       ; counter[6]            ;
; -1.285 ; 1.000        ; 2.285          ; Min Period      ; clk   ; Rise       ; counter[7]            ;
; -1.285 ; 1.000        ; 2.285          ; Min Period      ; clk   ; Rise       ; counter[8]            ;
; -1.285 ; 1.000        ; 2.285          ; Min Period      ; clk   ; Rise       ; counter_2[0]          ;
; -1.285 ; 1.000        ; 2.285          ; Min Period      ; clk   ; Rise       ; counter_2[1]          ;
; -1.285 ; 1.000        ; 2.285          ; Min Period      ; clk   ; Rise       ; counter_2[2]          ;
; -1.285 ; 1.000        ; 2.285          ; Min Period      ; clk   ; Rise       ; counter_2[3]          ;
; -1.285 ; 1.000        ; 2.285          ; Min Period      ; clk   ; Rise       ; counter_2[4]          ;
; -1.285 ; 1.000        ; 2.285          ; Min Period      ; clk   ; Rise       ; counter_2[5]          ;
; -1.285 ; 1.000        ; 2.285          ; Min Period      ; clk   ; Rise       ; counter_2[6]          ;
; -1.285 ; 1.000        ; 2.285          ; Min Period      ; clk   ; Rise       ; counter_2[7]          ;
; -1.285 ; 1.000        ; 2.285          ; Min Period      ; clk   ; Rise       ; counter_2[8]          ;
; -1.285 ; 1.000        ; 2.285          ; Min Period      ; clk   ; Rise       ; data_valid~reg0       ;
; -1.285 ; 1.000        ; 2.285          ; Min Period      ; clk   ; Rise       ; done_out~reg0         ;
; -1.285 ; 1.000        ; 2.285          ; Min Period      ; clk   ; Rise       ; round[0]              ;
; -1.285 ; 1.000        ; 2.285          ; Min Period      ; clk   ; Rise       ; round[1]              ;
; -1.285 ; 1.000        ; 2.285          ; Min Period      ; clk   ; Rise       ; s_counter_out[0]      ;
; -1.285 ; 1.000        ; 2.285          ; Min Period      ; clk   ; Rise       ; s_counter_out[1]      ;
; -1.285 ; 1.000        ; 2.285          ; Min Period      ; clk   ; Rise       ; s_data_valid          ;
; -1.285 ; 1.000        ; 2.285          ; Min Period      ; clk   ; Rise       ; s_ram_addr[0]         ;
; -1.285 ; 1.000        ; 2.285          ; Min Period      ; clk   ; Rise       ; s_ram_addr[1]         ;
; -1.285 ; 1.000        ; 2.285          ; Min Period      ; clk   ; Rise       ; s_ram_addr[2]         ;
; -1.285 ; 1.000        ; 2.285          ; Min Period      ; clk   ; Rise       ; s_ram_addr[3]         ;
; -1.285 ; 1.000        ; 2.285          ; Min Period      ; clk   ; Rise       ; state.DONE            ;
; -1.285 ; 1.000        ; 2.285          ; Min Period      ; clk   ; Rise       ; state.GENERATE_VALUES ;
; -1.285 ; 1.000        ; 2.285          ; Min Period      ; clk   ; Rise       ; state.IDLE            ;
; -1.285 ; 1.000        ; 2.285          ; Min Period      ; clk   ; Rise       ; state.INIT            ;
; -1.285 ; 1.000        ; 2.285          ; Min Period      ; clk   ; Rise       ; total_key_words[3]    ;
; -1.285 ; 1.000        ; 2.285          ; Min Period      ; clk   ; Rise       ; total_key_words[4]    ;
; -1.285 ; 1.000        ; 2.285          ; Min Period      ; clk   ; Rise       ; total_key_words[5]    ;
; -1.285 ; 1.000        ; 2.285          ; Min Period      ; clk   ; Rise       ; words_x_round[0]      ;
; -1.285 ; 1.000        ; 2.285          ; Min Period      ; clk   ; Rise       ; words_x_round[3]      ;
; -1.285 ; 1.000        ; 2.285          ; Min Period      ; clk   ; Rise       ; x_reg[0]              ;
; -1.285 ; 1.000        ; 2.285          ; Min Period      ; clk   ; Rise       ; x_reg[10]             ;
; -1.285 ; 1.000        ; 2.285          ; Min Period      ; clk   ; Rise       ; x_reg[11]             ;
; -1.285 ; 1.000        ; 2.285          ; Min Period      ; clk   ; Rise       ; x_reg[12]             ;
; -1.285 ; 1.000        ; 2.285          ; Min Period      ; clk   ; Rise       ; x_reg[13]             ;
; -1.285 ; 1.000        ; 2.285          ; Min Period      ; clk   ; Rise       ; x_reg[14]             ;
; -1.285 ; 1.000        ; 2.285          ; Min Period      ; clk   ; Rise       ; x_reg[15]             ;
; -1.285 ; 1.000        ; 2.285          ; Min Period      ; clk   ; Rise       ; x_reg[16]             ;
; -1.285 ; 1.000        ; 2.285          ; Min Period      ; clk   ; Rise       ; x_reg[17]             ;
; -1.285 ; 1.000        ; 2.285          ; Min Period      ; clk   ; Rise       ; x_reg[18]             ;
; -1.285 ; 1.000        ; 2.285          ; Min Period      ; clk   ; Rise       ; x_reg[19]             ;
; -1.285 ; 1.000        ; 2.285          ; Min Period      ; clk   ; Rise       ; x_reg[1]              ;
; -1.285 ; 1.000        ; 2.285          ; Min Period      ; clk   ; Rise       ; x_reg[20]             ;
; -1.285 ; 1.000        ; 2.285          ; Min Period      ; clk   ; Rise       ; x_reg[21]             ;
; -1.285 ; 1.000        ; 2.285          ; Min Period      ; clk   ; Rise       ; x_reg[22]             ;
; -1.285 ; 1.000        ; 2.285          ; Min Period      ; clk   ; Rise       ; x_reg[23]             ;
; -1.285 ; 1.000        ; 2.285          ; Min Period      ; clk   ; Rise       ; x_reg[24]             ;
; -1.285 ; 1.000        ; 2.285          ; Min Period      ; clk   ; Rise       ; x_reg[25]             ;
; -1.285 ; 1.000        ; 2.285          ; Min Period      ; clk   ; Rise       ; x_reg[26]             ;
; -1.285 ; 1.000        ; 2.285          ; Min Period      ; clk   ; Rise       ; x_reg[27]             ;
; -1.285 ; 1.000        ; 2.285          ; Min Period      ; clk   ; Rise       ; x_reg[28]             ;
; -1.285 ; 1.000        ; 2.285          ; Min Period      ; clk   ; Rise       ; x_reg[29]             ;
; -1.285 ; 1.000        ; 2.285          ; Min Period      ; clk   ; Rise       ; x_reg[2]              ;
; -1.285 ; 1.000        ; 2.285          ; Min Period      ; clk   ; Rise       ; x_reg[30]             ;
; -1.285 ; 1.000        ; 2.285          ; Min Period      ; clk   ; Rise       ; x_reg[31]             ;
; -1.285 ; 1.000        ; 2.285          ; Min Period      ; clk   ; Rise       ; x_reg[3]              ;
; -1.285 ; 1.000        ; 2.285          ; Min Period      ; clk   ; Rise       ; x_reg[4]              ;
; -1.285 ; 1.000        ; 2.285          ; Min Period      ; clk   ; Rise       ; x_reg[5]              ;
; -1.285 ; 1.000        ; 2.285          ; Min Period      ; clk   ; Rise       ; x_reg[6]              ;
; -1.285 ; 1.000        ; 2.285          ; Min Period      ; clk   ; Rise       ; x_reg[7]              ;
; -1.285 ; 1.000        ; 2.285          ; Min Period      ; clk   ; Rise       ; x_reg[8]              ;
; -1.285 ; 1.000        ; 2.285          ; Min Period      ; clk   ; Rise       ; x_reg[9]              ;
; 0.277  ; 0.463        ; 0.186          ; Low Pulse Width ; clk   ; Rise       ; counter[0]            ;
; 0.277  ; 0.463        ; 0.186          ; Low Pulse Width ; clk   ; Rise       ; counter[1]            ;
; 0.277  ; 0.463        ; 0.186          ; Low Pulse Width ; clk   ; Rise       ; counter[2]            ;
; 0.277  ; 0.463        ; 0.186          ; Low Pulse Width ; clk   ; Rise       ; counter[3]            ;
; 0.277  ; 0.463        ; 0.186          ; Low Pulse Width ; clk   ; Rise       ; counter[4]            ;
; 0.277  ; 0.463        ; 0.186          ; Low Pulse Width ; clk   ; Rise       ; counter[5]            ;
; 0.277  ; 0.463        ; 0.186          ; Low Pulse Width ; clk   ; Rise       ; counter[6]            ;
; 0.277  ; 0.463        ; 0.186          ; Low Pulse Width ; clk   ; Rise       ; counter[7]            ;
; 0.277  ; 0.463        ; 0.186          ; Low Pulse Width ; clk   ; Rise       ; counter[8]            ;
; 0.278  ; 0.464        ; 0.186          ; Low Pulse Width ; clk   ; Rise       ; counter_2[0]          ;
; 0.278  ; 0.464        ; 0.186          ; Low Pulse Width ; clk   ; Rise       ; counter_2[1]          ;
; 0.278  ; 0.464        ; 0.186          ; Low Pulse Width ; clk   ; Rise       ; counter_2[2]          ;
; 0.278  ; 0.464        ; 0.186          ; Low Pulse Width ; clk   ; Rise       ; counter_2[3]          ;
; 0.278  ; 0.464        ; 0.186          ; Low Pulse Width ; clk   ; Rise       ; counter_2[4]          ;
; 0.278  ; 0.464        ; 0.186          ; Low Pulse Width ; clk   ; Rise       ; counter_2[5]          ;
; 0.278  ; 0.464        ; 0.186          ; Low Pulse Width ; clk   ; Rise       ; counter_2[6]          ;
; 0.278  ; 0.464        ; 0.186          ; Low Pulse Width ; clk   ; Rise       ; counter_2[7]          ;
; 0.278  ; 0.464        ; 0.186          ; Low Pulse Width ; clk   ; Rise       ; counter_2[8]          ;
; 0.278  ; 0.464        ; 0.186          ; Low Pulse Width ; clk   ; Rise       ; done_out~reg0         ;
; 0.278  ; 0.464        ; 0.186          ; Low Pulse Width ; clk   ; Rise       ; round[0]              ;
; 0.278  ; 0.464        ; 0.186          ; Low Pulse Width ; clk   ; Rise       ; round[1]              ;
; 0.278  ; 0.464        ; 0.186          ; Low Pulse Width ; clk   ; Rise       ; state.DONE            ;
; 0.278  ; 0.464        ; 0.186          ; Low Pulse Width ; clk   ; Rise       ; state.GENERATE_VALUES ;
; 0.278  ; 0.464        ; 0.186          ; Low Pulse Width ; clk   ; Rise       ; state.IDLE            ;
; 0.278  ; 0.464        ; 0.186          ; Low Pulse Width ; clk   ; Rise       ; state.INIT            ;
; 0.278  ; 0.464        ; 0.186          ; Low Pulse Width ; clk   ; Rise       ; total_key_words[3]    ;
; 0.278  ; 0.464        ; 0.186          ; Low Pulse Width ; clk   ; Rise       ; total_key_words[4]    ;
; 0.278  ; 0.464        ; 0.186          ; Low Pulse Width ; clk   ; Rise       ; total_key_words[5]    ;
; 0.278  ; 0.464        ; 0.186          ; Low Pulse Width ; clk   ; Rise       ; words_x_round[0]      ;
+--------+--------------+----------------+-----------------+-------+------------+-----------------------+


+-----------------------------------------------------------------------------+
; Setup Times                                                                 ;
+-----------------+------------+-------+-------+------------+-----------------+
; Data Port       ; Clock Port ; Rise  ; Fall  ; Clock Edge ; Clock Reference ;
+-----------------+------------+-------+-------+------------+-----------------+
; AES_version[*]  ; clk        ; 1.249 ; 1.485 ; Rise       ; clk             ;
;  AES_version[0] ; clk        ; 1.249 ; 1.485 ; Rise       ; clk             ;
;  AES_version[1] ; clk        ; 1.134 ; 1.357 ; Rise       ; clk             ;
; reset           ; clk        ; 0.784 ; 0.810 ; Rise       ; clk             ;
; start           ; clk        ; 2.568 ; 2.710 ; Rise       ; clk             ;
+-----------------+------------+-------+-------+------------+-----------------+


+-------------------------------------------------------------------------------+
; Hold Times                                                                    ;
+-----------------+------------+--------+--------+------------+-----------------+
; Data Port       ; Clock Port ; Rise   ; Fall   ; Clock Edge ; Clock Reference ;
+-----------------+------------+--------+--------+------------+-----------------+
; AES_version[*]  ; clk        ; -0.719 ; -0.934 ; Rise       ; clk             ;
;  AES_version[0] ; clk        ; -0.833 ; -1.053 ; Rise       ; clk             ;
;  AES_version[1] ; clk        ; -0.719 ; -0.934 ; Rise       ; clk             ;
; reset           ; clk        ; 0.453  ; 0.305  ; Rise       ; clk             ;
; start           ; clk        ; -0.722 ; -0.913 ; Rise       ; clk             ;
+-----------------+------------+--------+--------+------------+-----------------+


+-----------------------------------------------------------------------------+
; Clock to Output Times                                                       ;
+-----------------+------------+-------+-------+------------+-----------------+
; Data Port       ; Clock Port ; Rise  ; Fall  ; Clock Edge ; Clock Reference ;
+-----------------+------------+-------+-------+------------+-----------------+
; counter_out[*]  ; clk        ; 6.304 ; 6.272 ; Rise       ; clk             ;
;  counter_out[0] ; clk        ; 6.304 ; 6.272 ; Rise       ; clk             ;
;  counter_out[1] ; clk        ; 6.016 ; 5.997 ; Rise       ; clk             ;
; data_out[*]     ; clk        ; 8.488 ; 8.401 ; Rise       ; clk             ;
;  data_out[0]    ; clk        ; 7.707 ; 7.502 ; Rise       ; clk             ;
;  data_out[1]    ; clk        ; 6.797 ; 6.691 ; Rise       ; clk             ;
;  data_out[2]    ; clk        ; 7.298 ; 7.204 ; Rise       ; clk             ;
;  data_out[3]    ; clk        ; 7.719 ; 7.548 ; Rise       ; clk             ;
;  data_out[4]    ; clk        ; 7.090 ; 7.029 ; Rise       ; clk             ;
;  data_out[5]    ; clk        ; 7.890 ; 7.667 ; Rise       ; clk             ;
;  data_out[6]    ; clk        ; 7.378 ; 7.289 ; Rise       ; clk             ;
;  data_out[7]    ; clk        ; 7.188 ; 7.045 ; Rise       ; clk             ;
;  data_out[8]    ; clk        ; 7.316 ; 7.152 ; Rise       ; clk             ;
;  data_out[9]    ; clk        ; 7.018 ; 6.934 ; Rise       ; clk             ;
;  data_out[10]   ; clk        ; 6.928 ; 6.885 ; Rise       ; clk             ;
;  data_out[11]   ; clk        ; 7.642 ; 7.462 ; Rise       ; clk             ;
;  data_out[12]   ; clk        ; 7.321 ; 7.175 ; Rise       ; clk             ;
;  data_out[13]   ; clk        ; 7.094 ; 7.098 ; Rise       ; clk             ;
;  data_out[14]   ; clk        ; 7.333 ; 7.160 ; Rise       ; clk             ;
;  data_out[15]   ; clk        ; 8.488 ; 8.401 ; Rise       ; clk             ;
;  data_out[16]   ; clk        ; 7.457 ; 7.308 ; Rise       ; clk             ;
;  data_out[17]   ; clk        ; 7.676 ; 7.535 ; Rise       ; clk             ;
;  data_out[18]   ; clk        ; 7.844 ; 7.757 ; Rise       ; clk             ;
;  data_out[19]   ; clk        ; 7.163 ; 7.111 ; Rise       ; clk             ;
;  data_out[20]   ; clk        ; 6.946 ; 6.928 ; Rise       ; clk             ;
;  data_out[21]   ; clk        ; 7.743 ; 7.658 ; Rise       ; clk             ;
;  data_out[22]   ; clk        ; 8.254 ; 8.260 ; Rise       ; clk             ;
;  data_out[23]   ; clk        ; 7.496 ; 7.435 ; Rise       ; clk             ;
;  data_out[24]   ; clk        ; 8.008 ; 7.797 ; Rise       ; clk             ;
;  data_out[25]   ; clk        ; 7.683 ; 7.582 ; Rise       ; clk             ;
;  data_out[26]   ; clk        ; 7.507 ; 7.440 ; Rise       ; clk             ;
;  data_out[27]   ; clk        ; 7.428 ; 7.348 ; Rise       ; clk             ;
;  data_out[28]   ; clk        ; 7.350 ; 7.261 ; Rise       ; clk             ;
;  data_out[29]   ; clk        ; 7.421 ; 7.341 ; Rise       ; clk             ;
;  data_out[30]   ; clk        ; 7.684 ; 7.593 ; Rise       ; clk             ;
;  data_out[31]   ; clk        ; 7.477 ; 7.409 ; Rise       ; clk             ;
; data_valid      ; clk        ; 6.296 ; 6.266 ; Rise       ; clk             ;
; done_out        ; clk        ; 6.398 ; 6.305 ; Rise       ; clk             ;
; ram_addr[*]     ; clk        ; 6.340 ; 6.309 ; Rise       ; clk             ;
;  ram_addr[0]    ; clk        ; 6.308 ; 6.277 ; Rise       ; clk             ;
;  ram_addr[1]    ; clk        ; 6.003 ; 5.988 ; Rise       ; clk             ;
;  ram_addr[2]    ; clk        ; 6.340 ; 6.309 ; Rise       ; clk             ;
;  ram_addr[3]    ; clk        ; 6.230 ; 6.201 ; Rise       ; clk             ;
+-----------------+------------+-------+-------+------------+-----------------+


+-----------------------------------------------------------------------------+
; Minimum Clock to Output Times                                               ;
+-----------------+------------+-------+-------+------------+-----------------+
; Data Port       ; Clock Port ; Rise  ; Fall  ; Clock Edge ; Clock Reference ;
+-----------------+------------+-------+-------+------------+-----------------+
; counter_out[*]  ; clk        ; 5.806 ; 5.786 ; Rise       ; clk             ;
;  counter_out[0] ; clk        ; 6.081 ; 6.049 ; Rise       ; clk             ;
;  counter_out[1] ; clk        ; 5.806 ; 5.786 ; Rise       ; clk             ;
; data_out[*]     ; clk        ; 6.547 ; 6.445 ; Rise       ; clk             ;
;  data_out[0]    ; clk        ; 7.428 ; 7.230 ; Rise       ; clk             ;
;  data_out[1]    ; clk        ; 6.547 ; 6.445 ; Rise       ; clk             ;
;  data_out[2]    ; clk        ; 7.035 ; 6.943 ; Rise       ; clk             ;
;  data_out[3]    ; clk        ; 7.437 ; 7.272 ; Rise       ; clk             ;
;  data_out[4]    ; clk        ; 6.831 ; 6.771 ; Rise       ; clk             ;
;  data_out[5]    ; clk        ; 7.602 ; 7.386 ; Rise       ; clk             ;
;  data_out[6]    ; clk        ; 7.109 ; 7.023 ; Rise       ; clk             ;
;  data_out[7]    ; clk        ; 6.927 ; 6.789 ; Rise       ; clk             ;
;  data_out[8]    ; clk        ; 7.046 ; 6.888 ; Rise       ; clk             ;
;  data_out[9]    ; clk        ; 6.764 ; 6.681 ; Rise       ; clk             ;
;  data_out[10]   ; clk        ; 6.679 ; 6.636 ; Rise       ; clk             ;
;  data_out[11]   ; clk        ; 7.363 ; 7.189 ; Rise       ; clk             ;
;  data_out[12]   ; clk        ; 7.057 ; 6.916 ; Rise       ; clk             ;
;  data_out[13]   ; clk        ; 6.833 ; 6.836 ; Rise       ; clk             ;
;  data_out[14]   ; clk        ; 7.067 ; 6.899 ; Rise       ; clk             ;
;  data_out[15]   ; clk        ; 8.218 ; 8.137 ; Rise       ; clk             ;
;  data_out[16]   ; clk        ; 7.186 ; 7.042 ; Rise       ; clk             ;
;  data_out[17]   ; clk        ; 7.399 ; 7.262 ; Rise       ; clk             ;
;  data_out[18]   ; clk        ; 7.557 ; 7.472 ; Rise       ; clk             ;
;  data_out[19]   ; clk        ; 6.902 ; 6.851 ; Rise       ; clk             ;
;  data_out[20]   ; clk        ; 6.696 ; 6.678 ; Rise       ; clk             ;
;  data_out[21]   ; clk        ; 7.461 ; 7.377 ; Rise       ; clk             ;
;  data_out[22]   ; clk        ; 7.996 ; 8.003 ; Rise       ; clk             ;
;  data_out[23]   ; clk        ; 7.223 ; 7.164 ; Rise       ; clk             ;
;  data_out[24]   ; clk        ; 7.715 ; 7.511 ; Rise       ; clk             ;
;  data_out[25]   ; clk        ; 7.401 ; 7.304 ; Rise       ; clk             ;
;  data_out[26]   ; clk        ; 7.233 ; 7.168 ; Rise       ; clk             ;
;  data_out[27]   ; clk        ; 7.158 ; 7.080 ; Rise       ; clk             ;
;  data_out[28]   ; clk        ; 7.082 ; 6.996 ; Rise       ; clk             ;
;  data_out[29]   ; clk        ; 7.150 ; 7.073 ; Rise       ; clk             ;
;  data_out[30]   ; clk        ; 7.401 ; 7.313 ; Rise       ; clk             ;
;  data_out[31]   ; clk        ; 7.203 ; 7.137 ; Rise       ; clk             ;
; data_valid      ; clk        ; 6.072 ; 6.042 ; Rise       ; clk             ;
; done_out        ; clk        ; 6.172 ; 6.082 ; Rise       ; clk             ;
; ram_addr[*]     ; clk        ; 5.793 ; 5.777 ; Rise       ; clk             ;
;  ram_addr[0]    ; clk        ; 6.085 ; 6.055 ; Rise       ; clk             ;
;  ram_addr[1]    ; clk        ; 5.793 ; 5.777 ; Rise       ; clk             ;
;  ram_addr[2]    ; clk        ; 6.115 ; 6.084 ; Rise       ; clk             ;
;  ram_addr[3]    ; clk        ; 6.008 ; 5.979 ; Rise       ; clk             ;
+-----------------+------------+-------+-------+------------+-----------------+


---------------------------------------------
; Slow 1200mV 0C Model Metastability Report ;
---------------------------------------------
No synchronizer chains to report.


+------------------------------------+
; Fast 1200mV 0C Model Setup Summary ;
+-------+--------+-------------------+
; Clock ; Slack  ; End Point TNS     ;
+-------+--------+-------------------+
; clk   ; -6.610 ; -214.024          ;
+-------+--------+-------------------+


+-----------------------------------+
; Fast 1200mV 0C Model Hold Summary ;
+-------+-------+-------------------+
; Clock ; Slack ; End Point TNS     ;
+-------+-------+-------------------+
; clk   ; 0.176 ; 0.000             ;
+-------+-------+-------------------+


+---------------------------------------+
; Fast 1200mV 0C Model Recovery Summary ;
+-------+-------+-----------------------+
; Clock ; Slack ; End Point TNS         ;
+-------+-------+-----------------------+
; clk   ; 0.235 ; 0.000                 ;
+-------+-------+-----------------------+


+--------------------------------------+
; Fast 1200mV 0C Model Removal Summary ;
+-------+-------+----------------------+
; Clock ; Slack ; End Point TNS        ;
+-------+-------+----------------------+
; clk   ; 0.484 ; 0.000                ;
+-------+-------+----------------------+


+--------------------------------------------------+
; Fast 1200mV 0C Model Minimum Pulse Width Summary ;
+-------+--------+---------------------------------+
; Clock ; Slack  ; End Point TNS                   ;
+-------+--------+---------------------------------+
; clk   ; -3.000 ; -77.576                         ;
+-------+--------+---------------------------------+


+------------------------------------------------------------------------------------------------------+
; Fast 1200mV 0C Model Setup: 'clk'                                                                    ;
+--------+-----------+-----------+--------------+-------------+--------------+------------+------------+
; Slack  ; From Node ; To Node   ; Launch Clock ; Latch Clock ; Relationship ; Clock Skew ; Data Delay ;
+--------+-----------+-----------+--------------+-------------+--------------+------------+------------+
; -6.610 ; x_reg[0]  ; x_reg[31] ; clk          ; clk         ; 1.000        ; 0.155      ; 7.752      ;
; -6.552 ; x_reg[0]  ; x_reg[28] ; clk          ; clk         ; 1.000        ; 0.147      ; 7.686      ;
; -6.497 ; x_reg[1]  ; x_reg[31] ; clk          ; clk         ; 1.000        ; 0.155      ; 7.639      ;
; -6.491 ; x_reg[0]  ; x_reg[27] ; clk          ; clk         ; 1.000        ; 0.160      ; 7.638      ;
; -6.488 ; x_reg[0]  ; x_reg[30] ; clk          ; clk         ; 1.000        ; 0.155      ; 7.630      ;
; -6.479 ; x_reg[0]  ; x_reg[26] ; clk          ; clk         ; 1.000        ; 0.160      ; 7.626      ;
; -6.439 ; x_reg[1]  ; x_reg[28] ; clk          ; clk         ; 1.000        ; 0.147      ; 7.573      ;
; -6.427 ; x_reg[0]  ; x_reg[25] ; clk          ; clk         ; 1.000        ; 0.147      ; 7.561      ;
; -6.426 ; x_reg[0]  ; x_reg[24] ; clk          ; clk         ; 1.000        ; 0.147      ; 7.560      ;
; -6.413 ; x_reg[0]  ; x_reg[29] ; clk          ; clk         ; 1.000        ; 0.155      ; 7.555      ;
; -6.378 ; x_reg[1]  ; x_reg[27] ; clk          ; clk         ; 1.000        ; 0.160      ; 7.525      ;
; -6.376 ; x_reg[0]  ; x_reg[23] ; clk          ; clk         ; 1.000        ; 0.147      ; 7.510      ;
; -6.375 ; x_reg[1]  ; x_reg[30] ; clk          ; clk         ; 1.000        ; 0.155      ; 7.517      ;
; -6.366 ; x_reg[1]  ; x_reg[26] ; clk          ; clk         ; 1.000        ; 0.160      ; 7.513      ;
; -6.342 ; x_reg[0]  ; x_reg[22] ; clk          ; clk         ; 1.000        ; 0.147      ; 7.476      ;
; -6.314 ; x_reg[1]  ; x_reg[25] ; clk          ; clk         ; 1.000        ; 0.147      ; 7.448      ;
; -6.313 ; x_reg[1]  ; x_reg[24] ; clk          ; clk         ; 1.000        ; 0.147      ; 7.447      ;
; -6.310 ; x_reg[4]  ; x_reg[31] ; clk          ; clk         ; 1.000        ; 0.161      ; 7.458      ;
; -6.300 ; x_reg[1]  ; x_reg[29] ; clk          ; clk         ; 1.000        ; 0.155      ; 7.442      ;
; -6.270 ; x_reg[0]  ; x_reg[15] ; clk          ; clk         ; 1.000        ; -0.055     ; 7.202      ;
; -6.267 ; x_reg[0]  ; x_reg[21] ; clk          ; clk         ; 1.000        ; 0.147      ; 7.401      ;
; -6.263 ; x_reg[1]  ; x_reg[23] ; clk          ; clk         ; 1.000        ; 0.147      ; 7.397      ;
; -6.252 ; x_reg[4]  ; x_reg[28] ; clk          ; clk         ; 1.000        ; 0.153      ; 7.392      ;
; -6.251 ; x_reg[2]  ; x_reg[31] ; clk          ; clk         ; 1.000        ; 0.171      ; 7.409      ;
; -6.229 ; x_reg[1]  ; x_reg[22] ; clk          ; clk         ; 1.000        ; 0.147      ; 7.363      ;
; -6.222 ; x_reg[6]  ; x_reg[31] ; clk          ; clk         ; 1.000        ; 0.161      ; 7.370      ;
; -6.208 ; x_reg[0]  ; x_reg[18] ; clk          ; clk         ; 1.000        ; 0.160      ; 7.355      ;
; -6.193 ; x_reg[2]  ; x_reg[28] ; clk          ; clk         ; 1.000        ; 0.163      ; 7.343      ;
; -6.191 ; x_reg[4]  ; x_reg[27] ; clk          ; clk         ; 1.000        ; 0.166      ; 7.344      ;
; -6.188 ; x_reg[4]  ; x_reg[30] ; clk          ; clk         ; 1.000        ; 0.161      ; 7.336      ;
; -6.185 ; x_reg[0]  ; x_reg[12] ; clk          ; clk         ; 1.000        ; -0.045     ; 7.127      ;
; -6.179 ; x_reg[4]  ; x_reg[26] ; clk          ; clk         ; 1.000        ; 0.166      ; 7.332      ;
; -6.170 ; x_reg[8]  ; x_reg[31] ; clk          ; clk         ; 1.000        ; 0.161      ; 7.318      ;
; -6.164 ; x_reg[6]  ; x_reg[28] ; clk          ; clk         ; 1.000        ; 0.153      ; 7.304      ;
; -6.162 ; x_reg[0]  ; x_reg[11] ; clk          ; clk         ; 1.000        ; -0.055     ; 7.094      ;
; -6.157 ; x_reg[1]  ; x_reg[15] ; clk          ; clk         ; 1.000        ; -0.055     ; 7.089      ;
; -6.154 ; x_reg[1]  ; x_reg[21] ; clk          ; clk         ; 1.000        ; 0.147      ; 7.288      ;
; -6.153 ; x_reg[0]  ; x_reg[14] ; clk          ; clk         ; 1.000        ; -0.045     ; 7.095      ;
; -6.153 ; x_reg[7]  ; x_reg[31] ; clk          ; clk         ; 1.000        ; 0.161      ; 7.301      ;
; -6.149 ; x_reg[0]  ; x_reg[20] ; clk          ; clk         ; 1.000        ; 0.149      ; 7.285      ;
; -6.145 ; x_reg[0]  ; x_reg[10] ; clk          ; clk         ; 1.000        ; -0.055     ; 7.077      ;
; -6.137 ; x_reg[17] ; x_reg[31] ; clk          ; clk         ; 1.000        ; -0.042     ; 7.082      ;
; -6.132 ; x_reg[2]  ; x_reg[27] ; clk          ; clk         ; 1.000        ; 0.176      ; 7.295      ;
; -6.129 ; x_reg[2]  ; x_reg[30] ; clk          ; clk         ; 1.000        ; 0.171      ; 7.287      ;
; -6.127 ; x_reg[4]  ; x_reg[25] ; clk          ; clk         ; 1.000        ; 0.153      ; 7.267      ;
; -6.126 ; x_reg[4]  ; x_reg[24] ; clk          ; clk         ; 1.000        ; 0.153      ; 7.266      ;
; -6.125 ; x_reg[0]  ; x_reg[17] ; clk          ; clk         ; 1.000        ; 0.150      ; 7.262      ;
; -6.121 ; x_reg[3]  ; x_reg[31] ; clk          ; clk         ; 1.000        ; 0.171      ; 7.279      ;
; -6.120 ; x_reg[2]  ; x_reg[26] ; clk          ; clk         ; 1.000        ; 0.176      ; 7.283      ;
; -6.113 ; x_reg[4]  ; x_reg[29] ; clk          ; clk         ; 1.000        ; 0.161      ; 7.261      ;
; -6.112 ; x_reg[8]  ; x_reg[28] ; clk          ; clk         ; 1.000        ; 0.153      ; 7.252      ;
; -6.103 ; x_reg[6]  ; x_reg[27] ; clk          ; clk         ; 1.000        ; 0.166      ; 7.256      ;
; -6.100 ; x_reg[6]  ; x_reg[30] ; clk          ; clk         ; 1.000        ; 0.161      ; 7.248      ;
; -6.095 ; x_reg[16] ; x_reg[31] ; clk          ; clk         ; 1.000        ; 0.162      ; 7.244      ;
; -6.095 ; x_reg[7]  ; x_reg[28] ; clk          ; clk         ; 1.000        ; 0.153      ; 7.235      ;
; -6.095 ; x_reg[1]  ; x_reg[18] ; clk          ; clk         ; 1.000        ; 0.160      ; 7.242      ;
; -6.091 ; x_reg[6]  ; x_reg[26] ; clk          ; clk         ; 1.000        ; 0.166      ; 7.244      ;
; -6.089 ; x_reg[0]  ; x_reg[13] ; clk          ; clk         ; 1.000        ; -0.045     ; 7.031      ;
; -6.089 ; x_reg[0]  ; x_reg[8]  ; clk          ; clk         ; 1.000        ; -0.045     ; 7.031      ;
; -6.079 ; x_reg[17] ; x_reg[28] ; clk          ; clk         ; 1.000        ; -0.050     ; 7.016      ;
; -6.076 ; x_reg[4]  ; x_reg[23] ; clk          ; clk         ; 1.000        ; 0.153      ; 7.216      ;
; -6.072 ; x_reg[1]  ; x_reg[12] ; clk          ; clk         ; 1.000        ; -0.045     ; 7.014      ;
; -6.068 ; x_reg[2]  ; x_reg[25] ; clk          ; clk         ; 1.000        ; 0.163      ; 7.218      ;
; -6.067 ; x_reg[2]  ; x_reg[24] ; clk          ; clk         ; 1.000        ; 0.163      ; 7.217      ;
; -6.063 ; x_reg[3]  ; x_reg[28] ; clk          ; clk         ; 1.000        ; 0.163      ; 7.213      ;
; -6.059 ; x_reg[9]  ; x_reg[31] ; clk          ; clk         ; 1.000        ; 0.162      ; 7.208      ;
; -6.056 ; x_reg[5]  ; x_reg[31] ; clk          ; clk         ; 1.000        ; 0.171      ; 7.214      ;
; -6.054 ; x_reg[2]  ; x_reg[29] ; clk          ; clk         ; 1.000        ; 0.171      ; 7.212      ;
; -6.051 ; x_reg[8]  ; x_reg[27] ; clk          ; clk         ; 1.000        ; 0.166      ; 7.204      ;
; -6.049 ; x_reg[1]  ; x_reg[11] ; clk          ; clk         ; 1.000        ; -0.055     ; 6.981      ;
; -6.048 ; x_reg[8]  ; x_reg[30] ; clk          ; clk         ; 1.000        ; 0.161      ; 7.196      ;
; -6.042 ; x_reg[4]  ; x_reg[22] ; clk          ; clk         ; 1.000        ; 0.153      ; 7.182      ;
; -6.040 ; x_reg[1]  ; x_reg[14] ; clk          ; clk         ; 1.000        ; -0.045     ; 6.982      ;
; -6.039 ; x_reg[8]  ; x_reg[26] ; clk          ; clk         ; 1.000        ; 0.166      ; 7.192      ;
; -6.039 ; x_reg[6]  ; x_reg[25] ; clk          ; clk         ; 1.000        ; 0.153      ; 7.179      ;
; -6.038 ; x_reg[12] ; x_reg[31] ; clk          ; clk         ; 1.000        ; 0.161      ; 7.186      ;
; -6.038 ; x_reg[6]  ; x_reg[24] ; clk          ; clk         ; 1.000        ; 0.153      ; 7.178      ;
; -6.037 ; x_reg[16] ; x_reg[28] ; clk          ; clk         ; 1.000        ; 0.154      ; 7.178      ;
; -6.036 ; x_reg[1]  ; x_reg[20] ; clk          ; clk         ; 1.000        ; 0.149      ; 7.172      ;
; -6.034 ; x_reg[7]  ; x_reg[27] ; clk          ; clk         ; 1.000        ; 0.166      ; 7.187      ;
; -6.032 ; x_reg[1]  ; x_reg[10] ; clk          ; clk         ; 1.000        ; -0.055     ; 6.964      ;
; -6.031 ; x_reg[7]  ; x_reg[30] ; clk          ; clk         ; 1.000        ; 0.161      ; 7.179      ;
; -6.025 ; x_reg[6]  ; x_reg[29] ; clk          ; clk         ; 1.000        ; 0.161      ; 7.173      ;
; -6.022 ; x_reg[7]  ; x_reg[26] ; clk          ; clk         ; 1.000        ; 0.166      ; 7.175      ;
; -6.020 ; x_reg[0]  ; x_reg[6]  ; clk          ; clk         ; 1.000        ; -0.045     ; 6.962      ;
; -6.018 ; x_reg[17] ; x_reg[27] ; clk          ; clk         ; 1.000        ; -0.037     ; 6.968      ;
; -6.017 ; x_reg[2]  ; x_reg[23] ; clk          ; clk         ; 1.000        ; 0.163      ; 7.167      ;
; -6.015 ; x_reg[17] ; x_reg[30] ; clk          ; clk         ; 1.000        ; -0.042     ; 6.960      ;
; -6.012 ; x_reg[1]  ; x_reg[17] ; clk          ; clk         ; 1.000        ; 0.150      ; 7.149      ;
; -6.008 ; x_reg[0]  ; x_reg[7]  ; clk          ; clk         ; 1.000        ; -0.045     ; 6.950      ;
; -6.006 ; x_reg[17] ; x_reg[26] ; clk          ; clk         ; 1.000        ; -0.037     ; 6.956      ;
; -6.002 ; x_reg[3]  ; x_reg[27] ; clk          ; clk         ; 1.000        ; 0.176      ; 7.165      ;
; -6.001 ; x_reg[9]  ; x_reg[28] ; clk          ; clk         ; 1.000        ; 0.154      ; 7.142      ;
; -5.999 ; x_reg[3]  ; x_reg[30] ; clk          ; clk         ; 1.000        ; 0.171      ; 7.157      ;
; -5.998 ; x_reg[5]  ; x_reg[28] ; clk          ; clk         ; 1.000        ; 0.163      ; 7.148      ;
; -5.991 ; x_reg[0]  ; x_reg[19] ; clk          ; clk         ; 1.000        ; 0.163      ; 7.141      ;
; -5.990 ; x_reg[14] ; x_reg[31] ; clk          ; clk         ; 1.000        ; 0.161      ; 7.138      ;
; -5.990 ; x_reg[3]  ; x_reg[26] ; clk          ; clk         ; 1.000        ; 0.176      ; 7.153      ;
; -5.988 ; x_reg[6]  ; x_reg[23] ; clk          ; clk         ; 1.000        ; 0.153      ; 7.128      ;
; -5.987 ; x_reg[8]  ; x_reg[25] ; clk          ; clk         ; 1.000        ; 0.153      ; 7.127      ;
+--------+-----------+-----------+--------------+-------------+--------------+------------+------------+


+-----------------------------------------------------------------------------------------------------------------------------+
; Fast 1200mV 0C Model Hold: 'clk'                                                                                            ;
+-------+-----------------------+-----------------------+--------------+-------------+--------------+------------+------------+
; Slack ; From Node             ; To Node               ; Launch Clock ; Latch Clock ; Relationship ; Clock Skew ; Data Delay ;
+-------+-----------------------+-----------------------+--------------+-------------+--------------+------------+------------+
; 0.176 ; x_reg[30]             ; x_reg[30]             ; clk          ; clk         ; 0.000        ; 0.047      ; 0.307      ;
; 0.176 ; x_reg[29]             ; x_reg[29]             ; clk          ; clk         ; 0.000        ; 0.047      ; 0.307      ;
; 0.176 ; x_reg[28]             ; x_reg[28]             ; clk          ; clk         ; 0.000        ; 0.047      ; 0.307      ;
; 0.176 ; x_reg[25]             ; x_reg[25]             ; clk          ; clk         ; 0.000        ; 0.047      ; 0.307      ;
; 0.176 ; x_reg[24]             ; x_reg[24]             ; clk          ; clk         ; 0.000        ; 0.047      ; 0.307      ;
; 0.176 ; x_reg[23]             ; x_reg[23]             ; clk          ; clk         ; 0.000        ; 0.047      ; 0.307      ;
; 0.176 ; x_reg[22]             ; x_reg[22]             ; clk          ; clk         ; 0.000        ; 0.047      ; 0.307      ;
; 0.176 ; x_reg[21]             ; x_reg[21]             ; clk          ; clk         ; 0.000        ; 0.047      ; 0.307      ;
; 0.176 ; x_reg[20]             ; x_reg[20]             ; clk          ; clk         ; 0.000        ; 0.047      ; 0.307      ;
; 0.176 ; x_reg[31]             ; x_reg[31]             ; clk          ; clk         ; 0.000        ; 0.047      ; 0.307      ;
; 0.176 ; x_reg[17]             ; x_reg[17]             ; clk          ; clk         ; 0.000        ; 0.047      ; 0.307      ;
; 0.182 ; state.IDLE            ; state.IDLE            ; clk          ; clk         ; 0.000        ; 0.041      ; 0.307      ;
; 0.182 ; state.DONE            ; state.DONE            ; clk          ; clk         ; 0.000        ; 0.041      ; 0.307      ;
; 0.182 ; round[0]              ; round[0]              ; clk          ; clk         ; 0.000        ; 0.041      ; 0.307      ;
; 0.182 ; round[1]              ; round[1]              ; clk          ; clk         ; 0.000        ; 0.041      ; 0.307      ;
; 0.182 ; s_counter_out[1]      ; s_counter_out[1]      ; clk          ; clk         ; 0.000        ; 0.041      ; 0.307      ;
; 0.182 ; s_ram_addr[0]         ; s_ram_addr[0]         ; clk          ; clk         ; 0.000        ; 0.041      ; 0.307      ;
; 0.182 ; s_ram_addr[1]         ; s_ram_addr[1]         ; clk          ; clk         ; 0.000        ; 0.041      ; 0.307      ;
; 0.182 ; s_ram_addr[2]         ; s_ram_addr[2]         ; clk          ; clk         ; 0.000        ; 0.041      ; 0.307      ;
; 0.182 ; s_ram_addr[3]         ; s_ram_addr[3]         ; clk          ; clk         ; 0.000        ; 0.041      ; 0.307      ;
; 0.184 ; x_reg[15]             ; x_reg[15]             ; clk          ; clk         ; 0.000        ; 0.039      ; 0.307      ;
; 0.184 ; x_reg[14]             ; x_reg[14]             ; clk          ; clk         ; 0.000        ; 0.039      ; 0.307      ;
; 0.184 ; x_reg[13]             ; x_reg[13]             ; clk          ; clk         ; 0.000        ; 0.039      ; 0.307      ;
; 0.184 ; x_reg[12]             ; x_reg[12]             ; clk          ; clk         ; 0.000        ; 0.039      ; 0.307      ;
; 0.184 ; x_reg[8]              ; x_reg[8]              ; clk          ; clk         ; 0.000        ; 0.039      ; 0.307      ;
; 0.184 ; x_reg[7]              ; x_reg[7]              ; clk          ; clk         ; 0.000        ; 0.039      ; 0.307      ;
; 0.184 ; x_reg[6]              ; x_reg[6]              ; clk          ; clk         ; 0.000        ; 0.039      ; 0.307      ;
; 0.184 ; x_reg[5]              ; x_reg[5]              ; clk          ; clk         ; 0.000        ; 0.039      ; 0.307      ;
; 0.184 ; x_reg[4]              ; x_reg[4]              ; clk          ; clk         ; 0.000        ; 0.039      ; 0.307      ;
; 0.189 ; s_counter_out[0]      ; s_counter_out[0]      ; clk          ; clk         ; 0.000        ; 0.041      ; 0.314      ;
; 0.200 ; s_ram_addr[2]         ; s_ram_addr[3]         ; clk          ; clk         ; 0.000        ; 0.041      ; 0.325      ;
; 0.214 ; s_counter_out[0]      ; s_ram_addr[0]         ; clk          ; clk         ; 0.000        ; 0.041      ; 0.339      ;
; 0.214 ; s_counter_out[0]      ; s_ram_addr[1]         ; clk          ; clk         ; 0.000        ; 0.041      ; 0.339      ;
; 0.216 ; state.INIT            ; round[0]              ; clk          ; clk         ; 0.000        ; 0.041      ; 0.341      ;
; 0.217 ; state.IDLE            ; state.INIT            ; clk          ; clk         ; 0.000        ; 0.041      ; 0.342      ;
; 0.220 ; state.INIT            ; done_out~reg0         ; clk          ; clk         ; 0.000        ; 0.041      ; 0.345      ;
; 0.293 ; counter[1]            ; counter[1]            ; clk          ; clk         ; 0.000        ; 0.041      ; 0.418      ;
; 0.294 ; counter[6]            ; counter[6]            ; clk          ; clk         ; 0.000        ; 0.041      ; 0.419      ;
; 0.294 ; counter[7]            ; counter[7]            ; clk          ; clk         ; 0.000        ; 0.041      ; 0.419      ;
; 0.294 ; counter[8]            ; counter[8]            ; clk          ; clk         ; 0.000        ; 0.041      ; 0.419      ;
; 0.294 ; counter_2[5]          ; counter_2[5]          ; clk          ; clk         ; 0.000        ; 0.041      ; 0.419      ;
; 0.294 ; counter_2[8]          ; counter_2[8]          ; clk          ; clk         ; 0.000        ; 0.041      ; 0.419      ;
; 0.295 ; counter[2]            ; counter[2]            ; clk          ; clk         ; 0.000        ; 0.041      ; 0.420      ;
; 0.295 ; counter[5]            ; counter[5]            ; clk          ; clk         ; 0.000        ; 0.041      ; 0.420      ;
; 0.295 ; counter_2[1]          ; counter_2[1]          ; clk          ; clk         ; 0.000        ; 0.041      ; 0.420      ;
; 0.295 ; counter_2[2]          ; counter_2[2]          ; clk          ; clk         ; 0.000        ; 0.041      ; 0.420      ;
; 0.295 ; counter_2[4]          ; counter_2[4]          ; clk          ; clk         ; 0.000        ; 0.041      ; 0.420      ;
; 0.296 ; counter_2[6]          ; counter_2[6]          ; clk          ; clk         ; 0.000        ; 0.041      ; 0.421      ;
; 0.300 ; counter_2[3]          ; counter_2[3]          ; clk          ; clk         ; 0.000        ; 0.041      ; 0.425      ;
; 0.301 ; counter[3]            ; counter[3]            ; clk          ; clk         ; 0.000        ; 0.041      ; 0.426      ;
; 0.302 ; counter_2[7]          ; counter_2[7]          ; clk          ; clk         ; 0.000        ; 0.041      ; 0.427      ;
; 0.303 ; counter[4]            ; counter[4]            ; clk          ; clk         ; 0.000        ; 0.041      ; 0.428      ;
; 0.304 ; counter[0]            ; counter[0]            ; clk          ; clk         ; 0.000        ; 0.041      ; 0.429      ;
; 0.304 ; counter_2[0]          ; counter_2[0]          ; clk          ; clk         ; 0.000        ; 0.041      ; 0.429      ;
; 0.305 ; s_ram_addr[0]         ; s_ram_addr[1]         ; clk          ; clk         ; 0.000        ; 0.041      ; 0.430      ;
; 0.311 ; s_counter_out[1]      ; s_ram_addr[0]         ; clk          ; clk         ; 0.000        ; 0.041      ; 0.436      ;
; 0.311 ; s_counter_out[1]      ; s_ram_addr[1]         ; clk          ; clk         ; 0.000        ; 0.041      ; 0.436      ;
; 0.314 ; s_counter_out[0]      ; s_counter_out[1]      ; clk          ; clk         ; 0.000        ; 0.041      ; 0.439      ;
; 0.319 ; state.INIT            ; state.GENERATE_VALUES ; clk          ; clk         ; 0.000        ; 0.041      ; 0.444      ;
; 0.339 ; state.DONE            ; round[0]              ; clk          ; clk         ; 0.000        ; 0.041      ; 0.464      ;
; 0.352 ; state.IDLE            ; done_out~reg0         ; clk          ; clk         ; 0.000        ; 0.041      ; 0.477      ;
; 0.371 ; s_counter_out[0]      ; s_ram_addr[2]         ; clk          ; clk         ; 0.000        ; 0.041      ; 0.496      ;
; 0.386 ; state.IDLE            ; s_counter_out[1]      ; clk          ; clk         ; 0.000        ; 0.043      ; 0.513      ;
; 0.388 ; state.IDLE            ; s_counter_out[0]      ; clk          ; clk         ; 0.000        ; 0.043      ; 0.515      ;
; 0.416 ; round[0]              ; round[1]              ; clk          ; clk         ; 0.000        ; 0.041      ; 0.541      ;
; 0.423 ; s_ram_addr[0]         ; s_ram_addr[2]         ; clk          ; clk         ; 0.000        ; 0.041      ; 0.548      ;
; 0.442 ; counter[1]            ; counter[2]            ; clk          ; clk         ; 0.000        ; 0.041      ; 0.567      ;
; 0.443 ; counter[7]            ; counter[8]            ; clk          ; clk         ; 0.000        ; 0.041      ; 0.568      ;
; 0.443 ; counter_2[5]          ; counter_2[6]          ; clk          ; clk         ; 0.000        ; 0.041      ; 0.568      ;
; 0.444 ; counter[5]            ; counter[6]            ; clk          ; clk         ; 0.000        ; 0.041      ; 0.569      ;
; 0.444 ; counter_2[1]          ; counter_2[2]          ; clk          ; clk         ; 0.000        ; 0.041      ; 0.569      ;
; 0.449 ; counter_2[3]          ; counter_2[4]          ; clk          ; clk         ; 0.000        ; 0.041      ; 0.574      ;
; 0.450 ; counter[3]            ; counter[4]            ; clk          ; clk         ; 0.000        ; 0.041      ; 0.575      ;
; 0.451 ; counter_2[7]          ; counter_2[8]          ; clk          ; clk         ; 0.000        ; 0.041      ; 0.576      ;
; 0.452 ; counter[6]            ; counter[7]            ; clk          ; clk         ; 0.000        ; 0.041      ; 0.577      ;
; 0.453 ; counter[0]            ; counter[1]            ; clk          ; clk         ; 0.000        ; 0.041      ; 0.578      ;
; 0.453 ; counter_2[4]          ; counter_2[5]          ; clk          ; clk         ; 0.000        ; 0.041      ; 0.578      ;
; 0.453 ; counter_2[0]          ; counter_2[1]          ; clk          ; clk         ; 0.000        ; 0.041      ; 0.578      ;
; 0.453 ; counter_2[2]          ; counter_2[3]          ; clk          ; clk         ; 0.000        ; 0.041      ; 0.578      ;
; 0.453 ; counter[2]            ; counter[3]            ; clk          ; clk         ; 0.000        ; 0.041      ; 0.578      ;
; 0.454 ; counter_2[6]          ; counter_2[7]          ; clk          ; clk         ; 0.000        ; 0.041      ; 0.579      ;
; 0.455 ; counter[6]            ; counter[8]            ; clk          ; clk         ; 0.000        ; 0.041      ; 0.580      ;
; 0.456 ; counter[0]            ; counter[2]            ; clk          ; clk         ; 0.000        ; 0.041      ; 0.581      ;
; 0.456 ; counter_2[4]          ; counter_2[6]          ; clk          ; clk         ; 0.000        ; 0.041      ; 0.581      ;
; 0.456 ; counter_2[0]          ; counter_2[2]          ; clk          ; clk         ; 0.000        ; 0.041      ; 0.581      ;
; 0.456 ; counter_2[2]          ; counter_2[4]          ; clk          ; clk         ; 0.000        ; 0.041      ; 0.581      ;
; 0.456 ; counter[2]            ; counter[4]            ; clk          ; clk         ; 0.000        ; 0.041      ; 0.581      ;
; 0.457 ; counter_2[6]          ; counter_2[8]          ; clk          ; clk         ; 0.000        ; 0.041      ; 0.582      ;
; 0.461 ; counter[4]            ; counter[5]            ; clk          ; clk         ; 0.000        ; 0.041      ; 0.586      ;
; 0.464 ; counter[4]            ; counter[6]            ; clk          ; clk         ; 0.000        ; 0.041      ; 0.589      ;
; 0.470 ; s_counter_out[0]      ; s_ram_addr[3]         ; clk          ; clk         ; 0.000        ; 0.041      ; 0.595      ;
; 0.470 ; s_counter_out[1]      ; s_ram_addr[2]         ; clk          ; clk         ; 0.000        ; 0.041      ; 0.595      ;
; 0.471 ; state.INIT            ; round[1]              ; clk          ; clk         ; 0.000        ; 0.041      ; 0.596      ;
; 0.476 ; state.GENERATE_VALUES ; round[1]              ; clk          ; clk         ; 0.000        ; 0.041      ; 0.601      ;
; 0.478 ; state.GENERATE_VALUES ; state.DONE            ; clk          ; clk         ; 0.000        ; 0.041      ; 0.603      ;
; 0.505 ; counter[1]            ; counter[3]            ; clk          ; clk         ; 0.000        ; 0.041      ; 0.630      ;
; 0.506 ; counter_2[5]          ; counter_2[7]          ; clk          ; clk         ; 0.000        ; 0.041      ; 0.631      ;
; 0.507 ; counter[5]            ; counter[7]            ; clk          ; clk         ; 0.000        ; 0.041      ; 0.632      ;
; 0.507 ; counter_2[1]          ; counter_2[3]          ; clk          ; clk         ; 0.000        ; 0.041      ; 0.632      ;
; 0.508 ; counter[1]            ; counter[4]            ; clk          ; clk         ; 0.000        ; 0.041      ; 0.633      ;
+-------+-----------------------+-----------------------+--------------+-------------+--------------+------------+------------+


+------------------------------------------------------------------------------------------------------------+
; Fast 1200mV 0C Model Recovery: 'clk'                                                                       ;
+-------+--------------+---------------+--------------+-------------+--------------+------------+------------+
; Slack ; From Node    ; To Node       ; Launch Clock ; Latch Clock ; Relationship ; Clock Skew ; Data Delay ;
+-------+--------------+---------------+--------------+-------------+--------------+------------+------------+
; 0.235 ; s_data_valid ; s_ram_addr[0] ; clk          ; clk         ; 1.000        ; -0.041     ; 0.711      ;
; 0.235 ; s_data_valid ; s_ram_addr[1] ; clk          ; clk         ; 1.000        ; -0.041     ; 0.711      ;
; 0.235 ; s_data_valid ; s_ram_addr[2] ; clk          ; clk         ; 1.000        ; -0.041     ; 0.711      ;
; 0.235 ; s_data_valid ; s_ram_addr[3] ; clk          ; clk         ; 1.000        ; -0.041     ; 0.711      ;
+-------+--------------+---------------+--------------+-------------+--------------+------------+------------+


+------------------------------------------------------------------------------------------------------------+
; Fast 1200mV 0C Model Removal: 'clk'                                                                        ;
+-------+--------------+---------------+--------------+-------------+--------------+------------+------------+
; Slack ; From Node    ; To Node       ; Launch Clock ; Latch Clock ; Relationship ; Clock Skew ; Data Delay ;
+-------+--------------+---------------+--------------+-------------+--------------+------------+------------+
; 0.484 ; s_data_valid ; s_ram_addr[0] ; clk          ; clk         ; 0.000        ; 0.041      ; 0.609      ;
; 0.484 ; s_data_valid ; s_ram_addr[1] ; clk          ; clk         ; 0.000        ; 0.041      ; 0.609      ;
; 0.484 ; s_data_valid ; s_ram_addr[2] ; clk          ; clk         ; 0.000        ; 0.041      ; 0.609      ;
; 0.484 ; s_data_valid ; s_ram_addr[3] ; clk          ; clk         ; 0.000        ; 0.041      ; 0.609      ;
+-------+--------------+---------------+--------------+-------------+--------------+------------+------------+


+-------------------------------------------------------------------------------------------------------+
; Fast 1200mV 0C Model Minimum Pulse Width: 'clk'                                                       ;
+--------+--------------+----------------+-----------------+-------+------------+-----------------------+
; Slack  ; Actual Width ; Required Width ; Type            ; Clock ; Clock Edge ; Target                ;
+--------+--------------+----------------+-----------------+-------+------------+-----------------------+
; -3.000 ; 1.000        ; 4.000          ; Port Rate       ; clk   ; Rise       ; clk                   ;
; -1.000 ; 1.000        ; 2.000          ; Min Period      ; clk   ; Rise       ; counter[0]            ;
; -1.000 ; 1.000        ; 2.000          ; Min Period      ; clk   ; Rise       ; counter[1]            ;
; -1.000 ; 1.000        ; 2.000          ; Min Period      ; clk   ; Rise       ; counter[2]            ;
; -1.000 ; 1.000        ; 2.000          ; Min Period      ; clk   ; Rise       ; counter[3]            ;
; -1.000 ; 1.000        ; 2.000          ; Min Period      ; clk   ; Rise       ; counter[4]            ;
; -1.000 ; 1.000        ; 2.000          ; Min Period      ; clk   ; Rise       ; counter[5]            ;
; -1.000 ; 1.000        ; 2.000          ; Min Period      ; clk   ; Rise       ; counter[6]            ;
; -1.000 ; 1.000        ; 2.000          ; Min Period      ; clk   ; Rise       ; counter[7]            ;
; -1.000 ; 1.000        ; 2.000          ; Min Period      ; clk   ; Rise       ; counter[8]            ;
; -1.000 ; 1.000        ; 2.000          ; Min Period      ; clk   ; Rise       ; counter_2[0]          ;
; -1.000 ; 1.000        ; 2.000          ; Min Period      ; clk   ; Rise       ; counter_2[1]          ;
; -1.000 ; 1.000        ; 2.000          ; Min Period      ; clk   ; Rise       ; counter_2[2]          ;
; -1.000 ; 1.000        ; 2.000          ; Min Period      ; clk   ; Rise       ; counter_2[3]          ;
; -1.000 ; 1.000        ; 2.000          ; Min Period      ; clk   ; Rise       ; counter_2[4]          ;
; -1.000 ; 1.000        ; 2.000          ; Min Period      ; clk   ; Rise       ; counter_2[5]          ;
; -1.000 ; 1.000        ; 2.000          ; Min Period      ; clk   ; Rise       ; counter_2[6]          ;
; -1.000 ; 1.000        ; 2.000          ; Min Period      ; clk   ; Rise       ; counter_2[7]          ;
; -1.000 ; 1.000        ; 2.000          ; Min Period      ; clk   ; Rise       ; counter_2[8]          ;
; -1.000 ; 1.000        ; 2.000          ; Min Period      ; clk   ; Rise       ; data_valid~reg0       ;
; -1.000 ; 1.000        ; 2.000          ; Min Period      ; clk   ; Rise       ; done_out~reg0         ;
; -1.000 ; 1.000        ; 2.000          ; Min Period      ; clk   ; Rise       ; round[0]              ;
; -1.000 ; 1.000        ; 2.000          ; Min Period      ; clk   ; Rise       ; round[1]              ;
; -1.000 ; 1.000        ; 2.000          ; Min Period      ; clk   ; Rise       ; s_counter_out[0]      ;
; -1.000 ; 1.000        ; 2.000          ; Min Period      ; clk   ; Rise       ; s_counter_out[1]      ;
; -1.000 ; 1.000        ; 2.000          ; Min Period      ; clk   ; Rise       ; s_data_valid          ;
; -1.000 ; 1.000        ; 2.000          ; Min Period      ; clk   ; Rise       ; s_ram_addr[0]         ;
; -1.000 ; 1.000        ; 2.000          ; Min Period      ; clk   ; Rise       ; s_ram_addr[1]         ;
; -1.000 ; 1.000        ; 2.000          ; Min Period      ; clk   ; Rise       ; s_ram_addr[2]         ;
; -1.000 ; 1.000        ; 2.000          ; Min Period      ; clk   ; Rise       ; s_ram_addr[3]         ;
; -1.000 ; 1.000        ; 2.000          ; Min Period      ; clk   ; Rise       ; state.DONE            ;
; -1.000 ; 1.000        ; 2.000          ; Min Period      ; clk   ; Rise       ; state.GENERATE_VALUES ;
; -1.000 ; 1.000        ; 2.000          ; Min Period      ; clk   ; Rise       ; state.IDLE            ;
; -1.000 ; 1.000        ; 2.000          ; Min Period      ; clk   ; Rise       ; state.INIT            ;
; -1.000 ; 1.000        ; 2.000          ; Min Period      ; clk   ; Rise       ; total_key_words[3]    ;
; -1.000 ; 1.000        ; 2.000          ; Min Period      ; clk   ; Rise       ; total_key_words[4]    ;
; -1.000 ; 1.000        ; 2.000          ; Min Period      ; clk   ; Rise       ; total_key_words[5]    ;
; -1.000 ; 1.000        ; 2.000          ; Min Period      ; clk   ; Rise       ; words_x_round[0]      ;
; -1.000 ; 1.000        ; 2.000          ; Min Period      ; clk   ; Rise       ; words_x_round[3]      ;
; -1.000 ; 1.000        ; 2.000          ; Min Period      ; clk   ; Rise       ; x_reg[0]              ;
; -1.000 ; 1.000        ; 2.000          ; Min Period      ; clk   ; Rise       ; x_reg[10]             ;
; -1.000 ; 1.000        ; 2.000          ; Min Period      ; clk   ; Rise       ; x_reg[11]             ;
; -1.000 ; 1.000        ; 2.000          ; Min Period      ; clk   ; Rise       ; x_reg[12]             ;
; -1.000 ; 1.000        ; 2.000          ; Min Period      ; clk   ; Rise       ; x_reg[13]             ;
; -1.000 ; 1.000        ; 2.000          ; Min Period      ; clk   ; Rise       ; x_reg[14]             ;
; -1.000 ; 1.000        ; 2.000          ; Min Period      ; clk   ; Rise       ; x_reg[15]             ;
; -1.000 ; 1.000        ; 2.000          ; Min Period      ; clk   ; Rise       ; x_reg[16]             ;
; -1.000 ; 1.000        ; 2.000          ; Min Period      ; clk   ; Rise       ; x_reg[17]             ;
; -1.000 ; 1.000        ; 2.000          ; Min Period      ; clk   ; Rise       ; x_reg[18]             ;
; -1.000 ; 1.000        ; 2.000          ; Min Period      ; clk   ; Rise       ; x_reg[19]             ;
; -1.000 ; 1.000        ; 2.000          ; Min Period      ; clk   ; Rise       ; x_reg[1]              ;
; -1.000 ; 1.000        ; 2.000          ; Min Period      ; clk   ; Rise       ; x_reg[20]             ;
; -1.000 ; 1.000        ; 2.000          ; Min Period      ; clk   ; Rise       ; x_reg[21]             ;
; -1.000 ; 1.000        ; 2.000          ; Min Period      ; clk   ; Rise       ; x_reg[22]             ;
; -1.000 ; 1.000        ; 2.000          ; Min Period      ; clk   ; Rise       ; x_reg[23]             ;
; -1.000 ; 1.000        ; 2.000          ; Min Period      ; clk   ; Rise       ; x_reg[24]             ;
; -1.000 ; 1.000        ; 2.000          ; Min Period      ; clk   ; Rise       ; x_reg[25]             ;
; -1.000 ; 1.000        ; 2.000          ; Min Period      ; clk   ; Rise       ; x_reg[26]             ;
; -1.000 ; 1.000        ; 2.000          ; Min Period      ; clk   ; Rise       ; x_reg[27]             ;
; -1.000 ; 1.000        ; 2.000          ; Min Period      ; clk   ; Rise       ; x_reg[28]             ;
; -1.000 ; 1.000        ; 2.000          ; Min Period      ; clk   ; Rise       ; x_reg[29]             ;
; -1.000 ; 1.000        ; 2.000          ; Min Period      ; clk   ; Rise       ; x_reg[2]              ;
; -1.000 ; 1.000        ; 2.000          ; Min Period      ; clk   ; Rise       ; x_reg[30]             ;
; -1.000 ; 1.000        ; 2.000          ; Min Period      ; clk   ; Rise       ; x_reg[31]             ;
; -1.000 ; 1.000        ; 2.000          ; Min Period      ; clk   ; Rise       ; x_reg[3]              ;
; -1.000 ; 1.000        ; 2.000          ; Min Period      ; clk   ; Rise       ; x_reg[4]              ;
; -1.000 ; 1.000        ; 2.000          ; Min Period      ; clk   ; Rise       ; x_reg[5]              ;
; -1.000 ; 1.000        ; 2.000          ; Min Period      ; clk   ; Rise       ; x_reg[6]              ;
; -1.000 ; 1.000        ; 2.000          ; Min Period      ; clk   ; Rise       ; x_reg[7]              ;
; -1.000 ; 1.000        ; 2.000          ; Min Period      ; clk   ; Rise       ; x_reg[8]              ;
; -1.000 ; 1.000        ; 2.000          ; Min Period      ; clk   ; Rise       ; x_reg[9]              ;
; -0.090 ; 0.094        ; 0.184          ; Low Pulse Width ; clk   ; Rise       ; x_reg[19]             ;
; -0.085 ; 0.099        ; 0.184          ; Low Pulse Width ; clk   ; Rise       ; x_reg[18]             ;
; -0.085 ; 0.099        ; 0.184          ; Low Pulse Width ; clk   ; Rise       ; x_reg[26]             ;
; -0.085 ; 0.099        ; 0.184          ; Low Pulse Width ; clk   ; Rise       ; x_reg[27]             ;
; -0.084 ; 0.100        ; 0.184          ; Low Pulse Width ; clk   ; Rise       ; x_reg[29]             ;
; -0.084 ; 0.100        ; 0.184          ; Low Pulse Width ; clk   ; Rise       ; x_reg[30]             ;
; -0.084 ; 0.100        ; 0.184          ; Low Pulse Width ; clk   ; Rise       ; x_reg[31]             ;
; -0.083 ; 0.101        ; 0.184          ; Low Pulse Width ; clk   ; Rise       ; x_reg[17]             ;
; -0.079 ; 0.105        ; 0.184          ; Low Pulse Width ; clk   ; Rise       ; x_reg[20]             ;
; -0.077 ; 0.107        ; 0.184          ; Low Pulse Width ; clk   ; Rise       ; x_reg[21]             ;
; -0.077 ; 0.107        ; 0.184          ; Low Pulse Width ; clk   ; Rise       ; x_reg[22]             ;
; -0.077 ; 0.107        ; 0.184          ; Low Pulse Width ; clk   ; Rise       ; x_reg[23]             ;
; -0.077 ; 0.107        ; 0.184          ; Low Pulse Width ; clk   ; Rise       ; x_reg[24]             ;
; -0.077 ; 0.107        ; 0.184          ; Low Pulse Width ; clk   ; Rise       ; x_reg[25]             ;
; -0.077 ; 0.107        ; 0.184          ; Low Pulse Width ; clk   ; Rise       ; x_reg[28]             ;
; -0.062 ; 0.122        ; 0.184          ; Low Pulse Width ; clk   ; Rise       ; total_key_words[3]    ;
; -0.062 ; 0.122        ; 0.184          ; Low Pulse Width ; clk   ; Rise       ; total_key_words[4]    ;
; -0.062 ; 0.122        ; 0.184          ; Low Pulse Width ; clk   ; Rise       ; words_x_round[0]      ;
; -0.062 ; 0.122        ; 0.184          ; Low Pulse Width ; clk   ; Rise       ; words_x_round[3]      ;
; -0.062 ; 0.122        ; 0.184          ; Low Pulse Width ; clk   ; Rise       ; x_reg[0]              ;
; -0.062 ; 0.122        ; 0.184          ; Low Pulse Width ; clk   ; Rise       ; x_reg[1]              ;
; -0.061 ; 0.123        ; 0.184          ; Low Pulse Width ; clk   ; Rise       ; counter[0]            ;
; -0.061 ; 0.123        ; 0.184          ; Low Pulse Width ; clk   ; Rise       ; counter[1]            ;
; -0.061 ; 0.123        ; 0.184          ; Low Pulse Width ; clk   ; Rise       ; counter[2]            ;
; -0.061 ; 0.123        ; 0.184          ; Low Pulse Width ; clk   ; Rise       ; counter[3]            ;
; -0.061 ; 0.123        ; 0.184          ; Low Pulse Width ; clk   ; Rise       ; counter[4]            ;
; -0.061 ; 0.123        ; 0.184          ; Low Pulse Width ; clk   ; Rise       ; counter[5]            ;
; -0.061 ; 0.123        ; 0.184          ; Low Pulse Width ; clk   ; Rise       ; counter[6]            ;
; -0.061 ; 0.123        ; 0.184          ; Low Pulse Width ; clk   ; Rise       ; counter[7]            ;
+--------+--------------+----------------+-----------------+-------+------------+-----------------------+


+-----------------------------------------------------------------------------+
; Setup Times                                                                 ;
+-----------------+------------+-------+-------+------------+-----------------+
; Data Port       ; Clock Port ; Rise  ; Fall  ; Clock Edge ; Clock Reference ;
+-----------------+------------+-------+-------+------------+-----------------+
; AES_version[*]  ; clk        ; 0.681 ; 1.267 ; Rise       ; clk             ;
;  AES_version[0] ; clk        ; 0.681 ; 1.267 ; Rise       ; clk             ;
;  AES_version[1] ; clk        ; 0.615 ; 1.196 ; Rise       ; clk             ;
; reset           ; clk        ; 0.266 ; 0.605 ; Rise       ; clk             ;
; start           ; clk        ; 1.303 ; 1.928 ; Rise       ; clk             ;
+-----------------+------------+-------+-------+------------+-----------------+


+-------------------------------------------------------------------------------+
; Hold Times                                                                    ;
+-----------------+------------+--------+--------+------------+-----------------+
; Data Port       ; Clock Port ; Rise   ; Fall   ; Clock Edge ; Clock Reference ;
+-----------------+------------+--------+--------+------------+-----------------+
; AES_version[*]  ; clk        ; -0.387 ; -0.959 ; Rise       ; clk             ;
;  AES_version[0] ; clk        ; -0.450 ; -1.013 ; Rise       ; clk             ;
;  AES_version[1] ; clk        ; -0.387 ; -0.959 ; Rise       ; clk             ;
; reset           ; clk        ; 0.330  ; 0.025  ; Rise       ; clk             ;
; start           ; clk        ; -0.362 ; -0.938 ; Rise       ; clk             ;
+-----------------+------------+--------+--------+------------+-----------------+


+-----------------------------------------------------------------------------+
; Clock to Output Times                                                       ;
+-----------------+------------+-------+-------+------------+-----------------+
; Data Port       ; Clock Port ; Rise  ; Fall  ; Clock Edge ; Clock Reference ;
+-----------------+------------+-------+-------+------------+-----------------+
; counter_out[*]  ; clk        ; 3.721 ; 3.806 ; Rise       ; clk             ;
;  counter_out[0] ; clk        ; 3.721 ; 3.806 ; Rise       ; clk             ;
;  counter_out[1] ; clk        ; 3.577 ; 3.639 ; Rise       ; clk             ;
; data_out[*]     ; clk        ; 5.093 ; 5.275 ; Rise       ; clk             ;
;  data_out[0]    ; clk        ; 4.402 ; 4.559 ; Rise       ; clk             ;
;  data_out[1]    ; clk        ; 3.910 ; 4.009 ; Rise       ; clk             ;
;  data_out[2]    ; clk        ; 4.206 ; 4.362 ; Rise       ; clk             ;
;  data_out[3]    ; clk        ; 4.402 ; 4.557 ; Rise       ; clk             ;
;  data_out[4]    ; clk        ; 4.111 ; 4.240 ; Rise       ; clk             ;
;  data_out[5]    ; clk        ; 4.462 ; 4.645 ; Rise       ; clk             ;
;  data_out[6]    ; clk        ; 4.274 ; 4.413 ; Rise       ; clk             ;
;  data_out[7]    ; clk        ; 4.117 ; 4.255 ; Rise       ; clk             ;
;  data_out[8]    ; clk        ; 4.167 ; 4.293 ; Rise       ; clk             ;
;  data_out[9]    ; clk        ; 4.040 ; 4.182 ; Rise       ; clk             ;
;  data_out[10]   ; clk        ; 4.024 ; 4.170 ; Rise       ; clk             ;
;  data_out[11]   ; clk        ; 4.347 ; 4.513 ; Rise       ; clk             ;
;  data_out[12]   ; clk        ; 4.223 ; 4.366 ; Rise       ; clk             ;
;  data_out[13]   ; clk        ; 4.118 ; 4.274 ; Rise       ; clk             ;
;  data_out[14]   ; clk        ; 4.183 ; 4.332 ; Rise       ; clk             ;
;  data_out[15]   ; clk        ; 5.093 ; 5.275 ; Rise       ; clk             ;
;  data_out[16]   ; clk        ; 4.275 ; 4.431 ; Rise       ; clk             ;
;  data_out[17]   ; clk        ; 4.390 ; 4.538 ; Rise       ; clk             ;
;  data_out[18]   ; clk        ; 4.536 ; 4.674 ; Rise       ; clk             ;
;  data_out[19]   ; clk        ; 4.137 ; 4.248 ; Rise       ; clk             ;
;  data_out[20]   ; clk        ; 4.035 ; 4.156 ; Rise       ; clk             ;
;  data_out[21]   ; clk        ; 4.481 ; 4.621 ; Rise       ; clk             ;
;  data_out[22]   ; clk        ; 4.998 ; 5.159 ; Rise       ; clk             ;
;  data_out[23]   ; clk        ; 4.350 ; 4.473 ; Rise       ; clk             ;
;  data_out[24]   ; clk        ; 4.524 ; 4.682 ; Rise       ; clk             ;
;  data_out[25]   ; clk        ; 4.421 ; 4.552 ; Rise       ; clk             ;
;  data_out[26]   ; clk        ; 4.344 ; 4.464 ; Rise       ; clk             ;
;  data_out[27]   ; clk        ; 4.285 ; 4.401 ; Rise       ; clk             ;
;  data_out[28]   ; clk        ; 4.231 ; 4.336 ; Rise       ; clk             ;
;  data_out[29]   ; clk        ; 4.275 ; 4.396 ; Rise       ; clk             ;
;  data_out[30]   ; clk        ; 4.416 ; 4.551 ; Rise       ; clk             ;
;  data_out[31]   ; clk        ; 4.325 ; 4.443 ; Rise       ; clk             ;
; data_valid      ; clk        ; 3.698 ; 3.793 ; Rise       ; clk             ;
; done_out        ; clk        ; 3.748 ; 3.826 ; Rise       ; clk             ;
; ram_addr[*]     ; clk        ; 3.734 ; 3.826 ; Rise       ; clk             ;
;  ram_addr[0]    ; clk        ; 3.731 ; 3.816 ; Rise       ; clk             ;
;  ram_addr[1]    ; clk        ; 3.570 ; 3.637 ; Rise       ; clk             ;
;  ram_addr[2]    ; clk        ; 3.734 ; 3.826 ; Rise       ; clk             ;
;  ram_addr[3]    ; clk        ; 3.663 ; 3.749 ; Rise       ; clk             ;
+-----------------+------------+-------+-------+------------+-----------------+


+-----------------------------------------------------------------------------+
; Minimum Clock to Output Times                                               ;
+-----------------+------------+-------+-------+------------+-----------------+
; Data Port       ; Clock Port ; Rise  ; Fall  ; Clock Edge ; Clock Reference ;
+-----------------+------------+-------+-------+------------+-----------------+
; counter_out[*]  ; clk        ; 3.466 ; 3.527 ; Rise       ; clk             ;
;  counter_out[0] ; clk        ; 3.603 ; 3.686 ; Rise       ; clk             ;
;  counter_out[1] ; clk        ; 3.466 ; 3.527 ; Rise       ; clk             ;
; data_out[*]     ; clk        ; 3.782 ; 3.876 ; Rise       ; clk             ;
;  data_out[0]    ; clk        ; 4.258 ; 4.410 ; Rise       ; clk             ;
;  data_out[1]    ; clk        ; 3.782 ; 3.876 ; Rise       ; clk             ;
;  data_out[2]    ; clk        ; 4.068 ; 4.220 ; Rise       ; clk             ;
;  data_out[3]    ; clk        ; 4.253 ; 4.402 ; Rise       ; clk             ;
;  data_out[4]    ; clk        ; 3.973 ; 4.097 ; Rise       ; clk             ;
;  data_out[5]    ; clk        ; 4.313 ; 4.489 ; Rise       ; clk             ;
;  data_out[6]    ; clk        ; 4.132 ; 4.265 ; Rise       ; clk             ;
;  data_out[7]    ; clk        ; 3.983 ; 4.116 ; Rise       ; clk             ;
;  data_out[8]    ; clk        ; 4.028 ; 4.149 ; Rise       ; clk             ;
;  data_out[9]    ; clk        ; 3.908 ; 4.046 ; Rise       ; clk             ;
;  data_out[10]   ; clk        ; 3.893 ; 4.034 ; Rise       ; clk             ;
;  data_out[11]   ; clk        ; 4.202 ; 4.363 ; Rise       ; clk             ;
;  data_out[12]   ; clk        ; 4.087 ; 4.225 ; Rise       ; clk             ;
;  data_out[13]   ; clk        ; 3.981 ; 4.131 ; Rise       ; clk             ;
;  data_out[14]   ; clk        ; 4.046 ; 4.190 ; Rise       ; clk             ;
;  data_out[15]   ; clk        ; 4.953 ; 5.131 ; Rise       ; clk             ;
;  data_out[16]   ; clk        ; 4.135 ; 4.285 ; Rise       ; clk             ;
;  data_out[17]   ; clk        ; 4.247 ; 4.390 ; Rise       ; clk             ;
;  data_out[18]   ; clk        ; 4.383 ; 4.516 ; Rise       ; clk             ;
;  data_out[19]   ; clk        ; 4.000 ; 4.106 ; Rise       ; clk             ;
;  data_out[20]   ; clk        ; 3.905 ; 4.021 ; Rise       ; clk             ;
;  data_out[21]   ; clk        ; 4.330 ; 4.465 ; Rise       ; clk             ;
;  data_out[22]   ; clk        ; 4.861 ; 5.018 ; Rise       ; clk             ;
;  data_out[23]   ; clk        ; 4.205 ; 4.323 ; Rise       ; clk             ;
;  data_out[24]   ; clk        ; 4.373 ; 4.526 ; Rise       ; clk             ;
;  data_out[25]   ; clk        ; 4.272 ; 4.398 ; Rise       ; clk             ;
;  data_out[26]   ; clk        ; 4.199 ; 4.314 ; Rise       ; clk             ;
;  data_out[27]   ; clk        ; 4.143 ; 4.254 ; Rise       ; clk             ;
;  data_out[28]   ; clk        ; 4.090 ; 4.190 ; Rise       ; clk             ;
;  data_out[29]   ; clk        ; 4.132 ; 4.249 ; Rise       ; clk             ;
;  data_out[30]   ; clk        ; 4.267 ; 4.396 ; Rise       ; clk             ;
;  data_out[31]   ; clk        ; 4.179 ; 4.293 ; Rise       ; clk             ;
; data_valid      ; clk        ; 3.580 ; 3.672 ; Rise       ; clk             ;
; done_out        ; clk        ; 3.630 ; 3.706 ; Rise       ; clk             ;
; ram_addr[*]     ; clk        ; 3.459 ; 3.525 ; Rise       ; clk             ;
;  ram_addr[0]    ; clk        ; 3.613 ; 3.696 ; Rise       ; clk             ;
;  ram_addr[1]    ; clk        ; 3.459 ; 3.525 ; Rise       ; clk             ;
;  ram_addr[2]    ; clk        ; 3.615 ; 3.704 ; Rise       ; clk             ;
;  ram_addr[3]    ; clk        ; 3.546 ; 3.630 ; Rise       ; clk             ;
+-----------------+------------+-------+-------+------------+-----------------+


---------------------------------------------
; Fast 1200mV 0C Model Metastability Report ;
---------------------------------------------
No synchronizer chains to report.


+--------------------------------------------------------------------------------+
; Multicorner Timing Analysis Summary                                            ;
+------------------+----------+-------+----------+---------+---------------------+
; Clock            ; Setup    ; Hold  ; Recovery ; Removal ; Minimum Pulse Width ;
+------------------+----------+-------+----------+---------+---------------------+
; Worst-case Slack ; -14.262  ; 0.176 ; -0.523   ; 0.484   ; -3.000              ;
;  clk             ; -14.262  ; 0.176 ; -0.523   ; 0.484   ; -3.000              ;
; Design-wide TNS  ; -500.661 ; 0.0   ; -2.092   ; 0.0     ; -92.95              ;
;  clk             ; -500.661 ; 0.000 ; -2.092   ; 0.000   ; -92.950             ;
+------------------+----------+-------+----------+---------+---------------------+


+-----------------------------------------------------------------------------+
; Setup Times                                                                 ;
+-----------------+------------+-------+-------+------------+-----------------+
; Data Port       ; Clock Port ; Rise  ; Fall  ; Clock Edge ; Clock Reference ;
+-----------------+------------+-------+-------+------------+-----------------+
; AES_version[*]  ; clk        ; 1.445 ; 1.800 ; Rise       ; clk             ;
;  AES_version[0] ; clk        ; 1.445 ; 1.800 ; Rise       ; clk             ;
;  AES_version[1] ; clk        ; 1.319 ; 1.655 ; Rise       ; clk             ;
; reset           ; clk        ; 0.784 ; 0.817 ; Rise       ; clk             ;
; start           ; clk        ; 2.868 ; 3.156 ; Rise       ; clk             ;
+-----------------+------------+-------+-------+------------+-----------------+


+-------------------------------------------------------------------------------+
; Hold Times                                                                    ;
+-----------------+------------+--------+--------+------------+-----------------+
; Data Port       ; Clock Port ; Rise   ; Fall   ; Clock Edge ; Clock Reference ;
+-----------------+------------+--------+--------+------------+-----------------+
; AES_version[*]  ; clk        ; -0.387 ; -0.934 ; Rise       ; clk             ;
;  AES_version[0] ; clk        ; -0.450 ; -1.013 ; Rise       ; clk             ;
;  AES_version[1] ; clk        ; -0.387 ; -0.934 ; Rise       ; clk             ;
; reset           ; clk        ; 0.533  ; 0.431  ; Rise       ; clk             ;
; start           ; clk        ; -0.362 ; -0.913 ; Rise       ; clk             ;
+-----------------+------------+--------+--------+------------+-----------------+


+-----------------------------------------------------------------------------+
; Clock to Output Times                                                       ;
+-----------------+------------+-------+-------+------------+-----------------+
; Data Port       ; Clock Port ; Rise  ; Fall  ; Clock Edge ; Clock Reference ;
+-----------------+------------+-------+-------+------------+-----------------+
; counter_out[*]  ; clk        ; 6.978 ; 6.985 ; Rise       ; clk             ;
;  counter_out[0] ; clk        ; 6.978 ; 6.985 ; Rise       ; clk             ;
;  counter_out[1] ; clk        ; 6.668 ; 6.678 ; Rise       ; clk             ;
; data_out[*]     ; clk        ; 9.398 ; 9.454 ; Rise       ; clk             ;
;  data_out[0]    ; clk        ; 8.453 ; 8.376 ; Rise       ; clk             ;
;  data_out[1]    ; clk        ; 7.505 ; 7.472 ; Rise       ; clk             ;
;  data_out[2]    ; clk        ; 8.039 ; 8.041 ; Rise       ; clk             ;
;  data_out[3]    ; clk        ; 8.520 ; 8.421 ; Rise       ; clk             ;
;  data_out[4]    ; clk        ; 7.853 ; 7.828 ; Rise       ; clk             ;
;  data_out[5]    ; clk        ; 8.635 ; 8.565 ; Rise       ; clk             ;
;  data_out[6]    ; clk        ; 8.152 ; 8.119 ; Rise       ; clk             ;
;  data_out[7]    ; clk        ; 7.906 ; 7.868 ; Rise       ; clk             ;
;  data_out[8]    ; clk        ; 8.048 ; 7.987 ; Rise       ; clk             ;
;  data_out[9]    ; clk        ; 7.745 ; 7.744 ; Rise       ; clk             ;
;  data_out[10]   ; clk        ; 7.653 ; 7.679 ; Rise       ; clk             ;
;  data_out[11]   ; clk        ; 8.387 ; 8.340 ; Rise       ; clk             ;
;  data_out[12]   ; clk        ; 8.041 ; 8.003 ; Rise       ; clk             ;
;  data_out[13]   ; clk        ; 7.852 ; 7.920 ; Rise       ; clk             ;
;  data_out[14]   ; clk        ; 8.043 ; 7.995 ; Rise       ; clk             ;
;  data_out[15]   ; clk        ; 9.398 ; 9.454 ; Rise       ; clk             ;
;  data_out[16]   ; clk        ; 8.194 ; 8.160 ; Rise       ; clk             ;
;  data_out[17]   ; clk        ; 8.432 ; 8.401 ; Rise       ; clk             ;
;  data_out[18]   ; clk        ; 8.657 ; 8.620 ; Rise       ; clk             ;
;  data_out[19]   ; clk        ; 7.925 ; 7.914 ; Rise       ; clk             ;
;  data_out[20]   ; clk        ; 7.681 ; 7.718 ; Rise       ; clk             ;
;  data_out[21]   ; clk        ; 8.549 ; 8.516 ; Rise       ; clk             ;
;  data_out[22]   ; clk        ; 9.187 ; 9.283 ; Rise       ; clk             ;
;  data_out[23]   ; clk        ; 8.292 ; 8.269 ; Rise       ; clk             ;
;  data_out[24]   ; clk        ; 8.767 ; 8.702 ; Rise       ; clk             ;
;  data_out[25]   ; clk        ; 8.492 ; 8.435 ; Rise       ; clk             ;
;  data_out[26]   ; clk        ; 8.301 ; 8.273 ; Rise       ; clk             ;
;  data_out[27]   ; clk        ; 8.204 ; 8.183 ; Rise       ; clk             ;
;  data_out[28]   ; clk        ; 8.136 ; 8.093 ; Rise       ; clk             ;
;  data_out[29]   ; clk        ; 8.198 ; 8.167 ; Rise       ; clk             ;
;  data_out[30]   ; clk        ; 8.487 ; 8.444 ; Rise       ; clk             ;
;  data_out[31]   ; clk        ; 8.265 ; 8.235 ; Rise       ; clk             ;
; data_valid      ; clk        ; 6.972 ; 6.982 ; Rise       ; clk             ;
; done_out        ; clk        ; 7.053 ; 7.025 ; Rise       ; clk             ;
; ram_addr[*]     ; clk        ; 7.019 ; 7.028 ; Rise       ; clk             ;
;  ram_addr[0]    ; clk        ; 6.983 ; 6.991 ; Rise       ; clk             ;
;  ram_addr[1]    ; clk        ; 6.653 ; 6.670 ; Rise       ; clk             ;
;  ram_addr[2]    ; clk        ; 7.019 ; 7.028 ; Rise       ; clk             ;
;  ram_addr[3]    ; clk        ; 6.903 ; 6.912 ; Rise       ; clk             ;
+-----------------+------------+-------+-------+------------+-----------------+


+-----------------------------------------------------------------------------+
; Minimum Clock to Output Times                                               ;
+-----------------+------------+-------+-------+------------+-----------------+
; Data Port       ; Clock Port ; Rise  ; Fall  ; Clock Edge ; Clock Reference ;
+-----------------+------------+-------+-------+------------+-----------------+
; counter_out[*]  ; clk        ; 3.466 ; 3.527 ; Rise       ; clk             ;
;  counter_out[0] ; clk        ; 3.603 ; 3.686 ; Rise       ; clk             ;
;  counter_out[1] ; clk        ; 3.466 ; 3.527 ; Rise       ; clk             ;
; data_out[*]     ; clk        ; 3.782 ; 3.876 ; Rise       ; clk             ;
;  data_out[0]    ; clk        ; 4.258 ; 4.410 ; Rise       ; clk             ;
;  data_out[1]    ; clk        ; 3.782 ; 3.876 ; Rise       ; clk             ;
;  data_out[2]    ; clk        ; 4.068 ; 4.220 ; Rise       ; clk             ;
;  data_out[3]    ; clk        ; 4.253 ; 4.402 ; Rise       ; clk             ;
;  data_out[4]    ; clk        ; 3.973 ; 4.097 ; Rise       ; clk             ;
;  data_out[5]    ; clk        ; 4.313 ; 4.489 ; Rise       ; clk             ;
;  data_out[6]    ; clk        ; 4.132 ; 4.265 ; Rise       ; clk             ;
;  data_out[7]    ; clk        ; 3.983 ; 4.116 ; Rise       ; clk             ;
;  data_out[8]    ; clk        ; 4.028 ; 4.149 ; Rise       ; clk             ;
;  data_out[9]    ; clk        ; 3.908 ; 4.046 ; Rise       ; clk             ;
;  data_out[10]   ; clk        ; 3.893 ; 4.034 ; Rise       ; clk             ;
;  data_out[11]   ; clk        ; 4.202 ; 4.363 ; Rise       ; clk             ;
;  data_out[12]   ; clk        ; 4.087 ; 4.225 ; Rise       ; clk             ;
;  data_out[13]   ; clk        ; 3.981 ; 4.131 ; Rise       ; clk             ;
;  data_out[14]   ; clk        ; 4.046 ; 4.190 ; Rise       ; clk             ;
;  data_out[15]   ; clk        ; 4.953 ; 5.131 ; Rise       ; clk             ;
;  data_out[16]   ; clk        ; 4.135 ; 4.285 ; Rise       ; clk             ;
;  data_out[17]   ; clk        ; 4.247 ; 4.390 ; Rise       ; clk             ;
;  data_out[18]   ; clk        ; 4.383 ; 4.516 ; Rise       ; clk             ;
;  data_out[19]   ; clk        ; 4.000 ; 4.106 ; Rise       ; clk             ;
;  data_out[20]   ; clk        ; 3.905 ; 4.021 ; Rise       ; clk             ;
;  data_out[21]   ; clk        ; 4.330 ; 4.465 ; Rise       ; clk             ;
;  data_out[22]   ; clk        ; 4.861 ; 5.018 ; Rise       ; clk             ;
;  data_out[23]   ; clk        ; 4.205 ; 4.323 ; Rise       ; clk             ;
;  data_out[24]   ; clk        ; 4.373 ; 4.526 ; Rise       ; clk             ;
;  data_out[25]   ; clk        ; 4.272 ; 4.398 ; Rise       ; clk             ;
;  data_out[26]   ; clk        ; 4.199 ; 4.314 ; Rise       ; clk             ;
;  data_out[27]   ; clk        ; 4.143 ; 4.254 ; Rise       ; clk             ;
;  data_out[28]   ; clk        ; 4.090 ; 4.190 ; Rise       ; clk             ;
;  data_out[29]   ; clk        ; 4.132 ; 4.249 ; Rise       ; clk             ;
;  data_out[30]   ; clk        ; 4.267 ; 4.396 ; Rise       ; clk             ;
;  data_out[31]   ; clk        ; 4.179 ; 4.293 ; Rise       ; clk             ;
; data_valid      ; clk        ; 3.580 ; 3.672 ; Rise       ; clk             ;
; done_out        ; clk        ; 3.630 ; 3.706 ; Rise       ; clk             ;
; ram_addr[*]     ; clk        ; 3.459 ; 3.525 ; Rise       ; clk             ;
;  ram_addr[0]    ; clk        ; 3.613 ; 3.696 ; Rise       ; clk             ;
;  ram_addr[1]    ; clk        ; 3.459 ; 3.525 ; Rise       ; clk             ;
;  ram_addr[2]    ; clk        ; 3.615 ; 3.704 ; Rise       ; clk             ;
;  ram_addr[3]    ; clk        ; 3.546 ; 3.630 ; Rise       ; clk             ;
+-----------------+------------+-------+-------+------------+-----------------+


+-------------------------------------------------------------------------------------------------------------------------------------------------------------------------------------------------------------------------------------------------------------------------------------------------------------------------------------------------------------------------------------------------------------------+
; Board Trace Model Assignments                                                                                                                                                                                                                                                                                                                                                                                     ;
+----------------+--------------+-------------------+-------------------------+-------------------------+---------------+---------------------+----------------+------------------+--------+------------------+------------------------+------------------------+--------------+---------------+-----------------+-------+---------------------+--------------------+---------------+-----------------+-------------+
; Pin            ; I/O Standard ; Near Tline Length ; Near Tline L per Length ; Near Tline C per Length ; Near Series R ; Near Differential R ; Near Pull-up R ; Near Pull-down R ; Near C ; Far Tline Length ; Far Tline L per Length ; Far Tline C per Length ; Far Series R ; Far Pull-up R ; Far Pull-down R ; Far C ; Termination Voltage ; Far Differential R ; EBD File Name ; EBD Signal Name ; EBD Far-end ;
+----------------+--------------+-------------------+-------------------------+-------------------------+---------------+---------------------+----------------+------------------+--------+------------------+------------------------+------------------------+--------------+---------------+-----------------+-------+---------------------+--------------------+---------------+-----------------+-------------+
; data_out[0]    ; 2.5 V        ; 0 in              ; 0 H/in                  ; 0 F/in                  ; short         ; -                   ; open           ; open             ; open   ; 0 in             ; 0 H/in                 ; 0 F/in                 ; short        ; open          ; open            ; open  ; 0 V                 ; -                  ; n/a           ; n/a             ; n/a         ;
; data_out[1]    ; 2.5 V        ; 0 in              ; 0 H/in                  ; 0 F/in                  ; short         ; -                   ; open           ; open             ; open   ; 0 in             ; 0 H/in                 ; 0 F/in                 ; short        ; open          ; open            ; open  ; 0 V                 ; -                  ; n/a           ; n/a             ; n/a         ;
; data_out[2]    ; 2.5 V        ; 0 in              ; 0 H/in                  ; 0 F/in                  ; short         ; -                   ; open           ; open             ; open   ; 0 in             ; 0 H/in                 ; 0 F/in                 ; short        ; open          ; open            ; open  ; 0 V                 ; -                  ; n/a           ; n/a             ; n/a         ;
; data_out[3]    ; 2.5 V        ; 0 in              ; 0 H/in                  ; 0 F/in                  ; short         ; -                   ; open           ; open             ; open   ; 0 in             ; 0 H/in                 ; 0 F/in                 ; short        ; open          ; open            ; open  ; 0 V                 ; -                  ; n/a           ; n/a             ; n/a         ;
; data_out[4]    ; 2.5 V        ; 0 in              ; 0 H/in                  ; 0 F/in                  ; short         ; -                   ; open           ; open             ; open   ; 0 in             ; 0 H/in                 ; 0 F/in                 ; short        ; open          ; open            ; open  ; 0 V                 ; -                  ; n/a           ; n/a             ; n/a         ;
; data_out[5]    ; 2.5 V        ; 0 in              ; 0 H/in                  ; 0 F/in                  ; short         ; -                   ; open           ; open             ; open   ; 0 in             ; 0 H/in                 ; 0 F/in                 ; short        ; open          ; open            ; open  ; 0 V                 ; -                  ; n/a           ; n/a             ; n/a         ;
; data_out[6]    ; 2.5 V        ; 0 in              ; 0 H/in                  ; 0 F/in                  ; short         ; -                   ; open           ; open             ; open   ; 0 in             ; 0 H/in                 ; 0 F/in                 ; short        ; open          ; open            ; open  ; 0 V                 ; -                  ; n/a           ; n/a             ; n/a         ;
; data_out[7]    ; 2.5 V        ; 0 in              ; 0 H/in                  ; 0 F/in                  ; short         ; -                   ; open           ; open             ; open   ; 0 in             ; 0 H/in                 ; 0 F/in                 ; short        ; open          ; open            ; open  ; 0 V                 ; -                  ; n/a           ; n/a             ; n/a         ;
; data_out[8]    ; 2.5 V        ; 0 in              ; 0 H/in                  ; 0 F/in                  ; short         ; -                   ; open           ; open             ; open   ; 0 in             ; 0 H/in                 ; 0 F/in                 ; short        ; open          ; open            ; open  ; 0 V                 ; -                  ; n/a           ; n/a             ; n/a         ;
; data_out[9]    ; 2.5 V        ; 0 in              ; 0 H/in                  ; 0 F/in                  ; short         ; -                   ; open           ; open             ; open   ; 0 in             ; 0 H/in                 ; 0 F/in                 ; short        ; open          ; open            ; open  ; 0 V                 ; -                  ; n/a           ; n/a             ; n/a         ;
; data_out[10]   ; 2.5 V        ; 0 in              ; 0 H/in                  ; 0 F/in                  ; short         ; -                   ; open           ; open             ; open   ; 0 in             ; 0 H/in                 ; 0 F/in                 ; short        ; open          ; open            ; open  ; 0 V                 ; -                  ; n/a           ; n/a             ; n/a         ;
; data_out[11]   ; 2.5 V        ; 0 in              ; 0 H/in                  ; 0 F/in                  ; short         ; -                   ; open           ; open             ; open   ; 0 in             ; 0 H/in                 ; 0 F/in                 ; short        ; open          ; open            ; open  ; 0 V                 ; -                  ; n/a           ; n/a             ; n/a         ;
; data_out[12]   ; 2.5 V        ; 0 in              ; 0 H/in                  ; 0 F/in                  ; short         ; -                   ; open           ; open             ; open   ; 0 in             ; 0 H/in                 ; 0 F/in                 ; short        ; open          ; open            ; open  ; 0 V                 ; -                  ; n/a           ; n/a             ; n/a         ;
; data_out[13]   ; 2.5 V        ; 0 in              ; 0 H/in                  ; 0 F/in                  ; short         ; -                   ; open           ; open             ; open   ; 0 in             ; 0 H/in                 ; 0 F/in                 ; short        ; open          ; open            ; open  ; 0 V                 ; -                  ; n/a           ; n/a             ; n/a         ;
; data_out[14]   ; 2.5 V        ; 0 in              ; 0 H/in                  ; 0 F/in                  ; short         ; -                   ; open           ; open             ; open   ; 0 in             ; 0 H/in                 ; 0 F/in                 ; short        ; open          ; open            ; open  ; 0 V                 ; -                  ; n/a           ; n/a             ; n/a         ;
; data_out[15]   ; 2.5 V        ; 0 in              ; 0 H/in                  ; 0 F/in                  ; short         ; -                   ; open           ; open             ; open   ; 0 in             ; 0 H/in                 ; 0 F/in                 ; short        ; open          ; open            ; open  ; 0 V                 ; -                  ; n/a           ; n/a             ; n/a         ;
; data_out[16]   ; 2.5 V        ; 0 in              ; 0 H/in                  ; 0 F/in                  ; short         ; -                   ; open           ; open             ; open   ; 0 in             ; 0 H/in                 ; 0 F/in                 ; short        ; open          ; open            ; open  ; 0 V                 ; -                  ; n/a           ; n/a             ; n/a         ;
; data_out[17]   ; 2.5 V        ; 0 in              ; 0 H/in                  ; 0 F/in                  ; short         ; -                   ; open           ; open             ; open   ; 0 in             ; 0 H/in                 ; 0 F/in                 ; short        ; open          ; open            ; open  ; 0 V                 ; -                  ; n/a           ; n/a             ; n/a         ;
; data_out[18]   ; 2.5 V        ; 0 in              ; 0 H/in                  ; 0 F/in                  ; short         ; -                   ; open           ; open             ; open   ; 0 in             ; 0 H/in                 ; 0 F/in                 ; short        ; open          ; open            ; open  ; 0 V                 ; -                  ; n/a           ; n/a             ; n/a         ;
; data_out[19]   ; 2.5 V        ; 0 in              ; 0 H/in                  ; 0 F/in                  ; short         ; -                   ; open           ; open             ; open   ; 0 in             ; 0 H/in                 ; 0 F/in                 ; short        ; open          ; open            ; open  ; 0 V                 ; -                  ; n/a           ; n/a             ; n/a         ;
; data_out[20]   ; 2.5 V        ; 0 in              ; 0 H/in                  ; 0 F/in                  ; short         ; -                   ; open           ; open             ; open   ; 0 in             ; 0 H/in                 ; 0 F/in                 ; short        ; open          ; open            ; open  ; 0 V                 ; -                  ; n/a           ; n/a             ; n/a         ;
; data_out[21]   ; 2.5 V        ; 0 in              ; 0 H/in                  ; 0 F/in                  ; short         ; -                   ; open           ; open             ; open   ; 0 in             ; 0 H/in                 ; 0 F/in                 ; short        ; open          ; open            ; open  ; 0 V                 ; -                  ; n/a           ; n/a             ; n/a         ;
; data_out[22]   ; 2.5 V        ; 0 in              ; 0 H/in                  ; 0 F/in                  ; short         ; -                   ; open           ; open             ; open   ; 0 in             ; 0 H/in                 ; 0 F/in                 ; short        ; open          ; open            ; open  ; 0 V                 ; -                  ; n/a           ; n/a             ; n/a         ;
; data_out[23]   ; 2.5 V        ; 0 in              ; 0 H/in                  ; 0 F/in                  ; short         ; -                   ; open           ; open             ; open   ; 0 in             ; 0 H/in                 ; 0 F/in                 ; short        ; open          ; open            ; open  ; 0 V                 ; -                  ; n/a           ; n/a             ; n/a         ;
; data_out[24]   ; 2.5 V        ; 0 in              ; 0 H/in                  ; 0 F/in                  ; short         ; -                   ; open           ; open             ; open   ; 0 in             ; 0 H/in                 ; 0 F/in                 ; short        ; open          ; open            ; open  ; 0 V                 ; -                  ; n/a           ; n/a             ; n/a         ;
; data_out[25]   ; 2.5 V        ; 0 in              ; 0 H/in                  ; 0 F/in                  ; short         ; -                   ; open           ; open             ; open   ; 0 in             ; 0 H/in                 ; 0 F/in                 ; short        ; open          ; open            ; open  ; 0 V                 ; -                  ; n/a           ; n/a             ; n/a         ;
; data_out[26]   ; 2.5 V        ; 0 in              ; 0 H/in                  ; 0 F/in                  ; short         ; -                   ; open           ; open             ; open   ; 0 in             ; 0 H/in                 ; 0 F/in                 ; short        ; open          ; open            ; open  ; 0 V                 ; -                  ; n/a           ; n/a             ; n/a         ;
; data_out[27]   ; 2.5 V        ; 0 in              ; 0 H/in                  ; 0 F/in                  ; short         ; -                   ; open           ; open             ; open   ; 0 in             ; 0 H/in                 ; 0 F/in                 ; short        ; open          ; open            ; open  ; 0 V                 ; -                  ; n/a           ; n/a             ; n/a         ;
; data_out[28]   ; 2.5 V        ; 0 in              ; 0 H/in                  ; 0 F/in                  ; short         ; -                   ; open           ; open             ; open   ; 0 in             ; 0 H/in                 ; 0 F/in                 ; short        ; open          ; open            ; open  ; 0 V                 ; -                  ; n/a           ; n/a             ; n/a         ;
; data_out[29]   ; 2.5 V        ; 0 in              ; 0 H/in                  ; 0 F/in                  ; short         ; -                   ; open           ; open             ; open   ; 0 in             ; 0 H/in                 ; 0 F/in                 ; short        ; open          ; open            ; open  ; 0 V                 ; -                  ; n/a           ; n/a             ; n/a         ;
; data_out[30]   ; 2.5 V        ; 0 in              ; 0 H/in                  ; 0 F/in                  ; short         ; -                   ; open           ; open             ; open   ; 0 in             ; 0 H/in                 ; 0 F/in                 ; short        ; open          ; open            ; open  ; 0 V                 ; -                  ; n/a           ; n/a             ; n/a         ;
; data_out[31]   ; 2.5 V        ; 0 in              ; 0 H/in                  ; 0 F/in                  ; short         ; -                   ; open           ; open             ; open   ; 0 in             ; 0 H/in                 ; 0 F/in                 ; short        ; open          ; open            ; open  ; 0 V                 ; -                  ; n/a           ; n/a             ; n/a         ;
; data_valid     ; 2.5 V        ; 0 in              ; 0 H/in                  ; 0 F/in                  ; short         ; -                   ; open           ; open             ; open   ; 0 in             ; 0 H/in                 ; 0 F/in                 ; short        ; open          ; open            ; open  ; 0 V                 ; -                  ; n/a           ; n/a             ; n/a         ;
; counter_out[0] ; 2.5 V        ; 0 in              ; 0 H/in                  ; 0 F/in                  ; short         ; -                   ; open           ; open             ; open   ; 0 in             ; 0 H/in                 ; 0 F/in                 ; short        ; open          ; open            ; open  ; 0 V                 ; -                  ; n/a           ; n/a             ; n/a         ;
; counter_out[1] ; 2.5 V        ; 0 in              ; 0 H/in                  ; 0 F/in                  ; short         ; -                   ; open           ; open             ; open   ; 0 in             ; 0 H/in                 ; 0 F/in                 ; short        ; open          ; open            ; open  ; 0 V                 ; -                  ; n/a           ; n/a             ; n/a         ;
; ram_addr[0]    ; 2.5 V        ; 0 in              ; 0 H/in                  ; 0 F/in                  ; short         ; -                   ; open           ; open             ; open   ; 0 in             ; 0 H/in                 ; 0 F/in                 ; short        ; open          ; open            ; open  ; 0 V                 ; -                  ; n/a           ; n/a             ; n/a         ;
; ram_addr[1]    ; 2.5 V        ; 0 in              ; 0 H/in                  ; 0 F/in                  ; short         ; -                   ; open           ; open             ; open   ; 0 in             ; 0 H/in                 ; 0 F/in                 ; short        ; open          ; open            ; open  ; 0 V                 ; -                  ; n/a           ; n/a             ; n/a         ;
; ram_addr[2]    ; 2.5 V        ; 0 in              ; 0 H/in                  ; 0 F/in                  ; short         ; -                   ; open           ; open             ; open   ; 0 in             ; 0 H/in                 ; 0 F/in                 ; short        ; open          ; open            ; open  ; 0 V                 ; -                  ; n/a           ; n/a             ; n/a         ;
; ram_addr[3]    ; 2.5 V        ; 0 in              ; 0 H/in                  ; 0 F/in                  ; short         ; -                   ; open           ; open             ; open   ; 0 in             ; 0 H/in                 ; 0 F/in                 ; short        ; open          ; open            ; open  ; 0 V                 ; -                  ; n/a           ; n/a             ; n/a         ;
; done_out       ; 2.5 V        ; 0 in              ; 0 H/in                  ; 0 F/in                  ; short         ; -                   ; open           ; open             ; open   ; 0 in             ; 0 H/in                 ; 0 F/in                 ; short        ; open          ; open            ; open  ; 0 V                 ; -                  ; n/a           ; n/a             ; n/a         ;
; ~ALTERA_DCLK~  ; 2.5 V        ; 0 in              ; 0 H/in                  ; 0 F/in                  ; short         ; -                   ; open           ; open             ; open   ; 0 in             ; 0 H/in                 ; 0 F/in                 ; short        ; open          ; open            ; open  ; 0 V                 ; -                  ; n/a           ; n/a             ; n/a         ;
; ~ALTERA_nCEO~  ; 2.5 V        ; 0 in              ; 0 H/in                  ; 0 F/in                  ; short         ; -                   ; open           ; open             ; open   ; 0 in             ; 0 H/in                 ; 0 F/in                 ; short        ; open          ; open            ; open  ; 0 V                 ; -                  ; n/a           ; n/a             ; n/a         ;
+----------------+--------------+-------------------+-------------------------+-------------------------+---------------+---------------------+----------------+------------------+--------+------------------+------------------------+------------------------+--------------+---------------+-----------------+-------+---------------------+--------------------+---------------+-----------------+-------------+


+----------------------------------------------------------------------------+
; Input Transition Times                                                     ;
+-------------------------+--------------+-----------------+-----------------+
; Pin                     ; I/O Standard ; 10-90 Rise Time ; 90-10 Fall Time ;
+-------------------------+--------------+-----------------+-----------------+
; clk                     ; 2.5 V        ; 2000 ps         ; 2000 ps         ;
; reset                   ; 2.5 V        ; 2000 ps         ; 2000 ps         ;
; start                   ; 2.5 V        ; 2000 ps         ; 2000 ps         ;
; AES_version[1]          ; 2.5 V        ; 2000 ps         ; 2000 ps         ;
; AES_version[0]          ; 2.5 V        ; 2000 ps         ; 2000 ps         ;
; ~ALTERA_ASDO_DATA1~     ; 2.5 V        ; 2000 ps         ; 2000 ps         ;
; ~ALTERA_FLASH_nCE_nCSO~ ; 2.5 V        ; 2000 ps         ; 2000 ps         ;
; ~ALTERA_DATA0~          ; 2.5 V        ; 2000 ps         ; 2000 ps         ;
+-------------------------+--------------+-----------------+-----------------+


+---------------------------------------------------------------------------------------------------------------------------------------------------------------------------------------------------------------------------------------------------------------------------------------------------------------------------------------------------------------------------------------------------------------------------------------------------------------------------------------------------------------------------------------------------------------------------------------------------------------------------------------------------------------------------------------------+
; Signal Integrity Metrics (Slow 1200mv 0c Model)                                                                                                                                                                                                                                                                                                                                                                                                                                                                                                                                                                                                                                             ;
+----------------+--------------+---------------------+---------------------+------------------------------+------------------------------+---------------------+---------------------+--------------------------------------+--------------------------------------+-----------------------------+-----------------------------+----------------------------+----------------------------+-----------------------------+-----------------------------+--------------------+--------------------+-------------------------------------+-------------------------------------+----------------------------+----------------------------+---------------------------+---------------------------+
; Pin            ; I/O Standard ; Board Delay on Rise ; Board Delay on Fall ; Steady State Voh at FPGA Pin ; Steady State Vol at FPGA Pin ; Voh Max at FPGA Pin ; Vol Min at FPGA Pin ; Ringback Voltage on Rise at FPGA Pin ; Ringback Voltage on Fall at FPGA Pin ; 10-90 Rise Time at FPGA Pin ; 90-10 Fall Time at FPGA Pin ; Monotonic Rise at FPGA Pin ; Monotonic Fall at FPGA Pin ; Steady State Voh at Far-end ; Steady State Vol at Far-end ; Voh Max at Far-end ; Vol Min at Far-end ; Ringback Voltage on Rise at Far-end ; Ringback Voltage on Fall at Far-end ; 10-90 Rise Time at Far-end ; 90-10 Fall Time at Far-end ; Monotonic Rise at Far-end ; Monotonic Fall at Far-end ;
+----------------+--------------+---------------------+---------------------+------------------------------+------------------------------+---------------------+---------------------+--------------------------------------+--------------------------------------+-----------------------------+-----------------------------+----------------------------+----------------------------+-----------------------------+-----------------------------+--------------------+--------------------+-------------------------------------+-------------------------------------+----------------------------+----------------------------+---------------------------+---------------------------+
; data_out[0]    ; 2.5 V        ; 0 s                 ; 0 s                 ; 2.32 V                       ; 3.07e-09 V                   ; 2.37 V              ; -0.00994 V          ; 0.186 V                              ; 0.028 V                              ; 4.98e-10 s                  ; 4.96e-10 s                  ; Yes                        ; Yes                        ; 2.32 V                      ; 3.07e-09 V                  ; 2.37 V             ; -0.00994 V         ; 0.186 V                             ; 0.028 V                             ; 4.98e-10 s                 ; 4.96e-10 s                 ; Yes                       ; Yes                       ;
; data_out[1]    ; 2.5 V        ; 0 s                 ; 0 s                 ; 2.32 V                       ; 3.07e-09 V                   ; 2.38 V              ; -0.0144 V           ; 0.227 V                              ; 0.024 V                              ; 3.14e-10 s                  ; 3.39e-10 s                  ; Yes                        ; Yes                        ; 2.32 V                      ; 3.07e-09 V                  ; 2.38 V             ; -0.0144 V          ; 0.227 V                             ; 0.024 V                             ; 3.14e-10 s                 ; 3.39e-10 s                 ; Yes                       ; Yes                       ;
; data_out[2]    ; 2.5 V        ; 0 s                 ; 0 s                 ; 2.32 V                       ; 3.07e-09 V                   ; 2.37 V              ; -0.00994 V          ; 0.186 V                              ; 0.028 V                              ; 4.98e-10 s                  ; 4.96e-10 s                  ; Yes                        ; Yes                        ; 2.32 V                      ; 3.07e-09 V                  ; 2.37 V             ; -0.00994 V         ; 0.186 V                             ; 0.028 V                             ; 4.98e-10 s                 ; 4.96e-10 s                 ; Yes                       ; Yes                       ;
; data_out[3]    ; 2.5 V        ; 0 s                 ; 0 s                 ; 2.32 V                       ; 4.49e-09 V                   ; 2.38 V              ; -0.00552 V          ; 0.096 V                              ; 0.019 V                              ; 4.18e-10 s                  ; 3.59e-10 s                  ; No                         ; Yes                        ; 2.32 V                      ; 4.49e-09 V                  ; 2.38 V             ; -0.00552 V         ; 0.096 V                             ; 0.019 V                             ; 4.18e-10 s                 ; 3.59e-10 s                 ; No                        ; Yes                       ;
; data_out[4]    ; 2.5 V        ; 0 s                 ; 0 s                 ; 2.32 V                       ; 4.49e-09 V                   ; 2.38 V              ; -0.00552 V          ; 0.096 V                              ; 0.019 V                              ; 4.18e-10 s                  ; 3.59e-10 s                  ; No                         ; Yes                        ; 2.32 V                      ; 4.49e-09 V                  ; 2.38 V             ; -0.00552 V         ; 0.096 V                             ; 0.019 V                             ; 4.18e-10 s                 ; 3.59e-10 s                 ; No                        ; Yes                       ;
; data_out[5]    ; 2.5 V        ; 0 s                 ; 0 s                 ; 2.32 V                       ; 3.07e-09 V                   ; 2.37 V              ; -0.00994 V          ; 0.186 V                              ; 0.028 V                              ; 4.98e-10 s                  ; 4.96e-10 s                  ; Yes                        ; Yes                        ; 2.32 V                      ; 3.07e-09 V                  ; 2.37 V             ; -0.00994 V         ; 0.186 V                             ; 0.028 V                             ; 4.98e-10 s                 ; 4.96e-10 s                 ; Yes                       ; Yes                       ;
; data_out[6]    ; 2.5 V        ; 0 s                 ; 0 s                 ; 2.32 V                       ; 4.49e-09 V                   ; 2.38 V              ; -0.00552 V          ; 0.096 V                              ; 0.019 V                              ; 4.18e-10 s                  ; 3.59e-10 s                  ; No                         ; Yes                        ; 2.32 V                      ; 4.49e-09 V                  ; 2.38 V             ; -0.00552 V         ; 0.096 V                             ; 0.019 V                             ; 4.18e-10 s                 ; 3.59e-10 s                 ; No                        ; Yes                       ;
; data_out[7]    ; 2.5 V        ; 0 s                 ; 0 s                 ; 2.32 V                       ; 3.07e-09 V                   ; 2.37 V              ; -0.00994 V          ; 0.186 V                              ; 0.028 V                              ; 4.98e-10 s                  ; 4.96e-10 s                  ; Yes                        ; Yes                        ; 2.32 V                      ; 3.07e-09 V                  ; 2.37 V             ; -0.00994 V         ; 0.186 V                             ; 0.028 V                             ; 4.98e-10 s                 ; 4.96e-10 s                 ; Yes                       ; Yes                       ;
; data_out[8]    ; 2.5 V        ; 0 s                 ; 0 s                 ; 2.32 V                       ; 3.07e-09 V                   ; 2.38 V              ; -0.0144 V           ; 0.227 V                              ; 0.024 V                              ; 3.14e-10 s                  ; 3.39e-10 s                  ; Yes                        ; Yes                        ; 2.32 V                      ; 3.07e-09 V                  ; 2.38 V             ; -0.0144 V          ; 0.227 V                             ; 0.024 V                             ; 3.14e-10 s                 ; 3.39e-10 s                 ; Yes                       ; Yes                       ;
; data_out[9]    ; 2.5 V        ; 0 s                 ; 0 s                 ; 2.32 V                       ; 3.07e-09 V                   ; 2.37 V              ; -0.00994 V          ; 0.186 V                              ; 0.028 V                              ; 4.98e-10 s                  ; 4.96e-10 s                  ; Yes                        ; Yes                        ; 2.32 V                      ; 3.07e-09 V                  ; 2.37 V             ; -0.00994 V         ; 0.186 V                             ; 0.028 V                             ; 4.98e-10 s                 ; 4.96e-10 s                 ; Yes                       ; Yes                       ;
; data_out[10]   ; 2.5 V        ; 0 s                 ; 0 s                 ; 2.32 V                       ; 3.07e-09 V                   ; 2.37 V              ; -0.00994 V          ; 0.186 V                              ; 0.028 V                              ; 4.98e-10 s                  ; 4.96e-10 s                  ; Yes                        ; Yes                        ; 2.32 V                      ; 3.07e-09 V                  ; 2.37 V             ; -0.00994 V         ; 0.186 V                             ; 0.028 V                             ; 4.98e-10 s                 ; 4.96e-10 s                 ; Yes                       ; Yes                       ;
; data_out[11]   ; 2.5 V        ; 0 s                 ; 0 s                 ; 2.32 V                       ; 3.07e-09 V                   ; 2.37 V              ; -0.00994 V          ; 0.186 V                              ; 0.028 V                              ; 4.98e-10 s                  ; 4.96e-10 s                  ; Yes                        ; Yes                        ; 2.32 V                      ; 3.07e-09 V                  ; 2.37 V             ; -0.00994 V         ; 0.186 V                             ; 0.028 V                             ; 4.98e-10 s                 ; 4.96e-10 s                 ; Yes                       ; Yes                       ;
; data_out[12]   ; 2.5 V        ; 0 s                 ; 0 s                 ; 2.32 V                       ; 3.07e-09 V                   ; 2.37 V              ; -0.00994 V          ; 0.186 V                              ; 0.028 V                              ; 4.98e-10 s                  ; 4.96e-10 s                  ; Yes                        ; Yes                        ; 2.32 V                      ; 3.07e-09 V                  ; 2.37 V             ; -0.00994 V         ; 0.186 V                             ; 0.028 V                             ; 4.98e-10 s                 ; 4.96e-10 s                 ; Yes                       ; Yes                       ;
; data_out[13]   ; 2.5 V        ; 0 s                 ; 0 s                 ; 2.32 V                       ; 3.07e-09 V                   ; 2.38 V              ; -0.0144 V           ; 0.227 V                              ; 0.024 V                              ; 3.14e-10 s                  ; 3.39e-10 s                  ; Yes                        ; Yes                        ; 2.32 V                      ; 3.07e-09 V                  ; 2.38 V             ; -0.0144 V          ; 0.227 V                             ; 0.024 V                             ; 3.14e-10 s                 ; 3.39e-10 s                 ; Yes                       ; Yes                       ;
; data_out[14]   ; 2.5 V        ; 0 s                 ; 0 s                 ; 2.32 V                       ; 3.07e-09 V                   ; 2.37 V              ; -0.00994 V          ; 0.186 V                              ; 0.028 V                              ; 4.98e-10 s                  ; 4.96e-10 s                  ; Yes                        ; Yes                        ; 2.32 V                      ; 3.07e-09 V                  ; 2.37 V             ; -0.00994 V         ; 0.186 V                             ; 0.028 V                             ; 4.98e-10 s                 ; 4.96e-10 s                 ; Yes                       ; Yes                       ;
; data_out[15]   ; 2.5 V        ; 0 s                 ; 0 s                 ; 2.32 V                       ; 3.07e-09 V                   ; 2.33 V              ; -0.00496 V          ; 0.223 V                              ; 0.086 V                              ; 2.9e-09 s                   ; 2.73e-09 s                  ; Yes                        ; Yes                        ; 2.32 V                      ; 3.07e-09 V                  ; 2.33 V             ; -0.00496 V         ; 0.223 V                             ; 0.086 V                             ; 2.9e-09 s                  ; 2.73e-09 s                 ; Yes                       ; Yes                       ;
; data_out[16]   ; 2.5 V        ; 0 s                 ; 0 s                 ; 2.32 V                       ; 3.07e-09 V                   ; 2.37 V              ; -0.00994 V          ; 0.186 V                              ; 0.028 V                              ; 4.98e-10 s                  ; 4.96e-10 s                  ; Yes                        ; Yes                        ; 2.32 V                      ; 3.07e-09 V                  ; 2.37 V             ; -0.00994 V         ; 0.186 V                             ; 0.028 V                             ; 4.98e-10 s                 ; 4.96e-10 s                 ; Yes                       ; Yes                       ;
; data_out[17]   ; 2.5 V        ; 0 s                 ; 0 s                 ; 2.32 V                       ; 3.07e-09 V                   ; 2.37 V              ; -0.00994 V          ; 0.186 V                              ; 0.028 V                              ; 4.98e-10 s                  ; 4.96e-10 s                  ; Yes                        ; Yes                        ; 2.32 V                      ; 3.07e-09 V                  ; 2.37 V             ; -0.00994 V         ; 0.186 V                             ; 0.028 V                             ; 4.98e-10 s                 ; 4.96e-10 s                 ; Yes                       ; Yes                       ;
; data_out[18]   ; 2.5 V        ; 0 s                 ; 0 s                 ; 2.32 V                       ; 4.49e-09 V                   ; 2.38 V              ; -0.00552 V          ; 0.096 V                              ; 0.019 V                              ; 4.18e-10 s                  ; 3.59e-10 s                  ; No                         ; Yes                        ; 2.32 V                      ; 4.49e-09 V                  ; 2.38 V             ; -0.00552 V         ; 0.096 V                             ; 0.019 V                             ; 4.18e-10 s                 ; 3.59e-10 s                 ; No                        ; Yes                       ;
; data_out[19]   ; 2.5 V        ; 0 s                 ; 0 s                 ; 2.32 V                       ; 4.49e-09 V                   ; 2.38 V              ; -0.00552 V          ; 0.096 V                              ; 0.019 V                              ; 4.18e-10 s                  ; 3.59e-10 s                  ; No                         ; Yes                        ; 2.32 V                      ; 4.49e-09 V                  ; 2.38 V             ; -0.00552 V         ; 0.096 V                             ; 0.019 V                             ; 4.18e-10 s                 ; 3.59e-10 s                 ; No                        ; Yes                       ;
; data_out[20]   ; 2.5 V        ; 0 s                 ; 0 s                 ; 2.32 V                       ; 3.07e-09 V                   ; 2.37 V              ; -0.00994 V          ; 0.186 V                              ; 0.028 V                              ; 4.98e-10 s                  ; 4.96e-10 s                  ; Yes                        ; Yes                        ; 2.32 V                      ; 3.07e-09 V                  ; 2.37 V             ; -0.00994 V         ; 0.186 V                             ; 0.028 V                             ; 4.98e-10 s                 ; 4.96e-10 s                 ; Yes                       ; Yes                       ;
; data_out[21]   ; 2.5 V        ; 0 s                 ; 0 s                 ; 2.32 V                       ; 4.49e-09 V                   ; 2.38 V              ; -0.00552 V          ; 0.096 V                              ; 0.019 V                              ; 4.18e-10 s                  ; 3.59e-10 s                  ; No                         ; Yes                        ; 2.32 V                      ; 4.49e-09 V                  ; 2.38 V             ; -0.00552 V         ; 0.096 V                             ; 0.019 V                             ; 4.18e-10 s                 ; 3.59e-10 s                 ; No                        ; Yes                       ;
; data_out[22]   ; 2.5 V        ; 0 s                 ; 0 s                 ; 2.32 V                       ; 4.49e-09 V                   ; 2.33 V              ; -0.00467 V          ; 0.226 V                              ; 0.087 V                              ; 2.91e-09 s                  ; 2.74e-09 s                  ; Yes                        ; Yes                        ; 2.32 V                      ; 4.49e-09 V                  ; 2.33 V             ; -0.00467 V         ; 0.226 V                             ; 0.087 V                             ; 2.91e-09 s                 ; 2.74e-09 s                 ; Yes                       ; Yes                       ;
; data_out[23]   ; 2.5 V        ; 0 s                 ; 0 s                 ; 2.32 V                       ; 4.49e-09 V                   ; 2.38 V              ; -0.00552 V          ; 0.096 V                              ; 0.019 V                              ; 4.18e-10 s                  ; 3.59e-10 s                  ; No                         ; Yes                        ; 2.32 V                      ; 4.49e-09 V                  ; 2.38 V             ; -0.00552 V         ; 0.096 V                             ; 0.019 V                             ; 4.18e-10 s                 ; 3.59e-10 s                 ; No                        ; Yes                       ;
; data_out[24]   ; 2.5 V        ; 0 s                 ; 0 s                 ; 2.32 V                       ; 3.07e-09 V                   ; 2.37 V              ; -0.00994 V          ; 0.186 V                              ; 0.028 V                              ; 4.98e-10 s                  ; 4.96e-10 s                  ; Yes                        ; Yes                        ; 2.32 V                      ; 3.07e-09 V                  ; 2.37 V             ; -0.00994 V         ; 0.186 V                             ; 0.028 V                             ; 4.98e-10 s                 ; 4.96e-10 s                 ; Yes                       ; Yes                       ;
; data_out[25]   ; 2.5 V        ; 0 s                 ; 0 s                 ; 2.32 V                       ; 4.49e-09 V                   ; 2.38 V              ; -0.00552 V          ; 0.096 V                              ; 0.019 V                              ; 4.18e-10 s                  ; 3.59e-10 s                  ; No                         ; Yes                        ; 2.32 V                      ; 4.49e-09 V                  ; 2.38 V             ; -0.00552 V         ; 0.096 V                             ; 0.019 V                             ; 4.18e-10 s                 ; 3.59e-10 s                 ; No                        ; Yes                       ;
; data_out[26]   ; 2.5 V        ; 0 s                 ; 0 s                 ; 2.32 V                       ; 4.49e-09 V                   ; 2.38 V              ; -0.00552 V          ; 0.096 V                              ; 0.019 V                              ; 4.18e-10 s                  ; 3.59e-10 s                  ; No                         ; Yes                        ; 2.32 V                      ; 4.49e-09 V                  ; 2.38 V             ; -0.00552 V         ; 0.096 V                             ; 0.019 V                             ; 4.18e-10 s                 ; 3.59e-10 s                 ; No                        ; Yes                       ;
; data_out[27]   ; 2.5 V        ; 0 s                 ; 0 s                 ; 2.32 V                       ; 4.49e-09 V                   ; 2.38 V              ; -0.00552 V          ; 0.096 V                              ; 0.019 V                              ; 4.18e-10 s                  ; 3.59e-10 s                  ; No                         ; Yes                        ; 2.32 V                      ; 4.49e-09 V                  ; 2.38 V             ; -0.00552 V         ; 0.096 V                             ; 0.019 V                             ; 4.18e-10 s                 ; 3.59e-10 s                 ; No                        ; Yes                       ;
; data_out[28]   ; 2.5 V        ; 0 s                 ; 0 s                 ; 2.32 V                       ; 4.49e-09 V                   ; 2.38 V              ; -0.00552 V          ; 0.096 V                              ; 0.019 V                              ; 4.18e-10 s                  ; 3.59e-10 s                  ; No                         ; Yes                        ; 2.32 V                      ; 4.49e-09 V                  ; 2.38 V             ; -0.00552 V         ; 0.096 V                             ; 0.019 V                             ; 4.18e-10 s                 ; 3.59e-10 s                 ; No                        ; Yes                       ;
; data_out[29]   ; 2.5 V        ; 0 s                 ; 0 s                 ; 2.32 V                       ; 4.49e-09 V                   ; 2.38 V              ; -0.00552 V          ; 0.096 V                              ; 0.019 V                              ; 4.18e-10 s                  ; 3.59e-10 s                  ; No                         ; Yes                        ; 2.32 V                      ; 4.49e-09 V                  ; 2.38 V             ; -0.00552 V         ; 0.096 V                             ; 0.019 V                             ; 4.18e-10 s                 ; 3.59e-10 s                 ; No                        ; Yes                       ;
; data_out[30]   ; 2.5 V        ; 0 s                 ; 0 s                 ; 2.32 V                       ; 4.49e-09 V                   ; 2.38 V              ; -0.00552 V          ; 0.096 V                              ; 0.019 V                              ; 4.18e-10 s                  ; 3.59e-10 s                  ; No                         ; Yes                        ; 2.32 V                      ; 4.49e-09 V                  ; 2.38 V             ; -0.00552 V         ; 0.096 V                             ; 0.019 V                             ; 4.18e-10 s                 ; 3.59e-10 s                 ; No                        ; Yes                       ;
; data_out[31]   ; 2.5 V        ; 0 s                 ; 0 s                 ; 2.32 V                       ; 4.49e-09 V                   ; 2.38 V              ; -0.00552 V          ; 0.096 V                              ; 0.019 V                              ; 4.18e-10 s                  ; 3.59e-10 s                  ; No                         ; Yes                        ; 2.32 V                      ; 4.49e-09 V                  ; 2.38 V             ; -0.00552 V         ; 0.096 V                             ; 0.019 V                             ; 4.18e-10 s                 ; 3.59e-10 s                 ; No                        ; Yes                       ;
; data_valid     ; 2.5 V        ; 0 s                 ; 0 s                 ; 2.32 V                       ; 3.07e-09 V                   ; 2.37 V              ; -0.00994 V          ; 0.186 V                              ; 0.028 V                              ; 4.98e-10 s                  ; 4.96e-10 s                  ; Yes                        ; Yes                        ; 2.32 V                      ; 3.07e-09 V                  ; 2.37 V             ; -0.00994 V         ; 0.186 V                             ; 0.028 V                             ; 4.98e-10 s                 ; 4.96e-10 s                 ; Yes                       ; Yes                       ;
; counter_out[0] ; 2.5 V        ; 0 s                 ; 0 s                 ; 2.32 V                       ; 3.07e-09 V                   ; 2.37 V              ; -0.00994 V          ; 0.186 V                              ; 0.028 V                              ; 4.98e-10 s                  ; 4.96e-10 s                  ; Yes                        ; Yes                        ; 2.32 V                      ; 3.07e-09 V                  ; 2.37 V             ; -0.00994 V         ; 0.186 V                             ; 0.028 V                             ; 4.98e-10 s                 ; 4.96e-10 s                 ; Yes                       ; Yes                       ;
; counter_out[1] ; 2.5 V        ; 0 s                 ; 0 s                 ; 2.32 V                       ; 3.07e-09 V                   ; 2.37 V              ; -0.00994 V          ; 0.186 V                              ; 0.028 V                              ; 4.98e-10 s                  ; 4.96e-10 s                  ; Yes                        ; Yes                        ; 2.32 V                      ; 3.07e-09 V                  ; 2.37 V             ; -0.00994 V         ; 0.186 V                             ; 0.028 V                             ; 4.98e-10 s                 ; 4.96e-10 s                 ; Yes                       ; Yes                       ;
; ram_addr[0]    ; 2.5 V        ; 0 s                 ; 0 s                 ; 2.32 V                       ; 3.07e-09 V                   ; 2.37 V              ; -0.00994 V          ; 0.186 V                              ; 0.028 V                              ; 4.98e-10 s                  ; 4.96e-10 s                  ; Yes                        ; Yes                        ; 2.32 V                      ; 3.07e-09 V                  ; 2.37 V             ; -0.00994 V         ; 0.186 V                             ; 0.028 V                             ; 4.98e-10 s                 ; 4.96e-10 s                 ; Yes                       ; Yes                       ;
; ram_addr[1]    ; 2.5 V        ; 0 s                 ; 0 s                 ; 2.32 V                       ; 3.07e-09 V                   ; 2.37 V              ; -0.00994 V          ; 0.186 V                              ; 0.028 V                              ; 4.98e-10 s                  ; 4.96e-10 s                  ; Yes                        ; Yes                        ; 2.32 V                      ; 3.07e-09 V                  ; 2.37 V             ; -0.00994 V         ; 0.186 V                             ; 0.028 V                             ; 4.98e-10 s                 ; 4.96e-10 s                 ; Yes                       ; Yes                       ;
; ram_addr[2]    ; 2.5 V        ; 0 s                 ; 0 s                 ; 2.32 V                       ; 3.07e-09 V                   ; 2.37 V              ; -0.00994 V          ; 0.186 V                              ; 0.028 V                              ; 4.98e-10 s                  ; 4.96e-10 s                  ; Yes                        ; Yes                        ; 2.32 V                      ; 3.07e-09 V                  ; 2.37 V             ; -0.00994 V         ; 0.186 V                             ; 0.028 V                             ; 4.98e-10 s                 ; 4.96e-10 s                 ; Yes                       ; Yes                       ;
; ram_addr[3]    ; 2.5 V        ; 0 s                 ; 0 s                 ; 2.32 V                       ; 3.07e-09 V                   ; 2.37 V              ; -0.00994 V          ; 0.186 V                              ; 0.028 V                              ; 4.98e-10 s                  ; 4.96e-10 s                  ; Yes                        ; Yes                        ; 2.32 V                      ; 3.07e-09 V                  ; 2.37 V             ; -0.00994 V         ; 0.186 V                             ; 0.028 V                             ; 4.98e-10 s                 ; 4.96e-10 s                 ; Yes                       ; Yes                       ;
; done_out       ; 2.5 V        ; 0 s                 ; 0 s                 ; 2.32 V                       ; 3.07e-09 V                   ; 2.37 V              ; -0.00994 V          ; 0.186 V                              ; 0.028 V                              ; 4.98e-10 s                  ; 4.96e-10 s                  ; Yes                        ; Yes                        ; 2.32 V                      ; 3.07e-09 V                  ; 2.37 V             ; -0.00994 V         ; 0.186 V                             ; 0.028 V                             ; 4.98e-10 s                 ; 4.96e-10 s                 ; Yes                       ; Yes                       ;
; ~ALTERA_DCLK~  ; 2.5 V        ; 0 s                 ; 0 s                 ; 2.32 V                       ; 2.67e-09 V                   ; 2.38 V              ; -0.0485 V           ; 0.167 V                              ; 0.096 V                              ; 2.95e-10 s                  ; 2.73e-10 s                  ; Yes                        ; Yes                        ; 2.32 V                      ; 2.67e-09 V                  ; 2.38 V             ; -0.0485 V          ; 0.167 V                             ; 0.096 V                             ; 2.95e-10 s                 ; 2.73e-10 s                 ; Yes                       ; Yes                       ;
; ~ALTERA_nCEO~  ; 2.5 V        ; 0 s                 ; 0 s                 ; 2.32 V                       ; 4.18e-09 V                   ; 2.38 V              ; -0.00483 V          ; 0.152 V                              ; 0.012 V                              ; 4.81e-10 s                  ; 6.29e-10 s                  ; Yes                        ; Yes                        ; 2.32 V                      ; 4.18e-09 V                  ; 2.38 V             ; -0.00483 V         ; 0.152 V                             ; 0.012 V                             ; 4.81e-10 s                 ; 6.29e-10 s                 ; Yes                       ; Yes                       ;
+----------------+--------------+---------------------+---------------------+------------------------------+------------------------------+---------------------+---------------------+--------------------------------------+--------------------------------------+-----------------------------+-----------------------------+----------------------------+----------------------------+-----------------------------+-----------------------------+--------------------+--------------------+-------------------------------------+-------------------------------------+----------------------------+----------------------------+---------------------------+---------------------------+


+---------------------------------------------------------------------------------------------------------------------------------------------------------------------------------------------------------------------------------------------------------------------------------------------------------------------------------------------------------------------------------------------------------------------------------------------------------------------------------------------------------------------------------------------------------------------------------------------------------------------------------------------------------------------------------------------+
; Signal Integrity Metrics (Slow 1200mv 85c Model)                                                                                                                                                                                                                                                                                                                                                                                                                                                                                                                                                                                                                                            ;
+----------------+--------------+---------------------+---------------------+------------------------------+------------------------------+---------------------+---------------------+--------------------------------------+--------------------------------------+-----------------------------+-----------------------------+----------------------------+----------------------------+-----------------------------+-----------------------------+--------------------+--------------------+-------------------------------------+-------------------------------------+----------------------------+----------------------------+---------------------------+---------------------------+
; Pin            ; I/O Standard ; Board Delay on Rise ; Board Delay on Fall ; Steady State Voh at FPGA Pin ; Steady State Vol at FPGA Pin ; Voh Max at FPGA Pin ; Vol Min at FPGA Pin ; Ringback Voltage on Rise at FPGA Pin ; Ringback Voltage on Fall at FPGA Pin ; 10-90 Rise Time at FPGA Pin ; 90-10 Fall Time at FPGA Pin ; Monotonic Rise at FPGA Pin ; Monotonic Fall at FPGA Pin ; Steady State Voh at Far-end ; Steady State Vol at Far-end ; Voh Max at Far-end ; Vol Min at Far-end ; Ringback Voltage on Rise at Far-end ; Ringback Voltage on Fall at Far-end ; 10-90 Rise Time at Far-end ; 90-10 Fall Time at Far-end ; Monotonic Rise at Far-end ; Monotonic Fall at Far-end ;
+----------------+--------------+---------------------+---------------------+------------------------------+------------------------------+---------------------+---------------------+--------------------------------------+--------------------------------------+-----------------------------+-----------------------------+----------------------------+----------------------------+-----------------------------+-----------------------------+--------------------+--------------------+-------------------------------------+-------------------------------------+----------------------------+----------------------------+---------------------------+---------------------------+
; data_out[0]    ; 2.5 V        ; 0 s                 ; 0 s                 ; 2.32 V                       ; 4.67e-07 V                   ; 2.35 V              ; -0.00942 V          ; 0.116 V                              ; 0.033 V                              ; 6.66e-10 s                  ; 6.27e-10 s                  ; Yes                        ; Yes                        ; 2.32 V                      ; 4.67e-07 V                  ; 2.35 V             ; -0.00942 V         ; 0.116 V                             ; 0.033 V                             ; 6.66e-10 s                 ; 6.27e-10 s                 ; Yes                       ; Yes                       ;
; data_out[1]    ; 2.5 V        ; 0 s                 ; 0 s                 ; 2.32 V                       ; 4.67e-07 V                   ; 2.36 V              ; -0.00552 V          ; 0.11 V                               ; 0.007 V                              ; 4.54e-10 s                  ; 4.35e-10 s                  ; Yes                        ; Yes                        ; 2.32 V                      ; 4.67e-07 V                  ; 2.36 V             ; -0.00552 V         ; 0.11 V                              ; 0.007 V                             ; 4.54e-10 s                 ; 4.35e-10 s                 ; Yes                       ; Yes                       ;
; data_out[2]    ; 2.5 V        ; 0 s                 ; 0 s                 ; 2.32 V                       ; 4.67e-07 V                   ; 2.35 V              ; -0.00942 V          ; 0.116 V                              ; 0.033 V                              ; 6.66e-10 s                  ; 6.27e-10 s                  ; Yes                        ; Yes                        ; 2.32 V                      ; 4.67e-07 V                  ; 2.35 V             ; -0.00942 V         ; 0.116 V                             ; 0.033 V                             ; 6.66e-10 s                 ; 6.27e-10 s                 ; Yes                       ; Yes                       ;
; data_out[3]    ; 2.5 V        ; 0 s                 ; 0 s                 ; 2.32 V                       ; 6.92e-07 V                   ; 2.35 V              ; -0.00996 V          ; 0.121 V                              ; 0.03 V                               ; 4.64e-10 s                  ; 4.47e-10 s                  ; Yes                        ; Yes                        ; 2.32 V                      ; 6.92e-07 V                  ; 2.35 V             ; -0.00996 V         ; 0.121 V                             ; 0.03 V                              ; 4.64e-10 s                 ; 4.47e-10 s                 ; Yes                       ; Yes                       ;
; data_out[4]    ; 2.5 V        ; 0 s                 ; 0 s                 ; 2.32 V                       ; 6.92e-07 V                   ; 2.35 V              ; -0.00996 V          ; 0.121 V                              ; 0.03 V                               ; 4.64e-10 s                  ; 4.47e-10 s                  ; Yes                        ; Yes                        ; 2.32 V                      ; 6.92e-07 V                  ; 2.35 V             ; -0.00996 V         ; 0.121 V                             ; 0.03 V                              ; 4.64e-10 s                 ; 4.47e-10 s                 ; Yes                       ; Yes                       ;
; data_out[5]    ; 2.5 V        ; 0 s                 ; 0 s                 ; 2.32 V                       ; 4.67e-07 V                   ; 2.35 V              ; -0.00942 V          ; 0.116 V                              ; 0.033 V                              ; 6.66e-10 s                  ; 6.27e-10 s                  ; Yes                        ; Yes                        ; 2.32 V                      ; 4.67e-07 V                  ; 2.35 V             ; -0.00942 V         ; 0.116 V                             ; 0.033 V                             ; 6.66e-10 s                 ; 6.27e-10 s                 ; Yes                       ; Yes                       ;
; data_out[6]    ; 2.5 V        ; 0 s                 ; 0 s                 ; 2.32 V                       ; 6.92e-07 V                   ; 2.35 V              ; -0.00996 V          ; 0.121 V                              ; 0.03 V                               ; 4.64e-10 s                  ; 4.47e-10 s                  ; Yes                        ; Yes                        ; 2.32 V                      ; 6.92e-07 V                  ; 2.35 V             ; -0.00996 V         ; 0.121 V                             ; 0.03 V                              ; 4.64e-10 s                 ; 4.47e-10 s                 ; Yes                       ; Yes                       ;
; data_out[7]    ; 2.5 V        ; 0 s                 ; 0 s                 ; 2.32 V                       ; 4.67e-07 V                   ; 2.35 V              ; -0.00942 V          ; 0.116 V                              ; 0.033 V                              ; 6.66e-10 s                  ; 6.27e-10 s                  ; Yes                        ; Yes                        ; 2.32 V                      ; 4.67e-07 V                  ; 2.35 V             ; -0.00942 V         ; 0.116 V                             ; 0.033 V                             ; 6.66e-10 s                 ; 6.27e-10 s                 ; Yes                       ; Yes                       ;
; data_out[8]    ; 2.5 V        ; 0 s                 ; 0 s                 ; 2.32 V                       ; 4.67e-07 V                   ; 2.36 V              ; -0.00552 V          ; 0.11 V                               ; 0.007 V                              ; 4.54e-10 s                  ; 4.35e-10 s                  ; Yes                        ; Yes                        ; 2.32 V                      ; 4.67e-07 V                  ; 2.36 V             ; -0.00552 V         ; 0.11 V                              ; 0.007 V                             ; 4.54e-10 s                 ; 4.35e-10 s                 ; Yes                       ; Yes                       ;
; data_out[9]    ; 2.5 V        ; 0 s                 ; 0 s                 ; 2.32 V                       ; 4.67e-07 V                   ; 2.35 V              ; -0.00942 V          ; 0.116 V                              ; 0.033 V                              ; 6.66e-10 s                  ; 6.27e-10 s                  ; Yes                        ; Yes                        ; 2.32 V                      ; 4.67e-07 V                  ; 2.35 V             ; -0.00942 V         ; 0.116 V                             ; 0.033 V                             ; 6.66e-10 s                 ; 6.27e-10 s                 ; Yes                       ; Yes                       ;
; data_out[10]   ; 2.5 V        ; 0 s                 ; 0 s                 ; 2.32 V                       ; 4.67e-07 V                   ; 2.35 V              ; -0.00942 V          ; 0.116 V                              ; 0.033 V                              ; 6.66e-10 s                  ; 6.27e-10 s                  ; Yes                        ; Yes                        ; 2.32 V                      ; 4.67e-07 V                  ; 2.35 V             ; -0.00942 V         ; 0.116 V                             ; 0.033 V                             ; 6.66e-10 s                 ; 6.27e-10 s                 ; Yes                       ; Yes                       ;
; data_out[11]   ; 2.5 V        ; 0 s                 ; 0 s                 ; 2.32 V                       ; 4.67e-07 V                   ; 2.35 V              ; -0.00942 V          ; 0.116 V                              ; 0.033 V                              ; 6.66e-10 s                  ; 6.27e-10 s                  ; Yes                        ; Yes                        ; 2.32 V                      ; 4.67e-07 V                  ; 2.35 V             ; -0.00942 V         ; 0.116 V                             ; 0.033 V                             ; 6.66e-10 s                 ; 6.27e-10 s                 ; Yes                       ; Yes                       ;
; data_out[12]   ; 2.5 V        ; 0 s                 ; 0 s                 ; 2.32 V                       ; 4.67e-07 V                   ; 2.35 V              ; -0.00942 V          ; 0.116 V                              ; 0.033 V                              ; 6.66e-10 s                  ; 6.27e-10 s                  ; Yes                        ; Yes                        ; 2.32 V                      ; 4.67e-07 V                  ; 2.35 V             ; -0.00942 V         ; 0.116 V                             ; 0.033 V                             ; 6.66e-10 s                 ; 6.27e-10 s                 ; Yes                       ; Yes                       ;
; data_out[13]   ; 2.5 V        ; 0 s                 ; 0 s                 ; 2.32 V                       ; 4.67e-07 V                   ; 2.36 V              ; -0.00552 V          ; 0.11 V                               ; 0.007 V                              ; 4.54e-10 s                  ; 4.35e-10 s                  ; Yes                        ; Yes                        ; 2.32 V                      ; 4.67e-07 V                  ; 2.36 V             ; -0.00552 V         ; 0.11 V                              ; 0.007 V                             ; 4.54e-10 s                 ; 4.35e-10 s                 ; Yes                       ; Yes                       ;
; data_out[14]   ; 2.5 V        ; 0 s                 ; 0 s                 ; 2.32 V                       ; 4.67e-07 V                   ; 2.35 V              ; -0.00942 V          ; 0.116 V                              ; 0.033 V                              ; 6.66e-10 s                  ; 6.27e-10 s                  ; Yes                        ; Yes                        ; 2.32 V                      ; 4.67e-07 V                  ; 2.35 V             ; -0.00942 V         ; 0.116 V                             ; 0.033 V                             ; 6.66e-10 s                 ; 6.27e-10 s                 ; Yes                       ; Yes                       ;
; data_out[15]   ; 2.5 V        ; 0 s                 ; 0 s                 ; 2.32 V                       ; 4.67e-07 V                   ; 2.33 V              ; -0.00269 V          ; 0.13 V                               ; 0.055 V                              ; 3.54e-09 s                  ; 3.29e-09 s                  ; Yes                        ; Yes                        ; 2.32 V                      ; 4.67e-07 V                  ; 2.33 V             ; -0.00269 V         ; 0.13 V                              ; 0.055 V                             ; 3.54e-09 s                 ; 3.29e-09 s                 ; Yes                       ; Yes                       ;
; data_out[16]   ; 2.5 V        ; 0 s                 ; 0 s                 ; 2.32 V                       ; 4.67e-07 V                   ; 2.35 V              ; -0.00942 V          ; 0.116 V                              ; 0.033 V                              ; 6.66e-10 s                  ; 6.27e-10 s                  ; Yes                        ; Yes                        ; 2.32 V                      ; 4.67e-07 V                  ; 2.35 V             ; -0.00942 V         ; 0.116 V                             ; 0.033 V                             ; 6.66e-10 s                 ; 6.27e-10 s                 ; Yes                       ; Yes                       ;
; data_out[17]   ; 2.5 V        ; 0 s                 ; 0 s                 ; 2.32 V                       ; 4.67e-07 V                   ; 2.35 V              ; -0.00942 V          ; 0.116 V                              ; 0.033 V                              ; 6.66e-10 s                  ; 6.27e-10 s                  ; Yes                        ; Yes                        ; 2.32 V                      ; 4.67e-07 V                  ; 2.35 V             ; -0.00942 V         ; 0.116 V                             ; 0.033 V                             ; 6.66e-10 s                 ; 6.27e-10 s                 ; Yes                       ; Yes                       ;
; data_out[18]   ; 2.5 V        ; 0 s                 ; 0 s                 ; 2.32 V                       ; 6.92e-07 V                   ; 2.35 V              ; -0.00996 V          ; 0.121 V                              ; 0.03 V                               ; 4.64e-10 s                  ; 4.47e-10 s                  ; Yes                        ; Yes                        ; 2.32 V                      ; 6.92e-07 V                  ; 2.35 V             ; -0.00996 V         ; 0.121 V                             ; 0.03 V                              ; 4.64e-10 s                 ; 4.47e-10 s                 ; Yes                       ; Yes                       ;
; data_out[19]   ; 2.5 V        ; 0 s                 ; 0 s                 ; 2.32 V                       ; 6.92e-07 V                   ; 2.35 V              ; -0.00996 V          ; 0.121 V                              ; 0.03 V                               ; 4.64e-10 s                  ; 4.47e-10 s                  ; Yes                        ; Yes                        ; 2.32 V                      ; 6.92e-07 V                  ; 2.35 V             ; -0.00996 V         ; 0.121 V                             ; 0.03 V                              ; 4.64e-10 s                 ; 4.47e-10 s                 ; Yes                       ; Yes                       ;
; data_out[20]   ; 2.5 V        ; 0 s                 ; 0 s                 ; 2.32 V                       ; 4.67e-07 V                   ; 2.35 V              ; -0.00942 V          ; 0.116 V                              ; 0.033 V                              ; 6.66e-10 s                  ; 6.27e-10 s                  ; Yes                        ; Yes                        ; 2.32 V                      ; 4.67e-07 V                  ; 2.35 V             ; -0.00942 V         ; 0.116 V                             ; 0.033 V                             ; 6.66e-10 s                 ; 6.27e-10 s                 ; Yes                       ; Yes                       ;
; data_out[21]   ; 2.5 V        ; 0 s                 ; 0 s                 ; 2.32 V                       ; 6.92e-07 V                   ; 2.35 V              ; -0.00996 V          ; 0.121 V                              ; 0.03 V                               ; 4.64e-10 s                  ; 4.47e-10 s                  ; Yes                        ; Yes                        ; 2.32 V                      ; 6.92e-07 V                  ; 2.35 V             ; -0.00996 V         ; 0.121 V                             ; 0.03 V                              ; 4.64e-10 s                 ; 4.47e-10 s                 ; Yes                       ; Yes                       ;
; data_out[22]   ; 2.5 V        ; 0 s                 ; 0 s                 ; 2.32 V                       ; 6.92e-07 V                   ; 2.33 V              ; -0.00265 V          ; 0.133 V                              ; 0.056 V                              ; 3.55e-09 s                  ; 3.31e-09 s                  ; Yes                        ; Yes                        ; 2.32 V                      ; 6.92e-07 V                  ; 2.33 V             ; -0.00265 V         ; 0.133 V                             ; 0.056 V                             ; 3.55e-09 s                 ; 3.31e-09 s                 ; Yes                       ; Yes                       ;
; data_out[23]   ; 2.5 V        ; 0 s                 ; 0 s                 ; 2.32 V                       ; 6.92e-07 V                   ; 2.35 V              ; -0.00996 V          ; 0.121 V                              ; 0.03 V                               ; 4.64e-10 s                  ; 4.47e-10 s                  ; Yes                        ; Yes                        ; 2.32 V                      ; 6.92e-07 V                  ; 2.35 V             ; -0.00996 V         ; 0.121 V                             ; 0.03 V                              ; 4.64e-10 s                 ; 4.47e-10 s                 ; Yes                       ; Yes                       ;
; data_out[24]   ; 2.5 V        ; 0 s                 ; 0 s                 ; 2.32 V                       ; 4.67e-07 V                   ; 2.35 V              ; -0.00942 V          ; 0.116 V                              ; 0.033 V                              ; 6.66e-10 s                  ; 6.27e-10 s                  ; Yes                        ; Yes                        ; 2.32 V                      ; 4.67e-07 V                  ; 2.35 V             ; -0.00942 V         ; 0.116 V                             ; 0.033 V                             ; 6.66e-10 s                 ; 6.27e-10 s                 ; Yes                       ; Yes                       ;
; data_out[25]   ; 2.5 V        ; 0 s                 ; 0 s                 ; 2.32 V                       ; 6.92e-07 V                   ; 2.35 V              ; -0.00996 V          ; 0.121 V                              ; 0.03 V                               ; 4.64e-10 s                  ; 4.47e-10 s                  ; Yes                        ; Yes                        ; 2.32 V                      ; 6.92e-07 V                  ; 2.35 V             ; -0.00996 V         ; 0.121 V                             ; 0.03 V                              ; 4.64e-10 s                 ; 4.47e-10 s                 ; Yes                       ; Yes                       ;
; data_out[26]   ; 2.5 V        ; 0 s                 ; 0 s                 ; 2.32 V                       ; 6.92e-07 V                   ; 2.35 V              ; -0.00996 V          ; 0.121 V                              ; 0.03 V                               ; 4.64e-10 s                  ; 4.47e-10 s                  ; Yes                        ; Yes                        ; 2.32 V                      ; 6.92e-07 V                  ; 2.35 V             ; -0.00996 V         ; 0.121 V                             ; 0.03 V                              ; 4.64e-10 s                 ; 4.47e-10 s                 ; Yes                       ; Yes                       ;
; data_out[27]   ; 2.5 V        ; 0 s                 ; 0 s                 ; 2.32 V                       ; 6.92e-07 V                   ; 2.35 V              ; -0.00996 V          ; 0.121 V                              ; 0.03 V                               ; 4.64e-10 s                  ; 4.47e-10 s                  ; Yes                        ; Yes                        ; 2.32 V                      ; 6.92e-07 V                  ; 2.35 V             ; -0.00996 V         ; 0.121 V                             ; 0.03 V                              ; 4.64e-10 s                 ; 4.47e-10 s                 ; Yes                       ; Yes                       ;
; data_out[28]   ; 2.5 V        ; 0 s                 ; 0 s                 ; 2.32 V                       ; 6.92e-07 V                   ; 2.35 V              ; -0.00996 V          ; 0.121 V                              ; 0.03 V                               ; 4.64e-10 s                  ; 4.47e-10 s                  ; Yes                        ; Yes                        ; 2.32 V                      ; 6.92e-07 V                  ; 2.35 V             ; -0.00996 V         ; 0.121 V                             ; 0.03 V                              ; 4.64e-10 s                 ; 4.47e-10 s                 ; Yes                       ; Yes                       ;
; data_out[29]   ; 2.5 V        ; 0 s                 ; 0 s                 ; 2.32 V                       ; 6.92e-07 V                   ; 2.35 V              ; -0.00996 V          ; 0.121 V                              ; 0.03 V                               ; 4.64e-10 s                  ; 4.47e-10 s                  ; Yes                        ; Yes                        ; 2.32 V                      ; 6.92e-07 V                  ; 2.35 V             ; -0.00996 V         ; 0.121 V                             ; 0.03 V                              ; 4.64e-10 s                 ; 4.47e-10 s                 ; Yes                       ; Yes                       ;
; data_out[30]   ; 2.5 V        ; 0 s                 ; 0 s                 ; 2.32 V                       ; 6.92e-07 V                   ; 2.35 V              ; -0.00996 V          ; 0.121 V                              ; 0.03 V                               ; 4.64e-10 s                  ; 4.47e-10 s                  ; Yes                        ; Yes                        ; 2.32 V                      ; 6.92e-07 V                  ; 2.35 V             ; -0.00996 V         ; 0.121 V                             ; 0.03 V                              ; 4.64e-10 s                 ; 4.47e-10 s                 ; Yes                       ; Yes                       ;
; data_out[31]   ; 2.5 V        ; 0 s                 ; 0 s                 ; 2.32 V                       ; 6.92e-07 V                   ; 2.35 V              ; -0.00996 V          ; 0.121 V                              ; 0.03 V                               ; 4.64e-10 s                  ; 4.47e-10 s                  ; Yes                        ; Yes                        ; 2.32 V                      ; 6.92e-07 V                  ; 2.35 V             ; -0.00996 V         ; 0.121 V                             ; 0.03 V                              ; 4.64e-10 s                 ; 4.47e-10 s                 ; Yes                       ; Yes                       ;
; data_valid     ; 2.5 V        ; 0 s                 ; 0 s                 ; 2.32 V                       ; 4.67e-07 V                   ; 2.35 V              ; -0.00942 V          ; 0.116 V                              ; 0.033 V                              ; 6.66e-10 s                  ; 6.27e-10 s                  ; Yes                        ; Yes                        ; 2.32 V                      ; 4.67e-07 V                  ; 2.35 V             ; -0.00942 V         ; 0.116 V                             ; 0.033 V                             ; 6.66e-10 s                 ; 6.27e-10 s                 ; Yes                       ; Yes                       ;
; counter_out[0] ; 2.5 V        ; 0 s                 ; 0 s                 ; 2.32 V                       ; 4.67e-07 V                   ; 2.35 V              ; -0.00942 V          ; 0.116 V                              ; 0.033 V                              ; 6.66e-10 s                  ; 6.27e-10 s                  ; Yes                        ; Yes                        ; 2.32 V                      ; 4.67e-07 V                  ; 2.35 V             ; -0.00942 V         ; 0.116 V                             ; 0.033 V                             ; 6.66e-10 s                 ; 6.27e-10 s                 ; Yes                       ; Yes                       ;
; counter_out[1] ; 2.5 V        ; 0 s                 ; 0 s                 ; 2.32 V                       ; 4.67e-07 V                   ; 2.35 V              ; -0.00942 V          ; 0.116 V                              ; 0.033 V                              ; 6.66e-10 s                  ; 6.27e-10 s                  ; Yes                        ; Yes                        ; 2.32 V                      ; 4.67e-07 V                  ; 2.35 V             ; -0.00942 V         ; 0.116 V                             ; 0.033 V                             ; 6.66e-10 s                 ; 6.27e-10 s                 ; Yes                       ; Yes                       ;
; ram_addr[0]    ; 2.5 V        ; 0 s                 ; 0 s                 ; 2.32 V                       ; 4.67e-07 V                   ; 2.35 V              ; -0.00942 V          ; 0.116 V                              ; 0.033 V                              ; 6.66e-10 s                  ; 6.27e-10 s                  ; Yes                        ; Yes                        ; 2.32 V                      ; 4.67e-07 V                  ; 2.35 V             ; -0.00942 V         ; 0.116 V                             ; 0.033 V                             ; 6.66e-10 s                 ; 6.27e-10 s                 ; Yes                       ; Yes                       ;
; ram_addr[1]    ; 2.5 V        ; 0 s                 ; 0 s                 ; 2.32 V                       ; 4.67e-07 V                   ; 2.35 V              ; -0.00942 V          ; 0.116 V                              ; 0.033 V                              ; 6.66e-10 s                  ; 6.27e-10 s                  ; Yes                        ; Yes                        ; 2.32 V                      ; 4.67e-07 V                  ; 2.35 V             ; -0.00942 V         ; 0.116 V                             ; 0.033 V                             ; 6.66e-10 s                 ; 6.27e-10 s                 ; Yes                       ; Yes                       ;
; ram_addr[2]    ; 2.5 V        ; 0 s                 ; 0 s                 ; 2.32 V                       ; 4.67e-07 V                   ; 2.35 V              ; -0.00942 V          ; 0.116 V                              ; 0.033 V                              ; 6.66e-10 s                  ; 6.27e-10 s                  ; Yes                        ; Yes                        ; 2.32 V                      ; 4.67e-07 V                  ; 2.35 V             ; -0.00942 V         ; 0.116 V                             ; 0.033 V                             ; 6.66e-10 s                 ; 6.27e-10 s                 ; Yes                       ; Yes                       ;
; ram_addr[3]    ; 2.5 V        ; 0 s                 ; 0 s                 ; 2.32 V                       ; 4.67e-07 V                   ; 2.35 V              ; -0.00942 V          ; 0.116 V                              ; 0.033 V                              ; 6.66e-10 s                  ; 6.27e-10 s                  ; Yes                        ; Yes                        ; 2.32 V                      ; 4.67e-07 V                  ; 2.35 V             ; -0.00942 V         ; 0.116 V                             ; 0.033 V                             ; 6.66e-10 s                 ; 6.27e-10 s                 ; Yes                       ; Yes                       ;
; done_out       ; 2.5 V        ; 0 s                 ; 0 s                 ; 2.32 V                       ; 4.67e-07 V                   ; 2.35 V              ; -0.00942 V          ; 0.116 V                              ; 0.033 V                              ; 6.66e-10 s                  ; 6.27e-10 s                  ; Yes                        ; Yes                        ; 2.32 V                      ; 4.67e-07 V                  ; 2.35 V             ; -0.00942 V         ; 0.116 V                             ; 0.033 V                             ; 6.66e-10 s                 ; 6.27e-10 s                 ; Yes                       ; Yes                       ;
; ~ALTERA_DCLK~  ; 2.5 V        ; 0 s                 ; 0 s                 ; 2.32 V                       ; 3.75e-07 V                   ; 2.35 V              ; -0.0109 V           ; 0.084 V                              ; 0.027 V                              ; 4.31e-10 s                  ; 3.61e-10 s                  ; Yes                        ; Yes                        ; 2.32 V                      ; 3.75e-07 V                  ; 2.35 V             ; -0.0109 V          ; 0.084 V                             ; 0.027 V                             ; 4.31e-10 s                 ; 3.61e-10 s                 ; Yes                       ; Yes                       ;
; ~ALTERA_nCEO~  ; 2.5 V        ; 0 s                 ; 0 s                 ; 2.32 V                       ; 6.15e-07 V                   ; 2.35 V              ; -0.00712 V          ; 0.093 V                              ; 0.02 V                               ; 6.21e-10 s                  ; 7.9e-10 s                   ; Yes                        ; Yes                        ; 2.32 V                      ; 6.15e-07 V                  ; 2.35 V             ; -0.00712 V         ; 0.093 V                             ; 0.02 V                              ; 6.21e-10 s                 ; 7.9e-10 s                  ; Yes                       ; Yes                       ;
+----------------+--------------+---------------------+---------------------+------------------------------+------------------------------+---------------------+---------------------+--------------------------------------+--------------------------------------+-----------------------------+-----------------------------+----------------------------+----------------------------+-----------------------------+-----------------------------+--------------------+--------------------+-------------------------------------+-------------------------------------+----------------------------+----------------------------+---------------------------+---------------------------+


+---------------------------------------------------------------------------------------------------------------------------------------------------------------------------------------------------------------------------------------------------------------------------------------------------------------------------------------------------------------------------------------------------------------------------------------------------------------------------------------------------------------------------------------------------------------------------------------------------------------------------------------------------------------------------------------------+
; Signal Integrity Metrics (Fast 1200mv 0c Model)                                                                                                                                                                                                                                                                                                                                                                                                                                                                                                                                                                                                                                             ;
+----------------+--------------+---------------------+---------------------+------------------------------+------------------------------+---------------------+---------------------+--------------------------------------+--------------------------------------+-----------------------------+-----------------------------+----------------------------+----------------------------+-----------------------------+-----------------------------+--------------------+--------------------+-------------------------------------+-------------------------------------+----------------------------+----------------------------+---------------------------+---------------------------+
; Pin            ; I/O Standard ; Board Delay on Rise ; Board Delay on Fall ; Steady State Voh at FPGA Pin ; Steady State Vol at FPGA Pin ; Voh Max at FPGA Pin ; Vol Min at FPGA Pin ; Ringback Voltage on Rise at FPGA Pin ; Ringback Voltage on Fall at FPGA Pin ; 10-90 Rise Time at FPGA Pin ; 90-10 Fall Time at FPGA Pin ; Monotonic Rise at FPGA Pin ; Monotonic Fall at FPGA Pin ; Steady State Voh at Far-end ; Steady State Vol at Far-end ; Voh Max at Far-end ; Vol Min at Far-end ; Ringback Voltage on Rise at Far-end ; Ringback Voltage on Fall at Far-end ; 10-90 Rise Time at Far-end ; 90-10 Fall Time at Far-end ; Monotonic Rise at Far-end ; Monotonic Fall at Far-end ;
+----------------+--------------+---------------------+---------------------+------------------------------+------------------------------+---------------------+---------------------+--------------------------------------+--------------------------------------+-----------------------------+-----------------------------+----------------------------+----------------------------+-----------------------------+-----------------------------+--------------------+--------------------+-------------------------------------+-------------------------------------+----------------------------+----------------------------+---------------------------+---------------------------+
; data_out[0]    ; 2.5 V        ; 0 s                 ; 0 s                 ; 2.62 V                       ; 2.74e-08 V                   ; 2.71 V              ; -0.0317 V           ; 0.148 V                              ; 0.064 V                              ; 4.51e-10 s                  ; 4.15e-10 s                  ; No                         ; Yes                        ; 2.62 V                      ; 2.74e-08 V                  ; 2.71 V             ; -0.0317 V          ; 0.148 V                             ; 0.064 V                             ; 4.51e-10 s                 ; 4.15e-10 s                 ; No                        ; Yes                       ;
; data_out[1]    ; 2.5 V        ; 0 s                 ; 0 s                 ; 2.62 V                       ; 2.74e-08 V                   ; 2.73 V              ; -0.0384 V           ; 0.169 V                              ; 0.089 V                              ; 2.7e-10 s                   ; 2.62e-10 s                  ; Yes                        ; Yes                        ; 2.62 V                      ; 2.74e-08 V                  ; 2.73 V             ; -0.0384 V          ; 0.169 V                             ; 0.089 V                             ; 2.7e-10 s                  ; 2.62e-10 s                 ; Yes                       ; Yes                       ;
; data_out[2]    ; 2.5 V        ; 0 s                 ; 0 s                 ; 2.62 V                       ; 2.74e-08 V                   ; 2.71 V              ; -0.0317 V           ; 0.148 V                              ; 0.064 V                              ; 4.51e-10 s                  ; 4.15e-10 s                  ; No                         ; Yes                        ; 2.62 V                      ; 2.74e-08 V                  ; 2.71 V             ; -0.0317 V          ; 0.148 V                             ; 0.064 V                             ; 4.51e-10 s                 ; 4.15e-10 s                 ; No                        ; Yes                       ;
; data_out[3]    ; 2.5 V        ; 0 s                 ; 0 s                 ; 2.62 V                       ; 4.05e-08 V                   ; 2.72 V              ; -0.0349 V           ; 0.173 V                              ; 0.1 V                                ; 2.72e-10 s                  ; 2.69e-10 s                  ; Yes                        ; Yes                        ; 2.62 V                      ; 4.05e-08 V                  ; 2.72 V             ; -0.0349 V          ; 0.173 V                             ; 0.1 V                               ; 2.72e-10 s                 ; 2.69e-10 s                 ; Yes                       ; Yes                       ;
; data_out[4]    ; 2.5 V        ; 0 s                 ; 0 s                 ; 2.62 V                       ; 4.05e-08 V                   ; 2.72 V              ; -0.0349 V           ; 0.173 V                              ; 0.1 V                                ; 2.72e-10 s                  ; 2.69e-10 s                  ; Yes                        ; Yes                        ; 2.62 V                      ; 4.05e-08 V                  ; 2.72 V             ; -0.0349 V          ; 0.173 V                             ; 0.1 V                               ; 2.72e-10 s                 ; 2.69e-10 s                 ; Yes                       ; Yes                       ;
; data_out[5]    ; 2.5 V        ; 0 s                 ; 0 s                 ; 2.62 V                       ; 2.74e-08 V                   ; 2.71 V              ; -0.0317 V           ; 0.148 V                              ; 0.064 V                              ; 4.51e-10 s                  ; 4.15e-10 s                  ; No                         ; Yes                        ; 2.62 V                      ; 2.74e-08 V                  ; 2.71 V             ; -0.0317 V          ; 0.148 V                             ; 0.064 V                             ; 4.51e-10 s                 ; 4.15e-10 s                 ; No                        ; Yes                       ;
; data_out[6]    ; 2.5 V        ; 0 s                 ; 0 s                 ; 2.62 V                       ; 4.05e-08 V                   ; 2.72 V              ; -0.0349 V           ; 0.173 V                              ; 0.1 V                                ; 2.72e-10 s                  ; 2.69e-10 s                  ; Yes                        ; Yes                        ; 2.62 V                      ; 4.05e-08 V                  ; 2.72 V             ; -0.0349 V          ; 0.173 V                             ; 0.1 V                               ; 2.72e-10 s                 ; 2.69e-10 s                 ; Yes                       ; Yes                       ;
; data_out[7]    ; 2.5 V        ; 0 s                 ; 0 s                 ; 2.62 V                       ; 2.74e-08 V                   ; 2.71 V              ; -0.0317 V           ; 0.148 V                              ; 0.064 V                              ; 4.51e-10 s                  ; 4.15e-10 s                  ; No                         ; Yes                        ; 2.62 V                      ; 2.74e-08 V                  ; 2.71 V             ; -0.0317 V          ; 0.148 V                             ; 0.064 V                             ; 4.51e-10 s                 ; 4.15e-10 s                 ; No                        ; Yes                       ;
; data_out[8]    ; 2.5 V        ; 0 s                 ; 0 s                 ; 2.62 V                       ; 2.74e-08 V                   ; 2.73 V              ; -0.0384 V           ; 0.169 V                              ; 0.089 V                              ; 2.7e-10 s                   ; 2.62e-10 s                  ; Yes                        ; Yes                        ; 2.62 V                      ; 2.74e-08 V                  ; 2.73 V             ; -0.0384 V          ; 0.169 V                             ; 0.089 V                             ; 2.7e-10 s                  ; 2.62e-10 s                 ; Yes                       ; Yes                       ;
; data_out[9]    ; 2.5 V        ; 0 s                 ; 0 s                 ; 2.62 V                       ; 2.74e-08 V                   ; 2.71 V              ; -0.0317 V           ; 0.148 V                              ; 0.064 V                              ; 4.51e-10 s                  ; 4.15e-10 s                  ; No                         ; Yes                        ; 2.62 V                      ; 2.74e-08 V                  ; 2.71 V             ; -0.0317 V          ; 0.148 V                             ; 0.064 V                             ; 4.51e-10 s                 ; 4.15e-10 s                 ; No                        ; Yes                       ;
; data_out[10]   ; 2.5 V        ; 0 s                 ; 0 s                 ; 2.62 V                       ; 2.74e-08 V                   ; 2.71 V              ; -0.0317 V           ; 0.148 V                              ; 0.064 V                              ; 4.51e-10 s                  ; 4.15e-10 s                  ; No                         ; Yes                        ; 2.62 V                      ; 2.74e-08 V                  ; 2.71 V             ; -0.0317 V          ; 0.148 V                             ; 0.064 V                             ; 4.51e-10 s                 ; 4.15e-10 s                 ; No                        ; Yes                       ;
; data_out[11]   ; 2.5 V        ; 0 s                 ; 0 s                 ; 2.62 V                       ; 2.74e-08 V                   ; 2.71 V              ; -0.0317 V           ; 0.148 V                              ; 0.064 V                              ; 4.51e-10 s                  ; 4.15e-10 s                  ; No                         ; Yes                        ; 2.62 V                      ; 2.74e-08 V                  ; 2.71 V             ; -0.0317 V          ; 0.148 V                             ; 0.064 V                             ; 4.51e-10 s                 ; 4.15e-10 s                 ; No                        ; Yes                       ;
; data_out[12]   ; 2.5 V        ; 0 s                 ; 0 s                 ; 2.62 V                       ; 2.74e-08 V                   ; 2.71 V              ; -0.0317 V           ; 0.148 V                              ; 0.064 V                              ; 4.51e-10 s                  ; 4.15e-10 s                  ; No                         ; Yes                        ; 2.62 V                      ; 2.74e-08 V                  ; 2.71 V             ; -0.0317 V          ; 0.148 V                             ; 0.064 V                             ; 4.51e-10 s                 ; 4.15e-10 s                 ; No                        ; Yes                       ;
; data_out[13]   ; 2.5 V        ; 0 s                 ; 0 s                 ; 2.62 V                       ; 2.74e-08 V                   ; 2.73 V              ; -0.0384 V           ; 0.169 V                              ; 0.089 V                              ; 2.7e-10 s                   ; 2.62e-10 s                  ; Yes                        ; Yes                        ; 2.62 V                      ; 2.74e-08 V                  ; 2.73 V             ; -0.0384 V          ; 0.169 V                             ; 0.089 V                             ; 2.7e-10 s                  ; 2.62e-10 s                 ; Yes                       ; Yes                       ;
; data_out[14]   ; 2.5 V        ; 0 s                 ; 0 s                 ; 2.62 V                       ; 2.74e-08 V                   ; 2.71 V              ; -0.0317 V           ; 0.148 V                              ; 0.064 V                              ; 4.51e-10 s                  ; 4.15e-10 s                  ; No                         ; Yes                        ; 2.62 V                      ; 2.74e-08 V                  ; 2.71 V             ; -0.0317 V          ; 0.148 V                             ; 0.064 V                             ; 4.51e-10 s                 ; 4.15e-10 s                 ; No                        ; Yes                       ;
; data_out[15]   ; 2.5 V        ; 0 s                 ; 0 s                 ; 2.62 V                       ; 2.74e-08 V                   ; 2.64 V              ; -0.0117 V           ; 0.202 V                              ; 0.176 V                              ; 2.38e-09 s                  ; 2.22e-09 s                  ; No                         ; Yes                        ; 2.62 V                      ; 2.74e-08 V                  ; 2.64 V             ; -0.0117 V          ; 0.202 V                             ; 0.176 V                             ; 2.38e-09 s                 ; 2.22e-09 s                 ; No                        ; Yes                       ;
; data_out[16]   ; 2.5 V        ; 0 s                 ; 0 s                 ; 2.62 V                       ; 2.74e-08 V                   ; 2.71 V              ; -0.0317 V           ; 0.148 V                              ; 0.064 V                              ; 4.51e-10 s                  ; 4.15e-10 s                  ; No                         ; Yes                        ; 2.62 V                      ; 2.74e-08 V                  ; 2.71 V             ; -0.0317 V          ; 0.148 V                             ; 0.064 V                             ; 4.51e-10 s                 ; 4.15e-10 s                 ; No                        ; Yes                       ;
; data_out[17]   ; 2.5 V        ; 0 s                 ; 0 s                 ; 2.62 V                       ; 2.74e-08 V                   ; 2.71 V              ; -0.0317 V           ; 0.148 V                              ; 0.064 V                              ; 4.51e-10 s                  ; 4.15e-10 s                  ; No                         ; Yes                        ; 2.62 V                      ; 2.74e-08 V                  ; 2.71 V             ; -0.0317 V          ; 0.148 V                             ; 0.064 V                             ; 4.51e-10 s                 ; 4.15e-10 s                 ; No                        ; Yes                       ;
; data_out[18]   ; 2.5 V        ; 0 s                 ; 0 s                 ; 2.62 V                       ; 4.05e-08 V                   ; 2.72 V              ; -0.0349 V           ; 0.173 V                              ; 0.1 V                                ; 2.72e-10 s                  ; 2.69e-10 s                  ; Yes                        ; Yes                        ; 2.62 V                      ; 4.05e-08 V                  ; 2.72 V             ; -0.0349 V          ; 0.173 V                             ; 0.1 V                               ; 2.72e-10 s                 ; 2.69e-10 s                 ; Yes                       ; Yes                       ;
; data_out[19]   ; 2.5 V        ; 0 s                 ; 0 s                 ; 2.62 V                       ; 4.05e-08 V                   ; 2.72 V              ; -0.0349 V           ; 0.173 V                              ; 0.1 V                                ; 2.72e-10 s                  ; 2.69e-10 s                  ; Yes                        ; Yes                        ; 2.62 V                      ; 4.05e-08 V                  ; 2.72 V             ; -0.0349 V          ; 0.173 V                             ; 0.1 V                               ; 2.72e-10 s                 ; 2.69e-10 s                 ; Yes                       ; Yes                       ;
; data_out[20]   ; 2.5 V        ; 0 s                 ; 0 s                 ; 2.62 V                       ; 2.74e-08 V                   ; 2.71 V              ; -0.0317 V           ; 0.148 V                              ; 0.064 V                              ; 4.51e-10 s                  ; 4.15e-10 s                  ; No                         ; Yes                        ; 2.62 V                      ; 2.74e-08 V                  ; 2.71 V             ; -0.0317 V          ; 0.148 V                             ; 0.064 V                             ; 4.51e-10 s                 ; 4.15e-10 s                 ; No                        ; Yes                       ;
; data_out[21]   ; 2.5 V        ; 0 s                 ; 0 s                 ; 2.62 V                       ; 4.05e-08 V                   ; 2.72 V              ; -0.0349 V           ; 0.173 V                              ; 0.1 V                                ; 2.72e-10 s                  ; 2.69e-10 s                  ; Yes                        ; Yes                        ; 2.62 V                      ; 4.05e-08 V                  ; 2.72 V             ; -0.0349 V          ; 0.173 V                             ; 0.1 V                               ; 2.72e-10 s                 ; 2.69e-10 s                 ; Yes                       ; Yes                       ;
; data_out[22]   ; 2.5 V        ; 0 s                 ; 0 s                 ; 2.62 V                       ; 4.05e-08 V                   ; 2.64 V              ; -0.0113 V           ; 0.208 V                              ; 0.179 V                              ; 2.38e-09 s                  ; 2.23e-09 s                  ; No                         ; Yes                        ; 2.62 V                      ; 4.05e-08 V                  ; 2.64 V             ; -0.0113 V          ; 0.208 V                             ; 0.179 V                             ; 2.38e-09 s                 ; 2.23e-09 s                 ; No                        ; Yes                       ;
; data_out[23]   ; 2.5 V        ; 0 s                 ; 0 s                 ; 2.62 V                       ; 4.05e-08 V                   ; 2.72 V              ; -0.0349 V           ; 0.173 V                              ; 0.1 V                                ; 2.72e-10 s                  ; 2.69e-10 s                  ; Yes                        ; Yes                        ; 2.62 V                      ; 4.05e-08 V                  ; 2.72 V             ; -0.0349 V          ; 0.173 V                             ; 0.1 V                               ; 2.72e-10 s                 ; 2.69e-10 s                 ; Yes                       ; Yes                       ;
; data_out[24]   ; 2.5 V        ; 0 s                 ; 0 s                 ; 2.62 V                       ; 2.74e-08 V                   ; 2.71 V              ; -0.0317 V           ; 0.148 V                              ; 0.064 V                              ; 4.51e-10 s                  ; 4.15e-10 s                  ; No                         ; Yes                        ; 2.62 V                      ; 2.74e-08 V                  ; 2.71 V             ; -0.0317 V          ; 0.148 V                             ; 0.064 V                             ; 4.51e-10 s                 ; 4.15e-10 s                 ; No                        ; Yes                       ;
; data_out[25]   ; 2.5 V        ; 0 s                 ; 0 s                 ; 2.62 V                       ; 4.05e-08 V                   ; 2.72 V              ; -0.0349 V           ; 0.173 V                              ; 0.1 V                                ; 2.72e-10 s                  ; 2.69e-10 s                  ; Yes                        ; Yes                        ; 2.62 V                      ; 4.05e-08 V                  ; 2.72 V             ; -0.0349 V          ; 0.173 V                             ; 0.1 V                               ; 2.72e-10 s                 ; 2.69e-10 s                 ; Yes                       ; Yes                       ;
; data_out[26]   ; 2.5 V        ; 0 s                 ; 0 s                 ; 2.62 V                       ; 4.05e-08 V                   ; 2.72 V              ; -0.0349 V           ; 0.173 V                              ; 0.1 V                                ; 2.72e-10 s                  ; 2.69e-10 s                  ; Yes                        ; Yes                        ; 2.62 V                      ; 4.05e-08 V                  ; 2.72 V             ; -0.0349 V          ; 0.173 V                             ; 0.1 V                               ; 2.72e-10 s                 ; 2.69e-10 s                 ; Yes                       ; Yes                       ;
; data_out[27]   ; 2.5 V        ; 0 s                 ; 0 s                 ; 2.62 V                       ; 4.05e-08 V                   ; 2.72 V              ; -0.0349 V           ; 0.173 V                              ; 0.1 V                                ; 2.72e-10 s                  ; 2.69e-10 s                  ; Yes                        ; Yes                        ; 2.62 V                      ; 4.05e-08 V                  ; 2.72 V             ; -0.0349 V          ; 0.173 V                             ; 0.1 V                               ; 2.72e-10 s                 ; 2.69e-10 s                 ; Yes                       ; Yes                       ;
; data_out[28]   ; 2.5 V        ; 0 s                 ; 0 s                 ; 2.62 V                       ; 4.05e-08 V                   ; 2.72 V              ; -0.0349 V           ; 0.173 V                              ; 0.1 V                                ; 2.72e-10 s                  ; 2.69e-10 s                  ; Yes                        ; Yes                        ; 2.62 V                      ; 4.05e-08 V                  ; 2.72 V             ; -0.0349 V          ; 0.173 V                             ; 0.1 V                               ; 2.72e-10 s                 ; 2.69e-10 s                 ; Yes                       ; Yes                       ;
; data_out[29]   ; 2.5 V        ; 0 s                 ; 0 s                 ; 2.62 V                       ; 4.05e-08 V                   ; 2.72 V              ; -0.0349 V           ; 0.173 V                              ; 0.1 V                                ; 2.72e-10 s                  ; 2.69e-10 s                  ; Yes                        ; Yes                        ; 2.62 V                      ; 4.05e-08 V                  ; 2.72 V             ; -0.0349 V          ; 0.173 V                             ; 0.1 V                               ; 2.72e-10 s                 ; 2.69e-10 s                 ; Yes                       ; Yes                       ;
; data_out[30]   ; 2.5 V        ; 0 s                 ; 0 s                 ; 2.62 V                       ; 4.05e-08 V                   ; 2.72 V              ; -0.0349 V           ; 0.173 V                              ; 0.1 V                                ; 2.72e-10 s                  ; 2.69e-10 s                  ; Yes                        ; Yes                        ; 2.62 V                      ; 4.05e-08 V                  ; 2.72 V             ; -0.0349 V          ; 0.173 V                             ; 0.1 V                               ; 2.72e-10 s                 ; 2.69e-10 s                 ; Yes                       ; Yes                       ;
; data_out[31]   ; 2.5 V        ; 0 s                 ; 0 s                 ; 2.62 V                       ; 4.05e-08 V                   ; 2.72 V              ; -0.0349 V           ; 0.173 V                              ; 0.1 V                                ; 2.72e-10 s                  ; 2.69e-10 s                  ; Yes                        ; Yes                        ; 2.62 V                      ; 4.05e-08 V                  ; 2.72 V             ; -0.0349 V          ; 0.173 V                             ; 0.1 V                               ; 2.72e-10 s                 ; 2.69e-10 s                 ; Yes                       ; Yes                       ;
; data_valid     ; 2.5 V        ; 0 s                 ; 0 s                 ; 2.62 V                       ; 2.74e-08 V                   ; 2.71 V              ; -0.0317 V           ; 0.148 V                              ; 0.064 V                              ; 4.51e-10 s                  ; 4.15e-10 s                  ; No                         ; Yes                        ; 2.62 V                      ; 2.74e-08 V                  ; 2.71 V             ; -0.0317 V          ; 0.148 V                             ; 0.064 V                             ; 4.51e-10 s                 ; 4.15e-10 s                 ; No                        ; Yes                       ;
; counter_out[0] ; 2.5 V        ; 0 s                 ; 0 s                 ; 2.62 V                       ; 2.74e-08 V                   ; 2.71 V              ; -0.0317 V           ; 0.148 V                              ; 0.064 V                              ; 4.51e-10 s                  ; 4.15e-10 s                  ; No                         ; Yes                        ; 2.62 V                      ; 2.74e-08 V                  ; 2.71 V             ; -0.0317 V          ; 0.148 V                             ; 0.064 V                             ; 4.51e-10 s                 ; 4.15e-10 s                 ; No                        ; Yes                       ;
; counter_out[1] ; 2.5 V        ; 0 s                 ; 0 s                 ; 2.62 V                       ; 2.74e-08 V                   ; 2.71 V              ; -0.0317 V           ; 0.148 V                              ; 0.064 V                              ; 4.51e-10 s                  ; 4.15e-10 s                  ; No                         ; Yes                        ; 2.62 V                      ; 2.74e-08 V                  ; 2.71 V             ; -0.0317 V          ; 0.148 V                             ; 0.064 V                             ; 4.51e-10 s                 ; 4.15e-10 s                 ; No                        ; Yes                       ;
; ram_addr[0]    ; 2.5 V        ; 0 s                 ; 0 s                 ; 2.62 V                       ; 2.74e-08 V                   ; 2.71 V              ; -0.0317 V           ; 0.148 V                              ; 0.064 V                              ; 4.51e-10 s                  ; 4.15e-10 s                  ; No                         ; Yes                        ; 2.62 V                      ; 2.74e-08 V                  ; 2.71 V             ; -0.0317 V          ; 0.148 V                             ; 0.064 V                             ; 4.51e-10 s                 ; 4.15e-10 s                 ; No                        ; Yes                       ;
; ram_addr[1]    ; 2.5 V        ; 0 s                 ; 0 s                 ; 2.62 V                       ; 2.74e-08 V                   ; 2.71 V              ; -0.0317 V           ; 0.148 V                              ; 0.064 V                              ; 4.51e-10 s                  ; 4.15e-10 s                  ; No                         ; Yes                        ; 2.62 V                      ; 2.74e-08 V                  ; 2.71 V             ; -0.0317 V          ; 0.148 V                             ; 0.064 V                             ; 4.51e-10 s                 ; 4.15e-10 s                 ; No                        ; Yes                       ;
; ram_addr[2]    ; 2.5 V        ; 0 s                 ; 0 s                 ; 2.62 V                       ; 2.74e-08 V                   ; 2.71 V              ; -0.0317 V           ; 0.148 V                              ; 0.064 V                              ; 4.51e-10 s                  ; 4.15e-10 s                  ; No                         ; Yes                        ; 2.62 V                      ; 2.74e-08 V                  ; 2.71 V             ; -0.0317 V          ; 0.148 V                             ; 0.064 V                             ; 4.51e-10 s                 ; 4.15e-10 s                 ; No                        ; Yes                       ;
; ram_addr[3]    ; 2.5 V        ; 0 s                 ; 0 s                 ; 2.62 V                       ; 2.74e-08 V                   ; 2.71 V              ; -0.0317 V           ; 0.148 V                              ; 0.064 V                              ; 4.51e-10 s                  ; 4.15e-10 s                  ; No                         ; Yes                        ; 2.62 V                      ; 2.74e-08 V                  ; 2.71 V             ; -0.0317 V          ; 0.148 V                             ; 0.064 V                             ; 4.51e-10 s                 ; 4.15e-10 s                 ; No                        ; Yes                       ;
; done_out       ; 2.5 V        ; 0 s                 ; 0 s                 ; 2.62 V                       ; 2.74e-08 V                   ; 2.71 V              ; -0.0317 V           ; 0.148 V                              ; 0.064 V                              ; 4.51e-10 s                  ; 4.15e-10 s                  ; No                         ; Yes                        ; 2.62 V                      ; 2.74e-08 V                  ; 2.71 V             ; -0.0317 V          ; 0.148 V                             ; 0.064 V                             ; 4.51e-10 s                 ; 4.15e-10 s                 ; No                        ; Yes                       ;
; ~ALTERA_DCLK~  ; 2.5 V        ; 0 s                 ; 0 s                 ; 2.62 V                       ; 2.22e-08 V                   ; 2.74 V              ; -0.06 V             ; 0.158 V                              ; 0.08 V                               ; 2.68e-10 s                  ; 2.19e-10 s                  ; Yes                        ; Yes                        ; 2.62 V                      ; 2.22e-08 V                  ; 2.74 V             ; -0.06 V            ; 0.158 V                             ; 0.08 V                              ; 2.68e-10 s                 ; 2.19e-10 s                 ; Yes                       ; Yes                       ;
; ~ALTERA_nCEO~  ; 2.5 V        ; 0 s                 ; 0 s                 ; 2.62 V                       ; 3.54e-08 V                   ; 2.7 V               ; -0.00943 V          ; 0.276 V                              ; 0.035 V                              ; 3.19e-10 s                  ; 4.99e-10 s                  ; No                         ; Yes                        ; 2.62 V                      ; 3.54e-08 V                  ; 2.7 V              ; -0.00943 V         ; 0.276 V                             ; 0.035 V                             ; 3.19e-10 s                 ; 4.99e-10 s                 ; No                        ; Yes                       ;
+----------------+--------------+---------------------+---------------------+------------------------------+------------------------------+---------------------+---------------------+--------------------------------------+--------------------------------------+-----------------------------+-----------------------------+----------------------------+----------------------------+-----------------------------+-----------------------------+--------------------+--------------------+-------------------------------------+-------------------------------------+----------------------------+----------------------------+---------------------------+---------------------------+


+-------------------------------------------------------------------+
; Setup Transfers                                                   ;
+------------+----------+----------+----------+----------+----------+
; From Clock ; To Clock ; RR Paths ; FR Paths ; RF Paths ; FF Paths ;
+------------+----------+----------+----------+----------+----------+
; clk        ; clk      ; 7140549  ; 0        ; 0        ; 0        ;
+------------+----------+----------+----------+----------+----------+
Entries labeled "false path" only account for clock-to-clock false paths and not path-based false paths. As a result, actual path counts may be lower than reported.


+-------------------------------------------------------------------+
; Hold Transfers                                                    ;
+------------+----------+----------+----------+----------+----------+
; From Clock ; To Clock ; RR Paths ; FR Paths ; RF Paths ; FF Paths ;
+------------+----------+----------+----------+----------+----------+
; clk        ; clk      ; 7140549  ; 0        ; 0        ; 0        ;
+------------+----------+----------+----------+----------+----------+
Entries labeled "false path" only account for clock-to-clock false paths and not path-based false paths. As a result, actual path counts may be lower than reported.


+-------------------------------------------------------------------+
; Recovery Transfers                                                ;
+------------+----------+----------+----------+----------+----------+
; From Clock ; To Clock ; RR Paths ; FR Paths ; RF Paths ; FF Paths ;
+------------+----------+----------+----------+----------+----------+
; clk        ; clk      ; 4        ; 0        ; 0        ; 0        ;
+------------+----------+----------+----------+----------+----------+
Entries labeled "false path" only account for clock-to-clock false paths and not path-based false paths. As a result, actual path counts may be lower than reported.


+-------------------------------------------------------------------+
; Removal Transfers                                                 ;
+------------+----------+----------+----------+----------+----------+
; From Clock ; To Clock ; RR Paths ; FR Paths ; RF Paths ; FF Paths ;
+------------+----------+----------+----------+----------+----------+
; clk        ; clk      ; 4        ; 0        ; 0        ; 0        ;
+------------+----------+----------+----------+----------+----------+
Entries labeled "false path" only account for clock-to-clock false paths and not path-based false paths. As a result, actual path counts may be lower than reported.


---------------
; Report TCCS ;
---------------
No dedicated SERDES Transmitter circuitry present in device or used in design


---------------
; Report RSKM ;
---------------
No dedicated SERDES Receiver circuitry present in device or used in design


+------------------------------------------------+
; Unconstrained Paths                            ;
+---------------------------------+-------+------+
; Property                        ; Setup ; Hold ;
+---------------------------------+-------+------+
; Illegal Clocks                  ; 0     ; 0    ;
; Unconstrained Clocks            ; 0     ; 0    ;
; Unconstrained Input Ports       ; 4     ; 4    ;
; Unconstrained Input Port Paths  ; 80    ; 80   ;
; Unconstrained Output Ports      ; 40    ; 40   ;
; Unconstrained Output Port Paths ; 40    ; 40   ;
+---------------------------------+-------+------+


+------------------------------------+
; TimeQuest Timing Analyzer Messages ;
+------------------------------------+
Info: *******************************************************************
Info: Running Quartus II 64-Bit TimeQuest Timing Analyzer
    Info: Version 13.0.1 Build 232 06/12/2013 Service Pack 1 SJ Web Edition
    Info: Processing started: Thu May 28 10:23:15 2026
Info: Command: quartus_sta mapa_logistico -c mapa_logistico
Info: qsta_default_script.tcl version: #1
Warning (20028): Parallel compilation is not licensed and has been disabled
Info (21077): Low junction temperature is 0 degrees C
Info (21077): High junction temperature is 85 degrees C
Critical Warning (332012): Synopsys Design Constraints File file not found: 'mapa_logistico.sdc'. A Synopsys Design Constraints File is required by the TimeQuest Timing Analyzer to get proper timing constraints. Without it, the Compiler will not properly optimize the design.
Info (332142): No user constrained base clocks found in the design. Calling "derive_clocks -period 1.0"
Info (332105): Deriving Clocks
    Info (332105): create_clock -period 1.000 -name clk clk
Info (332143): No user constrained clock uncertainty found in the design. Calling "derive_clock_uncertainty"
Info (332123): Deriving Clock Uncertainty. Please refer to report_sdc in TimeQuest to see clock uncertainties.
Info: Found TIMEQUEST_REPORT_SCRIPT_INCLUDE_DEFAULT_ANALYSIS = ON
Info: Analyzing Slow 1200mV 85C Model
Critical Warning (332148): Timing requirements not met
    Info (11105): For recommendations on closing timing, run Report Timing Closure Recommendations in the TimeQuest Timing Analyzer.
Info (332146): Worst-case setup slack is -14.262
    Info (332119):     Slack End Point TNS Clock 
    Info (332119): ========= ============= =====================
    Info (332119):   -14.262      -500.661 clk 
Info (332146): Worst-case hold slack is 0.388
    Info (332119):     Slack End Point TNS Clock 
    Info (332119): ========= ============= =====================
    Info (332119):     0.388         0.000 clk 
Info (332146): Worst-case recovery slack is -0.523
    Info (332119):     Slack End Point TNS Clock 
    Info (332119): ========= ============= =====================
    Info (332119):    -0.523        -2.092 clk 
Info (332146): Worst-case removal slack is 1.025
    Info (332119):     Slack End Point TNS Clock 
    Info (332119): ========= ============= =====================
    Info (332119):     1.025         0.000 clk 
Info (332146): Worst-case minimum pulse width slack is -3.000
    Info (332119):     Slack End Point TNS Clock 
    Info (332119): ========= ============= =====================
    Info (332119):    -3.000       -92.950 clk 
Info: Analyzing Slow 1200mV 0C Model
Info (334003): Started post-fitting delay annotation
Info (334004): Delay annotation completed successfully
Info (332123): Deriving Clock Uncertainty. Please refer to report_sdc in TimeQuest to see clock uncertainties.
Critical Warning (332148): Timing requirements not met
    Info (11105): For recommendations on closing timing, run Report Timing Closure Recommendations in the TimeQuest Timing Analyzer.
Info (332146): Worst-case setup slack is -12.666
    Info (332119):     Slack End Point TNS Clock 
    Info (332119): ========= ============= =====================
    Info (332119):   -12.666      -444.046 clk 
Info (332146): Worst-case hold slack is 0.340
    Info (332119):     Slack End Point TNS Clock 
    Info (332119): ========= ============= =====================
    Info (332119):     0.340         0.000 clk 
Info (332146): Worst-case recovery slack is -0.365
    Info (332119):     Slack End Point TNS Clock 
    Info (332119): ========= ============= =====================
    Info (332119):    -0.365        -1.460 clk 
Info (332146): Worst-case removal slack is 0.936
    Info (332119):     Slack End Point TNS Clock 
    Info (332119): ========= ============= =====================
    Info (332119):     0.936         0.000 clk 
Info (332146): Worst-case minimum pulse width slack is -3.000
    Info (332119):     Slack End Point TNS Clock 
    Info (332119): ========= ============= =====================
    Info (332119):    -3.000       -92.950 clk 
Info: Analyzing Fast 1200mV 0C Model
Info (332123): Deriving Clock Uncertainty. Please refer to report_sdc in TimeQuest to see clock uncertainties.
Critical Warning (332148): Timing requirements not met
    Info (11105): For recommendations on closing timing, run Report Timing Closure Recommendations in the TimeQuest Timing Analyzer.
Info (332146): Worst-case setup slack is -6.610
    Info (332119):     Slack End Point TNS Clock 
    Info (332119): ========= ============= =====================
    Info (332119):    -6.610      -214.024 clk 
Info (332146): Worst-case hold slack is 0.176
    Info (332119):     Slack End Point TNS Clock 
    Info (332119): ========= ============= =====================
    Info (332119):     0.176         0.000 clk 
Info (332146): Worst-case recovery slack is 0.235
    Info (332119):     Slack End Point TNS Clock 
    Info (332119): ========= ============= =====================
    Info (332119):     0.235         0.000 clk 
Info (332146): Worst-case removal slack is 0.484
    Info (332119):     Slack End Point TNS Clock 
    Info (332119): ========= ============= =====================
    Info (332119):     0.484         0.000 clk 
Info (332146): Worst-case minimum pulse width slack is -3.000
    Info (332119):     Slack End Point TNS Clock 
    Info (332119): ========= ============= =====================
    Info (332119):    -3.000       -77.576 clk 
Info (332102): Design is not fully constrained for setup requirements
Info (332102): Design is not fully constrained for hold requirements
Info: Quartus II 64-Bit TimeQuest Timing Analyzer was successful. 0 errors, 5 warnings
    Info: Peak virtual memory: 4646 megabytes
    Info: Processing ended: Thu May 28 10:23:19 2026
    Info: Elapsed time: 00:00:04
    Info: Total CPU time (on all processors): 00:00:03


